Tên khoa học,Tên tiếng Việt,Phân bố,File,Tên đồng nghĩa,Họ,Họ thực vật,speciesKey
Uvaria calamistrata Hance,"Bồ quả quăn, Lá men","Sơn La, Lạng Sơn, Quảng Ninh,. Cây mọc rải rác ở ven rừng, nơi sáng",uvaria-calamistrata-hance.txt,,,Annonaceae,3154353
Wikstroemia indica (L.) C.A. Mey. – Daphne indica L,"Niệt gió, Nam cam toại, Dó niết, Dó cánh, Dó chuột, Liễu kha vương, Tài xoàng (Tày)",Cây mọc tự nhiên ở nhiều nơi từ trung du tới miền núi,wikstroemia-indica-l-c-a-mey.txt,,,Thymelaeaceae,5524676
Ardisia crassinervosa E. Walker,Trọng đũa gân lồi,"Khánh Hòa, Kon Tum, Đắk Lắk, Lâm Đồng, Ninh Thuận. Cây mọc tự nhiên trong rừng cây lá rộng thường xanh, sườn đồi, trảng cây bụi, nơi ẩm, ở độ cao 100-1800 m",ardisia-crassinervosa-e-walker.txt,,,Myrsinaceae,5414379
Cajanus goensis Dalz,"Sôm, Đậu triều lông chòm","Sơn La (Mộc Châu), Nghệ An (thung lũng sông La, Canh Trap), Đắk Lắk (Buôn Ma Thuột), Lâm Đồng (Đà Lạt, Lang Bian, Di Linh), Ninh Thuận, Đồng Nai (song Lu)",cajanus-goensis-dalz.txt,"Atylosia goensis (Dalz.) Dalz., Endomallus spirei Gagnep., Dunbaria stipulata Thuan",Đậu – Fabaceae,,2960346
Pyrrosia lanceolata (L.) Farw. – Acrostichum lanceolatum L,Lưỡi mèo tai chuột,"Rất rộng. Cây mọc tự nhiên, thường bám trên cây gỗ, vách đá, phổ biến ở nước ta.",pyrrosia-lanceolata-l-farw.txt,,,Polypodiaceae,5648124
Lobelia chinensis Lour,"Bán biên liên, Lỗ bình, Lô biên","Quảng Ninh (Đông Triều), Thái Nguyên, Bắc Giang (Nhã Nam), Hà Nội. Cây mọc tự nhiên nơi ẩm thấp ở ven đường, bờ ruộng, bãi cỏ ẩm",lobelia-chinensis-lour.txt,,,Lobeliaceae,5409093
Aquilaria malaccensis Lam. – A. agallocha Roxb,Trầm,Miền Nam Việt Nam. Cây mọc rải rác trong rừng rậm thường xanh.,aquilaria-malaccensis-lam.txt,,,Thymeleaceae,5524063
Zehneria indica (Lour.) Karaudren – Melothria indica Lour,Dây pọp,Cây mọc tự nhiên ở ven rừng ẩm phổ biến khắp Việt Nam,zehneria-indica-lour-karaudren-melothria-indica-lour.txt,,,Họ Bầu bí (Cucurbitaceae),10658050
Passiflora laurifolia L,Guồi tây,Miền Nam. Cây mọc tự nhiên.,passiflora-laurifolia-l.txt,,,Passifloraceae,2874210
Cryptolepis sinensis (Lour.) Merr. – Pergularia sinensis Lour,"Ẩn lân, Dây lá bạc","Lạng Sơn, Hà Bắc, Vũng Tàu. Cây ưa sáng, mọc tự nhiên ven đường đi, trên các hàng rào quanh làng.",cryptolepis-sinensis-lour-merr.txt,,,Asclepiadaceae,6021960
Begonia rupicola Miq,"Thu hải đường trên đá, Rau chua","Gia Lai, Bà Rịa Vũng Tàu, An Giang. Cây mọc tự nhiên rải rác trong rừng thứ sinh, vùng núi đá",begonia-rupicola-miq.txt,,,Begoniaceae,4159200
Tribulus terrestris L,"Gai chống , Tật lê, Quỷ kiến sầu, Bạch tật lê, Gai ma vương, Gai cầu","Cây mọc tự nhiên ở ven biển, ven sông từ Nghệ An, Quảng Bình trở vào",tribulus-terrestris-l.txt,,,Zygophyllaceae,5421116
Pileostegia viburnoides Hook. f. &Thoms,"Quan cái đằng, Bi leo",Lào Cai (Sa Pa),pileostegia-viburnoides-hook-f-thoms.txt,Schizophragma viburnoides Hook. f. & Thoms,Thường sơn – Hydrangeaceaenal,,8592945
Dendrobium longicornu Lindl,"Hoàng thảo sừng, Thạch hộc cựa dài","Lào Cai (Sa Pa), Vĩnh Phúc (Tam Đảo), Lâm Đồng (Đà Lạt). Cây mọc tự nhiên, sống bám trên các cây gỗ lớn trong rừng, ở độ cao 1.200-2.200 m.",dendrobium-longicornu-lindl.txt,,,Orchidaceae,5316927
Desmodium heterophyllum (Willd.) DC. – Hedysarum heterophyllum Willd,"Hàn the, Cỏ hàn the, Sơn lục đậu, Tràng quả dị diệp","Cây mọc tự nhiên ở ven đường, trong vườn, bờ đê, bãi hoang phổ biến khắp nơi ở Việt Nam",desmodium-heterophyllum-willd-dc.txt,,,Fabaceae,10734509
Gentiana cephalantha Franch. ex Hemsl. Tên đống nghĩaGentianodes cephalantha (Franch. ex Hemsl.) A. & D. Loeve,"Long đởm hoa đầu, Long đởm đỉnh hoa",Lào Cai (SaPa),gentiana-cephalantha-franch-ex-hemsl.txt,,Long đởm – Gentianaceae,,7831098
Luvunga sarmentosa (Blume) Kurz – Triphasia sarmentosa Blume,Thần xạ trườn,"Quảng Bình, Quảng Trị, Thừa Thiên Huế, Khánh Hòa, Kon Tum. Cây mọc tự nhiên.",luvunga-sarmentosa-blume-kurz.txt,,Cam quýt (Rutaceae),,3834748
Berberis wallichiana DC,Hoàng liên gai,"Lào Cai (Sa Pa, Bát Xát). Cây mọc tự nhiên ở độ cao 1.700-2.500 m. Loài hiếm (EN) đã đưa vào sách đỏ Việt Nam",berberis-wallichiana-dc.txt,,,Berberidaceae,3981546
Polygonatum punctatum Royle,"Da đầu đốm, Hoàng tinh đốm. Hoàng tinh phụ sinh","Lào Cai (SaPa), Yên Bái, KonTum (ĐacGlây), Lâm Đồng. Cây mọc tự nhiên ở vùng núi cao miền Bắc",polygonatum-punctatum-royle-2.txt,,,Mạch môn (Convallariaceae),8369157
Itoa orientalis Hemls,Cườm đỏ,"Lai Châu (Phong Thổ). Lào Cai (Sa Pa), Hòa Bình (Pà Cò), Nghệ An (Mường Lống Kỳ Sơn). Cây mọc tự nhiên ở độ cao 1000 – 2000 m",itoa-orientalis-hemls.txt,,Mùng quân (Flacourtiaceae),,7274221
Christia lychnula (Schindl.) Ohashi,Kiết thảo đèn,"Khánh Hòa (Nha Trang), Ninh Thuận (Cà Ná), Bà Rịa- Vũng Tàu. Cỏ cứng sống nhiều năm, mọc ở rừng ngập mặn, bụi rậm ven rừng, ở độ cao 700m, trên đất lởm chởm đá",christia-lychnula-schindl-ohashi.txt,,,Fabaceae,5349923
Fissistigma glaucescens (Hance) Merr. – Melodorum glaucescens Hance,Lãnh công xám,"Sơn La (Mộc ChâuChiềng Ve), Yên Bái, Quảng Ninh, Thanh Hoá, Gia Lai, Khánh Hoà. Cây mọc tự nhiên ở ven rừng thứ sinh, khá phổ biến ở vùng trung du",fissistigma-glaucescens-hance-merr.txt,,Na (Annonaceae),,3157333
Cratoxylum formosum (Jacq.) Benth. & Hook.f. ex Dyer – Elodea formosa Jack,Đỏ ngọn,"Cao Bằng, Kon Tum, Quảng Trị, Khánh Hòa… Cây mọc tự nhiên trong rừng thứ sinh, trên các đồi hoang, trảng cây bụi",cratoxylon-formosum-jack-benth-hook-f-ex-dyer.txt,,,Hypericaceae,7330024
Selaginella uncinata (Desv.) Spring – Lycopodium uncinatum Desv,Quyển bá móc,"Cao Bằng. Cây mọc tự nhiên ở vùng rừng ẩm, ở độ cao 300-500 m.",selaginella-uncinata-desv-spring.txt,,,Selaginellaceae,2688211
Neuracanthus tetragonostachyus Nees in Wall,"Kinh rô, Thường sơn trắng, Nam thường sơn","Ninh Thuận (Cà Ná), Đồng Tháp, An Giang (Châu Đốc, Núi Cấm). Cây mọc tự nhiên trong rừng, còn được trồng làm cảnh.",neuracanthus-tetragonostachyus-nees-in-wall.txt,,,Acanthaceae,7263193
Atractylodes macrocephala Koidz,Bạch truật,Cây nhập trồng,atractylodes-macrocephala-koidz.txt,,,Asteraceae,3122454
Sonerila rivularis Cogn,"Mua bò, Nhả thốt nưa","Lao Cai, Nghệ An, Kon Tum. Cây mọc tự nhiên dọc theo chân núi, ven suối",sonerila-rivularis-cogn.txt,,,Melastomaceae,3871045
Mentha aquatica L,"Húng láng, Rau thơm, Húng lũi, Húng quế",Cây trồng,mentha-aquatica-l.txt,,,Lamiaceae,2927208
"Betula alnoides Buch.-Ham. in DC. ( Betula acuminata Wall., B. alnoides Buch)","Cáng lò, Bạch dương, Co lim","Lào Cai, Hà Giang, Cao Bằng, Lạng Sơn, Tuyên Quang, Hà Nội (Ba Vì, Kon Tum (Ngọc Pan), Gia Lai (Kon Hà Nùng, Mang Yang, Đắk Đoa)",betula-alnoides-buch-ham-in-dc.txt,,Cáng lò – Betulaceae,,5331519
Myosoton aquaticum (L.) Moench,"Rau hấp cá, Rau xương cá, Rau hến, Phồn lâu",Phổ biến ở miền Bắc Việt Nam.,myosoton-aquaticum-l-moench.txt,"Cerastium aquaticum L. , Stellaria aquatica (L.) Scop., Malachium aquaticum (L.) Fries",Cẩm chướng – Caryophyllaceae,,5384501
Fragraea fragrans Roxb,Trai,"Quảng Bình, Quảng Trị, Thừa Thiên Huế, Tây Ninh, Kiên Giang",fragraea-fragrans-roxb.txt,,,Potaliaceae,
Rhapis excelsa (Thunb.) Henry ex Rehd,"Hèo, Hèo cảnh, Mật cật","Cây mọc tự nhiên, còn được trồng làm cảnh",rhapis-excelsa-thunb-henry-ex-rehd.txt,,,Arecaceae,2736747
Glinus lotoides L,"Rau đắng đất , Rau túc mễ, Rú pa","Quảng Bình, Quảng Trị, Thừa Thiên Huế. Cây mọc tự nhiên trên đất cát ẩm",glinus-lotoides-l.txt,,,Mollugiaceae,3084616
Panax bipinnatifidus Seem. – Aralia bipinnatifida (Seem.) C.B. Clarke; Panax pseudoginseng var. bipinnatifidus (Seem.) H.L.Li,"Sâm vũ diệp, Tam thất lá xẻ, Vũ diệp tam thất, Tam thất hoang","Lai Châu (Than Uyên), Lào Cai (Sa Pa, Dền Sáng, Bát Xát). Cây mọc tự nhiên trong rừng ẩm ở độ cao từ 1500 – 2000 m. Loài quý hiếm, đã được đưa vào Sách Đỏ Việt Nam",panax-bipinnatifidus-seem.txt,,Ngũ Gia Bì (Arliaceae),,5372264
Ceiba pentandra (L.) Gaertn. – Bombax pentandrum L,"Gòn, Bông gòn","Cây mọc tự nhiên, cũng được trồng , ở độ cao dưới 900 m",ceiba-pentandra-l-gaertn.txt,,,Bombacaceae,5406697
Bridelia stipulariss (L.) Blume – Cluytia stipularis L,Thổ mật leo,"Vĩnh Phúc (chân Tam Đảo), Hải Dương (Chí Linh). Cây mọc tự nhiên trong rừng tre nứa, lùm bụi từ vùng thấp tới độ cao 400 m",bridelia-stipulariss-l-blume.txt,,,Euphorbiaceae,3076290
Chrysanthemum morifolium Ramat,"Cúc hoa trắng, Bạch cúc",Cây nhập trồng,chrysanthemum-morifolium-ramat.txt,,,Asteraceae,3150767
Allamanda neriifolia Hook,Dây huỳnh lá hẹp,Cần Thơ. Cây trồng làm cảnh.,allamanda-neriifolia-hook.txt,,,H ọ Trúc đào (Apocynaceae),3169838
Allophylus dimorphus Radlk,"Mạc ca, Giấp cá rừng","Khánh Hòa (Nha Trang). Cây mọc tự nhiên, thường gặp dưới rừng Cao su",allophylus-dimorphus-radlk.txt,,,Sapindaceae,5577677
Mecopus nidulans Benn,Ổ chim,"Kon Tum (Sa Thầy), Gia Lai (Cheo Reo), Đắk Lắk, Đồng Nai, Bà Rịa Vũng Tàu, Nam bộ. Cây mọc tự nhiên trên cá bãi hoang, bãi cỏ ven đường, bờ ruộng, ở độ cao tới 600 m",mecopus-nidulans-benn.txt,,,Fabaceae,5352176
Lysimachia deltoidea Wight var. cinerascens Franch,Trân châu trắng,"Thái nguyên, Thanh Hóa, Lâm Đồng. Cây mọc tự nhiên dưới tán rừng thứ sinh, ven rừng, các bãi hoang, ở độ cao 500 – 1500m",lysimachia-deltoidea-wight-var-cinerascens-franch.txt,,,Primulaceae,4005384
Ficus religiosa L,"Đề, Bồ đề","Cây trông tại nhiều nơi, quanh đền, chùa, đình, trên đường phố",ficus-religiosa-l.txt,,Dâu Tằm (Moraceae),,5361935
Liparis nigra Seidenf,"Nhẵn điệp đen, Tỏi tai dê hoa tím","Hà Giang, Vĩnh Phúc (Tam Đảo), Hà Nội (Ba Vì), Lâm Đồng (Bì Đúp), Ninh Thuận. Cây mọc tự nhiên, rải rác trong rừng nguyên sinh, ở độ cao 800-1.500 m",liparis-nigra-seidenf.txt,,,Orchidaceae,5323250
Crypsinus trilobus (Houtt.) Copel. – Polypodium trilobum Houtt,Phụng vĩ,"Khá rộng. Đà Nẵng, Gia Lai, Khánh Hoà, Lâm Đồng. Cây mọc tự nhiên trong rừng thưa cây lá rộng và rừng thông, ở độ cao 800 – 1900m",crypsinus-trilobus-houtt-copel.html?wpsc_do=regen_cache&nonce=19875121105e91bec1b4cb4.txt,,,Polypodiaceae,4024206
Christia constricta (Schindl.) T.C. Chen – Lourea constricta Schindl,"Kiết thảo thắt, Re mác","Khánh Hòa (Nha Trang), Ninh Thuận (Tháp Chàm, Cà Ná), Bà Rịa Vũng Tàu (Núi Đinh). Cây mọc tự nhiên ở các bãi đất hoang, trảng cây bụi, thường gặp ở ven biển",christia-constricta-schindl-t-c-chen.txt,,,Fabaceae,5349917
Viola verecunda A. Gray,Hoa tím khiêm,"Lâm Đồng (Đà Lạt). Cây mọc tự nhiên ven đường mòn, ven rừng, ở độ cao 2.500 m.",viola-verecunda-a-gray.txt,,,Violaceae,5664666
Artemisia capillaris Thunb,"Ngải lá kim, Nhân trần Trung Quốc","Lào Cai (Sa Pa), Lâm Đồng (Đà Lạt). Cây thường được trồng",artemisia-capillaris-thunb.txt,,,Asteraceae,3120722
Pentapanax fragrans (D. Don) Ha – Hedera fragrans D. Don,"Ngũ diệp sâm, Thạch giáp sâm, Thạch giáp phong","Lào Cai (Sa Pa). Cây mọc ở vùng cao, ẩm.",pentapanax-fragrans-d-don-ha.txt,,,Araliaceae,3037075
Pavetta indica L. – Ixora indica (L.) Kuntze; Pavetta alba Vahl,"Dọt sành, Thanh táo rừng, Bã mía, Kho sơm kao (Tày)","Quảng Bình, Quảng Trị, Thừa Thiên Huế, Hoà Bình, Tuyên Quang… Cây mọc tự nhiên dọc theo suối ở rừng tái sinh sau nương rẫy",pavetta-indica-l.txt,,,Rubiaceae,2924801
Rubus inopertus (Diels) Forke,Đum trần,,rubus-inopertus-diels-forke.txt,,"Hoa hồng (Rosaceae) Cập nhật01/07/2019 ★ ★ ★ ★ ★ ★ 0.0 - 0 đánh giá Chia sẻ Chia sẻ Cây thuốc khác Nerium oleander L. Jasminum scandens Vahl Callerya cinerea (Benth.) Schot Dendrobium bellatulum Rolfe Bình luận Câu hỏi của bạn Hủy X Bạn vui lòng điền thêm thông tin! Chọn tệp (Allowed file typesjpg, png , maximum file size100MB. Cây thuốc được quan tâm Ampelopsis cantoniensis (Hook. et Arn.) Planch. Chữa sưng vú (Lá giã đắp). Đau dạ dày hành tá tràng (Cành lá... Curculigo orchioides Gaertn",,2990606
Momordica charantia L,"Mướp đắng , Khổ qua, Mướp mủ, Lương qua, Chưa rao (Mường), Cẩm lệ chi, Mác khấy (Tày)",Cây trồng phổ biến ở miền Trung và miền Nam,momordica-charantia-l.txt,,,Cucurbitaceae,2874581
Passiflora wilsonii Hemsl,"Lạc tiên willson, Dang tân tồn","Quảng Bình, Thừa Thiên Huế, Lào Cai. Cây mọc tự nhiên trong các trảng cây bụi ở vùng núi cao ở vùng núi cao từ 1300 – 2500m.",passiflora-wilsonii-hemsl.txt,,,Passifloraceae,3587992
"Gamblea ciliata var. evodiifolia (Franch.) C.B.Shang, Lowry & Frodin (Evodiopanax evodiifolius (Franch.) Nakai. – Acanthopanax evodiaefolius Franch.)","Thù du ngũ gia bì gai, Ngũ gia bì gai","Hà Giang (Phó Bảng), Sơn La (Đà Bắc). Cây mọc tự nhiên rải rác ven rừng, ở độ cao 600-2300 m.",evodiopanax-evodiifolius-franch-nakai.txt,,,Araliaceae,3037427
Croton delpyi Gagnep,Cù đèn delpy,"Tây Ninh. Cây mọc tự nhiên trong rừng thường xanh, rừng hỗn giao, rừng còi.",croton-delpyi-gagnep.txt,,,Họ Thầu dầu (Euphorbiaceae),3060103
Euphorbia thymifolia L . Họ Thầu dầu (Euphorbiaceae),"Cỏ sữa lá nhỏ, Vú sữa đất, Cẩm địa, Thiên căn thảo, Nhả nực nọi (Thái), Nhả nậm mòn, Chạ cam (Tày)","Cây mọc tự nhiên trên các bãi trống, nương rẫy bỏ hoang, ở độ cao dưới 500 m, phổ biến ở Việt Nam",euphorbia-thymifolia-l.txt,,,,
Hedera sinensis (Tobl.) Hand.-Mazz. – Hedera himalaica var. sinensis Tobl.; H. nepalensis K. Koch var. sinensis (Tobl.) Rehd,"Bách cước ngô công, Dây thường xuân","Lào Cai, Hà Giang, Lai Châu. Cây mọc tự nhiên rải rác trong rừng thưa, ở độ cao tới 2000 m",hedera-sinensis-tobl-hand-mazz.txt,,,Araliaceae,3036057
Paliurus ramosissimus (Lour.) Poir. – Aubletia ramosissima Lour,Táo na,Cây mọc tự nhiên rải rác ở rừng thứ sinh các tỉnh trung du miền Bắc,paliurus-ramosissimus-lour-poir.txt,,,Rhamnaceae,5603062
Senecio nagensium C. B. Clarke,"Thiên lý quang trắng, Vi hoàng lông","Lai Châu, Lao Cai (Sa Pa), Hà Giang, Sơn La. Cây mọc tự nhiên trên các trảng cỏ và trảng cây bụi, ở độ cao 1000-2100 m",senecio-nagensium-c-b-clarke.txt,,,Asteraceae,5402685
Piper nigrum L,"Hồ tiêu, Tiêu, Hạt tiêu, Mạy lòi (Tày)",Cây trồng phổ biến ở các tỉnh miền Trung và miền Nam,piper-nigrum-l.txt,,,Piperaceae,3086357
Dysoxylum loureiri (Pierre) Pierre – Epicharis loureiri Pierre,Huỳnh đằng,"Ninh Bình (Cúc Phương), Nghệ An, Tây Ninh. Cây mọc tự nhiên trong rừng rậm thường xanh, rừng thứ sinh.",dysoxylum-loureiri-pierre-pierre.txt,,Xoan (Meliaceae),,3849550
Orophea polycarpa A. DC. – O. undulata pierre,Tháp hình nhiều trái,"Thừa Thiên Huế, Đắk Lắk, Đồng Nai (Biên Hoà). Cây mọc tự nhiên rải rác trong rừng thứ sinh",orophea-polycarpa-a-dc.txt,,,Annonaceae,3157950
Pseudosasa amabilis (McClure) Keng f. – Arundinaria amabilis Mc Clure,Trúc bắc bộ,Miền Bắc Việt Nam. Cây mọc tự nhiên.,arundinaria-amabilis-mar-clure.txt,,,Poaceae,4151147
Viscum ovalifolium Wall. ex DC,Gi lá xoan,"Quảng Ninh, Hà Nội (Ba Vì), Nghệ An, Đà Nẵng, Bình Dương. Cây mọc bán kí sinh trên cành các cây gỗ lớn",viscum-ovalifolium-wall-ex-dc.txt,,,Viscaceae,7797285
Cyperus rotundus L,"Củ gấu. Tên gọi khác Cỏ gấu, Hương phụ, Cỏ cú, Nhả chông mu (Tày), Sa thảo",Cây mọc tự nhiên phổ biến khắp Việt Nam,cyperus-rotundus-l.txt,,Cói (Cyperaceae),,2714818
Spilanthes oleracea L. – S. acmella (L.) Murr. var. oleracea (L.) C.B.Clarke,"Cúc áo hoa vàng, Nút áo, Cúc lác, Phiắc khát (Tày), Co nhả hàn (Thái), Cuồng trầm","Cây ưa ẩm, mọc tự nhiênkhắp nơi",spilanthes-oleracea.txt,,Cúc (Asteraceae),,5386764
Equisetum diffusum D.Don,"Mộc tặc, Cỏ tháp bút, Búa lọ, Phì nọi, Co sáp pít (Thái)","Khá hẹp. Cây mọc tự nhiên ở một số vùng núi chủ yếu cao từ 900 m trở lên, như Lào Cai, Hà Giang, Cao Bằng, Hòa Bình",equisetum-diffusum-d-don.txt,,,Equisetaceae,7924597
Aristolochia tagala Chamisso. – A. roxburghiana Klotsch,"Dây khố rách, Phi hùng, Thiên tiên đằng, Phòng kỷ, Cuốp ma (Hmông)","Lạng Sơn, Cao Bằng, Phú Thọ. Cây mọc tự nhiên",aristolochia-tagala-chamisso.txt,,Mộc Hương (Aristolochiaceae),,8207569
Eragrostis cilianensis (All.) Janch,"Tinh thảo hôi, Cỏ chàm","Quảng Ninh, Hưng Yên, Bắc Ninh, Ninh Thuận. Cây mọc tự nhiên trên bãi hoang, ven đường",eragrostis-cilianensis-all-link-ex-vignolo-lutati.txt,,,Poaceae,2705369
Miliusa balansae Fin. et Gagnep,"Mại liễu, Song môi","Hải Dương (Chí Linh), Vĩnh Phúc, Hoà Bình. Cây mọc tự nhiên dưới tán rừng nguyên sinh, ở độ cao 200-500 m",miliusa-balansae-fin-et-gagnep.txt,,,Annonaceae,3156581
Polygonum glabrum Willd,"Nghể, Nghể nhẵn","Cây mọc tự nhiên, phổ biến ven ao hồ ở nước ta",polygonum-glabrum-willd.txt,,,Polygonaceae,6391450
Solanum ferox L,"Cà dữ, Cà trời","Gia Lai (Chư Prông, Kon Hà Nừng), Khánh Hòa (Nha Trang), Đồng Nai (Biên Hòa). Cây mọc tự nhiên, rải rác trên các bãi hoang, ven đường, ở độ cao 100-1.500 m",solanum-ferox-l.txt,,Cà (Solanaceae),,
Kalanchoe crenata (Andr.) Haw.; K. spathulata DC,"Trường sinh lá to, Trường sinh lá muổng","Hà Giang, Ninh Bình, Kiên Giang. Cây mọc tự nhiên, còn được trồng làm cảnh",kalanchoe-crenata-andr-haw-k-spathulata-dc.txt,,,Crassulaceae,6441622
Senna floribunda (Cav.) Irwin & Barneby – Cassia floribunda Cav,Muồng nhiều hoa,"Lào Cai, Quảng Ninh, Ninh Bình, Lâm Đồng. Cây mọc tự nhiên ở ven đường, ở độ cao tới 1500 m. Cây có nguồn gốc ở Nam Mỹ, du nhập vào Việt Nam.",senna-floribunda-cav-irwin-cassia-floribunda-cav.txt,,,Caesalpiniaceae,2957241
Borreria articularis (L. f.) F. Williams,Ruột gà có khớp,"Cây mọc tự nhiên trên đất khô, ven đường phổ biến ở nước ta",borreria-articularis-l-f-f-williams.txt,,,Rubiaceae,2918203
Desmodium gangeticum (L.) DC. – Hedysarum gangeticum L,"Thóc lép, Bài ngài, Cỏ cháy","Cây mọc tự nhiên ở các bãi cỏ, ven đường đi từ Bắc tới Nam",desmodium-gangeticum-l-dc.txt,,,Fabaceae,11440699
Illigera rhodantha var. dunniana (H. Lév.) Kubitzki – Illigera dunniana Levl,"Dây chẽ ba, Dây xanh, Đáp hy, Bún thiu, Khau trần (Tày), Cây đan","Lao Cai, Quảng Ninh, Tuyên Quang, Hòa Bình, Hà Nội, Kon Tum, Tây Ninh. Cây mọc tự nhiên rải rác trong rừng thưa, ven rừng, ở độ cao 150-1500 m",illigera-dunniana-levl-i-rhodantha-hance.txt,,,Họ Liên diệp đồng (Hernandiaceae),7326434
Erianthus arundinaceus (Retz.) Jeswiel,"Lau sậy, Sậy, Đót","Cây mọc tự nhiên ở sườn núi, bờ, khe suối, phổ biến ở vùng núi phía Bắc Việt Nam.",erianthus-arundinaceus-retz-jeswiel.txt,,,Poaceae,10832044
Macrosolen bibracteolatus (Hance) Dans. – Loranthus bibrac-teolatus Hance,Đại cán hai lá bắc,"Lào Cai (Sa Pa), Lạng Sơn (Khao Sơn), Quảng Bình, Quảng Trị, Thừa Thiên Huế, Lâm Đồng (Đà Lạt). Cây mọc tự nhiên bán ký sinh, ở độ cao 700 m trở lên.",macrosolen-bibracteolatus-hance-dans.txt,,,Họ Chùm gửi (Loranthaceae),5639173
Magnolia odora (Chun) Figlar & Noot. – Tsoongiodendron odorum Chun,Giổi lụa,"Yên Bái, Lạng Sơn, Quảng Ninh, Hà Tĩnh. Cây mọc tự nhiên rải rác trong rừng, ở độ cao 300-1.000 m. Loài hiếm có nguy cơ bị tuyệt chủng, đã đưa vào Sách Đỏ Việt Nam",tsoongiodendron-odorum-chun.txt,,,Magnoliaceae,3153128
Machilus salicina Hance,"Thủy hoàng tục, Dè nước, Rè mốc","Quảng Nam, Đà Nẵng, Quảng Bình, Quảng Trị, Thừa Thiên Huế. Cây mọc tự nhiên trong rừng vùng núi đất, ở độ cao 300-500 m",machilus-salicina-hance.txt,,,Lauraceae,4178023
Ficus simplicissima Lour,"Vú chó, Ưng xá, Vú bò, Ngải phún",Cây mọc tự nhiên ở rừng thứ sinh khá phổ biến ở Việt Nam,ficus-simplicissima-lour.txt,,,Moraceae,5570563
Chamaecrista absus (L.) Irwin & Barneby; Cassia absus L,Muồng trĩn,"Gia Lai. Cây mọc tự nhiên rải rác ở bãi đất trống ven rừng, ở độ cao tới 900 m",chamaecrista-absus-l-irwin-cassia-absus-l.txt,,,Caesalpiniaceae,2949868
Albizia lebbekoides (DC.) Benth. – Acacia lebbekoides DC,Câm trắng,"Hà Nội, Gia Lai, Ninh Thuận, Bà Rịa Vũng Tàu, thành phố Hồ Chí Minh. Cây mọc tự nhiên ở rừng rụng lá, ở độ cao tới 400 m.",albizia-lebbekoides-dc-benth.txt,,,Mimosaceae,2973099
Dasymaschalon macrocalyx Fin. et Gagnep. – D. trichophorum Merr. Họ Na (Annonaceae),"Dất mèo, Dây vú trâu, Mao quả đài to","Lạng Sơn, Thái Nguyên, Vĩnh Phúc, Nghệ An, Hà Tĩnh, Khánh Hoà, Ninh Thuận, Đồng Nai. Cây mọc tự nhiên rải rác trong rừng nguyên sinh, ở độ cao dưới 300 m",dasymaschalon-macrocalyx-fin-et-gagnep.txt,,,,3155198
Cyathea gigantea (Wall. ex Hook.) Holtt. – Alsophila gigantea Wall. ex Hook,Ráng lớn,"Cao Bằng, Lạng Sơn, Lao Cai, Sơn La, Quảng Trị, Thừa Thiên Huế, Đà Nẵng, Kon Tum, Lâm Đồng. Cây mọc tự nhiên trong rừng rậm thường xanh.",cyathea-gigantea-wall-ex-hook-holtt.txt,,,Cyatheaceae,5530129
Streblus tonkinensis (Dub. et Eberh.) Corn. – Bleekrodea tonkinensis Dub. et Eberh,"Ông rô, Teo noong, Duối ông rô",Cây mọc tự nhiên. Loài đặc hữu của Bắc và Trung Bộ Việt Nam,streblus-tonkinensis-dub-et-eberh-corn.txt,,,Moraceae,3763799
Microsorum buergerianum (Miq.) Ching,"Ráng thạch, Ổ sao vảy ngắn","Lào Cai, Vĩnh Phú, Hà Tây. Cây mọc tự nhiên, mọc bám vào cây gỗ vùng rừng núi.",microsorum-buergerianum-miq-ching.txt,,,Polypodiaceae,11131846
Craibiodendron stellatum (Pierre) W.W.Sm,Cáp mộc sao,"Lâm Đồng (Đà Lạt), Kon Tum. Cây mọc tự nhiên ở vùng núi",craibiodendron-stellatum-pierre-ex-laness-w-w-smith.txt,,Đỗ quyên (Ericaceae),,4174895
Ziziphus sativa Mill,"Đại táo, Táo tàu, Táo đen",Lao Cai. Cây nhập trồng,ziziphus-sativa-mill.txt,,,Họ Táo (Rhamnaceae),3039423
Miscanthus sinensis Anders,Cỏ chè vè,Miền Bắc – Miền Trung. Cây mọc tự nhiên,miscanthus-sinensis-anders.txt,,,Poaceae,2706026
Citrus aurantium L,"Cam chua, Toan đăng",Cây trồng,citrus-aurantium-l.txt,,,Rutaceae,8077391
Clematis brevicaudata DC,Ông lão đuôi ngắn,Lào Cai (Sa Pa).,clematis-brevicaudata-dc.txt,,Mao lương – Ranunculaceae,,7277064
Stephania sinica Diels,"Bình vôi tán ngắn, Củ một, Dây mối trơn, Cà tòm (Tày), Co cáy khẩu (Thái)","Ninh Bình, Quảng Ninh, Lạng Sơn, Đắc Lắc, Côn Đảo. Cây mọc tự nhiên",stephania-sinica-diels.txt,,Tiết dê (Menispermaceae),,5592751
Begonia aptera Blume,Thu hải đường không cánh,"Lào Cai tới Thừa Thiên Huế, Lâm Đồng. Cây mọc tự nhiên",begonia-aptera-blume.txt,,,Begoniaceae,8314136
Phyllanthus pulcher Wall. ex Muell.-Arg,"Diệp hạ châu đẹp, Me lá lệch","Nam Bộ Việt Nam. Cây mọc tự nhiên trong rừng thường xanh hay rụng lá, trên đất phiến thạch, ở độ cao 100-700 m",phyllanthus-pulcher-wall-ex-muell-arg.txt,,Thầu dầu (Euphorbiaceae),,5381514
Pycreus sanguinolentus (Vahl) Nees – Cyperus sanguinolentus Vahl,Cói vảy đỏ,"Cao Bằng, Lạng Sơn. Cây mọc tự nhiên",pycreus-sanguinolentus-vahl-nees.txt,,,Họ Cói (Cyperaceae),2730818
Dennstaedtia scabra (Wall. ex Hook.) T. Moore – Dicksonia scabra Wall. ex Hook,Đàm tiết nhám,"Khá hẹp. Lai Châu, Lào Cai, Cao Bằng, Lâm Đồng. Cây mọc tự nhiên trong rừng rậm thường xanh, trong đó có rừng mây mù.",denstaedtia-scabra-wall-ex-hook-t-moore.txt,,Ráng đàn tiết (Dennstaedtiaceae),,12231571
Arthraxon hispidus (Thunb.) Makino,Tận thảo,"Lào Cai, Lạng Sơn, Sơn La, Hoà Bình, Ninh Bình, Thanh Hoá. Cây mọc tự nhiên trên các bãi cỏ hoang, ven đường đi.",arthraxon-hispidus-thunb-makino.txt,,,Poaceae,5290201
Streptocaulon juventas (Lour.) Merr.; S. griffithii Hook.f,"Hà thủ ô trắng, Dây sữa bò, Củ vú bò, Mã liên an, Khâu nước, Dây mốc, Cây sừng bò, Khău cần cà (Tày), Chừa ma sình (Thái), Sân rạ, xờ rạ (Kho), Pất (kdong), Xạ ú pẹ (Dao)","Cây mọc tự nhiên ở vùng đồi, trảng cây bụi ở hầu hết các tỉnh trung du và vùng ven biển",streptocaulon-juventas-lour-merr.txt,,,Asclepiadaceae,3572291
Heracleum hemsleyanum Diels,Độc hoạt đuôi châu,"Cây nhập trồng ở Lai Châu, Lào Cai. Nguồn gốc từ Trung Quốc.",heracleum-hemsleyanum-diels.txt,,,Apiaceae,3629643
Ziziphus cambodiana Pierre,Táo cam bốt,"Gia Lai, Kon Tum, Lâm Đồng, Khánh Hoà, Ninh Thuận. Cây mọc tự nhiên trong rừng thưa",ziziphus-cambodiana-pierre.txt,,,Rhamnaceae,7809440
Helianthus annuus L,"Hướng dương , Cây quỳ, Hoa mặt trời","Lào Cai, Hà Giang. Cây trồng để lấy hạt.",helianthus-annuus-l.txt,,,Asteraceae,9206251
Edgeworthia gardneri (Wall.) Meisn,Dó bắc phương,Khánh Hòa.,edgeworthia-gardneri-wall-meisn.txt,"Daphne gardneri Wall., Edgeworthia chrysantha Lindl",Trầm – Thymelaeaceae,,5523712
Adinandra millettii (Hook. et Arn.) Benth. et Hook.f. ex Hance – Cleyera millettia Hook. et Arn,Súm đỏ không lông,"Lào Cai (Sa Pa), Vĩnh Phúc (Tam Đảo). Cây mọc tự nhiên ở độ cao 900-1.200 m",adinandra-millettii-hook-et-arn-benth-et-hook-f-ex-hance.txt,,,Theaceae,3591729
Dipteris chinensis H. Christ,Ráng hai cánh trung quốc,"Hẹp, chỉ gặp ở một số vùng núi thấp và trung bình của Lai Châu (Tuần Giáo) và Lào Cai (Sa Pa).",dipteris-chinensis-h-christ.txt,,Song phiến – Dipteridaceae,,4097830
Rhamnus napalensis (Wall.) M.A. Lawson,"Mận rừng lá to, Cồng cua","Lai Châu (Sìn Hồ), Sơn La, Hoà Bình, Cao Bằng, Hà Giang. Cây mọc tự nhiên",rhamnus-nepalensis-wall-in-roxb.txt,,,Rhamnaceae,4928522
Cissus adnata Roxb. – Vitis adnata (Roxb.) Wight & Arn,"Dây xo, Dây nôi","Lao Cai, Thanh Hóa, Quảng Bình, Quảng Trị, Thừa Thiên Huế, Khánh Hòa. Cây mọc tự nhiên trên các trảng ở mọi độ cao",cissus-adnata-roxb.txt,,Nho (Vitaceae.),,4052376
Gynura japonica (L.f.) Juel. – G. segetum (Lour.) Merr,"Thổ tam thất, Do nho hống","Cây mọc tự nhiên, còn trồng",gynura-japonica-l-f-juel.txt,,,Asteraceae,3139807
Dendrobium primulinum Lindl,"Lan long tu, Hoàng thảo long tu","Bắc Bộ, Lâm Đồng (Đà Lạt). Cây mọc tự nhiên bám trên cây gỗ lớn trong rừng, ở độ cao 600-1.500 m.",dendrobium-primulinum-lindl.txt,,,Orchidaceae,5315870
Spatholobus harmandii Gagnep,"Kê huyết đằng, Dây máu người, Máu gà, Máu chó, Khau dạ lùa, Khau lượt (Tày), Dạng var (Kho)","Lao Cai, Hà Giang, Cao Bằng, Vĩnh Phúc, Thái Nguyên. Cây mọc tự nhiên trong rừng, dọc theo sông suối trên đất có cát.",spatholobus-harmandii-gagnep.txt,,Đậu (Fabaceae),,2977087
Phaseolus vulgaris L,"Đậu cô ve, Đậu tây, Đậu hoe",Cây trồng. Nguyên sản ở vùng nhiệt đới châu Mỹ,phaseolus-vulgaris-l.txt,,Đậu (Fabaceae),,5350452
Litsea cubeba (Lour.) Pers. – Laurus cubeba Lour,"Màng tang, Khương mộc, Sơn thương, Tất trừng già, Khảo khinh (Tày), Tạ chàm điằng (Dao), Lồ lê (Kho)","Lào Cai, Quảng Bình, Quảng Trị, Thừa Thiên Huế, các tỉnh vùng Tây Nguyên. Cây mọc tự nhiên trong rừng thứ sinh hay rừng phục hồi sau nương rẫy, ở độ cao 100-1500 m",litsea-cubeba-lour-pers.txt,,,Lauraceae,3033977
Dalbergia pinnata (Lour.) Prain – Derris pinnata Lour,"Trắc lá me, Trắc ăn trầu","Đà Nẵng, Lâm Đồng, Kon Tum. Cây mọc tự nhiên trong rừng hỗn giao rụng lá, ven rừng rậm thường xanh, ở độ cao tới 1400 m",dalbergia-pinnata-lour-prain.txt,,,Fabaceae,2968756
Rhamnus utilis Decne,Mận rừng lá nhọn,Lào Cai (Sa Pa). Cây mọc tự nhiên.,rhamnus-utilis-decne.txt,,,Rhamnaceae,3039481
Barleria lupulina Lindl,"Kim vàng , Gai kim bóng, Sơn đông, Gai kim vàng","Cây mọc tự nhiên, còn được trồng ở vùng đồng bằng các tỉnh phía Nam. Nguồn gốc từ Madagasca",barleria-lupulina-lindl.txt,,,Acanthaceae,3173126
Senecio corymbosus Wall. ex DC,Vi hoàng tản phong,,senecio-corymbosus-wall-ex-dc.txt,,"Cúc (Asteraceae) Cập nhật01/07/2019 ★ ★ ★ ★ ★ ★ 0.0 - 0 đánh giá Chia sẻ Chia sẻ Cây thuốc khác Mecopus nidulans Benn. Carpesium divaricatum Sieb. & Zucc Helwingia himalaica Hook.f. et Thoms. ex C.B. Clake Amalocalyx microlobus Pierre ex Spire Bình luận Câu hỏi của bạn Hủy X Bạn vui lòng điền thêm thông tin! Chọn tệp (Allowed file typesjpg, png , maximum file size100MB. Cây thuốc được quan tâm Ampelopsis cantoniensis (Hook. et Arn.) Planch. Chữa sưng vú (Lá giã đắp). Đau dạ dày hành tá tràng (Cành lá... Curculigo orchioides Gaertn",,3115110
Pilea notata Wright,"Thuỷ ma, Lãnh thuỷ hoa, Ông lão","Lào Cai, Lạng Sơn, Hà Tây. Cây mọc tự nhiên trong rừng thưa, ẩm ở vùng núi đá vôi",pilea-notata-wright.txt,,,Urticaceae,5670102
Artemisia dubia Wall. ex Bess,"Ngải á, Ngải đắng, Thanh cao bắc bộ","Lai Châu, Lào Cai (Sa Pa), Sơn La (Mộc Châu), Hòa Bình. Cây mọc tự nhiên ở các trảng cỏ ven đường, trên độ cao 500-1700 m.",artemisia-dubia-wall-ex-bess-var-longeracemosa-pamp-forma-tonkinensis-pamp.txt,,,Asteraceae,7379843
Dianthus barbatus L,"Cẩm hoa lổ, Cẩm chướng nhung",Cây nhập trồng ở Đà Lạt,dianthus-barbatus-l.txt,,,Caryophyllaceae,3085421
Morus nigra L,Dâu bầu đen,Cây trồng,morus-nigra-l.txt,,dâu tằm (Moraceae),,5361888
Tetracera scandens (L.) Merr. – Tragia scandens L,"Dây chiều, Dây tứ giác, Chạc chìu (Tày), Tích diệp đằng, Chong co (Thái), Dạt lồng nhây (Dao)","Phú Thọ, Lạng Sơn, Thái Nguyên, Lào Cai. Cây mọc tự nhiên",tetracera-scandens-l-merr-tragia-scandens-l.txt,,,Họ Sổ (Dilleniaceae),7370317
Iris japonica Thunb,"Đuôi diều, Lưỡi đòng","Lao Cai (Sa Pa), Hà Giang (Đồng Văn), Vĩnh Phúc (Tam Đảo). Cây nhập trồng nay trở nên hoang hoá, mọc nơi ẩm ven suối, ở độ cao 500-1600 m",iris-japonica-thunb.txt,,,Iridaceae,5297939
"Desmos cochinchinensis Lour. – Unona desmos Dunn, U. cochinchinensis (Lour.) DC","Giẻ nam bộ, Hoa giẻ lông đen","Thanh Hoá, Nghệ An, Quảng Bình, Quảng Trị, Thừa Thiên Huế, Gia Lai. Cây mọc tự nhiên ở ven rừng, đồi, lùm bụi",desmos-cochinchinensis-lour.txt,,,Annonaceae,3155178
Dolichos trilobus L,Đậu đỏ – li – cô ba thùy,Ninh Thuận (Cà Ná).,dolichos-trilobus-l.txt,"Dolichos falcatus Willd., D. debilis A. Rich",Đậu – Fabaceae,,2975585
Strophanthus wallichii A. DC. – S. robustus Pierre ex Pitard,Thuốc bắn,"Lâm Đồng, Đồng Nai. Cây mọc tự nhiên trong rừng rậm, rừng phục hồi",strophanthus-wallichii-a-dc.txt,,,Apocynaceae,3619595
Portulaca pilosa L,"Sam lông, Sam lồi, Sam bay","Quảng Trị, Bà Rịa – Vũng Tàu (Côn Đảo). Cây mọc tự nhiên",portulaca-pilosa-l.txt,,,Portulacaceae,3084704
:Jasminum longisepalum Merr. – Jasminum longisetum Gagnep,"Vằng lông, Lài tơ dài","Quảng Bình, Quảng Trị, Thừa Thiên Huế. Cây mọc tự nhiên ở vùng trung du",jasminum-longisepalum-merr.txt,,,Oleaceae,
Polycarpaea corymbosa (L.) Lam. – Achysanthes corymbosa L,"Sài hồ đất, Bạch hổ đinh","Quảng Ninh, Ninh Bình, Thanh Hoá tới Bình Thuận, Minh Hải. Cây mọc tự nhiên ở vùng đất cát, thường ở vùng ven biển.",polycarpaea-corymbosa-l-lam.txt,,,Caryophyllaceae,3085781
Amalocalyx microlobus Pierre ex Spire,"Mác chim, Sơn Đôn","Hoà Bình, Sơn La, Hà Giang, Lào Cai. Cây mọc tự nhiên ở ven rừng",amalocalyx-microlobus-pierre-ex-spire.txt,,,Apocynaceae,7492879
Tagetes patula L,"Cúc vạn thọ nhỏ, Cúc vạn thọ lùn",Cây trồng ở nhiều nơi.,tagetes-patula-l.txt,,,Họ Cúc (Asteraceae),3088488
Swertia angustifolia Buch.-Ham. ex D. Don,Hoạt lá hẹp,"Đắk Lắk (Đắk Mil), Lâm Đồng (Đà Lạt). Cây mọc tự nhiên rải rác trong rừng thưa, ở độ cao 1.200 – 1.700 m.",swertia-angustifolia-buch-ham-ex-d-don.txt,,,Gentianaceae,5596405
Cymbopogon nardus (L.) Rendle – Cymbopogon confertiflorus (Steud.) Stapf,Sả hoa dày,Cây trồng,cymbopogon-confertiflorus-stapf.txt,,,Poaceae,2705267
Naravelia zeylanica (L.) DC,Bạch tu tích lan,"Lâm Đồng (Lang Bian, Bảo Lộc)",naravelia-zeylanica-l-dc.txt,Atragene zeylanica L,Mao lương – Ranunculaceae,,3926315
Cinnamomum tamala (Buch.-Ham.) Nees et Eberm. – Laurus tamala Buch.-Ham,Quế hoa trắng,"Vĩnh Phúc, Nghệ An, Thừa Thiên Huế. Cây mọc tự nhiên trong rừng thường xanh, ở độ cao 700-1200 m",cinnamomum-tamala-buch-ham-nees-et-eberm.txt,,,Lauraceae,9128079
Haloragis chinensis (Lour.) Merr. – Gaura chinensis Lour,"Rong tiên, Hung thảo trung quốc","Hà Tây, Quảng Nam, Đà Nẵng. Cây mọc tự nhiên rải rác trên các bãi đất ẩm.",haloragis-chinensis-lour-merr.txt,,,Haloragidaceae,5361791
Dalbergia stipulacea Roxb,Trắc bẹ,"Lai Châu, Lao Cai, Kon Tum, Gia Lai, Đồng Nai. Cây mọc tự nhiên ở rừng ẩm, lầy",dalbergia-stipulacea-roxb.txt,,,Fabaceae,2968852
Streblus indicus (Bur.) Corn. – Pseudostreblus indica Bur,Ruối rừng,"Gia Lai. Cây mọc tự nhiên ở rừng, dựa suối, ở độ cao tới 1000 m",streblus-indicus-bur-corn.txt,,,Moraceae,7801475
Không có,Huyết lình,,huyet-linh.txt,,,,
Lonicera dasystyla Rehd,"Kim ngân nhẵn, Kim ngân dại",Cây mọc tự nhiên,lonicera-dasystyla-rehd.txt,,,Caprifoliaceae,7272667
Rhaphiolepis indica (L.) Lindl. – Crategus indica L,"Sến dương, Lương gai","Hoà Bình, Đà Nẵng, Khánh Hòa, Lâm Đồng, Đồng Nai, Sông Bé. Cây mọc tự nhiên ven rừng thưa, dựa rạch, ở độ cao dưới 1.700 m",rhaphiolepis-indica-l-lindl.txt,,,Rosaceae,5371542
Strychnos ignatii Berg. Họ Mã tiền (Loganiaceae),"Dây gió, Đậu gió",Tuyên Quang đến Đồng Nai. Cây mọc tự nhiên trong rừng kín thường xanh,strychnos-ignatii-berg.txt,,,,5645763
Mentha piperita L,"Bạc hà cay, Bạc hà tiêu",Nhập trồng,mentha-piperita-l.txt,,,Lamiaceae,8707933
Spirodela polyrrhiza (L.) Schleid. – Lemma polyrrhiza L,"Bèo tấm tía, Bèo đánh trống","Cây sống trôi nổi trong các ao hồ, ruộng, khắp nơi ở Việt Nam",spirodela-polyrrhiza-l-schleid.txt,,,Lemnaceae,4097481
Geranium sibiricum L,Mỏ hạc siberi,"Lào Cai, Nghệ An. Cây mọc tự nhiên",geranium-sibiricum-l.txt,,,Geraniaceae,2891583
Pottsia laxiflora (Blume) Kuntze – Vallaris laxiflora Blume,"Tẩu phá xéng, Dây cao su, Khau giang pinh, Dây ve áo","Quảng Ninh (Tiên Yên), Bắc Giang, Phú Thọ (Thanh Ba), Hà Nội, Hoà Bình. Cây mọc tự nhiên ở ven rừng, ven đường đi trong rừng",pottsia-laxiflora-blume-kuntze.txt,,,Apocynaceae,8694659
Alphonsea philastreana (Pierre) Pierre ex Finet & Gagnep,An phong nhiều trái,,alphongsea-philastreana-pierre-pierre-ex-fin.txt,,"Na (Annoneceae) Cập nhật01/07/2019 ★ ★ ★ ★ ★ ★ 0.0 - 0 đánh giá Chia sẻ Chia sẻ Cây thuốc khác Coptis teeta Wall. Brassica oleracea L. var. botrylis L. Zornia gibbosa Span. Aconitum pulchellum Hand. – Mazz. Bình luận Câu hỏi của bạn Hủy X Bạn vui lòng điền thêm thông tin! Chọn tệp (Allowed file typesjpg, png , maximum file size100MB. Cây thuốc được quan tâm Ampelopsis cantoniensis (Hook. et Arn.) Planch. Chữa sưng vú (Lá giã đắp). Đau dạ dày hành tá tràng (Cành lá... Curculigo orchioides Gaertn",,3154156
Fimbristylis tetragona R. Br,Cói quăn vuông,"Khánh Hòa, Thủ Đức, Bà Rịa. Cây mọc tự nhiên trên đất ẩm vùng đồng bằng",fimbristylis-tetragona-r-br.txt,,,Họ Có (Cyperaceae),2708425
Glochidion assamicum (Muell.-Arg.) Hook.f. – Phyllanthus assamicus Muell.-Arg,Sóc,"Quảng Ninh (Hà Cối). Cây mọc tự nhiên trong rừng thường xanh hay nửa rụng lá, ở độ cao 100 m.",glochidion-assamicum-muell-arg-hook-f.txt,,,Euphorbiaceae,3080441
Geophila repens (L.) Johnston,"Địa háo bò, Rau má núi","Hà Giang, Quảng Ninh, Hòa Bình, Hà Nội, Ninh Bình, Gia Lai (Kon Hà Nùng), Tây Ninh, Đồng Nai (Biên Hòa), Bà Rịa-Vũng Tàu (Côn Đảo)",geophila-repens-l-johnston.txt,"Rondeletia repens L., Geophila herbacea (Jacq.) Kuntze, G. reniformis D. Don",Cà phê – Rubiaceae,,5340379
Firmiana simplex (L.) W. F. Wight – Hibiscus simjplex L,"Trôm đơn, Bo rừng, Bo xanh","Cao Bằng, Bắc Kạn, Thái Nguyên, Ninh Bình, Thanh Hóa, Nghệ An. Cây mọc tự nhiên trong rừng kín thường xanh mưa mùa nhiệt đới, còn được trồng",firmiana-simplex-l-w-f-wight.txt,,,Sterculiaceae,3152111
Coprinus comatus (O.F. Müll.) Pers,Nấm mực lông,"Lai Châu, Lào Cai, Yên Bái, Tuyên Quang, Bắc Kạn, Thái Nguyên, Lạng Sơn, Quảng Ninh, Bắc Giang, Hà Nội, Ninh Bình, Thanh Hóa, Nghệ An, Hà Tĩnh, Đà Nẵng, Quảng Nam, Lâm Đồng, Khánh Hòa, Ninh Thuận, Bình Thuận, Tây Ninh.",coprinus-comatus-o-f-mull-pers.txt,,Nấm mực – Coprinaceae,,7987658
Tetracera loureiri (Finet & Gagnep.) Pierre ex W. G. Craib – T. sarmentosa (L.) Vahl var. loureirii Fin. et Gagnep,Dây chiều nhẵn,"Đồng Nai, An Giang. Cây mọc tự nhiên trong rừng thưa",tetracera-loureirii-finet-et-gagnep-craib-t-sarmentosa-l-vahl-var-loureirii-fin-et-gagnep.txt,,,Họ Sổ (Dilleniaceae),8012467
Lilium brownii var. viridulum Baker – L. brownii var. colchesteri Wils. ex Stapf,"Bách hợp, Tỏi trời, Tỏi rừng, Sluốn phạ, Khẻo ma (Tày), Kíp pá (Thái), Cà ngái dòi (Dao)","Hà Giang, Lao Cai, Lai Châu, Lạng Sơn. Cây mọc tự nhiên trong rừng lá rộng thường xanh, trên khe đá, hốc đá ở sườn núi, độ cao > 1000 m",lilium-brownii-f-e-brown-ex-mill-var-viridulum-baker.txt,,,Liliaceae,2753253
Typha domingensis Pers. – Typha javanica Schnizl. ex Rohrb,"Cỏ nến nam, Cỏ nến java","Cây mọc tự nhiên đầm lầy, ven sông rạch ở các tỉnh Miền Nam Việt Nam",typha-javanica-schnitzl-ex-zoll.txt,,,Họ Hương bồ (Typhaceae),5289534
Platycodon grandiflorum (Jacq.) A. DC. – Campanula grandiflora Jacq,Cát cánh,Cây nhập trồng ở các tỉnh phía Bắc,platycodon-grandiflorum-jacq-a-dc.txt,,Hoa chuông (Campanulaceae),,3164340
"Tetrastigma coriaceum (DC.) Gagnep. – Tetrastigma tuberculatum (Blume) N.H. Hien, Tetrastigma harmandii Planch",Dây vác,"Quảng Nam, Đà Nẵng, Quảng Bình, Quảng Trị, Thừa Thiên Huế, Kon Tum, Đắc Lắc, Lâm Đồng. Cây mọc tự nhiên dưới tán rừng ẩm",tetrastigma-tuberculatum-blume-n-h-hien-tetrastigma-harmandii-planch.txt,,,Họ Nho (Vitaceae),5658538
Amanita phalloides (Fr.) Quel,"Nấm đen, Nấm lục","Thường mọc trên đất cạnh những gốc bạch đàn ở Hà Nội, Bắc Giang, Vĩnh Phúc.",amanita-phalloides-fr-quel.txt,,,Amanitaceae,5240325
Ixora chinensis Lam,"Đơn trung quốc, Trang tàu, Trang đỏ",Cây trồng làm cảnh khắp nơi ở Việt Nam,ixora-chinensis-lam.txt,,,Rubiaceae,2905600
Maesa acuminatissima Merr,Đơn lá nhọn,"Lào Cai, Lạng Sơn, Thái Nguyên, Vĩnh Phúc, Hà Nội (Ba Vì), Hòa Bình. Cây mọc tự nhiên trong rừng lá rộng thường xanh, sườn núi, ven suối, ở độ cao 100-600 m.",maesa-acuminatissima-merr.txt,,,Myrsinaceae,3719799
Hackelochloa granularis (L.) Kuntze,"Cỏ kê, Cỏ rỗ, Hạt rỗ","Bắc Bộ, Bình Phước (Bình Long)",hackelochloa-granularis-l-kuntze.txt,"Cenchrus granularis L., Manisuris granularis L",Hòa thảo – Poaceae,,2705462
Eriocaulon setaceum L,Dùi trống tơ,"Bình Phước, Tây Ninh. Cây mọc tự nhiên trong ao hồ, ruộng, mương rạch",eriocaulon-setaceum-l.txt,,Cỏ dùi trống (Eriocaulonaceae),,2690614
Cyrtomium falcatum (L. f.) C. Presl,"Ráng răng cong liễm, Quán chúng lá lưỡi liềm","Khá hẹp, ở một số vùng núi đá vôi thấp của Sơn La (Mộc Châu), Lạng Sơn (Chi Lăng), Hà Nam và Quảng Bình (Minh Hòa)",cyrtomium-falcatum-l-f-c-presl.txt,"Polypodium falcatum L.f., Polystichum devexiscapulae Koidz., Cyrtomium devexiscapulae (Koidz.) Ching)",Ráng cánh bần – Dryopteridaceae,,2650829
Senna garrettiana (Craib) Irwin & Barneby – Cassia garrettiana Craib,"Muồng chét, Mỏ hàn",Gia Lai tới thành phố Hồ Chí Minh. Cây mọc tự nhiên.,senna-garrottiana-craib-irwin-cassia-garrettiana-craib.txt,,,Caesalpiniaceae,2958015
Gnaphalium hypoleucum DC. ex Wight,"Hoàng nhung trắng, Rau khúc mốc","Lào Cai (Sa Pa), Sơn La (Mộc Châu), Hà Giang, Lạng Sơn, Vĩnh Phúc, Hoà Bình, Hà Nội. Cây mọc tự nhiên ở ven rừng và vách núi có độ cao 400-1.800 m",gnaphalium-hypoleucum-dc-ex-wight.txt,,,Asteraceae,3101068
Eupatorium cannabinum L,"Thạch lam, Bạch sơn, Yến bạch gai","Lạng Sơn, Hà Nội, Hà Nam, Ninh Bình, Khánh Hòa. Cây mọc tự nhiên ở ven rừng thưa và các trảng cỏ, ở độ cao dưới 200 m",eupatorium-cannabium-l.txt,,,Asteraceae,5402943
Aristolochia contorta Bunge,"Rễ gió, Bắc mã đâu linh, Khau nhả gió (Tày)","Lạng Sơn, Kon Tum. Cây mọc tự nhiên chỗ ẩm dưới tán rừng thưa hoặc ven rừng",aristolochia-contorta-bunge.txt,,,Aristolochiaceae,3589079
Aralia cordata Thunb,Thổ đương quy,"Lào Cai (Sa Pa), Hà Giang (Quản Bạ). Cây mọc tự nhiên rải rác ven rừng, ở độ cao trên 700 m",aralia-cordata-thunb.txt,,,Araliaceae,3037015
Brassaiopsis glomerulata (Blume) Regel. – Aralia glomerulata Blume,Than mô,"Hoà Bình, Sơn La, Quảng Trị, Quảng Nam, Đà Nẵng. Cây mọc tự nhiên rải rác trong rừng, ở độ cao 700-1500 m",brassaiopsis-glomerulata-blume-regel.txt,,,Araliaceae,3036209
Smilax verticalis Gagnep,Kim cang đứng,"Thừa Thiên Huế, Kon Tum, Gia Lai, Đắk Lắk, Lâm Đồng, Ninh Thuận. Cây mọc tự nhiên trong trảng cây bụi, ven rừng thứ sinh, ở độ cao 500-1.000 m.",smilax-verticalis-gagnep.txt,,,Smilacaceae,5295291
Monachosorum henryi (Blume) H. Christ,Ráng tụ quần,"Khá rộng, chủ yếu ở các vùng núi thấp và trung bình của Lào Cai (Sa Pa), Hà Nội (núi Ba Vì), Lâm Đồng (Đà Lạt, núi Lang Bian, núi Bì Đúp).",monachosorum-henryi-h-christ.txt,"Aspidium sudigitatum Blume, Monachosorum subdigitatum (Blume) Kuhn",Ráng vệ nữ – Adiantaceae,,3747279
Iodes vitiginea (Hance) Hemsl. – I. ovalis Blume var. vitiginea (Hance) Gagnep,Mộc thông ta,Lào Cai. Cây mọc tự nhiên,iodes-vitiginea-hance-hemsl.txt,,,Icacinaceae,5529313
Pisum sativum L,"Đậu hà lan, Ngà Lán (Tày)",Cây trồng ở hầu hết các tỉnh thành phía Bắc. Nguyên sản vùng Tây Á,pisum-sativum-l.txt,,Đậu (Fabaceae),,5347846
Pisonia aculeata L,"Bì sơn nhọn., Tuyến quả đằng","Ninh Bình, Thanh Hóa, Nghệ An, Đồng Nai, Bà Rịa Vũng Tàu. Cây mọc tự nhiên ven rừng.",pisonia-aculeata-l.txt,,,Hoa phấn (Nyctaginaceae),3086260
Thunbergia fragrans Roxb,"Cát đằng thơm, Uuyên hoa thảo","Hà Tĩnh (Can Lộc), Bình Dương (Thủ Dầu Một), Tây Ninh (Cay Cong), Đồng Nai. Cây mọc tự nhiên vùng đồng bằng.",thunbergia-fragrans-roxb.txt,,,Acanthaceae,5415458
Commelina diffusa Burm.f,"Thài lài trắng, Rau trai lá nhỏ, áp cước thảo, áp chích thảo, Cỏ chân vịt",Cây mọc tự nhiên chỗ ẩm ướt khắp nơi,commelina-diffusa-burm-f.txt,,,Commelinaceae,2764202
Crotalaria sessiliflora L,"Lục lạc không cuống, Lục lạc hoa tím","Cao Bằng, Lạng Sơn tới Sông Bé. Cây mọc tự nhiên ở trảng cỏ, rừng rụng lá và rừng thông, ở độ cao tới 1500 m",crotalaria-sessilifolia-l.txt,,,Fabaceae,2942762
Anemarrhena asphodeloides Bunge,Tri mẫu,Cây nhập trồng ở Sa Pa.,anemarrhena-asphodeloides-bunge.txt,,,Liliaceae,2771077
Phyllanthus reticulatus Poir,"Phèn đen, Tạo phàn diệp, Chè nộc, Chè con chim, Co ranh (Thái), Mạy tẻng đăm (Tày)","Cây mọc tự nhiên ở khắp nơi từ vùng đồng bằng tới trung du và miền núi, phổ biến khắp nơi ở Việt Nam",phyllanthus-reticulatus-poir.txt,,,Euphorbiaceae,5382478
Sonerila cantonensis Stapf,Nhả bóc nin,Hoà Bình (Chợ Bờ). Cây mọc tự nhiên ở độ cao 1000-1500 m,sonerila-cantonensis-stapf.txt,,,Melastomaceae,3858329
Phaseolus coccineus L,"Đậu tây đỏ, Đậu đỏ","Cây nhập trồng rải rác ở một số tỉnh phía BắcCao Bằng, Lạng Sơn, Hà Nội, Hải Phòng và ở Lâm Đồng (Đà Lạt).",phaseolus-coccineus-l.txt,,Đậu – Fabaceae,,5350466
Callicarpa rubella Lindl,"Tu hú hồng, Tử châu đỏ","Hà Giang, Lào Cai, Quảng Ninh, Vĩnh Phúc (Tam Đảo), Thanh Hóa, Kon Tum, Lâm Đồng. Cây mọc tự nhiên ở ven rừng, ven suối",callicarpa-rubella-lindl.txt,,,Verbenaceae,7308743
Macaranga tanarius (L.) Muell.-Arg. – Ricinus tanarius L,Mã rạng,"Lào Cai, Lai Châu, Lạng Sơn, Sơn La, Hòa Bình, Trung Bộ và Nam Bộ. Cây mọc tự nhiên trong rừng thường xanh, ở độ cao trên 1000 m.",macaranga-tanarius-l-muell-arg.txt,,,Euphorbiaceae,3074251
Persea americana Mill. – Laurus persea L,"Bơ, Lê tàu",Tây Nguyên và Nam bộ. Cây nhập trồng,persea-americana-mill-laurus-persea-l.txt,,Long não (Lauraceae),,3034046
Pycreus polystachyos (Rottb.) P.Beauv. – Cyperus polystachyus Rottb,"Cú ma, Cỏ ken, Cói trục dai nhiều bông",Cây mọc tự nhiên phổ biến khắp Việt Nam,pycreus-polystachyus-rottb-beauv-cyperus-polystachyus-rottb.txt,,Cói (Cyperaceae),,2730407
Aporusa sphaerosperma Gagnep,"Tai nghé hạt tròn, Thàu táu lá tròn","Hà Tây, Lâm Đồng tới An Giang. Cây mọc tự nhiên trên đồi, trong rừng thưa",aporusa-sphaerosperma-gagnep.txt,,,Euphorbiaceae,5383493
Olea europaea L,Ô liu,Cây nhập trồng ở trung tâm Nha Hố (Phan Rang). Nguồn gốc từ Trung cận Đông,olea-europaea-l.txt,,,Oleaceae,5415040
Glossogyne tenuifolia Cass,"Chổi đực, Thiệt thư lá nhỏ, Nhuỵ lưỡi lá nhỏ, Hương như","Thanh Hóa, Quảng Bình, Quảng Ngãi. Cây mọc tự nhiên trên các đồi cát ven biển",glossogyne-tenuifolia-cass.txt,,,Asteraceae,5390273
Hygrophila incana Nees,Đình lịch xám,"Đồng Tháp. Cây mọc tự nhiên ở ruộng, ven bờ nước.",hygrophyla-incata-nees.txt,,Ô rô (Acanthaceae),,5575439
Knoxia valerianoides Thorel ex Pitard,"Trạch côn, Hồng đại kích","Khánh Hòa, Đồng Nai. Cây mọc tự nhiên trên bãi cỏ dưới tán rừng",knoxia-valerianoides-thorel-ex-pitard.txt,,,Rubiaceae,2901184
Syzygium samarangense (Blume) Merr. et Perry – Myrtus samarangense Blume,"Gioi đỏ, Mận đỏ",Cây trồng để lấy quả ở hầu khắp Việt Nam,syzygium-samarangense-blume-merr-et-perry.txt,,,Myrtaceae,3183180
Dischidia acuminata Cost,"Tai chuột, Hạt bí, Qua tử kim, Mộc tiền, Muối qua (Tày), Co muối tẩu (Thái), Nhẩm nghin mía (Dao)","Lào Cai, Hà Giang, Cao Bằng tới các tỉnh phía Nam. Cây mọc tự nhiên, bám trên đá, trên cây gỗ trong rừng thứ sinh",dischidia-acuminata-cost.txt,,,Asclepiadaceae,3571169
Uvaria grandiﬂora Roxb. ex Hornem. – U. purpurea Blume,"Bù dẻ tía, Bù dẻ hoa to, Chuối con chồng","Thanh Hóa tới Quảng Nam. Cây mọc tự nhiên rải rác trong rừng thứ sinh, ở độ cao dưới 300 m",uvaria-grandiﬂora-roxb-ex-hornem.txt,,,Annonaceae,
Aristolochia elegans Mast,Phòng kỷ thanh lịch,"Cây trồng làm cảnh ở Hà Nội, nguồn gốc từ Braxin",aristolochia-elegans-mast.txt,,,Aristolochiaceae,2873993
Mallotus macrostachyus (Miq.) Muell.-Arg. – Rottlera macrostachya Miq,Bùm bụp duôi to,"Ninh Bình, Lạng Sơn, Thừa Thiên Huế, Đồng Nai. Cây mọc tự nhiên trong rừng thường xanh, nơi đất phong hóa từ đá vôi, ở độ cao 100-1500 m",mallotus-macrostachyus-miq-muell.txt,,,Euphorbiaceae,5378613
Ocimum tenuiflorum L,"Hương nhu tía , É đỏ, É tía",Cây trồng,ocimum-tenuiflorum-l.txt,,,Lamiaceae,2927100
Bidens tripartita L,Song nha chẻ ba,"Cây mọc tự nhiên ở trên đất ẩm lầy vùng núi các tỉnh phía Bắc, ở độ cao 400- 1600 m",bidens-tripartica-l.txt,,,Asteraceae,5391862
Burmannia disticha L,Cào cào,"Lào Cai (Sa PaPhan Si Păng), Lâm Đồng (Đà Lạt), KIên Giang (Phú Quốc). Cây mọc tự nhiên ở nơi đất ẩm ven đường, độ cao 1000-2500 m",burmannia-disticha-l.txt,,,Burmanniaceae,5300998
Corium Elephatis,"Da voi, tượng bì",,da-voi.txt,,Voi Elephantidae,,
Dendrocnide stimulans (L. f.) Chew. – Urtica stimulans L.f,Mán nam,"Hà Nội (Ba Vì), Lâm Đồng (Di Linh, Langbian). Cây mọc tự nhiên trong rừng thưa, ở độ cao 900-1.500 m",dendrocnide-stimulans-l-f-chew.txt,,,Urticaceae,4098487
Hedyotis hedyotidea (DC.) Merr. – Sperma-coce hedyotidea DC,Bòi ngòi lớn,"Yên Bái, Hòa Bình, Thừa Thiên Huế. Cây mọc tự nhiên rải rác trong rừng thứ sinh",hedyotis-hedyotidea-dc-merr-sperma-coce-hedyotidea-dc.txt,,,Cà phê (Rubiaceae),10719202
Alstonia mairei Levl. – Blaberopus mairei (Levl.) Ly,"Mạy đót hương, Sữa Maire","Cao Bằng, Lạng Sơn, Hà Tây, Hoà Bình. Cây mọc tự nhiên ở rừng trên độ cao 700 – 1500m, thường gặp ở vùng núi đá vôi..",alstonia-mairei-levl.txt,,,Apocynaceae,5535619
Cinchona officinalis L. – Cinchona ledgeriana Moems ex Trimen,Canh ki na thon,Lâm Đồng (Đà Lạt). Cây trồng,cinchona-officinalis-l.txt,,Cà phê (Rubiaceae),,2901250
Cordyceps sobolifera (Hill) Berk & Br,Tiểu thiền thảo,"Vĩnh Phúc, Hà Nội, Bắc Ninh, Bắc Giang, Ninh Bình, Thanh Hóa, Nghệ An.",cordyceps-sobolifera-hill-berk-br.txt,,Nấm cựa gà – Clavicipitaceae,,3450833
Sanguisorba officinalis L,Địa du,Lao Cai. Cây nhập trồng.,sanguisorba-officinalis-l.txt,,Hoa hồng (Rosaceae),,3029627
Tacca integrifolia Ker-Gawl. – Tacca laevis Roxb,"Ngải rợm, Hạ túc","Bắc Cạn, Lao Cai, Hà Giang, Thái Nguyên, Vĩnh Phúc, Hà Nội (Ba Vì), Quảng Ngãi, Khánh Hòa, Đồng Nai. Cây mọc tự nhiên trong rừng ẩm",tacca-integrifolia-ker-gawl.txt,,,Taccaceae,2755852
Cyclea polypetala Dunn,Sâm nhiều cánh hoa,"Lào Cai (Sa Pa). Cây mọc tự nhiên rải rác ven rừng, ở độ cao 1200-1400 m.",cyclea-polypetala-dunn.txt,,,Menispermaceae,3829753
Sassafras tzumu (Hemsl.) Hemsl. – Lindera tzumu Hemsl,Lòng mang xẻ thùy,"Bắc và Nam Bộ Việt Nam. Cây mọc tự nhiên rải rác trong rừng thường xanh, ở độ cao 400-1700 m.",sassafras-tzumu-hemsl-hemsl.txt,,,Lauraceae,4178417
Amorphophallus paeoniifolius (Dennst.) Nicolson – Amorphophallus campanulatus Decne,"Nưa chuông, Khoai nưa","Lao Cai, Sơn La, Hoà Bình, Hà Tây. Cây mọc tự nhiên ở rừng, trên đất ẩm; còn được trồng.",amorphophallus-paeoniifolius-dennst-nicolson.txt,,,Araceae,2871533
Shorea siamensis Miq. – Pentacme siamensis (Miq.) Kurz,"Cà chắc xanh, Cẩm Liên, Rang (Gia Rai)","Thừa Thiên-Huế (Lao Bảo), Gia Lai, Đắc Lắc. (Buôn Ma Thuột), Lâm Đồng, Tây Ninh, Đồng Nai. Cây mọc tự nhiên rải rác trong rừng thưa, rừng thứ sinh, rừng khộp, trên đất nghèo, đất lẫn đá ở độ cao tới 500m",shorea-siamensis-imq.txt,,Dầu (Dipterocarpaceae),,4097114
Sphaeranthus senegalensis DC,Cúc chân vịt,"Sơn La, Hoà Bình, Thừa Thiên Huế, Đắk Lắk. Cây mọc tự nhiên trên các nương rẫy bỏ hoang, ruộng khô và bãi hoang, ở độ cao 300-1000 m",sphaeranthus-senegalensis-dc.txt,,Cúc (Asteraceae),,3094648
Asparagus cochinchinensis (Lour.) Merr. – Melanthium cochinchinensis Lour,Thiên môn,"Cây mọc tự nhiên ở ven đồi, bãi đất trống ven đường, rừng thưa, trảng cây bụi nhiều tỉnh từ Miền Trung trở vào, còn được trồng",asparagus-cochinchinensis-lour-merr.txt,,Thiên môn (Asparagaceae),,2768772
Litsea umbellata (Lour.) Merr. – Hexanthus umbellatus Lour,"Bời lời đắng, Bời lời hoa tán, Mò lông, Nhan sang","Sơn La (Mộc Châu), Phú Thọ (Phú Hộ), Hà Nội (Ba Vì), Kon Tum (Gia Lai). Cây mọc tự nhiên rải rác trong rừng thứ sinh, ở độ cao 500-1200 m",litsea-umbellata-lour-merr-hexanthus-umbellatus-lour.txt,,Nguyệt quế (Lauraceae),,7304473
Lumnitzera racemosa Willd,Cọc vàng,Từ Móng cái đến Phú Quốc. Cây mọc tự nhiên ở rừng ngập mặn,lumnitzera-racemosa-willd.txt,,,Họ Trâm Bầu (Combretaceae.),6435171
Glehnia littoralis Schmidt ex Miq,Bắc sa sâm,Lào Cai (Sa Pa). Cây nhập trồng,glehnia-littoralis-schmidt-ex-miq.txt,,,Apiaceae,8404220
Piper betle L,"Trầu không, Trầu lương, Trầu cay, Thổ lâu đằng, Phù lưu, Mjầu (Tày), Lau (Dao)",Cây trồng phổ biến ở các vùng nông thôn ở Việt Nam.,piper-betle-l.txt,,,Piperaceae,4187904
Clinacanthus nutans (Burm.f.) Lindau – Justicia nutans Burm.f,"Mảnh cộng, Cây yết hầu, Bìm bịp, Khuynh rô",Cây mọc tự nhiên ở nhiều nơi,clinacanthus-nutans-burm-f-lindau.txt,,,Acanthaceae,3774284
Ficus microcarpa L.f,"Gừa, Si quả nhỏ","Cây mọc tự nhiên ở vùng có thuỷ triều, còn được trồng",ficus-microcarpa-l-f.txt,,,Moraceae,7467639
Alstonia spathulata Blume – A. cuneata Wall. ex G. Don,"Mớp, Sữa lá bàng, Mò cua nước","Đồng Nai, Sông Bé đến Kiên Giang. Cây mọc tự nhiên ở rừng ven suối",alstonia-spathulata-blume.txt,,,Apocynaceae,5535557
Coldenia procumbens L,Cáp điền bò,"Tây Ninh, Đồng Nai (Định Quán), Tp. Hồ Chí Minh, Tiền Giang (Mỹ Tho), Đồng Tháp",coldenia-procumbens-l.txt,,Vòi voi – Boraginaceae,,4059906
Litsea euosma W. W. Smith,Bời lời núi đá,"Phú Thọ, Vĩnh Phúc (Tam Đảo). Cây mọc tự nhiên rải rác trong rừng nguyên sinh, ở độ cao 350-2000 m",litsea-euosma-w-w-smith.txt,,Nguyệt quế (Lauraceae),,4176811
Rubus niverus Thunb,Dum tuyết,"Lào Cai, Kon Tum, Lâm Đồng. Cây mọc tự nhiên.",rubus-niverus-thunb.txt,,,Rosaceae,2989183
Gomphostemma chinense Oliv,Đinh hùng trung quốc,"Lao Cai, Lạng Sơn (Hữu Lũng), Sơn La. Cây mọc tự nhiên dưới tán rừng ẩm, độ cao 700-1300 m",gomphostemma-chinense-oliv.txt,,Hoa môi (Lamiaceae),,3890741
Zanthoxylum rhetsa (Roxb.) DC. – Fagara rhetsa Roxb,Sẻn hôi,"Phú Thọ, Vĩnh Phúc, Thái Nguyên, Miền Nam. Cây mọc tự nhiên.",zanthoxylum-rhetsa-roxb-dc.txt,,,Rutaceae,3834800
Khaya senegalensis (Desv.) A. Juss. – Swetenia senegalensis Desr,"Xà cừ, Cây sọ khỉ","Cây nhập trồng phổ biến ở các thành phố, thị trấn, thị xã",khaya-senegalensis-desr-a-juss.txt,,,Meliaceae,3190508
Ventilago harmandiana Pierre,Dây cồng cộng,"Thừa Thiên – Huế; Bà Rịa – Vũng Tàu. Cây mọc tự nhiên ven rừng, dựa suối",ventilago-harmandiana-pierre.txt,,,Họ Táo ta (Rhamnaceae),3877734
Ardisia gigantifolia Stapf,"Khôi trắng, Lài sơn","Hà Tây, Hoà Bình, Quảng Nam, Đà Nẵng, Kon Tum. Cây mọc tự nhiên trong rừng thưa ẩm ở độ cao 700-1500 m",ardisia-gigantifolia-stapf.txt,,,Myrsinaceae,5558418
Abies delavayi Franch,Vân sam,"Lào Cai (Hoàng Liên Sơn). Mùa sinh sảnCây có nón vào tháng 4 – 5, hạt chín vào Tháng 12.",abies-delavayi-franch.txt,,Thông – Pinaceae,,2685456
Ixora henryi Levl,Trang henry,"Vĩnh Phú, Hoà Bình. Cây mọc tự nhiên trên đồi cây bụi, trong rừng thưa",ixora-henryi-levl.txt,,,Rubiaceae,2905721
Euphorbia hirta L . Họ Thầu dầu (Euphorbiaceae),"Cỏ sữa lá to, Cỏ sữa lông, Cồ nhả mực (Thái), Đạng pồ (Kho)","Cây ưa ẩm và ưa sáng, mọc tự nhiên phổ biến khắp nơi, ở độ cao dưới 500 m",euphorbia-hirta-l.txt,,,,3068937
Eleusine coracana (L.) Gaertn,"Kê chân vịt, Mần trầu voi","Lào Cai (Sa Pa), Bắc Kạn. Cây trồng ở vùng núi cao 900 – 2.000m để lấy hạt",eleusine-coracana-l-gaertn.txt,,Hòa thảo (Poaceae),,2705957
Borassus flabellifer L,"Thốt nốt , Thốt lốt",Cây trồng ở các tỉnh đồng bằng Nam bộ,borassus-flabellifer-l.txt,,,Arecaceae,2733934
Citrus limon (L.) Burm.f. – Citrus medica ssp. lomon L,Chanh tây,Lâm Đồng (Đà Lạt). Cây trồng,citrus-limon-l-burm-f.txt,,,Rutaceae,7647136
Cryptomeria japonica (L.f.) D. Don,Liễu sam nhật bản,"Cây nhập trồng ở Lâm Đồng (Đà Lạt), Hà Nội (Ba Vì)",cryptomeria-japonica-l-f-d-don.txt,,Bụt mọc – Taxodiaceae,,5284237
Barleria prionitis L,"Gai kim , Kim vàng, Hoàng liên",Cây mọc tự nhiên phổ biến ở các tỉnh Miền Trung và Nam Bộ Việt Nam,barleria-prionoitis-l.txt,,Ô Rô (Acanthaceae),,3173129
Parabarium quintaretii Pierre ex Spire – Edysanthera quinqueta Pierre,Mặc sang,"Nghệ An (Cửa rào), Hà Tĩnh, Vinh. Cây mọc tự nhiên.",parabarium-quintaretii-pierre-ex-spire.txt,,,Apocynaceae,5535800
Pollia japonica Thunb,Đỗ nhược,"Lao Cai (Sa Pa), Lạng Sơn, Bắc Giang, Đồng Nai.",pollia-japonica-thunb.txt,,,Commelinaceae,5303492
Cordyline fruticosa (L.) Goepp. var. tricolor Hort,"Huyết dụ lá to, Huyết dụ đỏ",Cây trồng làm cảnh.,cordyline-fruticosa-l-goepp-var-tricolor-hort.txt,,,Asteliaceae,2766278
Aphanamixis grandifolia Blume – Amoora grandifolia Walp,"Gội nước hoa to, Gội, Gội trắng","Lào Cai. Cây mọc tự nhiên trong rừng già ở độ cao 300-500 m, còn được trồng làm bóng mát",aphanamixis-grandifolia-blume.txt,,,Meliaceae,5597304
Oxyspora paniculata (D. Don) DC. – Arthostemma paniculata D. Don,"Mua đỏ, Mua hoa đỏ","Hà Giang, Lào Cai, Điện Biên. Cây mọc tự nhiên ở vùng núi cao",oxyspora-paniculata-d-don-dc.txt,,,Melastomaceae,3188629
Acalypha lanceolata Willd,"Tai tượng thon, Tai tượng lá mác","Ninh Bình, Thừa Thiên Huế đến Tp Hồ Chí Minh. Cây mọc tự nhiên quanh nhà, nơi đất nhiều mùn, ẩm",acalypha-lanceolata-willd.txt,,,Euphorbiaceae,3056367
Commelina benghalensis L,"Thài lài lông, Cỏ đầu rìu",Cây mọc tự nhiên nơi đất hoang ẩm khắp nơi,commelina-benghalensis-l.txt,,,Commelinaceae,2763941
Serissa foetida (L. f.) Poir. – Lycium foetidum L.f,"Bỏng nẻ, Bỏng nổ, Mãng thiên hương, Co cáng pa (Thái)","Cây trồng làm hàng rào, làm cảnh",serissa-foetida-l-f-poir-in-lam.txt,,,Rubiaceae,12254482
Intsia bijuga (Colebr.) Kuntze,"Gõ nước, Bần ôi","Bình Dương (Thủ Dầu Một), Bà Rịa-Vũng Tàu (Côn Đảo), Long An (Rạch Cát), Kiên Giang (Phú Quốc)",intsia-bijuga-colebr-kuntze.txt,"Macrolobium bijugum Colebr., Afzelia cambodiensis Hance",Vang – Caesalpiniaceae,,2963211
Radermachera ignea (Kurz) Steen. – Spathodea ignea Kurz,"Chua tay, Rọc rạch lửa","Bắc Thái, Thanh Hóa, Nghệ An. Cây mọc tự nhiên rải rác trong rừng thường xanh núi đất và núi đá, ở độ cao 200-1000 m",radermachera-ignea-kurz-steen.txt,,,Bignoniaceae,4092370
Dracontomelum dao (Blanco) Merr. & Rolfe,Long cóc xoài,Các tỉnh Nam Bộ.,dracontomelum-dao-blanco-merr-rolfe.txt,,,Anacardiaceae,3190527
Myriactis nepalensis Less,"Thiên tia nepal, Dùi trống","Lai Châu, Lào Cai (Sa Pa), Hà Giang. Cây mọc tự nhiên trên trảng cỏ, sườn núi, ở cao 1000-1800 m",myriactis-nepalensis-less.txt,,,Asteraceae,5391574
Avena sativa L,Kiều mạch,Cây trồng ở vùng núi cao Hà Giang.,avena-sativa-l.txt,,,Poaceae,2705290
Alternanthera sessilis (L.) A. DC. – Gomphrena sessilis L,"Rau dệu , Rau diếc, Rau giền nước, Poòng peo (Thái)","Cây mọc tự nhiên trên đất ẩm quanh vườn, ven đường nhiều nơi của nước ta",alternanthera-sessilis-l-a-dc.txt,,,Amaranthaceae,3084939
Brachycorythis galeandra (Reichb. f.) Summ. – Blatanthera galeandra Rchb,"Đoãn móng, Lan bạch","Lâm Đồng (Đà Lạt, Đan Kia, Lạc Dương). Cây mọc tự nhiên rải rác trong rừng thưa, ở độ cao 1.200-1.500 m.",brachycorythis-galeandra-reichb-f-summ.txt,,,Orchidaceae,2805837
Rubia cordifolia L. – Rubia munjista Roxb,"Thiến thảo , Tây thảo, Mao sáng, Dù mi nhùa (Hmông), Hùng si sẻng (Tày)","Lào Cai (Sa Pa), Hà Giang (Quản Bạ, Đồng Văn). Cây mọc tự nhiên nơi hoang ẩm, ở độ cao tới 2.900 m",rubia-cordifolia-l.txt,,,Rubiaceae,8164697
Cassytha filiformis L,"Tơ xanh, Mạy chi phạ kheo (Tày), Mẫu con sú niẵng (Dao)","Thường ký sinh trên các cây bụi, phổ biến ở vùng trung du ở Việt Nam",cassytha-filiformis-l.txt,,,Lauraceae,3033999
Morinda umbellata L,"Nhàu tán, Nhàu đỏ, Nghể bà, Cây gạnh, Dây ngón đất, Khau mắt ma (Tày)","Cây mọc phổ biến ở cả vùng đồng bằng, trung du và miền núi",morinda-umbellata-l.txt,,,Rubiaceae,7533157
Cyperus nutans Vahl,Cói ba cạnh,"Thanh Hóa, Sài Gòn, Đồng Tháp. Cây mọc tự nhiên khắp nơi từ miền núi, trung du tới đồng bằng, trên các thảm cỏ, đầm lầy",cyperus-nutans-vahl.txt,,,Họ Cói (Cyperaceae),2713473
Terminalia calamansanai (Blume vel Blanco) Rolf – Gymbernatea calaman-sanai Blume,"Chiêu liêu nước, Chiêu liêu cánh bướm","Đồng Nai, Bà Rịa. Cây mọc tự nhiên trong rừng thưa",terminalia-calamansanai-blume-vel-blanco-rolf.txt,,,Combretaceae,4934232
Ginkgo biloba L,Bạch quả,Lào Cai (Sa Pa). Cây nhập trồng. Nguyên sản ở vùng ôn đới châu Âu.,ginkgo-biloba-l.txt,,,Ginkgoaceae,2687885
Medicago sativa L,"Mục túc, Cỏ linh lăng, Cỏ mê-đi","Nhập trồng tại một số trại thực nghiệm và nông trường ở miền Bắc Việt NamLào Cai (Sa Pa), Sơn La (Mộc Châu), Phú Thọ (Phú Hộ), Hà Nội (Ba Vì), Hòa Bình (Lạc Thủy), Thanh Hóa.",medicago-sativa-l-2.txt,,Đậu – Fabaceae,,9151957
Premna herbacea Roxb. – Pygmaeopremna herbacea (Roxb.) Mold,Cách cỏ,"Thừa Thiên Huế, Lâm Đồng. Cây mọc tự nhiên nơi sáng, ẩm, trong rừng thưa, ở độ cao 100-1.500 m",premna-herbacea-roxb.txt,,,Verbenaceae,3897506
Ilex viridis Champ. ex Benth. – Ilex triﬂora var. viridis (Champ. ex Benth.) Loes,"Bùi xanh, Nhựa ruồi lá nhỏ","Ninh Bình, Hoà Bình, Bắc Cạn, Thái Nguyên, Hà Tây. Cây mọc tự nhiên trong rừng thưa",ilex-viridis-champ-ex-benth.txt,,,Aquifoliaceae,7315854
Eucalyptus resinifera Sm,"Bạch đàn lá liễu, Khuynh diệp sả",Cây nhập trồng ở nhiều địa phương,eucalyptus-resinifera-sm.txt,,,Myrtaceae,3176649
Cinnamomum cambodianum Lecomte,Re cam bốt,"Ninh Bình (Cúc Phương), Nghệ An (Quỳ Châu), Quảng Bình. Cây mọc tự nhiên rải rác trong rừng nguyên sinh, ở độ cao 200-600 m",cinnamomum-cambodianum-lecomte.txt,,,Lauraceae,4177228
Vigna angularis (Willd.) Ohwi et Ohashi – Dolichos angularis Willd,"Đậu đỏ, Kích tiểu đậu",Cây trồng phổ biến ở Việt Nam,vigna-angularis-willd-ohwi-et-ohashi.txt,,Đậu (Fabaceae),,2982508
Mitragyna hirsuta Havil. – Paradina hirssuta (Havil.) Pitard,Đỏ giam,"Nghệ An (Tương Dương), Thừa Thiên – Huế, Bình Dương, Đồng Nai, TP. Hồ Chí Minh ( Sài Gòn). Cây gỗ cao 10-20m. Mọc rải rác trong rừng",paradina-hirssuta-havil-pitard.txt,,Cà Phê (Rubiaceae),,2900477
Stylidium uliginosum Sw. ex Willd,"Trụ thảo, Tý lợi hoa thị",Bắc và Trung Bộ Việt Nam. Cây mọc tự nhiên rải rác trên các bãi hoang ẩm.,stylidium-uliginosum-sw-ex-willd.txt,,,Stylidiaceae,8385615
Morinda persicaefolia Buch._Ham. var. oblonga Pit,"Nhàu nước , Cây ruột gà",Tây Ninh. Cây mọc tự nhiên,morinda-persicaefolia-buch-_ham-var-oblonga-pit.txt,,,Rubiaceae,5339822
Stephania dielsiana Y. C. Wu,"Củ dòm, Củ gà ấp","Phú Thọ (Tân Sơn), Hòa Bình (Đà Bắc), Hà Nội (Ba Vì). Cây mọc tự nhiên trên núi đất",stephania-dielsiana-y-c-wu.txt,,,Họ Tiết dê (Menispermaceae),5592611
Sonneratia caseolaris (L.) Engl. – Rhizophora caseolaris L,"Bần, Bần chua, Bần sẻ",Cây mọc tự nhiên ở rừng ngập mặn dọc bờ biển nước ta,sonneratia-caseolaris-l-engl.txt,,,Sonneratiaceae,5635606
Billbergia pyramidalis (Sims.) Lindl. – Bromelia pyramidalis Sims,"Khóm rằn, Dứa cảnh",Cây nhập trồng làm cảnh,billbergia-pyramidalis-sims-lindl.txt,,,Bromeliaceae,2693754
Mangifera indica L,"Xoài, Mãng quả, Mác moang (Tày)",Cây trồng phổ biến ở các tỉnh phía Nam,mangifera-indica-l.txt,,,Anacardiaceae,3190638
Sophora tonkinensis Gagnep,"Hòe bắc bộ, Sơn đậu (căn)","Hà Giang (Quản BạQuyết Tiến), Cao Bằng (Trùng Khánh, Thông Nông), Quảng Ninh, Ninh Bình, Đà Nẵng (Sơn Trà). Cây mọc tự nhiên trong vùng núi đá vôi và các sườn đồi khô cằn, ở độ cao tới 1.000 m",sophora-tonkinensis-gagnep.txt,,,Fabaceae,2958966
Sida acuta Burm.f,"Bái nhọn, Chổi đực, Ké hoa vàng","Cây mọc tự nhiên trên đất hoang, ven đường ở nhiều nơi",sida-acuta-burm-f.txt,,,Malvaceae,3933670
Hoya pubens Cost,"Lưỡi trâu, hồ hoa trẻ, (cây) Sữa trâu","Lạng Sơn, Hà Nam, Ninh Bình, Lâm Đồng. Cây mọc tự nhiên, thường bám vào cây gỗ, vách đá vùng rừng núi.",hoya-pubens-cost.txt,,,Asclepiadaceae,3572468
Tinospora sagittata (Oliv.) Gagnep. – Limacia sagittata Oliv,"Củ gió, Kim quả lãm, Kim ngưu đởm, Sơn từ cô","Lào Cai, Yên Bái, Lạng Sơn. Cây mọc tự nhiên rải rác trong rừng thưa",tinospora-sagittata-oliv-gagnep-limacia-sagittata-oliv.txt,,Tiết dê (Menispermaceae),,11546126
Camellia japonica L,Chè núi,Cây nhập trồng,camellia-japonica-l.txt,,,Theaceae,3189636
Millettia pulchra (Colebr. ex Benth.) Kurz – Mundulea pulchra Colebr. ex Benth,"Mát rừng, Bạch chỉ nam","Sơn La (Sông Mã), Bắc Giang (Vĩnh Phúc). Cay mọc tự nhiên dọc khe suối, ở độ cao tới 1400 m. Còn được trồng",millettia-pulchra-colebr-ex-benth-kurz.txt,,,Fabaceae,5355677
Hymenophyllum badium Hook. et Grev. – Mecodium badium (Hook. et Grev.) Copel,Mạc diệp,"Cây rộng, mọc bám tự nhiên trên vỏ cây hay đá ẩm trong rừng rậm thường xanh.",hymenophyllum-badium-hook-et-grev-mecodium-badium-hook-et-grev-copel.txt,,,Hymenophyllaceae,8265032
Mesua ferrea L,"Vấp, Vắp","Nghệ An, Hà Tĩnh, Quảng Nam, Kon Tum, Gia Lai, Khánh Hòa. Cây mọc rải rác trong rừng",mesua-ferrea-l.txt,,,Clusiaceae,7330039
Dalbergia nigrescens Kurz,"Trắc đen, Cẩm lai đen, Chàm trắc","Sơn Lan, Đắk Lắk, Bà Rịa Vũng Tàu (Côn Đảo). Cây mọc tự nhiên trong rừng hỗn giao rụng lá, ở độ cao dưới 1500 m",dalbergia-nigrescens-kurz.txt,,,Fabaceae,2968399
Symplocos laurina (Retz) Wall. – Symplocos cochinchinensis Lour. ssp. laurina (Retz) Noot,"Dung lá trà, Cây lượt, Du đất, Dung sạn","Cây mọc tự nhiên, rải rác trong rừng thứ sinh, sa van cây bụi, ở độ cao 300- 2.000m, khá phổ biến ở Việt Nam",symplocos-laurina-retz-wall.txt,,,Symplocaceae,3643394
Epigeneium amplum (Lindl.) Summ. – Dendrobium amplum Lindl,Thượng duyên rộng,"Lào Cai (Sa Pa), Vĩnh Phúc (Tam Đảo), Lâm Đồng (Đà Lạt). Cây mọc tự nhiên, bám trên các cây gỗ trong rừng, ở độ cao 1.000-2.000 m.",epigeneium-amplum-lindl-summ.txt,,,Orchidaceae,5314663
Pellionia radicans (Sieb. et Zucc.) Wedd. – Procris radican Sieb. et Zucc,Phu lệ có rễ,"Vĩnh Phúc (Tam Đảo), Hà Nội (Ba Vì), Lâm Đồng. Cây mọc tự nhiên ven suối đá, ẩm, ở độ cao 900-1.500 m",pellionia-radicans-sieb-et-zucc-wedd-in-dc.txt,,,Urticaceae,4100721
Crossandra infundibuliformis (L.) Nees,Hỏa hoàng,Cây trồng ở Tp. Hồ Chí Minh.,crossandra-infundibuliformis-l-nees.txt,"Justicia infundibuliformis L., Crossandra undulaefolia Salisb",Ô rô – Acanthaceae,,6359825
Digitalis purpurea L,Dương địa hoàng,Lao Cai. Cây nhập trồng. Nguồn gốc từ châu Âu,digitalis-purpurea-l.txt,,,Scrophulariaceae,5414995
Bixa orellana L,"Điều nhuộm, Châm phù, Xiêm phụng, Kham tay (Tày)",Cây trồng ở vùng Tây Nguyên và một số nơi khác. Nguồn gốc từ Châu Mỹ,bixa-orellana-l.txt,,Điều nhuộm (Bixaceae),,2874863
Pterocarpus macrocarpus Kurz,Giáng hương quả to,"Hà Nội (trồng), Nghệ An, Quảng Trị, Kon Tum, Gia Lai, Đắk Lắk, Khánh Hoà. Cây gỗ, ưa sáng, mọc tự nhiên trong rừng rậm rụng lá hay rừng thưa, ở độ cao tới 700 m. Loài đã được đưa vào Sách Đỏ VIệt Nam",pterocarpus-macrocarpus-kurz.txt,,,Fabaceae,5349297
Ixora laotica Pitard,"Trang lào, Đơn Lào",Đồng Nai (Định Quán). Cây mọc tự nhiên rải rác trong rừng thưa,ixora-laotica-pitard.txt,,,Rubiaceae,2905665
Torenia flava Benth,Tô liên vàng,"Ninh Bình, Đồng Nai. Cây mọc tự nhiên nơi có cát giữa rừng kín và đồng cỏ ẩm",torenia-flava-benth.txt,,,Scrophulariaceae,3725668
Uraria picta (Jacq.) Desv. – Hedysarum pictum Jacq,Đuôi chồn màu,"Yên Bái (Nghĩa Lộ), Lai Châu (Than Uyên), Lạng Sơn, Hà Nội, NInh Bình, Nghệ An, Tây Ninh. Cây mọc tự nhiên trên các bãi ven sông, trảng cỏ và cây bụi, ven rừng thứ sinh, ở độ cao tới 1500 m",uraria-picta-jacq-desv.txt,,,Fabaceae,2956572
Pteris ensiformis Burm.f,Phượng vĩ thảo,Cây mọc tự nhiên trên đất hay khe đá phổ biến khắp Việt Nam.,pteris-ensiformis-burm-f.txt,,,Pteridaceae,3914366
Neolamarckia cadamba (Roxb.) Bosser – Anthocephalus cadamba (Roxb.) Miq,"Gáo, Gáo trắng, Huỳnh bá, Cà tòm, Cà đam","Hòa Bình, Thanh Hóa, Lâm Đồng. Mọc tự nhiên rải rác trong rừng nơi thường bị ngập nước",neolamarckia-cadamba-roxb-bosser.txt,,,Rubiaceae,2896888
Elaeocarpus stipularis Blume,Côm be,"Lào Cai, Ninh Bình, Thanh Hóa, Nghệ An, Lâm Đồng, Bình Dương. Cây mọc tự nhiên rải rác trong rừng nguyên sinh hoặc thứ sinh ở bìa rừng, dựa rạch",elaeocarpus-stipularis-blume.txt,,,Họ Côm (Elaeocarpaceae),7291033
Verbascum densiflorum Bertol. – Verbascum thapsiforme Schrad,Mao nhĩ thảo,Lào Cai (Sa Pa). Cây nhập trồng,verbascum-thapsiforme-schrad.txt,,,Scrophulariaceae,3171939
Cnesmosa javanica Blume,Bọ nẹt bắc bộ,Cây mọc tự nhiên. – Mùa hoa quảIII-V; 6-9,cnesmosa-javanica-blume-cnesmone-tonkinensis-gagnep-croizat.txt,,,Euphorbiaceae,3063542
Wrightia laevis Hook. f,"Lòng mực lông, Lòng mức trái to","Lào Cai (Sa Pa), Yên Bái, Tuyên Quang, Ninh Bình, Thanh Hoá. Cây mọc tự nhiên dưới tán rừng, ở độ cao tới 500 m",wrightia-laevis-hook-f.txt,,,Apocynaceae,7317439
Cordia grandis Roxb,"Ngút to, Tâm mộc to","Sơn La, Hòa Bình, Thanh Hóa, Nghệ An. Cây mọc tự nhiên trên vùng đất sét, vùng đá vôi, ở độ cao từ thấp đến 800 m",cordia-grandis-roxb.txt,,,Boraginaceae,5662094
Apios carnea (Wall.) Baker – Cyrtotropis carnea Wall,"Căn lê, Thổ loan","Lào Cai (Sa Pa), Lâm Đồng (Bì Đúp). Cây mọc tự nhiên trong các lùm cây, ven rừng, ở độ cao 1600-2000 m.",apios-carnea-wall-baker.txt,,,"Fabaceae C ông dụngHo, ho gà, mụn nhọt (Rễ củ)",7457890
Eucommia ulmoides Oliv,"Đỗ trọng , Dang ping (Tày)","Lao Cai (Sa Pa, Bắc Hà), Vĩnh Phúc (Tam Đảo). Cây nhập trồng",eucommia-ulmoides-oliv.txt,,,Eucommiaceae,3723584
Phrynium dispermum Gagnep,Dong nếp,Cây mọc tự nhiên trong rừng già vùng núi,phrynium-dispermum-gagnep.txt,,,Marantaceae,5302787
Taxus chinensis (Pilg.) Rehd. – Taxus baccata L. subsp. cuspidata Sieb. & Zucc. var. chinensis Pilg.; Taxus wallichiana Zucc. var. chinensis (Pilg.) Florin,Thông đỏ lá ngắn,"Hà Giang (Quản Bạ), Hoà Bình (Mai Châu). Cây mọc tự nhiên ở vùng núi đá vôi, trong rừng rậm thường xanh. Loài hiếm, đã được đưa vào Sách Đỏ Việt Nam",taxus-chinensis-pilg-rehd.txt,,,Taxaceae,8641859
Talinum fruticosum (L.) Juss. – Talinum triangulare (Jacq.) Willd,Thổ nhân sâm ba cạnh,Miền Nam. Cây trồng,talinum-triangulare-jacq-willd.txt,,,Portulacaceae,3084670
Dicliptera chinensis (L.) Nees – Justicia chinensis L,Lá diễn,Cây mọc tự nhiên khá phổ biến nơi bãi trống quanh làng bản,dicliptera-chinensis-l-nees.txt,,,Acanthaceae,5415360
Myoporum bontioides A.Gray,Bách sao,Quảng Ninh (Vịnh Hạ Long). Cây mọc tự nhiên rải rác ven bờ biển.,myoporum-bontioides-a-gray.txt,,,Myoporaceae,3745841
Clerodendrum paniculatum L,"Ngọc nữ đỏ Mò đỏ, Bấn đỏ, Vậy đỏ, Lẹo cái","Quảng Bình, Quảng Trị, Thừa Thiên Huế, Kon Tum, Đắk Lắk. Cây mọc tự nhiên trên các bãi hoang, ven đường, ở độ cao tới 1.600 m",clerodendrum-paniculatum-l.txt,,,Verbenaceae,3890745
Hymenophyllum barbatum (Bosch) Baker,"Quyết lá màng có râu, Ráng màng râu","Gặp ở một số vùng núi thấp của Lào Cai (Sa Pa), Cao Bằng (núi Phia Oắc), Hà Nội (núi Ba Vì), Lâm Đồng (núi Lang Bian)",hymenophyllum-barbatum-bosch-baker.txt,"Leptocionium barbatum Bosch, Hymenophyllum oxyodon Baker",Ráng màng – Hymenophyllaceae,,8222617
Ludwigia hyssopifolia (G.Don) Exell,"Đinh nam, Rau lức, Nhớt mèo, Rau mương, Xương cá","Quảng Bình, Quảng Trị, Thừa Thiên Huế. Cây mọc tự nhiên gần nước, nơi ẩm, độ cao dưới 1.500 m",ludwigia-hyssopifolia-g-don-exell-apud-a-r-fernandes.txt,,Rau dừa nước (Onagraceae),,8924323
Desmos chinensis Lour. – Unona desmos sensu Fin. & Gagnep,"Giẻ, Hoa giẻ","Sơn La, Yên Bái, Hà Giang, Cao Bằng tới Đồng Nai. Cây mọc tự nhiên khá phổ biến ở ven rừng, đồi hoang, ven làng bản ở trung du và miền núi",desmos-chinensis-lour.txt,,,Annonaceae,3155130
Porana volubilis Burm.f,"Bìm bìm núi,  Rạng leo",Cây mọc tự nhiên ven rừng,porana-volubilis-burm-f.txt,,Bìm bìm (Convolvulaceae),,5829182
Ixora nigricans R. Br. ex Wight et Arn,"Đơn trắng , Bông trang trắng, Co mỡ põ (Thái)","Quảng Bình, Quảng Trị, Thừa Thiên Huế, Sài Gòn. Cây mọc tự nhiên rải rác trong rừng thưa, bãi hoang, dựa rạch",ixora-nigricana-r-br-ex-wight-et-arn.txt,,,Rubiaceae,2905255
Schefflera heptaphylla (L.) Frodin – Aralia octophylla Lour.; S. octophylla (Lour.) Harms,Ngũ gia bì chân chim,"Cây gỗ nhỏ, mọc tự nhiên rải rác trong rừng ẩm thường xanh ở hầu hết các tỉnh phía Bắc tới Bà Rịa Vũng Tàu",schefflera-heptaphylla-l-frodin.txt,,,Araliaceae,11047823
Syzygium zeylanicum (L.) DC. – Myrtus zeylanicum L,"Trâm tích lan, Trâm vỏ đỏ","Kon Tum trở vào. Cây mọc tự nhiên trong các quần hệ thứ sinh, ở độ cao khoảng 1000 m",syzygium-zeylanicum-l-dc.txt,,,Myrtaceae,3182824
Cycas revoluta Thunb,Vạn tuế,Cây trồng làm cảnh,cycas-revoluta-thunb.txt,,,Cycadaceae,2683217
Margaritaria indica (Dalz.) Airy-Shaw – Phyllanthus indicus (Dalz.) Muell.-Arg,Diệp hạ châu ấn,"Quảng Ninh (Đầm Hà), Đồng Nai, Bà Rịa Vũng Tàu. Cây mọc tự nhiên trong rừng thường xanh hay rụng lá, ở độ cao 100-500 m.",margaritaria-indica-dalz-airy-shaw.txt,,Thầu dầu (Euphorbiaceae),,5383240
Ipomoea pileata Roxb. – Ipomoea involucrata P. Beauv. – Navipomoea involucrata (Beauv.) Robcrty,"Bìm nón, Bìm hến, Bìm tổng bao","Lào Cai, Quảng Ninh (Uông Bí), Hòa Bình(Vụ Bản), Ninh Bình, Khánh Hòa (Nha Trang), Kon Tum, Đắc Lắc (Bản Đôn), Ninh Thuận. Cây mọc tự nhiên rải rác ven đồi, lùm bụi, trảng cỏ, dựa lộ, nơi khô và sáng",ipomoea-involucrata-beauw.txt,,Bìm bìm (Convolvulaceae),,7829065
Homalomena gigantea Engl. & K. Krause,Thiên niên kiện to,Lâm Đồng (Di Linh). Cây mọc tự nhiên trong rừng ẩm thường xanh.,homalomena-gigantea-engl-k-krause.txt,,,Araceae,4933184
Tabernaemontana divaricata (L.) R. Br. ex Roem. et Schult. – Nerium divaricatum L,Hoa ngọc bút,Cây trồng làm cảnh ở nhiều gia đình từ Bắc vào đến đồng bằng Nam Bộ,tabernaemontana-divaricata-l-r-br-ex-roem-et-schult.txt,,Trúc đào (Apocynaceae),,3169625
Garcinia cowa Roxb,Tai chua,"Lào Cai, Hà Giang, Vĩnh Phúc, Hoà Bình, Lạng Sơn. Cây mọc tự nhiên, còn được trồng",garcinia-cowa-roxb.txt,,,Clusiaceae,3715021
Eragrostis japonica (Thunb.) Trin,Tinh thảo nhật,Đồng Nai. Cây mọc tự nhiên trên ruộng và đất ẩm,eragrostis-japonica-thunb-trin.txt,,,Poaceae,2705394
Senna surattensis (Burm.f.) Irwin & Barneby; Cassia suffruticosa Koenig ex Roth,"Muồng hoè, Hoè ngót",Cây mọc tự nhiên phổ biến ở Việt Nam,senna-surattensis-burm-f-irwin-cassia-suffruticosa-koenig-ex-roth.txt,,,Caesalpiniaceae,2958052
"Asystasia chelonoides Ness ( Justicia gangetica L., Asystasia coromandeliana Nees in Wall., A.gangetica (L.) T. Anders.)","Biến hóa, Sao tím","Hà Nội (Ba Vì), Ninh Bình, Thừa Thiên Huế, Kon Tum (Đắk Glei).",asystasia-chelonoides-ness.txt,,Ô rô – Acanthaceae,,3775264
Strobilanthes pentastemonoides (Nees) T. Anders. – Goldfussia pentastemonoides Nees,Chùy hoa đỏ,"Lào Cai (Sa Pa), Lâm Đồng (Langbian). Cây mọc tự nhiên rải rác trong rừng thường xanh, ở độ cao 1600 – 2000 m",strobilanthes-pentastemonoides-nees-t-anders.txt,,,Acanthaceae,8750274
Datura inoxia Mill,"Cà độc dược hung, Cà độc dược gai tù",Nhập trồng,datura-inoxia-mill.txt,,Cà (Solanaceae),,2928755
Helicia nilagirica Bedd,"Quắn hoa, Mạ xưa, Chẹo thui","Lai Châu (Bình Lư), Lào Cai (Sa Pa), Đắc Lắc, Lâm Đồng, Bà Rịa – Vũng Tàu. Cây mọc tự nhiên trong rừng, ở độ cao 900 – 1200m",helicia-nilagirica-bedd.txt,,,Proteaceae,5637355
Oenanthe javanica (Blume) DC. – Sium javanicum Blume,"Cần, Rau cần cơm, Rau cần ống, Khổ cần",Cây trồng làm rau ăn vào mùa thu đến mùa xuân,oenanthe-javanica-blume-dc.txt,,,Apiaceae,5371886
Solanum thorellii Bonati,Cà leo hoa trắng,"Sơn La (Mai SơnHát Lót), Hà Nội (Ba Vì), Tây Ninh. Cây mọc tự nhiên, rải rác trong rừng thứ sinh, ven rừng, lùm bụi, ở độ cao 200-800 m",solanum-thorellii-bonati.txt,,Cà (Solanaceae),,3803413
Glochidion armottiamum Muell.-Arg. – G. molle Hook. et Arn,Sóc mềm,"Hoà Bình, Ninh Bình (Chợ Ghềnh). Cây mọc tự nhiên ở đồi cây thưa vùng núi đá vôi",glochidion-armottiamum-muell-arg.txt,,,Euphorbiaceae,3080562
Taraxacum officinarum Rupr,"Bồ công anh thấp, Hùng hoa địa đinh, Bồ công anh trung quốc, Sư nha","Lai Châu, Lào Cai, Sơn La, Hà Giang, Vĩnh Phúc (Tam Đảo), Thừa Thiên Huế (Bạch Mã). Cây mọc tự nhiên ở độ cao 100-2500 m",taraxacum-officinalis-weber-in-wigg.txt,,Cúc (Asteraceae),,5696707
Marsdenia tonkinensis Cost,Nhạ nhầu,"Lạng Sơn, Ninh Bình. Cây mọc tự nhiên ở vùng núi đá vôi",marsdenia-tonkinensis-cost.txt,,,Asclepiadaceae,3574964
Cardiospermum halicacabum L,"Tầm phỏng , Tam phỏng, Xoan leo, Mang hổ, Phong thuyền cát, Búp bụp, Phác tèng (Tày)",Mọc tự nhiên khắp nơi,cardiospermum-halicacabum-l.txt,,,Sapindaceae,3189939
Vicia faba L,"Đậu răng ngựa, Đậu bê an",Cây trồng ở các tỉnh miền núi phía Bắc,vicia-faba-l.txt,,,Họ Đậu (Fabaceae),2974832
Aniseia martinicensis (Jacq.) Choisy – Convolvulus martinicensis Jacq,Bìm nước,"Thừa Thiên Huế, Đồng Nai, thành phố Hồ Chí Minh, Đồng Tháp. Cây mọc tự nhiên ở ruộng hoa, ven đê, bờ nước, đầm lầy",aniseia-martinicensis-jacq-choisy.txt,,Bìm bìm (Convolvulaceae),,2928410
Solanum album Lour. – Solanum undatum Poir,Cà pháo,Cây trồng,solanum-album-lour-solanum-undatum-poir.txt,,Cà (Solanaceae),,2930617
"Alocasia longiloba Miq. ( Alocasia cuspidata Engl., Alocasia cochinchinensis Pierre ex Engl. & K. Krause)","Ráy tai lá dài, Ráy thùy dài, Ráy lá dài, Ráy mũi","Lạng Sơn (Hữu Lũng), Quảng Trị, Đà Nẵng, Quảng Nam, Khánh Hòa (Nha Trang Khánh Vĩnh), Lâm Đồng (Di Linh), Đồng Nai (Biên Hòa), Kiên Giang Phú Quốc).",alocasia-longiloba-miq.txt,,Ráy – Araceae,,5329978
Crepidium acuminatum (D. Don) Szlach. – Malaxis acuminata D.Don,Ai lan nhọn,"Ninh Bình (Cúc Phương), Lâm Đồng, Khánh Hòa, Tây Ninh. Cây mọc tự nhiên trong rải rác trong rừng, ở độ cao 400-1.500 m.",crepidium-acuminatum-d-don-szlach.txt,,,Orchidaceae,5307089
Androsace umbellata (Lour.) Merr. – Drosera umbellata Lour,"Báo xuân hoa., Điểm địa, Hùng trâm","Cao Bằng (Nguyên Bình), Hoà Bình, Ninh Bình, Thanh Hoá, Nghệ An. Cây mọc tự nhiên rải rác trên các trảng cỏ, ruộng hoang, nơi ẩm",androsace-umbellata-lour-merr.txt,,Anh thảo (Primulaceae),,4007936
Xylia xylocarpa var. kerrii (Craib et Hutch.) I.C. Nielsen,"Căm xe, Da đá","Kon Tum, Gia Lai, Đắk Lắk, Ninh Thuận, Đồng Nai, Bà Rịa Vũng Tàu. Cây mọc tự nhiên trong rừng rậm thường xanh, rừng hỗn giao rụng lá, rừng thưa cây họ Dầu, ở độ cao tới 900 m",xylia-xylocarpa-roxb-taub-var-kerrii-craib-et-hutch-i-nielsen.txt,,,Mimosaceae,7976013
Garuga pinnata Roxb,"Cốc đá, Đầu heo","Hòa Bình, Ninh Bình, Khánh Hòa. Cây mọc tự nhiên rải rác trong rừng thường xanh",garuga-pinnata-roxb.txt,,,Họ Trám (Burseraceae),3993458
Strophanthus divaricatus (Lour.) Hook. et Arn,Sừng dê,"Hải Dương (Chí Linh), Nghệ An, Hà Tĩnh. Cây mọc tự nhiên trên đồi cây bụi dãi nắng",strophanthus-divaricatus-lour-hook-et-arn.txt,,Trúc Đào (Apocynaceae),,7567945
Brassica campestris L,"Cải sen, Cải bẹ trắng, Bạch giới, Cát khao (Tày), Cải lú bú",Cây trồng.,brassica-campestris-l.txt,,,Brassicaceae,7903057
Crocosmia × crocosmiiflora (Lemoine) N.E.Br. – Montbretian (X) crocosmiiflora Lemoine ex E. Morren,"Hùng hoàng lan, Nghệ hương","Lâm Đồng, Thừa Thiên Huế (Bạch Mã). Cây trồng trong vườn, trong chậu.",crocosmia-x-crocosmifolia-lemoine-ex-moren-n-e-br.txt,,,Iridaceae,2747939
Diodia sarmentosa Sw,"Song nhĩ trườn, Sláy ma lưng (Sán Chay)",Hoang dại hóa ở nhiều nơi.,diodia-sarmentosa-sw.txt,,Cà phê – Rubiaceae,,9070905
Hydrocotyle wilfordii Maxim,Rau má uyn,"Hà Nội (Ba Vì). Cây mọc tự nhiên ở nơi ẩm, ở độ cao 600-800 m",hydrocotyle-wilfordii-maxim.txt,,,Apiaceae,6308332
Clematis vitalba L. var. gouriana (Roxb.) Fin. et Gagnep,"Mộc thông Dây khố rách, Hỏm sắm mía (Dao)","Lào Cai, Hoà Bình, Ninh Bình. Cây mọc tự nhiên",clematis-vitalba-l-var-gouriana-roxb-finet-et-gagnep.txt,,,Ranunculaceae,7986126
Helicia robusta (Roxb.) Blume – Roupala robusta Roxb,"Mạ sưa to, Quắn hoa to","Lào Cai (Sa Pa), Vĩnh Phúc (Tam Đảo) . Cây mọc tự nhiên rải rác trong rừng, ở độ cao tới 1500m",helicia-robusta-roxb-blume.txt,,,Proteaceae,7793512
Acacia caesia var. subnuda (Craib) I.C.Nielsen,Keo cắt,"Cây mọc tự nhiên trong các quần hệ thứ sinh rậm, trên đất tốt dọc các sông suối ở độ cao 200 – 300m, từ Hoà Bình tới Tây Ninh",acacia-caesia-l-willd-var-subnuda-craib-i-niels.txt,,,Mimosaceae,7997923
Scutellaria baicalensis Georgi,"Hoàng cầm, Thuẫn bai can",Lào Cai. Cây nhập trồng,scutellaria-baicalensis-georgi.txt,,,Lamiaceae,7309014
Ardisia hanceana Mez,Cơm nguội hance,"Kon Tum, Lâm Đồng. Cây mọc tự nhiên rải rác trong rừng hỗn giao, sườn đồi, dọc bờ suối, ở độ cao 400-1500 m",ardisia-hanceana-mez.txt,,,Họ Đơm Nem (Myrsinaceae),5558282
Colysis elliptica (Thunb.) Ching,Ráng ổ vạch bầu dục; Ráng cổ lý elip,"Gặp ở nhiều vùng đồi núi thấp từ Lào Cai (Sa Pa), Yên Bái (núi Con Voi), Cao Bằng, Thái Nguyên, Lạng Sơn (Mẫu Sơn), Vĩnh Phúc (núi Tam Đảo), Hòa Bình (Mai Châu, Chi Nê), Hà Nam (Kim Bảng) và Ninh Bình (Cúc Phương) đến Đà Nẵng, Lâm Đồng (Bảo Lộc) và Khánh Hòa (Nha Trang).",colysis-elliptica-thunb-ching.txt,Polypodium ellipticum Thunb,Ráng nhiều chân – Polypodiaceae,,5646838
Gomphostemma microdon Dunn,Đinh hùng răng nhỏ,"Lai Châu, Sơn La (Mộc ChâuMường Sang). Cây mọc tự nhiên ở nơi ẩm, dưới tán rừng, ở độ cao 400-1000 m",gomphostemma-microdon-dunn.txt,,Hoa môi (Lamiaceae),,3890441
Boehmeria nivea (L.) Gaudich. – Urtica nivea L,"Gai, Trữ ma, Gai tuyết, Gai làm bánh, Co pán (Thái), Bẩu pán (Tày), Chiểu đủ (Dao)","Cây mọc tự nhiên, còn được trồng ở nhiều nơi để lấy lá làm bánh, rễ làm thuốc",boehmeria-nivera-l-gaudich.txt,,,Urticaceae,2984359
Uraria crinita (L.) Desv. – Hedysarum crinitum L,"Đuôi chó, Đuôi chồn quả đen","Cây mọc tự nhiên khá phổ biến trong các thảm cỏ, cây bụi từ Lào Cai tới Lâm Đồng",uraria-crinita-l-desv.txt,,,Fabaceae,2956565
Pharbitis indica (Burm.) Hagiwara – Convolvulus indica Burm.; Ipomoea congesta R. Br,"Bìm bìm tím, Bìm ấn",Cây trồng làm cảnh vì có hoa màu đỏ đẹp.,pharbitis-indica-burm-hagiwara.txt,,Bìm bìm (Convolvulaceae),,2928598
Cucurbita spp,"Hạt bí đỏ, Má ứ (Thái), Nam qua tử, Hạt bí ngô",,hat-bi-ngo.txt,,Cucurbitaceae (Bầu bí),,
Rauvolfia vietnamensis Lý,Ba gạc Việt Nam,,rauvolfia-vietnamensis.txt,,"Trúc đào (Apocynaceae) Cập nhật01/07/2019 ★ ★ ★ ★ ★ ★ 0.0 - 0 đánh giá Chia sẻ Chia sẻ Cây thuốc khác Pogostemon auricularius Hassk. Stereospermum neuranthum Kurz Tadehagi triquetrum (L.) Ohashi – Desmodium triquetrum (L.) DC. Amanita pantherina (Fr.) Quel Bình luận Câu hỏi của bạn Hủy X Bạn vui lòng điền thêm thông tin! Chọn tệp (Allowed file typesjpg, png , maximum file size100MB. Cây thuốc được quan tâm Ampelopsis cantoniensis (Hook. et Arn.) Planch. Chữa sưng vú (Lá giã đắp). Đau dạ dày hành tá tràng (Cành lá... Curculigo orchioides Gaertn",,3616215
Carthamus tinctorius L,"Hồng hoa, Rum, Hồng lam hoa",Lào Cai. Cây nhập trồng,carthamus-tinctorius-l.txt,,,Asteraceae,3138327
Gynostemma laxum (Wall.) Cogn. – Zanonia laxa Wall,Cổ yếm lá bóng,"Lao Cai, Phú Thọ (Tân Sơn), Hoà Bình, Ninh Bình. Cây mọc tự nhiên ven rừng, chân núi đá",gynostemma-laxum-wall-cogn.txt,,,Họ Bầu bí (Cucurbitaceae),3625912
Arcangelisia flava (L.) Merr,"Vảy đắng, Dây hoàng liên","Đồng Nai (Định Quán, Bảo Chánh). Mọc rải rác ven rừng.",arcangelisia-flava-l-merr.txt,,,Menispermaceae,3830318
Cucurbita pepo L,"Bí đỏ., Bí rợ, Bí ử",Cây trồng lấy quả và ngọn làm rau ăn,cucurbita-pepo-l.txt,,,Bầu bí (Cucurbitaceae),2874508
Curculigo capitulata (Lour.) Kuntze – Leucoium capitulata Lour,"Sâm cau lá lớn, Cồ nốc hoa đầu","Sơn La, Vĩnh Phú, Lạng Sơn, Ninh Thuận, Lâm Đồng, Đồng Nai. Cây mọc tự nhiên dưới tán rừng thường xanh",curculigo-capitulata-lour-kuntze.txt,,,Họ Hạ trâm (Hypoxidaceae),2852556
Terminalia bellirica (Gaertn.) Roxb. – Myrobalanus bellibrica Gaertn,"Bàng hôi, Bàng nước, Nhứt","Cây mọc tự nhiên ở độ cao dưới 1300m, phổ biến trong rừng kín các tỉnh miền Nam nước ta",terminalia-bellirica-gaertn-roxb.txt,,,Combretaceae,3189390
Anaxagorea luzonensis A. Gray – A. zeylanica Hook.f. & Thoms,Quả đầu ngỗng,"Quảng Bình, Quảng Trị, Quảng Ngãi (Sơn Bao, huyện Sơn Hà), Khánh Hoà, Đồng Nai, Bà Rịa – Vũng Tàu. Cây mọc tự nhiên dưới tán rừn nguyên sinh nơi ẩm, ở độ cao 100 – 300m. Loài hiếm đã được đưa vào Sách Đỏ Việt Nam",anaxagorea-luzonensis-a-gray.txt,,Na (Annonaceae),,3156868
Diospyros apiculata Hiern,Thị thum,"Hà Tĩnh (Hương Khê), Khánh Hòa, Ninh Thuận (Phan Rang). Cây mọc tự nhiên trong rừng thứ sinh, rừng phục hồi sau khai thác, ở độ cao dưới 800 m",diospyros-apiculata-hiern.txt,,,Ebenaceae,7705068
Cucubatus baccifer L,"Rút gân, Trừu cân thảo, Cẩu cân mang","Lào Cai (Sa Pa). Cây mọc tự nhiên rải rác ven rừng, ven đường, ở độ cao 1500-1800 m",cucubatus-baccifer-l.txt,,,Caryophyllaceae,10953644
Pithecellobium dulce (Roxb.) Benth. – Mimosa dulcis Roxb,"Găng tây , Me keo, Keo tây, Găng gà, Kham phật (Tày)",Cây trồng nay trở nên hoang hoá khá phổ biến ở Tây Nguyên và duyên hải Miền Trung. Nguyên sản ở Trung Mỹ,pithecellobium-dulce-roxb-benth.txt,,,Mimosaceae,2962831
Areca laosensis Becc,"Cau núi, Cau rừng, Cau lào","Sơn La (Mộc Châu), Thanh Hóa, Nghệ An, Hà Tĩnh. Cây mọc tự nhiên trong rừng thứ sinh",areca-laosensis-becc.txt,,,Arecaceae,2736594
Calotropis gigantea (L.) Dryand. ex Ait. f,"Bồng bông to, Bông bông, Lá hen","Hà Nội (Ba Vì, Thủ Pháp), Hà Nam (Phủ Lý), Ninh Bình (Nho Quan, Nghệ An (Quỳnh Lưu, Gia Lai (Ayun Pa, Cheo Reo, Phú Túc), Khánh Hòa (Nha Trang, Bà Rịa-Vũng Tàu (Bà Rịa)",calotropis-gigantea-l-dryand-ex-ait-f.txt,,Thiên lý – Asclepiadaceae,,3579089
Cananga odorata (Lam.) Hook.f . et Thoms. – Uvaria odorata Lam,"Hoàng lan, Ngọc lan tây , Bông sứ, Cây công chúa, Ylang y lang (Mnông)",Cây trồng phổ biến ở các công viên và công sở,cananga-odorata-lam-hook-f-et-thoms.txt,,,Annonaceae,5407583
Aerides falcata Lindl,"Lan giáng hương, Quế lan hương, Lan đuôi cáo","Quảng Bình, Quảng Trị, Thừa Thiên Huế. Cây mọc tự nhiên, bám trên cây gỗ lớn trong rừng, ở độ cao 300-1.400 m",aerides-falcata-lindl.txt,,,Orchidaceae,2811095
Wedelia chinensis (Osbeck) Merr. – W. calendulacea (L.) Less,"Sài đất, Húng trám, Cúc nháp, Ngổ núi, Ngổ đất, Lỗ địa cúc, Tân sa","Cây mọc tự nhiên, thường được trồng",wedelia-chinensis-osbeck-merr.txt,,,Asteraceae,3116861
Spirolobium cambodianum Baill,Luân thùy cam bốt,"Tây Ninh, Sài Gòn. Cây mọc tự nhiên ở ven rừng, ven đường đi, vùng đất pha cát",spirolobium-cambodianum-baill.txt,,,Apocynaceae,6025781
Davallia repens (L.f.) Kuhn – Adiantum repens L.f.; Humata repens (L.f.) Diels,Ráng bò,"Rất rộng. Cây mọc tự nhiên, phụ sinh trên cây gỗ, trên đá vùng núi từ 100 – 1500m.",davallia-repens-l-f-kuhn.txt,,,Davalliaceae,4204959
Setaria palmifolia (Koenig) Stapf – Panicum palmifolium Koenig,"Tơ vĩ tre, Đuôi chồn lá tre, Cỏ lá dừa","Bắc Bộ, Lâm Đồng. Cỏ nhiều năm, mọc ở bãi cỏ ven đường, ven rừng, ven suối, vườn chè, vườn cà phê.",setaria-palmifolia-koenig-stapf.txt,,,Poaceae,2702958
Stephania rotunda Lour. – S. glabra (Roxb.) Miers,Bình vôi,Ninh Bình (Đồng Giao). Cây mọc tự nhiên ở núi đá,stephania-rotunda-lour.txt,,Tiết dê (Menispermaceae),,5592764
Peristrophe paniculata (Forsk.) Brumitt,Cẩm hình chùy; Cẩm hoa chùy,Có ở nhiều nơi,peristrophe-paniculata-forsk-brumitt.txt,"Dianthera paniculata Forsk., D. bicalyculata Retz., Peristrophe bicalyculata (Retz.) Nees",Ô rô – Acanthaceae,,5575270
Combretum latifolium Blume,Quỳnh tàu,"Kon Tum đến Bà Rịa – Vũng Tàu (Côn Đảo). Cây mọc tự nhiên, mọc leo lên cây gỗ và vách đá",combretum-latifolium-blume.txt,,,Combretaceae,8344668
Croton cascarilloides Raeusch,"Cù đèn lông. Tên gọi khác Khai đen, Ba đậu lá nhót","Lạng Sơn, Quảng Ninh, Hòa Bình, Ninh Bình, Thanh Hóa, Nghệ An, Kon Tum. Cây mọc tự nhiên trong rừng thứ sinh, rừng rậm vùng núi đá vôi.",croton-cascarilloides-raeusch.txt,,Thầu dầu (Euphorbiaceae),,3057960
Ardisia solanacea Roxb,Cơm nguội cà,"Nghệ An, Đà Nẵng, Bà Rịa Vũng Tàu. Cây mọc tự nhiên trong rừng hỗn giao, trảng cây bụi, sườn đồi, ven suối, ở độ cao 400-1600 m",ardisia-solanacea-roxb.txt,,,Đơm Nem (Myrsinaceae),5558193
Blumea martiniana Vaniot,"Kim đầu, Cúc lông mật, Lạt sơn","Lào Cai, Hà Giang, Cao Bằng, Quảng Ninh, Thái Nguyên, Hà Nội. Cây mọc tự nhiên ở ven rừng thưa, ở độ cao 300-1600 m.",blumea-martiniana-vaniot.txt,,,Asteraceae,5395726
Diplectria barbata (Wall. ex C.B. Clarke) Franken & Roos – Anplectrum barbatum C.B. Clarke,Dây ấn đằng,"Thanh Hóa, Quảng Trị, Đà Nẵng, Quảng Nam, Kon Tum, Gia Lai, Lâm Đồng, Đồng Nai. Cây mọc tự nhiên rải rác ven rừng hoặc trong rừng thưa rụng lá, ở độ cao khoảng 1200 m",diplectria-barbata-c-b-clarke-frank-et-roos-anplectrum-barbatum-c-b-clarke.txt,,,Họ Mua (Melastomaceae),5601226
Volvariella volvacea (Bull. ex Fr.) Singer,Nấm rơm,"Cây mọc trên rơm rạ mục hoặc đất có nhiều mùn vào tháng 7-8, rất phổ biến ở Việt Nam.",volvariella-volvacea-bull-ex-fr-singer.txt,,,Pluteaceae,5241445
Salvinia natans (L.) All,Bèo vẩy ốc,"Cây mọc tự nhiên, phổ biến trong các ao, hồ, đầm, mương máng ở Việt Nam.",salvinia-natans-l-all.txt,,,Bèo ong (Salviniaceae),5274858
Sesuvium portulacastrum (L.) L. – Portulaca portulacastrum L,"Hải châu, Phiên hạch","Quảng Ninh, Đà Nẵng, Khánh Hoà, Đồng Nai. Cây mọc tự nhiên rải rác ở bãi cát vùng ven biển",sesuvium-portulacastrum-l-l.txt,,,Aizoaceae,3084883
Wedelia wallichii Less. – W. montana (Blume) Boerl. var. wallichii (Less) H. Koyama,Sơn cúc núi,"Sơn La, Nghệ An, Quảng Bình, Kon Tum, Đắk Lắk, Lâm Đồng. Cây thảo nhiều năm, mọc bò lan trên mặt đất ở ven rừng, đồn điền trồng cà phê, ở độ cao 100-1.500 m",wedelia-wallichii-less.txt,,,Asteraceae,9365162
Anaphalis adnata Wall. ex DC. – Gnaphylium adnatum Wall,Bạch nhung con,"Sơn La (Mộc Châu), Lào Cai (Sa Pa), Cao Bằng (Nguyên Bình), Kon Tum, Lâm Đồng (Đà Lạt). Cây mọc tự nhiên ở các trảng cỏ chân núi, trên độ cao 1600-2000 m",anaphalis-adnata-wall-ex-dc.txt,,,Asteraceae,9273319
Merremia hederacea (Burm.f.) Hall.f. – Evolvulus hederaceus Burm.f,Bìm vàng,"Lạng Sơn, Quảng Ninh, Hà Nội, Hải Dương, Khánh Hòa, Đắk Lắk. Cây mọc tự nhiên rải rác ven rừng, bãi hoang, lùm bụi",merremia-hederacea-burm-f-hall-f.txt,,Bìm bìm (Convolvulaceae),,5341744
Passiflora cochinchinensis Spreng. – Passiflora moluccana Reinw. ex Blume var. teysmanniana (Miq.) W. Wilde,Dây xen,"Thanh Hóa (Cửa Bàng), Quảng Trị (Lao Bảo), Thừa Thiên Huế, Ninh Thuận. Cây mọc tự nhiên trên cát, đất lẫn đã.",passiflora-moluccana-reinw-ex-blume-var-teysmanniana-miq-w-wilde.txt,,Lạc tiên (Passifloraceae),,3587564
Trianthema portulacastrum L . Họ Rau đắng biển (Aizoaceae),"Cỏ tam khôi,  Dàn dàn, Dàu dàu","Hải Phòng, Hà Nội, Thừa Thiên Huế, Khánh Hoà, Kiên Giang. Cây mọc rải rác ven đường, ruộng, nương rẫy, cồn cát vùng gần biển",trianthema-portulacastrum-l.txt,,,,3084848
Malus pumila Mill,Táo tây,"Cây trồng ở Lào Cai, Hà Giang và Lâm Đồng.",malus-pumila-mill.txt,"Pyrus malus L., Malus domestica Borkh",Hoa hồng – Rosaceae,,3001244
Ipomoea batatas (L.) Poir. – Convolvulus batatas L,"Khoai lang, Mẳn van, Phiên chư, Cam thự, Mằn bửng (Tày), Bụm blec (Kho)",Cây trồng ở khắp các tỉnh đồng bằng của Việt Nam. Nguồn gốc từ Ấn Độ,ipomoea-batatas-l-poir-in-lam.txt,,,Convolvulaceae,2928551
Amaranthus lividus L.  – Amaranthus viridis L,"Rau giền cơm, Dền tái, Dền xanh, Dền đất","Cây mọc tự nhiên trên bãi hoang, vườn, đường đi khá phổ biến ở nước ta",amaranthus-lividus-l-amaranthus-viridis-l.txt,,,Amaranthaceae,
Dioscorea pentaphylla L,"Củ trâu, Dây liều, Từ năm lá","Đồng Nai, Sông Bé. Cây mọc tự nhiên",dioscorea-pentaphylla-l.txt,,Củ nâu (Dioscoreaceae),,2754423
Paederia lanuginosa Wall,Mơ tam thể,"Cây mọc tự nhiên, còn được trồng khá phổ biến ở Việt Nam",paederia-lanuginosa-wall.txt,,,Rubiaceae,2909568
Davallia denticulata (Burm. f.) Mett. ex Kuhn. – Adiantum denticulatum Burm.f,"Đà hoa rãng., Huỳnh xà, Cây vảy lợp","Khá rộng. Khánh Hòa, Ninh Thuận, Bình Dương, An Giang. Cây mọc tự nhiên, thường bám trên cây gỗ hay đá, trong rừng rậm thường xanh hay nửa rụng lá.",davallia-denticulata-burm-f-mett-ex-kuhn.txt,,,Ráng hoa đà  (Davalliaceae),8684056
Excrementum Vespertilii,"Dạ minh sa, phân con dơi, thiên thử phẩn, biên bức phần",,da-minh-sa.txt,,,,
Orthosiphon thymiflorus (Roth) Slecsen – Ocimum thymiflorum Roth,Hàm huốt,"Sơn La, Cao Bằng, Hòa Bình, Ninh Bình, Nghệ An. Cây mọc tự nhiên ở nơi sáng và ẩm, trên các bãi hoang, ven đường, bờ suối",orthosiphon-thymiflorus-roth-slecsen.txt,,,Lamiaceae,3891796
Shorea roxburghii G. Don,"Sến đỏ, Sến mủ, Sến cật","Quảng Bình, Quảng Trị, Thừa Thiên Huế, đến Kiên Giang. Cây mọc tự nhiên trong rừng thường xanh, rừng nửa rụng lá hỗn giao rụng lá hoặc rừng thường xanh, ở độ cao đến 1300 m",shorea-roxburghii-g-don.txt,,,Dipterocarpaceae,12225557
Blechnum indicum Burm.f,Ráng dừa ấn,"Bà Rịa Vũng Tàu (Côn Đảo), Kiên Giang (Rạch Giá). Cây mọc tự nhiên ở vùng nước lợ, đôi khi ở đất chua dưới rừng thông.",blechnum-indicum-burm-f.txt,,,Blechnaceae,7367052
Zingiber purpureum Roscoe,"Gừng đỏ, Gừng tía","Lạng Sơn (Hữu Lũng), Hà Nội (Ba Vì), Ninh Bình (Cúc Phương), Nam Bộ. Cây mọc tự nhiên ven đường, thung lũng, khe đá, dưới tán rừng thưa",zingiber-purpureum-roscoe.txt,,,Zingiberaceae,2757204
Bauhinia khasiana Baker,"Quạch mấu, Móng bò nhung","Lạng Sơn, Quảng Ninh, Nghệ An, Hà Tĩnh, Đà Nẵng, Lâm Đồng. Cây mọc tự nhiên ở ven đường, ven rừng",bauhinia-khasiana-baker.txt,,,Caesalpiniaceae,2953775
Duranta repens L,"Chim chích, Bông rìa, Cây thanh quan, Dâm xanh, Cây rào xanh","Cây mọc tự nhiên, còn được trồng làm hàng rào",duranta-repens-l.txt,,,Verbenaceae,2925655
Altingia excelsa Noronha,"An tiên cao, Tô hạp lá tim, Tô hạp cao","Lào Cai, Yên Bái, Khánh Hòa. Cây mọc tự nhiên trong rừng thường xanh, ở độ cao 500-1700 m",altingia-exelsa-noronha.txt,,,Altingiaceae,3702551
Uvaria fauveliana (Fin. et Gagnep.) Ast – U. hamiltoniivar. fauveliana Fin. & Gagnep,"Cây nhờn, Bù dẻ râu","Quảng Bình (Tuyên Hóa), Đà Nẵng (Bà Nà), Khánh Hoà (Nha Trang), Đắk Lắk. Cây ưa sáng, mọc rải rác trong rừng nguyên sinh",uvaria-fauveliana-fin-et-gagnep-ast.txt,,,Annonaceae,3154300
Piper retrofractum Vahl,"Tiêu gập, Tiêu dội","Hòa Bình (Mai Châu), Hà Nội (Ba Vì). Cây mọc rải rác trong rừng thường xanh.",piper-retrofractum-vahl.txt,,,Piperaceae,3086342
Polygonum palmatum Dunn,Nghể chân vịt,"Lào Cai. Cây mọc tự nhiên nơi ẩm ven rừng, ven suối, khe núi, ở độ cao 1.000-1.600 m",polygonum-palmatum-dunn.txt,,,Polygonaceae,4033763
Psophocarpus tetragonolobus (L.) DC. – Dolichos tetragnolobus L,"Đậu vuông, Đậu rồng, Đậu khế",Cây trồng ở nhiều địa phương từ Bắc vào Nam.,psophocarpus-tetragonolobus-l-dc-dolichos-tetragnolobus-l.txt,,,Họ Đậu (Fabaceae),2944683
Asarum wulingense Liang,"Tế tân núi, Vũ linh tế tân","Hà Giang (Quản BạBát Đại Sơn), Vĩnh Phúc (Tam Đảo), Hà Tĩnh (Hương SơnKeo Nưa). Cây mọc tự nhiên dưới tán rừng kín thường xanh, nơi ẩm, gần suối, ở độ cao 800 m",asarum-wulingense-liang.txt,,,Aristolochiaceae,3588673
Vanilla annamica Gagnep,"Lan va ni, Va ni trung bộ","Ninh Bình, Thừa Thiên Huế (Bạch Mã), Gia Lai, Đắk Lắk, Khánh Hòa, Lâm Đồng. Cây mọc phụ sinh, leo, thân chia đốt; gặp rải rác trong rừng thưa, ở độ cao 100-200 m.",vanilla-annamica-gagnep.txt,,,Orchidaceae,2803346
Glycosmis pentaphylla (Retz.) Correa – Limonia pentaphylla Retz,"Cơm rượu, Bưởi bung",Cây mọc tự nhiên khá phổ biến ở Việt Nam,glycosmis-pentaphylla-retz-correa.txt,,,Họ Cam quýt (Rutaceae),8241662
Psidium guajava L,"Ổi, Phan thạch lựu, Co ổi (Thái), Mác ổi (Tày), Mù úi piếu (Dao)",Cây trồng,psidium-guajava-l.txt,,,Myrtaceae,5420380
Alchornea trewioides (Benth.) Muell. – Arg,"Bọ nẹt, Thuốc giấu, Đom đóm ba gân, Đẻng tòn phăng (Dao)",Tam Đảo. Cây mọc tự nhiên trên đồi cây bụi. – Mùa hoa quảIV-VII; 7-11,alchornea-trewioides-benth-muell-arg-var-trewioides.txt,,,Euphorbiaceae,3055347
Piper sarmentosum Roxb,"Lốt rừng, Trầu giả","Lào Cai, Hòa Bình (Mai Châu), Quảng Bình, Quảng Trị, Thừa Thiên Huế. Cây mọc tự nhiên trong rừng thường xanh",piper-sarmentosum-roxb.txt,,,Piperaceae,4191172
Sinanodonta jourdyi Morlet,"Trai nước ngọt, trai sông",,trai-song.txt,,Trai cánh (Unionidae),,7386740
Ardisia brevicaulis Diels,"Đại huyết tán, Đan hoa, Cơm nguội thân ngắn","Kon Tum, Lâm Đồng. Cây mọc tự nhiên trong rừng hỗn giao, nơi ẩm tối, ở độ cao 400-1300 m",ardisia-brevicaulis-diels.txt,,Đơn nem  (Myrsinaceae),,5557606
Crotalaria medicaginea var. neglecta (Wight & Arn.) Baker,Lục lạc đỏ,"Hà Nội, Ninh Bình, Thanh Hoá, Thừa Thiên Huế, Bà Rịa Vũng Tàu. Cây mọc tự nhiên ở đồng cỏ, dựa rạch vùng đồng bằng.",crotalaria-medicaginea-var-neglecta-wight-arn-baker.txt,,,Fabaceae,2942291
Justicia procumbens L. – Rostellularia procumbens (L.) Nees,Tước sàng,"Hoà Bình, Lạng Sơn, Bắc Cạn, Thái Nguyên, Hà Gang. Cây mọc tự nhiên ở các bãi ven suối ven rừng ẩm",justicia-procumbens-l.txt,,,Acanthaceae,
Polygonum flaccidum Roxb,Nghể mềm,"Hoà Bình, Ninh Bình. Cây mọc tự nhiên ở các đầm lầy, ruộng bỏ hoang",polygonum-flaccidum-roxb.txt,,,Polygonaceae,7585543
Aporosa serrata Gagnep,"Tai nghé răng, Thàu táu lá răng","Cây mọc tự nhiên, phổ biến trên đồi cây thưa của các tỉnh vùng trung du.",aporosa-serrata-gagnep.txt,,,Euphorbiaceae,5383477
Aesculus assamica Griff,"Kẹn, Mác kẹn (Tày), Mã đẻ, Thất diệp thụ","Lào Cai, Cao Bằng, Hoà Bình, Thanh Hóa. Cây mọc tự nhiên, phổ biến trong rừng thường xanh, rừng thứ sinh, vùng núi đá vôi, ở độ cao tới 700 m",aesculus-assamica-griff.txt,,Kẹn (Hippocastanaceae),,3672337
Polygonatum kingianum Coll. et Hemsl,"Hoàng tinh hoa đỏ, Hoàng tinh lá mọc vòng, Củ cơm nếp","Cây mọc tự nhiên ở miền núi các tỉnh phía Bắc như Lai Châu, Lào Cai, Sơn La, Hoà Bình",polygonatum-kingianum-coll-et-hemsl.txt,,,Convallariaceae,2770124
Alpinia malaccaensis (Burm.f.) Roscoe – Maranta malaccensis Burm.f,"Riềng malacca, Mác cà (Tày)","Hà Giang, Lào Cai (Sa Pa), Bắc Kạn, Vĩnh Phúc (Tam Đảo), Hà Nội (Ba Vì), Bà Rịa – Vũng Tàu. Cây mọc tự nhiên trong rừng ẩm",alpinia-malaccaensis-burm-f-roscoe.txt,,,Zingiberaceae,5302216
Wikstroemia nutans Champ. ex Benth,"Dó miết nghiên, Dó miết thòng","Quảng Ninh (Tiên Yên). Cây mọc tự nhiên, rải rác ven rừng.",wikstroemia-nutans-champ-ex-benth.txt,,Trầm (Thymelaeaceae),,5524490
Dichapetalum glonoides (Roxb.) Engl. ssp. tuberculatum Leenh,A tràng,"Đảo Phú Quốc. Cây mọc tự nhiên rải rác ven rừng, dựa sông suối.",dichapetalum-glonoides-roxb-engl-ssp-tuberculatum-leenh.txt,,,Dichapetalaceae,
Disporum calcaratum D.Don,Song hoa cựu,"Lào Cai (Sa Pa), Hà Giang (Đồng Văn). Cây mọc tự nhiên trong rừng thường xanh, ở độ cao 900 – 1500m",disporum-calcaratum-d-don.txt,,,Convallariaceae,2770781
Acampe rigida (Buch.-Ham. ex Smith) Hunt – Aerides rigida Buch.- Ham. ex Smith,Lan bắp ngô,"Hà Giang, Cao Bằng, Quảng Ninh, Hòa Bình, Ninh Thuận, Đồng Nai. Cây mọc tự nhiên, bám vào cây gỗ lớn trong rừng hoặc vách đá, ở độ cao 300-1.500 m",acampe-rigida-buch-ham-ex-smith-hunt.txt,,,Orchidaceae,2781961
Sphenodesma pentandra (Roxb.) Jack – Roscoea pentandra Roxb,"Bội tinh, Ngũ hùng","Hà Giang, Lào Cai (Sa Pa), Quảng Trị, Thừa Thiên Huế, Khánh Hòa. Cây mọc tự nhiên trong rừng hỗn giao, ở độ cao 200-600 m",sphenodesma-pentandra-roxb-jack-roscoea-pentandra-roxb.txt,,,Cỏ roi ngựa (Verbenaceae),3886420
Zehneria maysorensis (Wight et Arn.) Arn. – Bryonia maysorensis Wight et Arn,Cầu qua nhỏ,"Từ Lào Cai đến Đồng Nai. Cây mọc tự nhiên rải rác trong rừng thưa, ven đường, lùm bụi, ven nguồn nước.",zehneria-maysorensis-wight-et-arn-arn.txt,,Bầu bí (Cucurbitaceae.),,7317778
Christia vespertilionis (L.f.) Bach.f. – Hedysarum vespertilionis L.f,"Lương thảo dơi, Đậu cánh dơi","Hà Nam, Ninh Bình, Hà Tĩnh (Đèo Ngang), Quảng Trị, Kon Tum, Gia Lai, Ninh Thuận. Cây mọc tự nhiên nơi đất trống, ẩm ven nương rẫy, ven rừng, ở độ cao tới 2000 m",christia-vespertilionis-l-f-bach-f.txt,,,Fabaceae,5349925
Ganoderma lucidum (Curtis) P. Karst,Linh chi,"Cây mọc tự nhiên, còn được trồng.",ganoderma-lucidum-leyss-ex-fr-karst.txt,,,Ganodermataceae,2549730
Tetrastigma obtectum (Wall. ex Laws.) Planch. – Cissus obtecta Wall. ex Laws,Dây quai bị tròn,Lào Cai (Sa Pa). Cây mọc tự nhiên ở độ cao khoảng 1.500 m,tetrastigma-obtectum-wall-ex-laws-planch-cissus-obtecta-wall-ex-laws.txt,,,Họ Nho (Vitaceae),7293693
Diospyros ebenum Koenig,"Thị đen, Thị huyền",Kiên Giang (Phú Quốc). Cây mọc tự nhiên trong rừng.,diospyros-ebenum-koenig.txt,,,Ebenaceae,7529767
Diospyros candolleana Wight,Thị hoe,Nam Bộ. Cây mọc tự nhiên trong rừng thường xanh.,diospyros-candolleana-wight.txt,,,Ebenaceae,4069970
Cymbidium sinense (Jacks.) Willd. – Epidendrum sinense Jacks,"Lan mũi mác, Đoản kiếm trung quốc","Kon Tum, Gia Lai (Kon Hà Nừng), Lâm Đồng (Đà Lạt). Cây mọc tự nhiên rải rác trong rừng thưa, ở độ cao 300-1.300 m.",cymbidium-sinense-jacks-willd.txt,,,Orchidaceae,5305617
Chenopodium ambrosioides L,"Dầu giun, Cỏ hôi, Kinh giới đất, Rau muối dại",Cây mọc tự nhiên ở vùng ven sông,chenopodium-ambrosioides-l.txt,,Rau muối (Chenopodiaceae),,5568446
Adiantum capillus-veneris L. – Adiantum capillus Sw,"Tóc vệ nữ, Thiết tuyến thảo","Cao Bằng, Bắc Kạn, Thái Nguyên, Hoà Bình, Quảng Bình. Cây mọc tự nhiên nơi ẩm, ít sáng, sống bám thành đám trên vách đá, ở ven suối vùng rừng rậm thường xanh.",adiantum-capillus.txt,,,Adiantaceae,2651816
Habenaria dentata (Sw.) Schltr. – Orchis dentata Sw,Hà biện răng,"Cao Bằng, Lạng Sơn, Vĩnh Phúc, Ninh Bình. Cây mọc tự nhiên rải rác trong rừng thưa, ở độ cao 300-1.500 m.",habenaria-dentata-sw-schltr.txt,,,Orchidaceae,2828859
Cleistocalyx operculatus (Roxb.) Merr. et Perry – Eugenia operculata Roxb,"Vối, Trâm nấp, Mạy xả (Tày)","Cây mọc tự nhiên, còn được trồng",cleistocalyx-operculatus-roxb-merr-et-perry.txt,,,Myrtaceae,3184115
Selaginella helferi Warb,Quyển bá helfer,"Bắc Kạn, Cao Bằng, Lạng Sơn, Đồng Nai. Cây mọc tự nhiên ở ven suối hay ven rừng rậm thường xanh, ở độ cao kh ông quá 600 m.",selaginella-helferi-warb.txt,,,Selaginellaceae,8296326
Cyrtosperma merkusii (Hassk.) Schott. – Lasia merkusii Hassk,"Chóc gai, Hạt cong, Ráy đuôi dài","Cây mọc tự nhiên nơi ẩm, lầy; còn trồng để lấy củ.",cyrtosperma-merkusii-hassk-schott.txt,,,Araceae,2871919
Ficus tikoua Bureau,Sung ti cô,"Lao Cai (Sa Pa). Cây mọc tự nhiên rải rác trong rừng, trên đất sét hay đá vôi, ở độ cao 500- 2600 m",ficus-tikoua-bureau.txt,,,Moraceae,5834096
Saccharum granorum,"kẹo mạ, di đường",,keo-mach-nha.txt,,,,
Elaeocarpus floribundus Blume,"Côm nhiều hoa, Côm trâu","Nha Trang, Bảo Lộc. Cây mọc tự nhiên rải rác trong rừng, ở độ cao 200-800 m",elaeocarpus-floribundus-blume.txt,,Côm (Elaeocarpaceae),,7290985
Melanolepis multigalandulosa (Reinw. ex Blume) Rchb. et Zoll. – M. vitifolia (Kuntze) Gagnep,"Cánh diều, Hắc lân nhiều tuyến","Cây mọc tự nhiên ở lùm bụi, ven đưòng nhiều nơi thuộc các tỉnh đồng bằng sông Cửu Long",melanolepis-multigalandulosa-reinw-ex-blume-reich-et-zoll.txt,,,Euphorbiaceae,5380873
Tectaria zeylanica (Houtt.) Sledge,"Tai đá, Tích lan","Lạng Sơn, Cao Bằng. Cây mọc tự nhiên ở bờ đất ven sông suối, bờ ao hồ.",tectaria-zeylanica-houtt-sledge.txt,,,Aspidiaceae,8168998
Streblus macrophyllus Blume – Taxotrophis macrophylla (Blume) Boerl. – T. balansae Hutch,"Tèo nam, Mạy tèo, Ruối lá to","Sơn La, Lạng Sơn, Tuyên Quang, Bắc Cạn, Thái Nguyên, Vĩnh Phúc, Hòa Bình, Hà Nội, Ninh Bình, Tây Nguyên. Cây gỗ nhỏ, mọc tự nhiên rải rác trong rừng vùng núi đá vôi",streblus-macrophyllus-blume.txt,,,Moraceae,3767188
Aeschynanthus poilanei Pellegr,"Má đào, Hoa ki","Quảng Bình, Quảng Trị, Thừa Thiên Huế. Cây đặc hữu ở miền Trung Việt Nam",aeschynanthus-poilanei-pellegr-pell.txt,,,Gesneriaceae,3824881
Citrus nobilis Lour,"Cam sành, Quýt bè, Cam chanh, Cam",Cây trồng khắp nơi ở Việt Nam,citrus-nobilis-lour.txt,,,Rutaceae,8077391
Syzygium jambos (L.) Alston – Eugenia jambos L,Gioi,Cây trồng ở nhiều nơi của Việt Nam,syzygium-jambos-l-alston.txt,,,Myrtaceae,3183534
Polygala japonica Houtt,Viễn chí nam,"Ninh Bình, Thanh Hóa. Cây mọc tự nhiên ở vùng núi",polygala-japonica-houtt.txt,,,Polygalaceae,7293443
Antenoron neofiliforme (Nakai) Hara,Nghể sợi lông ngắn,"Hà Giang (Mèo Vạc). Cây mọc tự nhiên dưới tán rừng xanh, ven nương rẫy, rừng cây bụi.",antenoron-neofiliforme-nakai-hara.txt,,,Polygonaceae,4034017
Physalis minima L. – Physalis pubescens sensu Lour,Thù lù nhỏ,"Cây mọc tự nhiên trên đất hoang và ruộng hoang, khá phổ biến ở Việt Nam",physalis-minima-l.txt,,,Solanaceae,5341792
Lindera sinensis (Blume) Hemsl. – Daphnidium sinense Blume,Ô dược tàu,"Quảng Nam, Đà Nẵng. Cây mọc tự nhiên.",lindera-sinensis-blume-hemsl.txt,,,Lauraceae,7304587
Ganoderma applanatum (Pers. ex Wallr.) Pat,"Giả linh, Nấm giả linh",Cây mọc tự nhiên.,ganoderma-applanatum-pers-ex-wallr-pat.txt,,,Ganodermataceae,2549834
Amomum longiligulare T.L. Wu,Sa nhân tím,"Cây mọc tự nhiên dưới tán rừng thưa ẩm ở Quảng Ngãi (Đức Phổ), Bình Định (Vĩnh Thạnh), Bình Định, Phú Yên, Đắk Lắk. Còn được trồng ở Hoà Bình (Tân Lạc) và Thái Nguyên (Đại Từ)",amomum-longiligulare-t-l-wu.txt,,,Zingiberaceae,10748345
Excoecaria indica (Willd.) Muell.-Arg. – Sapium indicum Willd,Trao tráo,"Đồng bằng Sông Cửu Long. Cây mọc tự nhiên vùng ven biển, lạch sông.",excoecaria-indica-willd-muell.txt,,,Euphorbiaceae,3061423
Melaleuca alternifolia Cheel,"Tràm úc, Tràm Lá hẹp, Tràm lá kim, Tràm di thực",Cây nhập trồng ở Đồng Hới tỉnh Quảng Bình.,melaleuca-alternifolia-cheel.txt,,,Myrtaceae,5416091
Spatholobus parviflorus (Roxb. ex DC.) Kuntze – Butea parviflora Roxb,"Huyết đằng hoa nhỏ, Dây kim luông","Hà Giang, Sơn La, Đà Nẵng (Bà Nà), Đồng Nai. Cây mọc tự nhiên rải rác trong rừng rậm, ven suối, ở độ cao tới 800 m",spatholobus-parviflorus-roxb-ex-dc-kuntze.txt,,,Fabaceae,2977014
Aristolochia kwangsiensis Chun et How ex Liang,"Mã đâu linh lá to , Thanh mộc hương","Lạng Sơn, Hà Giang, Hải Phòng (Cát Bà). Cây ưa sáng, thường mọc leo trên các cây gỗ khác ở vùng núi đá vôi, trên độ cao 300 -1500 m. Cây có nguồn gen hiếm (EN) đã đưa vào sách đỏ Việt Nam",aristolochia-kwangsiensis-chun-et-how-ex-liang.txt,,,Aristolochiaceae,10961830
Liriope graminifolia (L.) Baker – Liriope spicata (Thunb.) Lour,"Tóc tiên rừng, Cỏ tóc tiên","Lao Cai. Cây mọc tự nhiên nơi ẩm, tối ven thung lũng, ven suối, khe đá",liriope-graminifolia-l-baker.txt,,,Convallariaceae,3685274
Machilus odoratissima Nees,"Kháo nhậm, Kháo thơm, Bời lời đẹc, Rè vàng","Lào Cai, Sơn La (Mộc Châu), Hà Giang, Quảng Trị, Thừa Thiên Huế, Đắk Lắk, Kiên Giang. Cây mọc tự nhiên rải rác trong rừng nguyên sinh hoặc thứ sinh, nơi sáng, ở độ cao 500-1800 m.",machilus-odoratissima-nees.txt,,,Lauraceae,7469276
Xylopia vielana Pierre,"Dền, Giền đỏ, Cây sai, Mạy sảy săn (Tày)","Vĩnh Phúc (Tam Đảo), Thanh Hoá (Phong Y), Quảng Trị, Kon Tum, Gia Lai, Đắk Lắk. Cây mọc tự nhiên rải rác trong rừng nguyên sinh hay rừng thứ sinh, vùng núi đất, độ cao 100-300 m",xylopia-vielana-pierre.txt,,Na (Annonaceae),,3157037
Acacia pluricapitata Steud. ex Benth,Keo nhiều đầu,"Sông Bé, Đồng Nai. Cây mọc tự nhiên rải rác ven rừng và các chỗ trống trong rừng rậm thứ sinh.",acacia-pluricapitata-steud-ex-benth.txt,,,Mimosaceae,7633007
Leonotis nepetifolia (L.) R. Br. – Phlomis nepetifolia L,Sư nhĩ,"Khánh Hòa, Đồng Tháp, Gia Lai. Cây mọc tự nhiên",leonotis-nepetifolia-l-r-br.txt,,,Lamiaceae,4924659
Sauropus bonii Beille,Bồ ngót bon,"Lạng Sơn, Hòa Bình, Hà Nam. Cây mọc tự nhiên trong rừng thường xanh, trên núi đá vôi, ở độ cao 200-500 m. Loài đã được đưa vào sách đỏ Việt Nam. Khung phân hạng (VU)",sauropus-bonii-beille.txt,,,Euphorbiaceae,9289272
Elsholtzia winitana Craib var. donvanensis Phuong,Kinh giới đồng văn,"Hà Giang (Đồng Văn). Cây mọc tự nhiên ở nơi sáng và ẩm, các bãi hoang, sườn núi, sườn đồi, ở độ cao trên 1000 m",elsholtzia-winitana-craib-var-donvanensis-phuong.txt,,,Lamiaceae,7308868
Ludwigia prostrata Roxb,"Đơn rút, Rau mương nằm, Rau mương đất","Cây mọc tự nhiên ở nương rẫy, bờ ruộng, ruộng hoang từ Bắc tới Nam",ludwigia-prostrata-roxb.txt,,,Onagraceae,5545149
Photinia davidsoniae Rehd. et Wils,"Đại diệp thanh, Thạch nam","Quảng Ninh, Bắc Giang, Vĩnh Phúc, Nghệ An. Cây mọc tự nhiên rải rác trong rừng, độ cao 400 -500m",photinia-davidsoniae-rehd-et-wils.txt,,Hoa Hồng (Rosaceae),,11687463
Mussaenda erythrophylla Schum. et Thonn,"Bướm đỏ, Bướm hồng",Cây trồng ở Miền Nam Việt Nam. Nguồn gốc từ Tây Phi,mussaenda-erythrophylla-schum-et-thonn.txt,,,Rubiaceae,2892634
Mesona grandiflora Doan,Thủy cẩm hoa to,"Bình Thuận (Phan Thiết). Cây mọc tự nhiên ở nơi sáng và ẩm, trên các bãi hoang, ruộng hoang, trong các thung lũng",mesona-grandiflora-doan.txt,,,Lamiaceae,3882008
Bauhinia viridescens Desv,Móng bò xanh lục,"Hoà Bình, Nghệ An, Hà Tĩnh, Thừa Thiên Huế. Cây mọc tự nhiên trong rừng thưa",bauhinia-viridescens-desv.txt,,,Caesalpiniaceae,2953264
Hunteria zeylanica (Retz.) Gardn. et Thw. – Cameraria zeylanica Retz,Bên bai,"Lạng Sơn, Cao Bằng, Hoà Bình và hầu hết các tỉnh phía Nam. Cây mọc tự nhiên rải rác trong rừng kín thường xanh.",hunteria-zeylanica-retz-gardn-et-thw.txt,,,Trúc đào (Apocynaceae),5536465
Hodgsonia macrocarpa (Blume) Cogn. – Trichosanthes macrocarpa Blume,"Đài hái, Cây mỡ lợn, Dây hái, Mướp rừng, Dây beo, Dây sén, Mác kịnh (Tày)","Sơn La, Lào Cai (Nghĩa Lộ), Cao Bằng, Lạng Sơn, Hòa BÌnh, Phú Thọ, Thanh Hóa, Nghệ An. Cây mọc tự nhiên ở chỗ sáng ven rừng, còn được trồng",hodgsonia-macrocarpa-blume-cogn.txt,,Bầu bí (Cucurbitaceae),,7317816
"Gymnopetalum chinense (Lour.) Merr. – Gymnopetalum cochinchinense (Lour.) Kurz, Bryonia cochinchinensis Lour","Cứt quạ., Dây nhăn, Dây bạc bạc","Cây mọc tự nhiên, phổ biến ở Việt Nam",gymnopetalum-cochinchinense-lour-kurz.txt,,,Họ Bầu bí (Cucurbitaceae),3624992
Smilax menispermoides A. DC. – Smilax elegans Wall. ex Hook.f,"Kim cang lá mối, Kim cang hoa nâu","Lâm Đồng (Lang Bian). Cây mọc tự nhiên, rải rác ven rừng thứ sinh, ở độ cao 500-1.000 m.",smilax-menispermoides-a-dc.txt,,,Smilacaceae,7848079
Broussonetia papyrifera (L.) L.Her ex Vent. – Morus papyrifera L,"Dướng, Câu thụ, Chử đào thụ, Pắc sa (Tày), Sa lè (Thái), Ráu ráng, Cây rát, Điềng đủ (Dao)","Cây mọc tự nhiên ven rừng, ven suối. Còn được trồng lấy bóng mát ở các thành phố",broussonetia-papyrifera-l-l-her-ex-vent.txt,,,Moraceae,5361944
Pothos chinensis (Raf.) Merr. – Tapanava chinensis Raf.; Pothos cathcartii Schott,"Chân rết lá to, Thau khinh heo","Cao Bằng, Lạng Sơn, Quảng Ninh, Hoà Bình, Thanh Hoá, Kon Tum. Cây mọc tự nhiên. bám vào vách đá hoặc thân cây trong rừng thường xanh, ở độ cao 100-1500 m",pothos-chinensis-raf-merr.txt,,,Araceae,5330311
Thysanotus chinensis Benth,Dị nhuỵ thảo,Quảng Ninh (Hạ Long). Cây mọc tự nhiên ở vùng núi đá vôi.,thysanotus-chinensis-benth.txt,,Lô hội (Asphodelaceae),,5304075
Eragrostis nigra Nees ex Steud,"Cỏ bông đen, Xuân thảo đen","Lâm Đồng (Đà Lạt). Cây mọc tự nhiên. Cây mọc tự nhiên trên bãi hoang, ven đường, ven rừng.",eragrostis-nigra-nees-ex-steud.txt,,,Poaceae,4143852
Diploprora championii (Lindl. ex Benth.) Hook. f,Song đoạn lan,Vĩnh Phúc (Tam Đảo).,diploprora-championii-lindl-ex-benth-hook-f.txt,Cottonia championii Lindl. ex Benth,Lan – Orchidaceae,,2819021
Begonia labordei Levl,Thu hải đường lá tim,"Lào Cai (Sa Pa). Cây mọc tự nhiên trong rừng, ở độ cao 1600 m",begonia-labordei-levl.txt,,,Begoniaceae,4157945
Callicarpa brevipes (Benth.) Hance – C. longifolia var. brevipes Benth,Nàng nàng chân ngắn,"Cây mọc tự nhiên, rải rác trên đồi trung du các tỉnh Bắc và Trung Bộ Việt Nam",callicarpa-brevipes-benth-hance.txt,,,Verbenaceae,5609925
Stachytarpheta jamaicensis (L.) Vahl – Verbena jamaicensis L,"Đuôi chuột, Hải tiên, Vòi voi, Mạch lạc",Cây mọc tự nhiên khắp nơi ở Việt Nam,stachytarpheta-jamaicensis-l-vahl.txt,,,Verbenaceae,2925463
Camellia chrysantha (Hu) Tuyama – Theopsis chrysantha Hu,Trà hoa vàng,Miền Bắc Việt Nam. Cây trồng làm cảnh,camellia-chrysantha-hu-tuyama.txt,,,Theaceae,7152728
Gyrocarpus americanus Jacq,"Chuồn chuồn, Luân quả","Bình Phước (Phước Tuy), Bà Rịa-Vũng Tàu (Côn Đảo)",gyrocarpus-americanus-jacq.txt,,Tung – Hernandiaceae,,7326414
Cucurbita maxima Duch. ex Lam,"Bí rợ, Bầu rừng",Trồng làm rau ăn,cucurbita-maxima-duch-ex-lam.txt,,,Cucurbitaceae,8315192
Picris hieracioides L,"Cam hoẵng, Mật đất, Cam thìa, Mao liên thái","Lào Cai (Sa Pa), Lai Châu. Cây mọc tự nhiên trên các trảng cỏ ven núi, ở độ cao 1600-2000 m.",picris-hieracioides-l.txt,,,Asteraceae,3093337
Pittosporum glabratum Lindl,Khuy áo nhẵn,"Lào Cai, Ninh Bình. Cây mọc tự nhiên rải rác trong rừng thưa, ở độ cao 300 – 1.600 m",pittosporum-glabratum-lindl.txt,,,Pittosporaceae,7303830
Ardisia colorata Roxb,"Cơm nguội màu, Cơm nguội muối ăn","Quảng Trị, Gia Lai, Đắk Lắk, Tây Ninh, Đồng Nai. Cây mọc tự nhiên trong rừng thứ sinh, ven suối",ardisia-colorata-roxb.txt,,,Họ Đơm nem (Myrsinaceae),5557215
Gentiana indica Steud. – G. loureiri Griseb,"Long đởm, Dinh dia","Lâm Đồng (Đà Lạt, Langbian), Nam Bộ. Cây thảo sống hàng năm, mọc tự nhiên rải rác trên các bãi đất hoang",gentiana-indica-steud.txt,,,Gentianaceae,7270134
Pteris insignis Mett. ex Kuhn,Ráng ngộ,"Vĩnh Phúc, Hà Nội, Kiên Giang. Cây mọc tự nhiên trong rừng rậm thường xanh, ở độ cao 600 – 1300m",pteris-insignis-mett-ex-kuhn.txt,,,Pteridaceae,5614244
Indigofera glabra L,"Chàm nhẵn, Chàm năm lá","Lâm Đồng (Đà Lạt), Bà Rịa-Vũng Tàu.",indigofera-glabra-l.txt,,Đậu – Fabaceae,,2971427
Rauvolfia serpentina (L.) Benth. ex Kurz – Ophioxylon serpentinum L,"Ba gạc Ấn Độ, Ba gạc hoa đỏ","Đắk Lắk. Cây mọc tự nhiên. Cây hiếm, đã được đưa vào Sách Đỏ Việt Nam",rauvolfa-serpentina-l-benth-ex-kurz.txt,,,Apocynaceae,3169787
Callicarpa kochiana Makino – Callicarpa loureiri Hook. et Arn,Tử châu thuỳ dài,"Sơn La, Ninh Bình. Cây mọc tự nhiên ở vùng đồi núi, ở độ cao 100-900 m",callicarpa-kochiana-makino.txt,,,Verbenaceae,7308852
Cinnamomum subavenium Miq,Quế gân to,"Quảng Bình, Quảng Trị, Thừa Thiên Huế. Cây mọc tự nhiên rải rác trong rừng thường xanh, ở độ cao 500-1000 m",cinnamomum-subavenicum-miq.txt,,,Lauraceae,4179952
Clinopodium gracile (Benth.) Matsum. – Calamintha gracilis Benth,"Nạ tấu, Sơn húng, Rau phong luân nhỏ","Lao Cai, Sơn La, Hà Giang, Tuyên Quang, Vĩnh Phúc (Tam Đảo), Kon Tum, Lâm Đồng. Cây mọc tự nhiên ở các bãi hoang, ven đường, ở độ cao 600-1700 m",clinopodium-gracile-benth-matsum.txt,,,Lamiaceae,2926958
Lepisorus macrosphaerus (Bak.) Ching – Polypodium macrosphaerum Bak,"Quần lân cầu lớn, Ngoã vị lớn","Lao Cai (Ô Quí Hồ). Cây mọc tự nhiên, thường sống bám trên cây gỗ, đôi khi trên đá, trong rừng rậm thường xanh, ở độ cao 1200 – 1800m.",lepisorus-macrosphaerus-bak-ching.txt,,,Polypodiaceae,7289990
Tinospora sinensis (Lour.) Merr. – Campylus sinensis Lour,"Dây đau xương, Khoan cân đằng, Tục cốt đằng, Khau năng cấp (Tày), Chan mau nhây (Dao)","Lào Cai, Ninh Bình, Hà Tây, Quảng Nam, Đà Nẵng, Phú Thọ. Cây mọc tự nhiên rải rác trong rừng hỗn giao, rừng rụng lá, ở độ cao 300-900 m",tinospora-sinensis-lour-merr-campylus-sinensis-lour.txt,,,Tiết dê (Menispermaceae),3830295
Butea monosperma (Lam.) Taub. – Erythrina monosperma Lam,"Gièng gièng, Cây lâm vố, Kok chăn, Cây hoa thơm","Quảng Trị, Kon Tum, Gia Lai, Đắk Lắk. Cây ưa sáng, mọc tự nhiên trong các trảng cây bụi, trong rừng thưa rụng lá và rừng thưa cây họ Dầu, ở độ cao tới 1.500 m",butea-monosperma-lam-taub.txt,,,Fabaceae,8234570
Hydnocarpus kurzii (King) Warb. – Taraktogenos kurzia King,"Lọ nồi, Nang trứng","Lào Cai (Sa Pa), Ninh Bình (Cúc Phương), Quảng Trị (Đồng Tràm), Hà Tây. Cây mọc tự nhiên ở độ cao tới 1500m",hydnocarpus-kurzii-king-warb.txt,,,Flacourtiaceae,2874151
Uncaria homomalla Miq,"Câu đằng, Dây móc ó, Dây dang quéo, Co nam kno (Thái)","Lào Cai, Lạng Sơn, Hà Giang, Thanh Hóa, Nghệ An. Cây mọc tự nhiên",uncaria-homomalla-miq.txt,,Cà Phê (Rubiaceae),,5338176
Tribulus cistoides L,"Ớt sầu, Quỷ kiến sầu to",Ven biển Miền Nam. Cây mọc tự nhiên,tribulus-cistoides-l.txt,,,Zygophyllaceae,5421117
Ipomoea trichosperma Blume,"Bìm bìm gai, Bìm bìm trắng","Hải Dương (Chí Linh), Khánh Hòa, Đắk Lắk. Cây mọc tự nhiên trên cát dựa biển hoặc ven sông suối, ven đường, ở độ cao dưới 400 m",ipomoea-trichosperma-blume.txt,,Bìm bìm (Convolvulaceae),,4927147
Disporum hainanense Merr,Xe hới hải nam,"Lao Cai, Sơn La, Hà Giang. Cây mọc tự nhiên dưới tán rừng ẩm, ở độ cao 500- 1000 m",disporum-hainanense-merr.txt,,,Convallariaceae,2770843
Tylophora indica (Burm. f.) Merr. – Cynanchum indicum Burm.f,"Dây mỏ quạ, Dây sừng trâu, Đầu đài ấn","An Giang (Châu Đốc), Kiên Giang (Phú Quốc). Cây mọc leo ở các lùm bụi, nơi sáng.",tylophora-indica-burm-f-merr-cynanchum-indicum-burm-f.txt,,,Họ Thiên lý Asclepiadaceae,10787822
Pentatropis capensis (L. f.) Bull,Ngũ hướng cáp; Ngũ hướng lá nhỏ,Miền Nam Việt Nam,pentatropis-capensis-l-f-bull.txt,Cynanchum capense L. f,Thiên lý – Asclepiadaceae,,7796168
Lindenbergia muraria (Roxb.) Bruhl – Stemodia muraria Roxb,Mến tường,"Lào Cai, Hoà Bình tới Quảng Nam. Cây mọc tự nhiên",lindenbergia-muraria-roxb-bruhl.txt,,,Scrophulariaceae,7685583
Symplocos sumuntia Buch._Ham. ex D. Don,Dung lụa,"Lào Cai, Hòa Bình, Ninh Bình, Thanh Hóa, Nghệ An, Quảng Ngãi, Kon Tum. Cây mọc rải rác trong rừng thưa, rừng thứ sinh, ở độ cao đến 1.700 m",symplocos-sumuntia-buch-_ham-ex-d-don.txt,,Dung (Symplocaceae),,7318913
Spathodea campanulata P. Beauv,"Hồng kỳ, Hoa chuông đỏ",Cây nhập trồng ở thành phố Hồ Chí Minh,spathodea-campanulata-p-beauv.txt,,,Bignoniaceae,3172574
"Cyanotis axillaris (L.) D.Don, – Commelina axillaris L.; Commelina axillaris D.Don",Thài lài trâu,"Nam Hà, Thanh Hóa, Ninh Thuận, Đồng Nai. Mọc nơi ẩm, bờ suối, bờ đá, bờ ruộng.",cyanotis-axillaris-l-d-don.txt,,,Commelinaceae,8544796
Alyxia odorata Wall. ex G. Don – Alyxia hainanensis Merr. et Chun,Ngôn hải nam,Kon Tum. Cây mợc tự nhiên ở ven rừng thưa hay trảng cây bụi.,alyxia-odorata-wall-ex-g-don.txt,,,Apocynaceae,3614550
Morus australis Poir,Dâu úc,Trồng ở nhiều nơi của Việt Nam,morus-australis-poir.txt,,,Họ Dâu tằm (Moraceae),5361944
Decaspermum gracilentum (Hance) Merr. et Perry,Thập tự mảnh,"Hà Tây, Quảng Bình, Quảng Trị, Thừa Thiên Huế, Kon Tum, Đắc Lắc. Cây mọc tự nhiên.",decaspermum-gracilentum-hance-merr-et-perry.txt,,,Myrtaceae,3180167
Cocculus sarmentosus (Lour.) Diels – Nephroia sarmentosa Lour,"Hoàng thanh, Dây cát ken, Dây một, Dây xanh lông","Quảng Nam, Đà Nẵng, Hà Tây, Ninh Bình, Quảng Bình, Quảng Trị, Thừa Thiên Huế, Lâm Đồng. Cây mọc tự nhiên rải rác ven rừng",cocculus-sarmentosus-lour-diels.txt,,,Menispermaceae,3033943
Garcinia xanthochymus Hook.f. ex T. Anderson,Bứa mủ vàng,Miền Nam. Cây mọc tự nhiên.,garcinia-xanthochymus-hook-f-ex-t-anderson-in-hook-f.txt,,,Clusiaceae,8231835
Dichrocephala integrifolia (L.f.) Kuntze – Dichrocephala bicolor (Roth) Schlecht,Cúc dùi trống,"Kon Tum, Đắk Lắk, Lâm Đồng. Cây mọc tự nhiên ở ven đường vùng núi cao",dichrocephala-integrifolia-l-f-kuntze.txt,,Cúc (Asteraceae),,3115588
Prunus mume Sieb. et Zucc,"Mai, Mơ hoa vàng","Cao Bằng, Hoà Bình. Cây trồng. Nguồn gốc từ Nhật Bản",prunus-mume-sieb-et-zucc.txt,,,Rosaceae,3021046
Malaxis ophrydis (Koenig) Ormerol – Malaxis vietnamensis Ban et Huyen,"Lan đất, Ai lan, Diên lan","Thừa Thiên Huế, Kon Tum, Lâm Đồng, Khánh Hòa, Bà Rịa Vũng Tàu. Cây mọc tự nhiên rải rác trong rừng, ở độ cao 400-1.500 m",malaxis-ophrydis-koenig-ormerol.txt,,,Orchidaceae,2813396
Pluchea polygonata (DC.) Gagnep. – Inula polygonata DC,"Cúc bông, Hoa mật, Lức râm","Tỉnh Đắc Lắc (Bản Đôn). Cây mọc tự nhiên trên các trảng cỏ ven rừng, trong rừng thưa, ở độ cao 200-1000m.",pluchea-polygonata-dc-gagnep-inula-polygonata-dc.txt,,Cúc (Asteraceae),,3132721
Gonostegia pentandra (Roxb.) Miq. – Pouzolzia pentandra (Roxb.) Benn,Thuốc vòi,"Ninh Bình, Thanh Hóa. Cây mọc tự nhiên dựa theo bờ nước",gonostegia-pentandra-roxb-miq.txt,,,Urticaceae,4100866
Stauntonia cavalerieana Gagnep,Luân tôn,Lào Cai. Cây mọc tự nhiên ở vùng núi cao từ 300 đến 1700 m.,stauntonia-cavalerieana-gagnep.txt,,,Lardizabalaceae,4191612
Distichochlamys rubrostriata W.J. Kress & Rehse,Gừng một lá,"Ninh Bình (Cúc Phương). Cây thảo cao 30 cm, mọc dưới tán rừng ẩm.",distichochlamys-rubrostriata-w-j-kress-rehse.txt,,,Zingiberaceae,2757325
Xylocarpus moluccensis (Lam.) M. Roem. – Carapa moluccensis Lam,Xương cá nhỏ,Cây mọc tự nhiên ở vùng rừng nước lợ và rừng ngập mặn vùng ven biển của nước ta.,xylocarpus-moluccensis-lam-m-roem.txt,,,Meliaceae,3190516
Lecanthus peduncularis (Wall. ex Royle) Wedd. – Procris peduncularis Wall. ex Royle,Bạch hoa có cọng,Cây mọc tự nhiên ở rừng Miền Bắc Việt Nam.,lecanthus-peduncularis-wall-ex-royle-wedd-in-dc.txt,,,Urticaceae,7300476
Bambusa vulgaris Schrader,"Tre mỡ, Tre xanh","Hà Nội (Ba Vì), Hòa Bình (Mai Châu), Thừa Thiên Huế, Nam Bộ. Cây thường được trồng.",bambusa-vulgaris-schrader-in-wendl.txt,,,Poaceae,2705758
Aporosa villosa (Lindl.) Baill,"Tai nghé lông, Thàu táu lông",Cây mọc tự nhiên ở rừng thường xanh và nửa rụng lá từ vùng thấp tới vùng cao.,aporosa-villosa-lindl-baill.txt,,,Euphorbiaceae,5383493
Panax vietnamensis Ha & Grushv,"Sâm ngọc linh, Sâm khu năm, Sâm K5, Sâm Việt Nam","Kon Tum, Quảng Nam (Núi Ngọc Linh). Cây mọc tự nhiên, còn được trồng",panax-vietnamense-ha-et-grushv-1985-vietnamensis.txt,,,Araliaceae,5372258
Macaranga kurzii (Kuntze) Pax & Hoffm,"Lá hón, Săng bù, Lá nến gai, Ba soi lá bắc","Bắc Cạn, Nghệ An, Hà Tĩnh, Kon Tum, Gia Lai, Lâm Đồng. Cây gỗ nhỏ, mọc rải rác trong rừng thứ sinh, ở độ cao 100-1700 m.",macaranga-kurzii-kuntze-pax-hoffm.txt,,,Euphorbiaceae,3074007
Ficus pubigera (Wall. ex Miq.) Miq. var. maliformis (King) Corn,Ngái lá xá xị,"Vùng trung du Việt Nam. Cây mọc tự nhiên, leo bám trên cây gỗ to ở ven rừng",ficus-pubigera-wall-ex-miq-miq-var-maliformis-king-corn.txt,,,Moraceae,8357587
Limnocharis flava (L.) Buchenau – Alisma flava L,"Kèo nèo, Nê thảo","Thanh Hóa, Nghệ An và Nam Bộ. Cây mọc tự nhiên trong ruộng bùn, đầm lầy, bờ kênh rạch",limnochais-flava-l-buch.txt,,,Limnocharitaceae,5328736
Tecoma stans (L.) Juss. ex Kunth – Bignonia stans L. Họ Núc nác (Bignoniaceae),Huỳnh liên,"Cây trồng làm cảnh, nguồn gốc từ châu Mỹ",tecoma-stans-l-juss-ex-h-b-k.txt,,,,3172492
"Gymnema inodorum (Lour.) Druce. – Cynanchum inodorum Lour., G. tigens (Roxb.) Spreng","Rau máu, Loã ty nhuộm, Rau mỏ","Bắc Cạn, Thái Nguyên, Hoà Bình, Ninh Bình tới Khánh Hòa. Cây mọc tự nhiên, còn được trồng",gymnema-inodorum-lour-druce-cynanchum-inodorum-lour-g-tigens-roxb-spreng.txt,,,Asclepiadaceae,3577704
Prunus ceylanica (Wight) Miq. – Polyodontia ceylanica Wight,"Rẹp, Mu hoi","Lào Cai, Sơn La, Vĩnh Phúc (Tam Đảo), Đà Nẵng, Lâm Đồng, Sông Bé, Đồng Nai. Cây mọc tự nhiên trong rừng râm, ẩm",prunus-ceylanica-wight-miq-polyodontia-ceylanica-wight.txt,,,Rosaceae,3023388
Ficus sagittata Koenig ex Vahl,"Dây xen, Sung bò","Bắc cạn, Ninh Bình, Lâm Đồng, Gia lai. Cây mọc tự nhiên dọc theo suối",ficus-sagittata-koenig-ex-vahl.txt,,Dâu tằm (Moraceae),,5571076
Cleisostoma rostratum (Lindl.) Garay – Sarcanthus rostratus Lindl,Mật khẩu mũi,"Lào Cai, Hoà Bình, Khánh Hòa, Quảng Bình, Quảng Trị, Thừa Thiên Huế. Cây mọc tự nhiên, bám trên các cây gỗ lớn trong rừng, ở độ cao 400-1.600 m.",cleisostoma-rostratum-lindl-garay.txt,,,Orchidaceae,2785484
Monochoria hastata (L.) Solms. – Pontederia hastata L,"Dong nước, Rau mát","Cây mọc tự nhiên vùng trũng, ẩm, khá phổ biến ở Việt Nam",monochoria-hastata-l-solms.txt,,,Pontederiaceae,2765991
Lannea coromandelica (Houtt.) Merr. – Dialium coromandelicum Houtt,Cóc chuột,"Khánh Hoà, Ninh Thuận, Tây Ninh. Cây mọc tự nhiên rải rác trong rừng thứ sinh, ở độ cao dưới 600 m",lannea-coromandelica-houtt-merr.txt,,,Họ Đào hột lộn (Anacardiaceae),3661151
Cinnamomum tsoi Allen,Quế lá mỏng,Đắk Lắk. Cây mọc tự nhiên.,cinnamomum-tsoi-allen.txt,,,Lauraceae,4179428
Strychnos nux-blanda Hill,Mã tiền hạt trắng,"Thừa Thiên Huế, Đồng Nai, Tây Nguyên. Cây mọc tự nhiên trong rừng thưa, rừng rụng lá",strychnos-nux-blanda-hill.txt,,,Loganiaceae,5645162
Hemisteptia lyrata (Bunge) Fisch. et C.A. Mey. – Cirsium lyrata Bunge,"Cây bán, Rau tô, Lê nê","Hà Giang, Tuyên Quang, Sơn La, Vĩnh Phúc, Hà Nội. Cây mọc tự nhiên ở ven rừng, ven đồi ẩm, ruộng hoang, quanh làng bản",hemisteptia-lyrata-bunge-bunge.txt,,,Asteraceae,3088595
Pinus merkusii Jungh. et de Vriese,"Thông hai lá, Thông nhựa, Xông kê, Sluông ke (Tày), Trồng pé điằng (Dao)","Sơn La, Kon Tum, Gia Lai, Đắk Lắk, Lâm Đồng. Cây thường được trồng thành rừng",pinus-merkusii-jungh-et-de-vriese.txt,,,Pinaceae,5285119
Mangifera cochinchinensis Engl,"Xoài nứt, Xoài nụt","Thái Nguyên, Biên Hoà, Bình Dương. Cây thường được trồng",mangifera-cochinchinensis-engl-in-dc.txt,,,Anacardiaceae,3659566
Bulbophyllum concinnum Hook.f,"Cầu diệp xinh, Lan ọng, Lan củ dây","Vĩnh Phúc (Tam Đảo), Ninh Bình (Rừng Cúc Phương). Cây mọc tự nhiên, sống bám trên các cây gỗ to trong rừng thưa hoặc trên vách đá vôi nơi khô, ở độ cao 200-1.400 m",bulbophyllum-concinnum-hook-f.txt,,,Orchidaceae,2843000
Lindera glauca (Sieb. et Zucc.) Blume – Benzoin glaucum Sieb. et Zucc,"Ô dược mốc, Lòng trứng, Hồ tiêu núi, Cây gân trâu","Lạng Sơn, Hà Tây, Ninh Bình, Hoà Bình, Thanh Hóa. Cây mọc tự nhiên rải rác trong rừng nguyên sinh, ven khe suối hoặc rừng thứ sinh sau khai thác, ở độ cao 300-500m",lindera-glauca-sieb-et-zucc-blume.txt,,,Lauraceae,7304540
Lonchocarpus sericeus (Poir.) DC. – Robinia sericea Poir,"Tiễn quả, Đậu dáo, Đậu ma gỗ",Cây nhập trồng ở Vườn Bách Thảo – Hà Nội. Nguyên sản ở vùng nhiệt đới châu Mỹ.,lonchocarpus-sericeus-poir-dc.txt,,,Fabaceae,2969156
Strychnos axillaris Colebr,"Dây củ chi rách, Mã tiền hoa nách","Lai Châu, Sơn La, Đà Nẵng, Quảng Nam, Kon Tum, Khánh Hòa, Lâm Đồng. Cây mọc tự nhiên trong rừng thưa dựa suối, lùm bụi, ở độ cao tới 2000 m",strychnos-axillaris-colebr.txt,,,Mã tiền (Loganiaceae),5645864
Rumex japonicus Houtt,Dương đề nhật bản,"Lào Cai (Sa Pa), Vườn cây thuốc Văn Điển, Hà Nội – Viện Dược liệu. Cây nhập trồng.",rumex-japonicus-houtt.txt,,,Polygonaceae,7291214
Dioscorea subcalva Prain & Burk,Từ điểm tuyến,"Hà Giang (Phó Bảng). Cây mọc tự nhiên ven rừng, trong rừng mưa mùa, rừng lá rộng thường xanh.",dioscorea-subcalva-prain-burk.txt,,,Dioscoreaceae,2755214
Knoxia sumatrensis (Retz.) DC. – Spermacoce sumatrensis Retz,Trạch côn ngù,"Kon Tum, Ninh Thuận, Đồng Nai, An Giang. Cây mọc tự nhiên rải rác dưới tán rừng, các bãi cỏ",knoxia-sumatrensis-retz-dc.txt,,,Rubiaceae,2901155
Rubus alceaefolius Poir,"Mâm xôi, Đùm đũm, Đùm hương","Cây mọc tự nhiên ở vùng núi, ven đường đi, trong rừng thưa khắp nước ta",rubus-alceaefolius-poir.txt,,,Rosaceae,2997267
Bousigonia mekongensis Pierre,Bù liên cửu long,"Lai Châu (Ten Hon), Lào Cai (Sa Pa), Thái Nguyên, Phú Thọ, Hà Nội (Ba Vì), Nghệ An (Quế Phong), Thừa Thiên Huế, Kon Tum, Gia Lai, Đắk Lắk, Kiên Giang. Dây leo mọc tự nhiên rải rác ven rừng, ở độ cao 400-1500 m",bousigonia-mekongensis-pierre.txt,,Trúc Đào (Apocynaceae),,3621605
Alyxia pisiformis Pierre ex Pit,"Ngôn hạt đậu, Ngôn lá nhọn, Dam tao","Đà Nẵng (Hải Vân, Bà Nà), Kon Tum (Đắk Glei, Đắk Choong). Cây mọc tự nhiên ven rừng hay trảng cây bụi.",alyxia-pisiformis-pierre-ex-pit.txt,,,Apocynaceae,7317401
Dasymaschalon rostratum Merr. et Chun,Chuối chác,"Lào Cai (Sapa), Lạng Sơn (Bắc Sơn), Vĩnh Phúc (Tam Đảo), Ninh Bình (Cúc Phương). Cây mọc tự nhiên trong rừng nguyên sinh, rừng thường xanh cây lá rộng, ở độ cao 200-1300m",dasymaschalon-rostratum-merr-et-chun.txt,,Na (Annonaceae),,3155194
Ixora cuneifolia Roxb. var. varians Pierre ex Pitard,"Đơn lá nhọn, Trang chót buồm","Khánh Hòa, Đồng Nai, Bà Rịa Vũng Tàu. Cây mọc tự nhiên rải rác trong rừng thưa",ixora-cuneifolia-roxb-var-varians-pierre-ex-pitard.txt,,,Rubiaceae,2905423
Ficus variolosa Lindl. ex Benth,Sung rỗ,"Lào Cai, Thái Nguyên tới Quảng Trị, Gia Lai, Lâm Đồng. Cây mọc tự nhiên rải rác trong rừng thứ sinh, ở độ cao tới 1500 m",ficus-variolosa-lindl-ex-benth.txt,,,Moraceae,5571763
Adiantum philippense L,"Ráng nguyệt, Ráng vệ nữ phi",Cây mọc tự nhiên ở vùng đồi núi thấp khá phổ biến ở Việt Nam.,adiantum-philippense-l.txt,,,Adiantaceae,3750161
Antidesma bunius (L.) Spreng. – Stilago bunius L,Chòi mòi tía,"Sơn La, Bắc Giang, Hà Nội, Thừa Thiên Huế, Kon Tum, Gia Lai, Bà Rịa Vũng Tàu. Cây mọc tự nhiên dưới tán rừng thường xanh hay nửa rụng lá, trên đất laterit, ở độ cao 100-500 m",antidesma-bunius-l-spreng.txt,,,Euphorbiaceae,3076436
Manilkara hexandra (Roxb.) Dubard,Găng néo,"Đà Nẵng, Khánh Hòa (Nha Trang), Ninh Thuận (Phan Rang), Bà Rịa-Vũng Tàu (Bà Rịa, Côn Sơn), Kiên Giang (Phú Quốc)",manilkara-hexandra-roxb-dubard.txt,Mimusops hexandra Roxb,Hồng xiêm – Sapotaceae,,2885079
Glochidion lutescens Blume – G. hypoleucum (Miq.) Boerl,"Sóc mốc, Sóc dưới trắng","Đà Nẵng, Quảng Nam tới Ninh Thuận. Cây ưa sáng, chịu được hạn, mọc tự nhiên phổ biến trong các rừng thứ sinh hay trảng cây bụi, ở độ cao 100-500 m.",glochidion-lutescens-blume.txt,,,Euphorbiaceae,3080779
Cayratia oligocarpa (Levl. et Vaniot) Gagnep. – Vitis oligocarpus Levl. et Vaniot,"Vác ít trái, Vác lá lớn","Sơn La, Lạng Sơn. Cây mọc tự nhiên",cayratia-oligocarpa-levl-et-vaniot-gagnep.txt,,,Vitaceae,10842418
Hedyotis heynii R. Br. ex Wight et Arn,Cỏ lữ đồng,"Đà Nẵng, Bình Dương. Cây mọc tự nhiên rải rác ở sân, vườn, bình nguyên.",hedyotis-heynii-r-br-ex-wight-et-arn.txt,,,Rubiaceae,8101694
Datisca cannabina L. ( Datisca nepalensis D.Don),Đa tích,Miền Bắc Việt Nam,datisca-cannabina-l.txt,,Đăng – Datiscaceae,,2874725
Orthosiphon rubicundus (D. Don) Benth,"Râu mèo đỏ, Trực quản đỏ","Sơn La, Bắc Giang (Lục Ngạn), Tây Ninh (Lộc Ninh)",orthosiphon-rubicundus-d-don-benth.txt,"Plectranthus rubicundus D. Don, Lumnitzera rubicunda (D.Don) Spreng",Bạc hà – Lamiaceae,,3892020
Juglans regia L,"Hồ đào, Óc chó, Lạc tây","Hà Giang, Lào Cai, Lai Châu, Sơn La (Thuận Châu), Lâm Đồng. Cây trồng",juglans-regia-l.txt,,,Juglandaceae,3054368
Crinum latifolium L,"Hoàng cung trinh nữ, Náng lá rộng, Tỏi lơi lá rộng","Cây mọc tự nhiên, còn được trồng",crinum-latifolium-l.txt,,,Amaryllidaceae,2853901
Cyperus halpan L,"Cú cơm, Cói đất chua","Cây mọc tự nhiên nơi ẩm, phổ biến khắp Việt Nam",cyperus-halpan-l.txt,,,Họ Cói (Cyperaceae),2715828
Morinda longissima Y.Z. Ruan,Nhó đông,"Sơn La (xã Chiềng An), Lai Châu (xã Thân Thuộc, huyện Than Uyên), Quảng Nam (Hiệp Đức), Thừa Thiên Huế (Nam Đông). Cây mọc tự nhiên rải rác trong rừng thứ",morinda-longissima-y-z-ruan.txt,,,Rubiaceae,5339867
Cassia javanica L,Muồng bọ cạp,"Cây trồng ở các thành phố. Nguyên sản ở Indonesia, Philippin",cassia-javanica-l.txt,,,Caesalpiniaceae,5357125
Mucuna interrupta Gagnep,"Mắt mèo ma, Mắt mèo to, Dây chãng ba","Thừa Thiên Huế, Khánh Hòa (Nha Trang), Ninh Thuận (Cà Ná), Tây Ninh, Đồng Nai. Cây mọc tự nhiên bên hàng rào, lùm cây ven đường, ven rừng, độ cao tới 800 m",mucuna-interrupta-gagnep.txt,,,Fabaceae,2951361
Arachis hypogea L,"Lạc, Đậu phụng, Thúa đin (Tày)",Cây trồng,arachis-hypogea-l.txt,,,Fabaceae,5353770
Lagerstroemia tomentosa Presl,"Săng lẻ, Bằng lăng ổi, Bằng lăng lông","Nghệ An, Thanh Hóa, Thừa Thiên Huế, Kon Tum. Cây mọc tự nhiên rải rác trong rừng thưa, ven rừng",lagerstroemia-tomentosa-presl.txt,,,Lythraceae,3988234
Ophiopogon mairei Levl,Mạch môn núi lá dài,Cây mọc tự nhiên ở vùng núi phía Bắc nước ta.,ophiopogon-mairei-levl.txt,,,Convallariaceae,2774152
Panax pseudo-ginseng (Burk) F.H.Chen,"Tam thất, Sâm tam thất, Thổ sâm, Kim bất hoán",,bao-cao-nghien-cuu-khoa-hoc-tam-that-panax-notoginseng.txt,,"Araliaceae (Nhân sâm) Mô tả câyCây thân thảo, sống lâu năm. Lá mọc vòng 3-4 lá một, cuống lá dài 3-6cm, mỗi cuống lá mang từ 3-7 lá chét hình mác dài, mép lá có răng cưa nhỏ, cuống lá chét dài 0,6-1,2cm. Cụm hoa hình tán mọc ở đầu cành hoa. Có hoa đơn tính có hoa lưỡng tính cùng tồn tại. Lá đài 5, màu xanh. Cánh hoa 5, màu xanh nhạt. nhị 5, bầu hai hai ngăn. Quả mọng hình thận, khi chín có màu đỏ, trong có hai hạt hình cầu",,
Ardisia conspersa E. Walker,Trọng đũa trần,"Cao Bằng, Lạng Sơn, Đắk Lắk. Cây mọc tự nhiên trong rừng nguyên sinh và thứ sinh, nơi ẩm tối, ở độ cao 800-1400 m",ardisia-conspersa-e-walker.txt,,,Myrsinaceae,5558902
Dendropanax proteus (Champ.) Benth. – Hedera protea Champ,"Phong hà bóng, Diên bạch bất định","Lạng Sơn (Mẫu Sơn), Hà Giang, Bắc Giang (Khe Nam). Cây bụi nhỏ, cao 2-3 m, mọc rải rác trong rừng",dendropanax-proteus-champ-benth.txt,,,Araliaceae,3035020
Chrysalidocarpus lutescens H. Wendl,"Cau vàng, Cau kiểng vàng, Cau bụi",Cây trồng làm cảnh,chrysalidocarpus-lutescens-h-wendl.txt,,,Arecaceae,2735935
Rhizophora apiculata Blume,"Đước, Trang, Vẹt, Đước bợp, Đước xanh, Sú","Quảng Bình, Quảng Trị, Thừa Thiên Huế. Cây mọc tự nhiên ở vùng nước lợ ven biển",rhizophora-apiculata-blume.txt,,,Rhizophoraceae,3086526
Sida rhombifolia L. – Malva rhombifolia (L.) Krause,"Ké hoa vàng, Chổi đực, Bái nhọn, Khắt bó lương (Thái), Xi phú (Kho), Cây ro, Khắt lót (Tày)","Cây mọc tự nhiên trên đất hoang, ven đường đi, phổ biến ở nước ta",sida-rhombifolia-l.txt,,Bông (Malvaceae),,5406735
Peperomia tetraphylla (Forst.f.) Hook. et Arn,Rau càng cua bốn lá,"Lâm Đồng. Cây phụ sinh, thường gặp trong rừng hoặc trên đá",peperomia-tetraphylla-forst-f-hook-et-arn.txt,,,Piperaceae,3086448
Selaginella doederleinii Hieron,Quyển bá xanh,"Lạng Sơn, Lao Cai, Kon Tum, Khánh Hòa. Cây mọc tự nhiên dọc theo suối, trên đất ẩm dưới tán rừng ở độ cao 500-1.600 m.",selaginella-doederleinii-hieron.txt,,,Selaginellaceae,7329850
Poikilospermum suaveolens (Blume) Merr,"Rum, Rum thơm, Sung tây",Cây mọc tự nhiên ven suối trong rừng cả miền núi và đồng bằng,poikilospermum-suaveolens-blume-merr.txt,,,Cecropiadaceae,4013131
Fallopia multiflora (Thunb.) Hara – Polygonum multiflorum Thunb,"Hà thủ ô đỏ , Dạ giao đằng, Má ỏn, Mằn năng ón (Tày), Khua lình (Thái), Xạ ú sí (Dao)","Lai Châu, Lào Cai, Hà Giang, Cao Bằng, Sơn La, Hòa Bình. Cây mọc tự nhiên ở ven suối, trong thung lũng, chân núi, ở độ cao 500-1.600 m. Loài đã được đưa vào Sách Đỏ Việt Nam",fallopia-multiflora-thunb-hara.txt,,,Polygonaceae,4038333
Bauhinia variegata L,"Hoa ban , Móng bò sọc","Cây mọc tự nhiên ở vùng núi phía Bắc nước ta, còn được trồng ở một số thành phố như Hà Nội, Hải Phòng, Đà Lạt, thành phố Hồ Chí Minh",bauhinia-variegata-l.txt,,,Caesalpiniaceae,2953251
Erismanthus sinensis Oliv . Họ Thầu dầu (Euphorbiaceae),"Cỏ sán, Cây mao hoa trung quốc","Lao Cai, Lạng Sơn, Phú Thọ, Hải Dương (Chí Linh). Cây ưa sáng, mọc tự nhiên trong rừng thường xanh, ở độ cao 100-300 m",erismanthus-sinensis-oliv.txt,,,,3061515
Broussonetia kazinoki Sieb. & Zucc,Dướng leo,"Sơn La, Hoà Bình, Ninh Bình, Thanh Hóa, Nghệ An. Cây mọc tự nhiên rải rác trong rừng thứ sinh, ở độ cao tới 800 m",broussonetia-kazinoki-sieb-zucc.txt,,,Moraceae,6358484
Diospyros kaki Thunb,"Hồng, Thị đinh, Hồng thị, Mác pháp, Mạy chí (Tày)",Cây trồng ở nhiều nơi,diospyros-kaki-thunb.txt,,,Ebenaceae,7973323
Ficus villosa Blume,"Thiên cân lực, Sung leo lông","Lạng Sơn, Hà Giang, Nghệ An, Kon Tum, Gia Lai. Cây mọc tự nhiên trong rừng ẩm thường xanh, nơi sáng, nơi ngập nước, dựa suối",ficus-villosa-blume.txt,,,Moraceae,5571621
Imperata cylindrica (L.) Beauv . Họ Hòa thảo (Poaceae),"Cỏ tranh, Bạch mao căn, Nhả cà, Lạc cà (Tày), Gan (Dao), Đia (Kdong)",Cây mọc tự nhiên khá phổ biến ở vùng trung du và miền núi Việt Nam,imperata-cylindrica-l-beauv.txt,,,,8424006
Luculia pinceana Hook,"Hùng dê mù, Lu cu, Nụ đinh","Lào Cai (Sa Pa), Hà Giang. Cây mọc tự nhiên",luculia-pinceana-hook.txt,,,Rubiaceae,2900018
Balanophora cucphuongensis N. T. Ban,"Dó đất các phương, Dương đài các phương",Ninh Bình (Cúc Phương),balanophora-cucphuongensis-n-t-ban.txt,,Dó đất – Balanophoraceae,,12176749
Dillenia indica L,"Sổ bà, Co má sản (Thái), Mạy túm (Tày), Thiều biêu","Lạng Sơn, Bắc Kạn, Thái Nguyên, Thanh Hóa, Nghệ An, Khánh Hòa. Cây mọc tự nhiên ven bờ suối nhiều tỉnh của nước ta",dillenia-indica-l.txt,,,Dilleniaceae,5383898
Xyris indica L . – Xyris robusta Mart. Họ hoàng nhãn (Xyridaceae),"Cỏ vàng, Hoàng đầu, Hoàng đầu ấn","Quảng Ninh, Bắc Giang, Vĩnh Phúc. Đồng bằng sông Cửu Long. Cây mọc tự nhiên nơi đất ẩm, bãi cỏ ven sông, khe núi, ruộng hoang",xyris-indica-l.txt,,,,2692701
Ancistrocladus cochinchinensis Gagnep,"Trương quân nam, Bè dong","Kon Tum (Đắk Tô), Gia Lai (Kon Hà Nừng), Đồng Nai (Biên Hoà). Cây mọc tự nhiên trong rừng thường xanh",ancistrocladus-cochinchinensis-gagnep.txt,,,Ancistrocladaceae,3659000
Ardisia brunnescens E. Wallker,Cơm nguội nâu,"Lạng Sơn, Nghệ An. Cây mọc tự nhiên dưới tán rừng dày, rừng hỗn giao, thung lũng, sườn đồi, ở độ cao tới 1200 m",ardisia-brunnescens-e-wallker.txt,,,Họ Đơm Nem (Myrsinaceae),5557546
Oudemansiella mucida (Schrad.Fr.) Hohnel,"Nấm tán trắng nhày, Nấm Oudeman nhầy","Lai Châu, Lào Cai, Yên Bái, Tuyên Quang, Bắc Kạn, Thái nguyên, Lạng Sơn, Quảng Ninh, Bắc Giang, Hà Nội, Ninh Bình, Thanh Hóa, Nghệ An, Hà Tĩnh, Thùa Thiên Huế.",oudemansiella-mucida-schrad-fr-hohnel.txt,"Mucidula mucida (Schrad.Fr.) Pat., Colbybia mucida Quel",Nấm trắng – Tricholomataceae,,2537081
Paramignya petelotii Guillaum,Tiểu quật,Hoà Bình. Cây mọc tự nhiên,paramignya-petelotii-guillaum.txt,,,Rutaceae,3835430
Callisia fragrans (Lindl.) Woods,"Lược vàng , Lan vòi","Cây có nguồn gốc Mexico, được nhập trồng làm cảnh ở nhiều nơi",callisia-fragrans-lindl-woods.txt,,,Commelinaceae,5303453
Capillipedium assimile (Steud.) A. Camus,Mao cước giống,"Lào Cai (Than Uyên), Quảng Ninh (Tiên Kiên), Hà Nội (Ba Vì), Hòa Bình (Chợ Bờ). Cây mọc tự nhiên ở gần lùm bụi dưới suối, ở độ cao 500-900 m",capillipedium-assimile-steud-c-cmus.txt,,,Poaceae,4106183
Phlogacanthus cornatus Benoist,Hoả rô sừng,Mới thấy ở Bà Rịa – Vũng Tàu (Núi Đinh),phlogacanthus-colaniae-benoist.txt,,,Acanthaceae (Ô rô),3775841
Taxus wallichiana Zucc. – Taxus baccata L. subsp. wallichiana (Zucc.) Pilg,Thông đỏ,"Lâm Đồng (Đà Lạt, Đơn Dương), Khánh Hoà (Nha Trang). Cây mọc tự nhiên, thường ở vùng núi đá vôi. Loài hiếm, đã đưa vào Sách Đỏ Việt Nam",taxus-wallichiana-zucc.txt,,,Taxaceae,5284540
Cyperus cyperinus (Retz.) Suringar – Mariscus cypericus Vahl,Cói tương lác,"Hà Nội, Nam Bộ. Cây mọc tự nhiên trên các trảng cỏ",mariscus-cypericus-vahl.txt,,,Họ Cói (Cyperaceae),2715877
Erycibe schmidtii Craib,Chân bìm,"Khánh Hòa (Hòn Héo – Nha Trang). Cây mọc tự nhiên rải rác ven rừng, vùng núi đá",erycibe-schmidtii-craib.txt,,,Convolvulaceae,3679345
Pseuderanthemum carruthersii (Seem.) Guillaumin. – Pseuderanthemum carruthersii var. atropurpurreum (F. Bull) Fosberg,Xuân hoa đỏ,Cây trồng làm cảnh.,pseuderanthemum-carruthersii-seem-guillaum-var-atropurpurreum-bull-fosberg-sec-phamh.txt,,,Acanthaceae,9450473
"Berberis sargentiana C.K.Schneid. ( Berberis recurvata Ahrendt, B. simulans C.K.Schneid.)",Hoàng liên gai lá dài,Lào Cai (SaPa),berberis-sargentiana-c-k-schneid.txt,,Hoàng liên gai – Berberidaceae,,3982254
Claoxylon indicum (Reinw. ex Blume ) Endl. ex Hassk. – Erythrochilus indicus Reinw. ex Blume,"Hốc kheo, Lộc mại","Cây mọc tự nhiên trong rừng thường xanh và đồi, cả vùng đồng bằng và trung du, phổ biến ở nước ta",claoxylon-indicum-reinw-ex-blume-endl-ex-hassk.txt,,,Euphorbiaceae,3060538
Phyllostachys bambusoides Sieb. et Zucc,Trúc cứng,"Miền Nam. Cây trồng trong vườn, trong chậu để làm cảnh.",phyllostachys-bambusoides-sieb-et-zucc.txt,,,Poaceae,5677245
Acacia concinna (Willd.) DC. – Mimosa concinna Willd,"Keo đẹp, Keo lá me","Lào Cai, Lạng Sơn, Hà Nội, Ninh Bình, Lâm Đồng, Đồng Nai. Cây mọc tự nhiên ở chỗ sáng và bìa rừng tới độ cao 1400m. Còn được trồng làm hàng rào ở vườn gia đình",acacia-concinna-willd-dc.txt,,,Mimosaceae,3795863
Asparagus cetaceus (Kunth) Jessop. – A. plumosus Bak,"Măng leo, Thủy tùng",Cây trồng trong chậu để làm cảnh.,asparagus-cetaceus-kunth-jessop.txt,,,Asparagaceae,
Senecio spelaeicola (Vaniot) Gagnep,Hoa kim đằng,,senecio-spelaeicolus-vanihot-gagnep.txt,,"Cúc (Asteraceae) Cập nhật01/07/2019 ★ ★ ★ ★ ★ ★ 0.0 - 0 đánh giá Chia sẻ Chia sẻ Cây thuốc khác Blumea hieracifolia Hayata Wedelia biflora (L.) DC. Magnolia braianensis (Gagnep.) Figlar – Paramichelia braianensis (Gagnep.) Dandy Bridelia retusa (L.) Spreng. Bình luận Câu hỏi của bạn Hủy X Bạn vui lòng điền thêm thông tin! Chọn tệp (Allowed file typesjpg, png , maximum file size100MB. Cây thuốc được quan tâm Ampelopsis cantoniensis (Hook. et Arn.) Planch. Chữa sưng vú (Lá giã đắp). Đau dạ dày hành tá tràng (Cành lá... Curculigo orchioides Gaertn",,3115106
Aporosa ficifolia Baill,"Tai nghé, Ban nước","Lâm Đồng, Bà Rịa Vũng Tàu, Bình Phước, Bình Dương, Tây Ninh, Đồng Nai. Cây mọc tự nhiên trong rừng còi, rừng thưa, đồi cây bụi, trên đất laterit, ở độ cao dưới 1.500 m",aporosa-ficifolia-baill.txt,,,Euphorbiaceae,5383505
Euphorbia sessiliflora Roxb . Họ Thầu dầu (Euphorbiaceae),Cỏ sữa hoa không cuống,"Khánh Hòa, Đồng Nai. Cây ưa sáng, mọc tự nhiên trên các bãi trống, nương rẫy bỏ hoang, ở độ cao dưới 500 m",euphorbia-sessiliflora-roxb.txt,,,,
Osyris lanceolata Hochst. & Steud. ex DC,"Đàn hương, Ô si",Đắk Lắk (Chư Yang Sin),osyris-lanceolata-hochst-steud-ex-dc.txt,,Đàn hương – Santalaceae,,7473922
Oleandra pistillaris (Sw.) C. Chr. – Aspidium pistillaris Sw,Ráng trúc xỉ,"Khánh Hoà, Lâm Đồng (Đà Lạt, Bảo Lộc). Cây mọc tự nhiên, thường bám trên vỏ cây gỗ, đôi khi thành đám trên bề mặt đá granit giàu mùn trong rừng rậm thường xanh.",oleandra-pistillaris-sw-c-chr.txt,,,Davalliaceae,4196920
Smilax corbularia Kunth – Smilax pseudochina Lour,Kim cang lá quế,"Ninh Bình, Thanh Hóa, Nghệ An, Kon Tum, Gia Lai, Lâm Đồng, Đồng Nai. Cây mọc tự nhiên, rải rác ven rừng thứ sinh, ở độ cao 500-1.000 m",smilax-corbularia-kunth.txt,,,Smilacaceae,5295395
Actaea dahurica (Turcz. ex Fisch. & C.A.Mey.) Franch. – Cimicifuga dahurica (Turcz.) Maxim,Thăng ma,Là Cai (Sa Pa) Cây nhập trồng.,cimicifuga-dahurica-turcz-maxim.txt,,,Ranunculaceae,8254182
Ilex purpurea Hassk,Bùi tía,"Hà Nội (Ba Vì, Làng Cốc).",ilex-purpurea-hassk.txt,,Trâm bùi – Aquifoliaceae,,7315909
Cyanotis arachnoidea C. B. Clarke,Bích trai nhện,"Lâm Đồng, Ninh Thuận (Cà Ná). Cây mọc tự nhiên nơi ẩm ven rừng, ven suối, nơi tối ở vùng núi.",cyanotis-arachnoidea-c-b-clarke.txt,,,Thài lài (Commelinaceae),5303388
Carex baccans Nees,"Kiết phi, Cói túi quả mọng, Sơn bái tử","Lào Cai, Hà Giang, Hà Tây tới Quảng Nam, Kon Tum, Ninh Thuận. Cây mọc tự nhiên ở độ cao 400m trở lên",carex-baccans-nees.txt,,,Cyperaceae,2727853
Hydrangea macrophylla (Thunb) Seringe in DC. ssp. stylosa (Hook.f. et Thoms.) Mc Clint,"Tú cầu thon, Bát tiên, Hoa đĩa","Lào Cai (Sa PaPhansipan). Cây mọc tự nhiên trong rừng thứ sinh, ven suối, nơi ẩm, ở độ cao 1500-2200 m",hydrangea-macrophylla-thunb-seringe-in-dc-ssp-stylosa-hook-f-et-thoms-mc-clint.txt,,,Hydrangeaceae,3645376
Mosla chinensis Maxim,"Lá men tàu, Thạch hương nhu","Cây mọc tự nhiên ở núi Mẫu Sơn, tỉnh Lạng Sơn.",mosla-chinensis-maxim.txt,,,Lamiaceae,7309491
Huperzia carinata (Desv. ex Poir.) Trevis,"Phạc phiền đin, Toọng thao","Quảng Bình, Quảng Trị, Thừa Thiên Huế. Cây mọc tự nhiên, bám trên cây gỗ trong rừng rậm thường xanh, ở độ cao 100-900 m.",huperzia-carinata-desv-ex-poir-trevis.txt,,,Lycopodiaceae,3991221
Artemisia scoparia Waldst. et Kitam,Ngải chổi,"Lai Châu, Lào Cai (Sa Pa). Cây mọc tự nhiên trên trảng cỏ triền núi đá granit, ở độ cao 800-1800 m.",artemisia-scoparia-waldst-et-kit.txt,,,Asteraceae,3120713
Oryza sativa var. utilissima A. Camus,"Lúa tẻ, Ngạnh mễ, Khẩu chăm (Tày), Ba té (Bana), Còi (Kho)",Cây trồng phổ biến ở Việt Nam,oryza-sativa-var-utilissima-a-camus.txt,,,Poaceae,2703459
Blumea megacephala (Rand.) Chang et Tseng – B. riparia Rand,"Kim đầu to, Đông phong thảo","Lào Cai, Hoà Bình, Cao Bằng, Lạng Sơn, Thái Nguyên, Quảng Trị. Cây mọc tự nhiên ở ven rừng thưa nơi nhiều ánh sáng, ở độ cao 100-600 m.",blumea-megacephala-rand-chang-et-tseng.txt,,,Asteraceae,7358042
Gmelina elliptica J. E. Sm,"Tu hú lá bầu dục, Lõi thọ leo","Hà Tây, Đồng Nai. Cây mọc tự nhiên ở ven rừng.",gmelina-elliptica-j-e-sm.txt,,,Verbenaceae,5607694
Acalypha wilkesiana Muell.- Arg,"Tai tượng đỏ , Tai tượng nâu, Tai tượng trổ, Tai voi",Cây được trồng làm cảnh phổ biến ở Việt Nam,acalypha-wilkesiana-muell.txt,,,Euphorbiaceae,3057221
Caesalpinia pulcherrima (L.) Sw,"Kim phượng, Đuôi phượng, Điệp ta, Điệp vàng",Cây thường được trồng làm cảnh,caesalpinia-pulcherrima-l-sw.txt,,,Caesalpiniaceae,2958715
Delphinium ajacis L,"Phi yến, Hoa la hét",Lâm Đồng. Cây nhập trồng làm cảnh,delphinium-ajacis-l.txt,,,Ranunculaceae,3033833
Jasminum simplicifolium subps. funale (Decne.) Kiew – Jasminum funale Decne,Nhài dây,"Khánh Hòa, Bà Rịa Vũng Tàu. Cây mọc tự nhiên ven rừng vùng trung du.",jasminum-funale-decne.txt,,,Oleaceae,3682067
"Pavonia rigida (Wall. ex Mast.) Hochr. – Urena rigida Wall.1829.Cat. 1929, nom.nud.] ex Mast. 1874",Ké trơn,Ninh Thuận đến Tây Ninh. Cây mọc tự nhiên ở rừng thưa từ vùng thấp đến độ cao 1500m,pavonia-rigida-mast-hochr-apud-phamh.txt,,Bông (Malvaceae),,7776337
Decaschistia harmandii Pierre,Sâm lá nhỏ,"Vũng Tàu, Tây Ninh. Cây mọc tự nhiên rải rác trên các bãi hoang, ven đường, ven suối",decaschistia-harmandii-pierre.txt,,,Malvaceae,3936318
Polygala tatarinowii Regel,Tiểu biển đậu,"Lào Cai (Sa Pa). Cây mọc tự nhiên rải rác trong rừng thứ sinh, ở độ cao 1.500- 2.00 m",polygala-tatarinowii-regel.txt,,,Polygalaceae,4050793
Ipomoea digitata L,"Tầm sét, Chìa vôi, Bìm tay, Bũn bĩn xẻ ngón, Khoai xiêm, Tích lịch cặn",Cây mọc tự nhiên ở bờ bụi khắp nước ta,ipomoea-digitata-l.txt,,,Convolvulaceae,8249252
Rumex crispus L,"Chân dê, Chút chít răng","Cây mọc tự nhiên ở đồng bằng, khá phổ biến ở Việt Nam",rumex-crispus-l.txt,,,Polygonaceae,8195144
Hoya diversifolia Blume,"Hồ da dị lá, Cẩm cù khác lá","Lâm Đồng (Đà Lạt), Nam Bộ (Núi Kaki). Cây mọc tự nhiên.",hoya-diversifolia-blume.txt,,,Asclepiadaceae,7312003
Dendrobium devonianum Paxt,Phương dung,"Lao Cai, Kon Tum, Lâm Đồng. Cây mọc tự nhiên bám trên các cây gỗ lớn trong rừng, ở độ cao 600-1.600 m",dendrobium-devonianum-paxt.txt,,,Orchidaceae,5316408
Solanum spirale Roxb,"Chanh trường, Cà xoắn","Yên Bái (Nghĩa Lộ, Văn Chấn), Vĩnh Phúc (Yên Lãng), Hà Nội, Khánh Hòa (Nha Trang)",solanum-spirale-roxb.txt,,Cà (Solanaceae),,2930705
Paris chinensis Franch. – Paris polyphylla var. chinensis (Franch.) Hara; Daiswa chinensis (Franch.) Takht,"Bảy lá một hoa, Độc cước liên, Tảo hưu, Tác bưu, Cúa dô (Hmômg), Co tẩu phờm (Thái)","Hà Giang (Đồng Văn, Quản Bạ), Lào Cai (Sa Pa, Bát Sát), Hòa Bình, Ninh Bình. Cây mọc tự nhiên trong rừng cây lá rộng thường xanh, hốc đá ven suối",paris-chinensis-franch.txt,,,Trilliaceae,5295940
Curcuma zanthorrhiza Roxb. – Curcuma xanthorrhiza Dietr,"Nghệ vàng, Nghệ rễ vàng",Cần Thơ. Cây trồng,curcuma-zanthorrhiza-roxb.txt,,,Zingiberaceae,2757547
Ophiorrhiza cantoniensis Hance,"Xà căn thảo, Xà căn thảo quảng tây","Từ Cao Bằng, Lạng Sơn tới Đồng Nai, An Giang. Cây mọc tự nhiên trong các rừng thưa, đất trống IV-VIII",ophiorrhiza-cantoniensis-hance.txt,,Cà phê (Rubiaceae),,9060604
Diospyros toposia Buch.-Ham,"Thị dung, Thị giung",Miền Nam. Cây mọc tự nhiên vùng rừng núi,diospyros-toposia-buch.txt,,,Ebenaceae,7295871
Nypa fruticans Wurmb,"Dừa nước, Dừa lá","Miền Nam. Cây mọc tự nhiên trong rừng sác, rựa rạch nước lợ",nypa-fruticans-wurmb.txt,,,Arecaceae,2738422
Citharexylum spinosum L,"Sung tây, Nhôi đàn, Cẩm mộc","Cây nhập trồng ở Hà Nội, Tp Hồ Chí Minh. Nguồn gốc từ Trung Mỹ",citharexylum-spinosum-l.txt,,,Verbenaceae,2925396
Urceola rosea (Hook. et Arn.) Middl. – Edysanthera rosea Hook. et Arn,"Lá giang, Dây giang, Dây cao su hồng","Cây mọc tự nhiên nơi ẩm và sáng trong rừng thưa, trên đồi cây bụi, phổ biến ở các tỉnh miền núi phía Bắc",urceola-rosea-hook-et-arn-middl.txt,,,Apocynaceae,5535797
Maesa japonica (Thunb.) Moritzi ex Zoll. – Doraena japonica Thunb,"Kính , Đơn nhật",,maesa-japonica-thunb-moritzi-ex-zoll.txt,,,Myrsinaceae,9477469
Hiptage candicans Hook.f. – H. candicans var. parvifolia Pierre,Dùi đục trắng,"Xã Châu Hải, Quỳ Châu, Nghệ An. Cây mọc tự nhiên ven rừng thứ sinh.",hiptage-candicans-hook-f.txt,,,Malpighiaceae,3985679
Homalomena occulta (Lour.) Schott; Calla occulta Lour,"Thiên niên kiện, Bao kim, Vắt vẻo, Sơn thục, Trao yêng (Kho), Duyên (Bana), Ráy hương, Vạt hương (Tày), Hia hẩu ton (Dao)","Cây mọc tự nhiên nơi ẩm trong rừng, hành lang ven suối nhiều tỉnh của nước ta",homalomena-occulta-lour-schott-calla-occulta-lour.txt,,,Araceae,2868708
Marsdenia tinctoria R. Br,Hàm liên nhuộm,"Hoà Bình, Ninh Bình (Cúc Phương). Cây mọc tự nhiên.",marsdenia-tinctoria-r-br.html?wpsc_do=regen_cache&nonce=2816497725f3f9741a9c9a.txt,,,Asclepiadaceae,7653972
Buchanania latifolia Roxb,"Mèn vân; CHây lá rộng, Mà ca, Xoài giả","Quảng Ninh, Nghệ An, Thừa Thiên Huế, Gia Lai, Bà Rịa Vũng Tàu. Cây mọc tự nhiên rải rác trong rừng",buchanania-latifolia-roxb.txt,,,Anacardiaceae,5544043
Ficus erecta Thunb. var. beecheyana (Hook. et Arn.) King,Sung thiên tiên,Thanh Hóa. Cây mọc tự nhiên.,ficus-erecta-thunb-var-beecheyana-hook-et-arn-king.txt,,,Moraceae,5571945
Nervilia aragoana Gaudich,"Thanh thiên quỳ xanh, Trân châu xanh","Lao Cai, Hà Giang, Cao Bằng, Sơn La, Hoà Bình. Cây mọc tự nhiên trong các rừng thưa nơi ẩm, nhiều mùn, các hốc đá nơi rợp bóng, ở độ cao 200-500 m",nervilia-aragoana-gaudich-in-freyc.txt,,,Orchidaceae,2836743
Dunbaria fusca (Wall.) Kurz – Phaseolus fuscus Wall,Đông ba ngâm,"Kon Tum, Đắk Lắk, Lâm Đồng, Khánh Hòa. Cây mọc tự nhiên nhiều trong rừng thưa hoặc rừng thông, ở độ cao tới 1500 m.",dunbaria-fusca-wall-kurz.txt,,,Fabaceae,5356313
Fissistigma capitatum Merr. ex P.T.Li – F. retusum auct Y. Tsiang & P.T.Li,Lãnh công hình đầu,"Lào Cai (Sa Pa), Hà Giang (Đồng Văn). Cây bụi trườn, dài 4-5m. Mọc rải rác trong rừng thứ sinh, nơi sáng, ở độ cao 800-1200m",fissistigma-capitatum-merr-ex-p-t-li.txt,,,Annonaceae,3157386
Clematis armandii Franch,Mộc thông nhỏ,"Hoà Bình (Mai Châu), Hà Nam (Kiện Khê), Ninh Bình. Cây mọc tự nhiên ở ven rừng, độ cao dưới 400m",clematis-armandii-franch.txt,,,Ranunculaceae,6375061
Canavalia maritima (Aubl.) Thouars – Dolichos maritimus Aubl,"Đậu biển, Đậu cộ biển","Quảng Ninh, Hải Phòng, Hà Tĩnh, Quảng Trị, Khánh Hòa, Bà Rịa Vũng Tàu. Cây mọc tự nhiên, còn được trồng ở các tỉnh vùng ven biển để cố định đụn cát",canavalia-maritima-aubl-thouars.txt,,Đậu (Fabaceae),,7962825
Linociera ramiflora (Roxb.) Wall. ex G. Don – Chionanthus ramiflora Roxb,Hổ bì,"Quảng Bình, Quảng Trị, Thừa Thiên Huế, Lâm Đồng, Bình Thuận, Đồng Nai. Cây mọc tự nhiên",linociera-ramiflora-roxb-wall-ex-g-don.txt,,,Oleaceae,7326156
Chrysobalanus icaco L,Cô coa,Cây trồng ở Thảo Cầm Viên thành phố Hồ Chí Minh,chrysobalanus-icaco-l.txt,,,Chrysobalanaceae,2985082
Barthea barthei (Hance ex Benth.) Krasser – Dissocheate barthea Hance ex Benth,Mua dược hoa,"Vĩnh Phúc (Tam Đảo). Cây mọc tự nhiên ven suối, nơi ẩm, bóng, ở độ cao 450 m trở lên",barthea-barthei-hance-ex-benth-krasser.txt,,,Melastomaceae,3867269
Schefﬂera alongensis R. Vig,Chân chim hạ long,Quảng Ninh (Hạ Long). Cây mọc tự nhiên trên núi đá,schefﬂera-alongensis-r-vig.txt,,,Araliaceae,
Asystasia gangetica (L.) T. Anders. – Justibia gangetica L.; Asystasia chelonoides Nees,"Thập vạn thác, Biến hoa sông hằng","Hà Nội (Ba Vì), Ninh Bình, Thừa Thiên Huế, Kon Tum, Khánh Hoà, Đồng Nai. Cây mọc tự nhiên ở ven đường, bờ bụi quanh làng.",asystasia-gangetica-l-t-anders.txt,,Ô rô (Acanthaceae),,3173254
Panax stipuleanatus H.T. Tsai et K.M. Feng,Tam thất hoang,"Lai Châu (Than Uyên), Lào Cai (Sa Pa, Bát Xát). Cây mọc tự nhiên trong rừng ẩm, độ cao từ 1500 – 2500 m. Loài quý hiếm đã được đưa vào Sách Đỏ Việt Nam",panax-stipuleanatus-h-t-tsai-et-k-m-feng.txt,,,Araliaceae,5372237
Raphanus sativus L. var. longipinnatus Bailey,"Củ cải trắng, Củ cải dài, Lú bú, Lai phục tử, La bặc tử",Trồng ở khắp nơi,raphanus-sativus-l.txt,"Raphanus sativus L. var. raphanistroides Makino, R.sativus L. ssp. raphanistroides Sazonova",Cải – Brassicaceae,,7678610
Iresine herbstii Hook .f,Nhung hoa,"Lào Cai (Sa Pa), Lâm Đồng (Đà Lạt). Cây nhập trồng làm cảnh, nguồn gốc từ Braxin",iresine-herbstii-hook-f.txt,,,Amaranthaceae,3085038
Bombax ceiba L,"Gạo, Mộc miên thụ, Mạy nghịu (Tày), Pơ lang, Gòn rừng, Pù đồng giắng (Dao)","Lai Châu, Sơn La, Hòa Bình. Cây mọc tự nhiên, còn được trồng phổ biến ở nước ta",bombax-ceiba-l.txt,,,Bombacaceae,3152226
Datura stramonium L,"Cà diên, Cà độc dược lùn","Hòa Bình (Mai ChâuHang Kia), Lâm Đồng (Đà Lạt). Cây trồng làm cảnh",datura-stramonium-l.txt,,Cà (Solanaceae),,2928751
Ixora flavescens Pierre ex Pitard,"Đơn vàng, Trang vàng vàng",Kiên Giang (Hà Tiên). Cây mọc tự nhiên,ixora-flavesens-pierre-ex-pitard.txt,,,Rubiaceae,2905562
Albizia myriophylla Benth,"Sóng rắn nhiều lá , Cam thảo cây","Kon Tum, Gia Lai, Đắk Lắk, Lâm Đồng, Bình Dương, Tây Ninh. Cây mọc tự nhiên trong rừng rậm thường xanh, rừng hỗn giao rụng lá, ở độ cao tới 900 m",albizia-myriophylla-benth.txt,,,Mimosaceae,2973009
Pollia thyrsiﬂora (Blume) Steud. – Tradescantia thyrsiﬂora Blume,Bôn dày,"Cao Bằng, Lạng Sơn, Bắc Cạn, Nghệ An, Phú Yên, Khánh Hòa. Cỏ cao 30- 100cm, mọc rải rác trong rừng ẩm, thung lũng, ven suối.",pollia-thyrsiﬂora-blume-endl-ex-hassk.txt,,,Commelinaceae,
Blumea chinensis (L.) DC. – Conyza chinensis L.; B. riparia (Blume) DC,Bầu rừng,"Lào Cai, Sơn La, Cao Bằng, Lạng Sơn, Thái Nguyên, Vĩnh Phúc, Hoà Bình. Cây mọc tự nhiên ở ven rừng thưa, độ cao dưới 1500 m",blumea-chinensis-l-dc.txt,,,Cúc (Asteraceae),3125201
Garcinia hanburyi Hook.f,Đằng hoàng,"Gia Lai, Lâm Đồng, Đồng Nai. Cây mọc tự nhiên trong rừng vùng lầy, ở độ cao dưới 1000 m",garcinia-hanburyi-hook-f.txt,,Bứa(Clusiaceae),,3189558
Costus speciosus (Koenig) Smith – Banksea speciosa Koenig,"Mía dò, Cát lồi, Đọt đắng, Co ướn bôn, Sẹ vòng, Tậu ché, Né ưởng, ỏi phạ (Tày), Co ướng bôn (Thái), Cây chót","Cây mọc tự nhiên ven rừng, thung lũng vùng núi đá vôi, phổ biến ở nước ta",costus-speciosus-koenig-smith.txt,,,Costaceae,7584507
Nyctanthes arbor-tristis L,"Dạ hoa, Đa cua, Lài tàu",Cây nhập trồng,nyctanthes-arbor-tristis-l.txt,,Nhài (Oleaceae),,3683008
Vicia sativa L,"Đậu răng ngựa nhỏ, Đậu Hà Lan dại",Cây trồng ở độ cao 1000-1500 m.,vicia-sativa-l.txt,,,Họ Đậu (Fabaceae),2975014
Sloanea hemsleyana (Ito) Rehd. et Wils. – Elaeocarpus hemsleyanus Ito,Sô loan,Lao Cai (Sa Pa). Cây mọc tự nhiên ở độ cao trên 1000m.,sloanea-hemsleyana-ito-rehd-et-wils.txt,,,Elaeocarpaceae,7291048
Willughbeia edulis Roxb,Guồi,"Bình Dương (Hớn Quản), Đồng Nai (Biên Hoà, Bảo Chánh), Bà Rịa Vũng Tàu (Núi Đinh). Cây mọc tự nhiên rải rác trong rừng thưa hay trảng cây bụi",willug-willughbeia-edulis-roxb.txt,,Trúc Đào (Apocynaceae),,3615322
Indigofera cassioides Rottler ex DC,Chàm muồng,"Đắk Lắk (Buôn Ma Thuột), Lâm Đồng (Đan Kia, Braian)",indigofera-cassioides-rottler-ex-dc.txt,"Indigofera elliptica Roxb., I. pulchella Roxb",Đậu – Fabaceae,,2971507
Adenanthera microsperma Teysm. et Binn. – A. pavonina var. microsperma (Teysm. et Binn.) I. Niels,"Chi chi, Muồng nước, Muồng ràng ràng, Rang ràng","Yên Bái, Tuyên Quang, Lạng Sơn, Quảng Ninh, Nghệ An, Hà Tĩnh, Đồng Nai. Cây mọc tự nhiên trong rừng thường xanh, rừng hỗn giao, ở độ cao tới 400 m",adenanthera-microsperma-teysm-et-binn.txt,,,Mimosaceae,2951851
Alyxia pseudosinensis Pitard,Ngôn tàu,"Đà Nẵng (Bà Nà), Ninh Thuận (Phan Rang, Cà Ná). Cây mọc tự nhiên ở ven rừng, trong rừng thưa, ở độ cao 300 – 900m",alyxia-pseudosinensis-pitard.txt,,,Apocynaceae,3621838
Lindernia nummularifolia (D. Don) Wettst. – Vandellia nummularifolia D.Don,"Lữ đằng đồng tiền, Răng cưa, Cứt chuột",Lào Cai. Cây mọc trong rừng thưa ẩm,lindernia-nummularifolia-d-don-wettst.txt,,,Scrophulariaceae,7648981
Senna occidentalis (L.) Link – Cassia occidentalis L,"Cốt khí muồng, Muồng lá khế, Muồng tây, Vọng giang nam, Muồng hoàng yến, Muồng hòe, Cốt khí hạt, Nhả pẻ po (Tày), Co nhả pẻ vài (Thái)",Cây mọc tự nhiên ở trung du và miền núi phổ biến khắp nơi ở Việt Nam,senna-occidentalis-l-link-cassia-occidentalis-l.txt,,,Vang (Caesalpiniaceae),2957966
Annona glabra L,Nê,Cây trồng ở các tỉnh ven biển từ Quảng Ninh tới các tỉnh phía Nam. Nguyên bản từ vùng nhiệt đới Châu Mỹ tới Châu Phi,annona-glabra-l.txt,,Na (Annonaceae),,5407100
Lygodium ﬂexuosum (L.) Sw,"Bòng bong chẻ, Thạch vĩ đằng, Cút nây (Tày)","Rộng khắp cả nước, từ đồng bằng tới đồi núi thấp. Cây mọc tự nhiên thành đám trong các trảng cây bụi ven rừng rậm thường xanh và nửa rụng lá, có khi cả ở đầm lầy ngập nước ngọt theo mùa",lygodium-ﬂexuosum-l-sw.txt,,,Lygodiaceae,
Machilus leptophylla Hand.- Mazz,"Kháo nhớt, Rè nhớt",Cây mọc tự nhiên ở vùng núi các tỉnh miền Bắc,machilus-leptophylla-hand.txt,,,Lauraceae,4178688
Tetrastigma strumarium (Planch.) Gagnep. – Tetrastigma crassipes Planch. var. strumarium Planch,"Dây quai bị, Dây vác, Dây ung xương, Ô liêm mẫu, Ên oòng ên giàng (Hmông), Thau gằn (Tày), Xeng (Dao)","Hà Giang, Tuyên Quang, Lao Cai, Hoà Bình. Cây mọc tự nhiên dưới tán rừng, ven suối",tetrastigma-strumarium-planch-gagnep-tetrastigma-crassipes.txt,,,Họ Nho (Vitaceae),5658284
Memexylon umbellatum (Lour.) Kostel. – Scutula umbellata Lour,Sầm tán,"Quảng Ngãi, Đà Nẵng. Cây mọc tự nhiên trên đồi cát dựa biển",memexylon-umbellatum-lour-kostel.txt,,,Melastomaceae,3863519
Lycopodium complanatum L,"Thạch tùng dẹp, Thông đất dẹt","Lao Cai, Hà Giang, Lai Châu, Sơn La, Kon Tum, Lâm Đồng. Cây mọc tự nhiên, bò dài đến vài mét, sau đó trườn lên các bụi cây, tạo thành đám ở trảng cây bụi hay trảng cỏ thứ sinh, ven rừng rậm thường xanh, trong đó có rừng mây mù, ở độ cao 900-2200 m.",lycopodium-complanatum-l.txt,,,Lycopodiaceae,2688424
Elaeagnus latifolia L,"Nhót, Bất xá, Hồ đối tử, Lót (Tày)","Cây trồng. Còn có mọc hoang trên các trảng cỏ cây gỗ, ở độ cao 1200-1700 m",elaeagnus-latifolia-l.txt,,,Elaeagnaceae,4048232
Gynura nitida DC,"Rau lúi, Mã tầy hếnh, Bầu đất bóng, Cải giả","Lai Châu, Lào Cai, Sơn La, Vĩnh Phúc, Kon Tum, Đắk Lắk, Lâm Đồng. Cây mọc tự nhiên ở ven rừng thưa, trảng cây bụi, ở độ cao 200-1500 m",gynura-nitida-dc.txt,,,Asteraceae,3139966
Chamaecrista pumila (Lam.) K. Larsen – Cassia pumila Lam,"Me đất, Muồng lùn","Hoà Bình, Thanh Hoá, Gia Lai, Bà Rịa Vũng Tàu, thành phố Hồ Chí Minh. Cây mọc tự nhiên ở các bãi hoang ven biển, ven đường đi, trong các trảng và rừng thưa rụng lá, ở độ cao tới 600 m",chamaecrista-pumila-lam-k-larsen-cassia-pumila-lam.txt,,,Caesalpiniaceae,8368580
Ludwigia adscendens (L.) Hara,"Rau dừa nước, Rau dừa trâu, Thụy thái, Thủy long, Du long thái, Co nha pót (Thái), Phiắc pop nặm (Tày)","Lao Cai, Quảng Bình, Quảng Trị, Thừa Thiên Huế. Cây mọc tự nhiên nổi trên mặt nước các ao hồ, ruộng, mương máng, sông ngòi ở nước ta",ludwigia-adscendens-l-hara.txt,,,Onagraceae,7322187
Delonix regia (Bojer ex Hook.) Raf,Phượng vĩ,Cây được trồng làm cảnh khắp nơi ở Việt Nam. Nguyên sản ở Madagasca,delonix-regia-bojer-ex-hook-raf.txt,,,Caesalpiniaceae,2956176
Lysidice rhodostegia Hance,"Mí, Khế núi, Mí chẹt","Lào Cai, Yên Bái, Tuyên Quang, Cao Bằng, Lạng Sơn, Quảng Ninh, Ninh Bình, Thanh Hóa, Nghệ An. Cây mọc tự nhiên ở ven rừng, trong rừng thưa và các khoảng trống trong rừng rậm thường xanh thứ sinh",lysidice-rhodostegia-hance.txt,,,Caesalpiniaceae,5354459
Schefﬂera petelotii Merr,"Chân chim núi, Tang ngoi, Co chạ ô","Lào Cai (Sa Pa), Lai Châu, Ninh Bình (Chợ Ghềnh). Cây mọc tự nhiên rải rác trong rừng vùng núi đá vôi, ở độ cao 200-1500 m",schefﬂera-petelotii-merr.txt,,,Araliaceae,
Tectaria wightii (C.B. Clark) Ching – Hemigramma decurens (Hook.) Copel,"Ráng bán tự, Sa bì","Hà Tây, Quảng Bình, Quảng Trị, Thừa Thiên Huế. Cây mọc tự nhiên trong rừng thứ sinh, rừng rậm thường xanh cây lá rộng nguyên sinh.",tectaria-wightii-c-b-clark-ching.txt,,,Aspidiaceae,8059703
Cynometra ramiflora L,"Mót, Lá lụa","Nghệ An (Mường Xén), Kon Tum (Sa Thầy), Gia Lai (An Khê), Tây Ninh, Bà Rịa Vũng Tàu. Cây mọc tự nhiên trong các rừng ngập mặn",cynometra-ramiflora-l.txt,,,Caesalpiniaceae,2966890
Dipsacus asper Wall.ex DC,Tục đoạn nhọn,"Lai Châu, Lào Cai (Sa Pa), Hà Giang (Phó Bảng). Cây mọc trên các trảng cỏ ven rừng ẩm, ở độ cao 100 – 1500m. Loài đã được đưa vào sách đỏ Việt Nam. Khung phân hạng (EN)",dipsacus-asper-wall-ex-dc.txt,,,Dipsacaceae,7491014
Pulvis Fumicarbonisatus,"nhọ nồi, oa đề khôi, nhọ nồi, bách thảo sương",,bach-thao-suong.txt,,,,
Acanthopanax gracilistylus W.W. Smith,"Ngũ gia bì hương, Tế trụ ngũ gia bì","Hà Giang (Phó Bảng), Lào Cai (Sa Pa). Cây bụi, được trồng rải rác trong nhân dân",acanthopanax-gracilistylus-w-w-smith.txt,,Ngũ Gia Bì – Arliaceae,,3035388
Sandoricum koetjape (Burm.f.) Merr. – Melia koetjape Burm.f,"Sấu đỏ, Sấu chua, Sấu tía","Kon Tum, Gia Lai, Phú Yên, Khánh Hòa, Đồng Nai. Cây mọc tự nhiên trong rừng thường xanh, rừng thứ sinh, ở độ cao dưới 1000 m",sandoricum-koetjape-burm-f-merr.txt,,,Meliaceae,3850843
Hippeastrum puniceum (Lam.) Kuntze – Hippeastrum equestre Herb,Loa kèn đỏ,Cây được trồng làm cảnh ở nhiều gia đình,hippeastrum-puniceum-lam-kuntze.txt,,Thủy Tiên (Amaryllidaceae),,2854416
Capparis versicolor Griff,"Khua mật, Hồng châu","Cây mọc tự nhiên ở rừng thưa, phổ biến ở các tỉnh miền Trung",capparis-versicolor-griff.txt,,,Capparaceae,5601902
Uncaria rhynchophylla (Miq.) Miq. ex Havil.. – Nauclea rhynchopylla Miq,"Vuốt lá mỏ, Câu đằng lá mỏ","Lào Cai, Lạng Sơn, Sơn La. Cây mọc tự nhiên dọc đường đi ở rừng thứ sinh vùng núi cao",uncaria-rhynchopylla-miq-miq-ex-havil.txt,,,Rubiaceae,8104601
Semiliquidamba cathayensis H.T. Chang,"Sau sau lá lê, Thau","Sơn La (Mộc Châu), Lạng Sơn(Tràng Định). Cây mọc tự nhiên rải rác trong rừng, ở độ cao 250-1200m.",semiliquidamba-cathayensis-h-t-chang.txt,,,Altingiaceae,8072672
Blastus multiflorus Guillaumin – Allomorphia multiflora Cogn,"Mua rừng đỏ, Cân càng, Ném lượt đỏ","Vĩnh Phúc (Tam Đảo), Ninh Bình, Quảng Bình, Quảng Trị, Thừa Thiên Huế",blastus-multiflorus-cogn-guillaum.txt,,,Melastomaceae,5599948
Zephyranthes carinata Herb. – Zephyranthes grandifolia Lindl,"Tóc tiên hồng to, Phong vũ hoa",Cây được trồng làm cảnh. Nguồn gốc từ Arhentina.,zephyranthes-carinata-herb.txt,,,Amaryllidaceae,2859952
Duchesnea indica (Jacks.) Focke – Fragaria indica Andr,"Dâu núi, Dâu đất, Xà mẫu, Dâu tây dại, Xà bào thảo","Lao Cai, Hà Giang, Cao Bằng, Vĩnh Phúc (Tam Đảo), Nghệ An. Cây mọc tự nhiên quanh nhà, đường đi, bãi đất hoang",duchesnea-indica-andr-focke-in-engl-prantl.txt,,Hoa Hồng (Rosaceae),,5365717
Bovista plumbea Pers.Pers,Nấm trứng màu chì,"Lai Châu, Lào Cai, Yên Bái, Tuyên Quang, Bắc Kạn, Thái Nguyên, Lạng Sơn, Quảng Ninh, Bắc Giang, Hà Nội, Ninh Bình, Thanh Hóa, Nghệ An, Hà Tĩnh.",bovista-plumbea-pers-pers.txt,,Nấm mã bột – Lycoperdaceae,,2535193
Clerodendrum mandarinorum Diels,"Hải thông, Ngọc nữ quan","Lào Cai (Sa Pa), Hà Giang (Đồng Văn), Lạng Sơn (Vạn Kinh). Cây mọc tự nhiên trong rừng thứ sinh, ven rừng, ven đường, ở độ cao 300-1.500 m",clerodendrum-mandarinorum-diels.txt,,,Verbenaceae,3891594
Vitis heyneana Roem. et Schult. – Vitis pentagona Diels & Gilg,Ngũ giác,"Lạng Sơn, Ninh Bình, Ninh Thuận. Cây mọc ở vùng núi đá vôi",vitis-pentagona-diels-gilg.txt,,,Vitaceae,8049561
Parameria laevigata (Juss.) Mold. – Aegiphila laevigata Juss,"Dây khỉ, Đỗ trọng dây, Song tiết, Trường tiết châu, Ngân quang đỗ trọng","Lạng Sơn, Bắc Kạn, Thái Nguyên, Nghệ An, Quảng Trị, Quảng Ngãi (Sơn Tây). Cây mọc tự nhiên trong rừng thứ sinh",parameria-laevigata-juss-mold-aegiphila-laevigata-juss.txt,,,Họ Trúc đào (Apocynaceae),9827170
Spathoglottis pubescens Lindl,Thổ bạch cập,"Lào Cai (Sa Pa), Hà Giang (Phó Bảng). Địa lan mọc rải rác trong rừng nguyên sinh, vùng đất lầy, ở độ cao 600-1.500 m",spathoglottis-pubescens-lindl.txt,,,Orchidaceae,2816418
Ensete glaucum (Roxb.) Cheesm,"Chuối cô đơn, Chuối hoa sen, Chuối đùi voi","Sơn La, Hà Nội, Hòa Bình, Tây Ninh.",ensete-glaucum-roxb-cheesm.txt,Musa glauca Roxb,Chuối – Musaceae,,2763038
Rauvolfia cambodiana Pierre ex Pitard,"Ba gạc campốt, Ba gạc lá to, Hơ rac, Ka day (Ba Na)","Quảng Trị, Thừa Thiên Huế, Quảng Nam, Quảng Ngãi, Kon Tum, Gia Lai, Đắk Lắk. Cây mọc tự nhiên ở ven đường, bãi hoang, nương rẫy",rauvolfia-cambodiana-pierre-ex-pitard.txt,,,Apocynaceae,3618307
Tabernaemontana divaricata (L.) R.Br. ex Roem. & Schult. ( Kopsia cochinchinensis Kuntze – Kopsia pitardii Merr.),Trang nam,"Đồng Nai, Bà Rịa Vũng Tàu. Cây mọc tự nhiên trong rừng thưa",kopsia-cochinchinensis-kuntze.txt,,,Apocynaceae,3169625
Ficus auriculata Lour,Vả,"Cây mọc tự nhiên trên đất ẩm vùng rừng núi, còn được trồng",ficus-auriculata-lour.txt,,,Moraceae,5571773
Panax pseudo-ginseng Wall. – Panax shin – seng Nees var. nepalensis Nees; Aralia pseudoginseng Benth. ex C.B.Clarke,"Tam thất, Sâm tam thất, Thổ sâm, Kim bất hoán","Cây trồng ở Lào Cai (Sa Pa), Hà Giang (Phó Bảng) và Cao Bằng (Thông Nông)",panax-pseudo-ginseng-wall.txt,,,Araliaceae,5372282
Cynara scolymus L,Ác ti sô,"Lào Cai (Sa Pa), Vĩnh Phúc (Tam Đảo), Lâm Đồng (Đà Lạt). Cây nhập trồng",cynara-scolymus-l.txt,,,Asteraceae,3112361
Strophanthus gratus (Wall. et Hook.f. ex Benth.) Baill. – Roupellia grata Wall. & Hook.f. ex Benth,Mỵ ê,Cây nhập trồng. Nguồn gốc từ châu Phi.,strophanthus-gratus-wall-et-hook-f-ex-benth-baill.txt,,,Apocynaceae,8685745
Cyathea spinulosa Wall. ex Hook,Ráng toạ gai nhỏ,"Miền Trung. Cây mọc tự nhiên trong rừng rậm thường xanh; đất có tầng dày, ẩm và giàu mùn.",cyathea-spinulosa-wall-ex-hook.txt,,,Cyatheaceae,5529644
Hydrargyrum,Thủy ngân,,thuy-ngan.txt,,,,
Vitis vinifera L,"Nho , Bồ đào, Ít (Tày)","Cây trồng, phổ biến ở tỉnh Ninh Thuận",vitis-vinifera-l.txt,,,Vitaceae,5372392
Diospyros pilosanthera Blanco,Thị đài nhăn,"Khánh Hoà, Phú Yên, Sông Bé, các tỉnh Đồng bằng Sông Cửu Long. Cây mọc tự nhiên",diospyros-pilosanthera-blanco.txt,,,Ebenaceae,7561016
Illicium henryi Diels,Hồi henry,"Lào Cai (Phansipan). Cây mọc tự nhiên khá phổ biến ở tầng cây gỗ nhỏ của rừng mây mù, trên sườn núi dốc, ở độ cao 1.600-2.500 m",illicium-henryi-diels.txt,,,Illiciaceae,3592301
Lagerstroemia calyculata Kurz,"Bằng lăng ổi, Thao lao, Săng lẻ, Bằng lăng tía, Rờ pa, Tơ ruôn","Sơn La, Thanh Hóa, Nghệ An, Kon Tum, Gia Lai, Đắk Lắk, Lâm Đồng, Ninh Thuận, Đồng Nai, Tây Ninh. Cây mọc tự nhiên trong rừng nửa rụng lá, ở độ cao dưới 800m, còn được trồng",lagerstroemia-calyculata-kurz.txt,,,Lythraceae,3989199
Momordica subangulata Blume,Gấc cạnh,"Cao Bằng. Cây mọc tự nhiên rải rác trong rừng vùng núi đá vôi, ven khe suối hoặc trên các tảng cây bụi, ở độ cao 400 – 500m",momordica-subangulata-blume.txt,,,Cucurbitaceae,7317763
Microsorum fortunei (T.Moore) Ching – Polypodium fortunei T.Moore,Ổ sao dây,"Khá rộng. Lai Châu, Lao Cai (Sa Pa), Cao Bằng, Lạng Sơn, Hoà Bình, Ninh Bình. Cây mọc tự nhiên, sống bám trên cây gỗ hay trên đá, trong rừng rậm thường xanh hay ở ven suối, ở độ cao 700 – 1500m",microsorum-fortunei-t-moore-ching.txt,,,Polypodiaceae,8406468
Canarium tonkinense Engl,Trám chim,"Vĩnh Phú, Bắc Giang, Nghệ An. Cây mọc tự nhiên trong rừng thứ sinh, ở độ cao dưới 700 m",canarium-tonkinense-engl.txt,,,Burseraceae,8269930
Leucas mollissima Wall. ex Benth,"Bạch thiệt, Mè đất mềm, Bạch thiệt mềm, Bạch nhung thảo","Lạng Sơn, Thái Nguyên, Bắc Kạn, Lâm Đồng. Cây mọc tự nhiên ở nơi sáng, ẩm, các bãi hoang, sườn đồi núi, ven đường",leucas-mollissima-wall-ex-benth.txt,,,Lamiaceae,7307245
Zingiber gramineum Noronlia,"Gừng lúa, Ngải trặc","Đồng Nai, Côn Đảo. Cây mọc tự nhiên",zingiber-gramineum-noronlia.txt,,,Zingiberaceae,8333192
Hernandia nymphaeifolia (J.Presl) Kubitzki – Biasolettia nymphiifoli C. Presl,Tung,"Khánh Hòa (Nha Trang), Kiên Giang (Phú Quốc). Cây mọc tự nhiên rải rác trong rừng dựa biển",hernandia-nymphiifolia-c-presl-kubitz.txt,,,Hernandiaceae,3685338
Magnolia grandiflora L,Dạ hợp hoa to,Lâm Đồng. Cây trồng làm cảnh. Nguyên sản ở Bắc Mỹ,magnolia-grandiflora-l-2.txt,,,Họ ngọc lan (Magnoliaceae),9605163
Michelia champaca L,Ngọc lan vàng,"Hà Nội. Cây trồng làm cảnh phổ biến ở đền chùa, công viên, đường phố",michelia-champaca-l.txt,,,Magnoliaceae,3153099
Elaeocarpus hygrophilus Kurz,"Cà na, Côm cánh ướt","Lâm Đồng (Đà Lạt), Khánh Hòa (Vọng Phu), Bình Dương, Bà Rịa Vũng Tàu. Cây mọc dựa rạch hoặc ven suối. Đã đưa vào sách đỏ Việt Nam. Khung phân hạng (VU)",elaeocarpus-hygrophilus-kurz.txt,,Côm (Elaeocarpaceae),,4032124
Brassica integrifolia O. E. Schulz,Cải ngọt,Cây trồng.,brassica-integrifolia-o-e-schulz.txt,,,Brassicaceae,3042751
Oroxylum indicum (L.) Kurz – Bignonia indica L,"Núc nác, Nam hoàng bá, Mộc hồ điệp, Ngúc nác, Ngòng pắng điặng (Dao), Mạy cả (Tày), Co ca liên (Thái), Psơ lụng (Kho)",Cây mọc tự nhiên ở rừng thường xanh hoặc trong các quần hệ thứ sinh ở nhiều nơi,oroxylum-indicum-l-kurz.txt,,,Bignoniaceae,7414934
Styrax tonkinensis (Pierre) Craib ex Hart. – Anthostyrax tonkinensis Pierre,"Bồ đề, Cánh kiến trắng, An tức bắc, Săng trắng, Bồ đề trắng, Hu món (Tày)","Hà Giang, Lai Châu, Sơn La, Hoà Bình, Hà Tĩnh. Cây mọc tự nhiên và được trồng",styrax-tonkinensis-pierre-craib-ex-hart.txt,,Bồ đề (Styracaceae),,5371676
Ficus carica L,Sung ngọt,"Phú Yên, Khánh Hòa. Cây trồng",ficus-carica-l.txt,,,Moraceae,5361909
Mycetia balansae Drake,"Lấu quả balansa, Khuẩn quả balansa","Vĩnh Phúc (Tam Đảo), Hà Nội (Ba Vì), Lâm Đồng (Lang Hanh). Cây mọc tự nhiên trong rừng thưa, ven suối có đá, ở độ cao 900-1200 m",mycetia-balansae-drake.txt,,,Rubiaceae,5337697
Maesa indica (Roxb.) A. DC,"Đơn ấn độ, Đơn nem ấn độ, Đơn răng cưa, Rau chua chát","Lai Châu (Bình Lư), Lạng Sơn, Thái Nguyên, Hà Nội (Ba Vì), Ninh Bình (Chợ Ghềnh), Thừa Thiên Huế, Kon Tum (Đắk Glei), Lâm Đồng (Đà Lạt)",maesa-indica-roxb-a-dc-2.txt,Baeobotrys indica Roxb,Đơm nem – Myrsinaceae,,7736989
Ruta graveolens L. – Ruta chalepensis L,"Cửu lý hương., Vân hương",Cây nhập trồng làm cảnh và làm thuốc. Nguồn gốc từ Địa Trung Hải,ruta-graveolens-l.txt,,,Họ Cam (Rutaceae),3190381
Cucumis sativus L,"Dưa chuột, Hồ qua, Dưa leo, Qua nu (Tày)",Cây trồng,cucumis-sativus-l.txt,,,Cucurbitaceae,2874569
Asarum reticulatum Merr,Tế hoa mạng,Lao Cai (Sa Pa). Cây mọc tự nhiên trên đất mùn trong rừng thưa ở độ cao 1500m,asarum-reticulatum-merr.txt,,,Aristolochiaceae,3589208
Aidia oxyodonta (Drake) T.Yamaz. – Randia oxyodonta (Drake ) Yamazaki,"Găng răng nhọn, Đài khoai, Găng múi tép","Hà Nội (Ba Vì), Ninh Bình, Quảng Trị, Đắk Lắk. Cây mọc tự nhiên rải rác trong rừng, ở độ cao tới 500 m",aidina-oxydonta-drake-yamazaki.txt,,,Rubiaceae,2919774
"Stereospermum tetragonum DC. – Stereospermum colais (Buch.-Ham. ex Dillwyn) Mabb., Bignonia colais Dillw",Quao,"Thanh Hoá, Nghệ An, Thừa Thiên Huế, Ninh Thuận tới Đồng Nai. Cây mọc tự nhiên dưới rừng ẩm, rừng rụng lá, ở độ cao tới 1000m",stereospermum-colais-dillw-mabberl.txt,,,Bignoniaceae,7298473
Corchorus olitorius L,"Rau đay, Đay quả dài, Cây bố, Đính lịch, Đay rừng, Phiắc slềnh (Tày)",Cây trồng,corchorus-olitorius-l.txt,,,Tiliaceae,3152084
Dipterocarpus hasseltii Blume,Dầu cà luân,"Thừa Thiên Huế, Lâm Đồng. Cây mọc tự nhiên trong rừng già, nơi ẩm, ở độ cao tới 1000 m",dipterocarpus-hasseltii-blume.txt,,Dầu (Dipterocarpaceae),,4097056
Camellia kissii Wall. – Thea sasanqua var. kissii (Wall.) Pierre,Trà nhuỵ ngắn,"Quảng Bình, Quảng Trị, Thừa Thiên Huế, Bình Thuận, Lâm Đồng. Cây mọc tự nhiên",camellia-kissii-wall.txt,,,Theaceae,7979840
Paederia microcephala Pierre ex Pitard,"Mơ rừng, Mác ma (Tày)",Bình Dương (Thủ Dầu Một). Cây mọc tự nhiên,paederia-microcephala-pierre-ex-pitard.txt,,,Rubiaceae,2909494
Lysionotus serratus D.Don,"Nổ lưng răng nhọn, Thanh trúc tiêu","Lào Cai (Sa Pa), Cao Bằng (Nguyên Bình, Pia Usắc).Cây mọc trên núi đá ẩm, ở độ cao 1000-2000m.",lysionotus-serratus-d-don.txt,,,Gesneriaceae,6365636
Botrychium daucifolium Wall. ex Hook. et Grev,Âm địa nhung,"Lào Cai (Sa Pa), Lâm Đồng, Khánh Hòa. Cây mọc tự nhiên rải rác trong các trảng cỏ thứ sinh hay ở vách đất ven rừng rậm thường xanh, trong đó có rừng mây mù, ở độ cao 1.300-1.800 m",botrychium-daucifolium-wall-ex-hook-et-gew.txt,,,Ophioglossaceae,3659064
Acanthus integrifolius T. Anders,"Ắc ó, Ô rô",Cây trồng làm cảnh hoặc làm hàng rào ở nhiều nơi,acanthus-integrifolius-t-anders.txt,,,Acanthaceae,
Glinus oppositifolius (L.) DC. – Mollugo oppositifolius L,"Rau đắng lông, Rau đắng lá vòn","Quảng Bình, Quảng Trị, Thừa Thiên Huế. Cây mọc tự nhiên ở ruộng, rẫy, bãi cỏ bồi ve",glinus-oppositifolius-l-dc.txt,,,Mollugiaceae,7548362
Crotalaria bracteata Roxb. ex DC,Lục lạc bẹ,"Hà Nội, Ninh Bình, Quảng Bình, Kon Tum, Gia Lai, Đắk Lắk, Lâm Đồng, Bình Thuận. Cây mọc tự nhiên trên các bãi hoang, ven sông, trảng cỏ, trong rừng thưa rụng lá, ở độ cao tới 1000 m",crotalaria-bracteata-roxb-ex-dc.txt,,,Fabaceae,2941869
Senecio jacobsenii Rowley – S. petraceus Muschl,"Xuyên liên, Huỳnh liên",Cây trồng làm cảnh ở nhiều tỉnh phía Nam,senecio-jacobsenii-rowley.txt,,,Asteraceae,5405661
Glochidion heyneanum (Wight & Arn.) Wight – Glochidion velutinum Wight,"Sóc lông, Bòn bọt","Quảng Ninh, Hải Dương, Phú Thọ (Thanh Ba), Hà Nội (Ba Vì), Lâm Đồng (Lang Hanh). Cây mọc tự nhiên trên đồi cây bụi",glochidion-velutinum-wight.txt,,,Euphorbiaceae,3080544
Orthosiphon marmoritis (Hance) Dunn – Plectrathus marmoritis Hance,Phong diệu yến,"Tuyên Quang, Sơn La. Cây mọc tự nhiên",orthosiphon-marmoritis-hance-dunn.txt,,,Lamiaceae,3891796
Dendrobium bellatulum Rolfe,"Bạch hỏa hoàng, Hoàng thảo đốm","Kon Tum, Lâm Đồng. Cây mọc tự nhiên, bám trên cây gỗ lớn trong rừng, ở độ cao 600-1.500 m. Loài hiếm, đã đưa vào Sách Đỏ Việt Nam",dendrobium-bellatulum-rolfe.txt,,,Orchidaceae,5316421
Acacia farnesiana (L.) Willd. – Mimosa farnesiana L,"Keo ta, Keo thơm, Kinh cầu hoa, Rum tai","Cây du nhập, nay trở nên hoang hóa ở khắp nơi của Việt Nam",acacia-farnesiana-l-willd.txt,,,Mimosaceae,2979265
Bauhinia rubro-villosa K.Larsen & S.S.Larsen,Móng bò lông đỏ,"Lai Châu, Lao Cai, Hà Nội. Cây mọc tự nhiên rải rác ven rừng và lùm bụi, còn được trồng làm cảnh ở Hà Nội.",bauhinia-rubo-villosa-k-et-s-larsen.txt,,,Caesalpiniaceae,10809876
"Aganosma acuminata (Roxb.) G.Don ( Echites acuminata Roxb., E. marginata Roxb., Aganosma marginata (Roxb.) G. Don)","Luyến hương, Chè lông, Chè lông, Chè rừng, Chè đỏ ngọn","Đắk Nông (Đắk Mil, Đức Minh, Nam Đà), Lâm Đồng (Đức Trọng), Khánh Hòa (Nha Trang, Hòn Tre), Ninh Thuận (Cà Ná, Bà Râu), Bình Dương (Thủ Dầu Một, Thị Tính), Tây Ninh, Đồng Nai (Biên Hòa), Bà Rịa-Vũng Tàu (Côn Đảo), Tp. Hồ Chí Minh, An Giang (Châu Đốc)",aganosma-acuminata-roxb-g-don.txt,,Trúc đào – Apocynaceae,,3619392
Euphorbia chrysocoma Levl. et Vaniot,Tục tùy lông vàng,"Lào Cai (Sa Pa). Cây ẩm sinh, ưa sáng, chịu lạnh, mọc tự nhiên ở ven bãi cỏ trên núi, đất lầy, ở độ cao 1500 m trở lên",euphorbia-chrysocoma-levl-et-vaniot.txt,,Thầu Dầu ( Euphorbiaceae),,3068565
Penthorum chinense Pursh,"Rau ngũ trụ, Rau rễ xé, Thuỷ trạch lan","Lào Cai (Sa Pa), dọc Sông Hồng tới Hà Nội. Cây mọc tự nhiên ở ven rừng, ven sông suối, dựa rạch, kẽ đá nơi ẩm, ở độ cao từ thấp đến 1.600 m.",penthorum-chinense-pursh.txt,,,Penthoraceae,4256028
Begonia palmata D.Don,Hải đường chân vịt,Lào Cai (Sa Pa). Cây mọc tự nhiên rải rác trong rừng thưa,begonia-palmata-d-don.txt,,,Begoniaceae,8047443
Pueraria mirifica Airy Shaw et Suvat,"Sâm tố nữ, Sâm tố nữ, Săn dây củ tròn, Kwao Krua Kwao, White Kwao Krua","vùng núi Sơn La, Yên Bái, Thanh Hóa, Nghệ An",pueraria-mirifica-airy-shaw-et-suvat.txt,,Đậu (Fabaceae),,2977697
Stemona cochinchinensis Gagnep,Bách bộ nam,"Lạng Sơn (Hữu Lũng), Khánh Hòa, Đồng Nai. Cây mọc tự nhiên trên các hốc đá, khe núi. Loài hiếm, đã được đưa vào Sách Đỏ Việt Nam",stemona-cochinchinensis-gagnep.txt,,Bách bộ – Stemonaceae,,2863338
Stephania cambodica Gagnep,"Bình vôi cam pốt, P’lồi (K’ho)","Quảng Nam, Đắk Lắk, Lâm Đồng. Cây mọc tự nhiên trong vùng núi đá vôi ẩm, ở độ cao khoảng 700-900 m.",stephania-cambodica-gagnep.txt,,Tiết dê (Menispermaceae),,5592650
Gynostemma pubescens (Gagnep.) C.Y.Wu,"Giảo cổ lam bảy lá, Dền toòng lông","Vùng núi một số tỉnh Lào Cai, Hà Giang, Bắc Kạn, Thái Nguyên, Thanh Hóa, Nghệ An, Quảng Bình",gynostemma-pubescens-gagnep-c-y-wu.txt,Gynostemma pedatum var. pubescens Gagnep,Bầu bí – Cucurbitaceae,,7317960
Paris yunnanensis Franch. – Paris polyphylla var. platipetala Franch,Trọng lâu vân nam,"Lao Cai, Hà Giang. Cây mọc tự nhiên ở vùng núi cao, ẩm",paris-yunnanensis-franch.txt,,,Trilliaceae,5295953
Beaumontia grandiflora (Roxb.) Wall. – Echites grandiflora Roxb,"Hùng hoa to, Dái hoẵng hoa to, Khộp","Lào Cai, Lâm Đồng. Cây mọc tự nhiên ở ven rừng",beaumontia-grandiflora-roxb-wall.txt,,,Apocynaceae,5535537
Psilotum nudum (L.) P. Beauv,Quyết lá thông,"Bắc Cạn, Lâm Đồng. Cây mọc tự nhiên, phụ sinh trên cây to ven suối hoặc rừng ẩm, ở độ cao 0 – 1200m.",psilotum-nudum-l-p-beauv.txt,,,Psilotaceae,2688176
Pyrrosia porosa var. tonkinensis (Giesenh.) Hovenkamp,Thạch vi bắc bộ,"Lao Cai, Cao Bằng, Hà Nội (Ba Vì). Cây mọc tự nhiên, thường sống bám trên bề mặt hay khe đá giàu mùn, ở ven rừng rậm thường xanh, độ cao thường gặp từ 300 – 1500m.",pyrrosia-porosa-c-presl-hovenkamp-var-tonkinensis-giesenh-hovenkamp.txt,,,Polypodiaceae,5647774
Schrebera swietenioides Roxb,"Sơn biên, Quả gỗ","Đắk Lắk, Gia Lai. Cây mọc tự nhiên ở rừng",schrebera-swietenioides-roxb.txt,,,Oleaceae,5549816
Alisma plantago-aquatica L,"Trạch tả, Mã đề nước","Lai Châu, Lào Cai, Cao Bằng, Lạng Sơn, Sơn La, Thanh Hoá. Cây mọc tự nhiên ở ao hồ, ruộng nước; còn được trồng",alisma-plantago-aquatica-l.txt,,,Alismataceae,2865100
Cordyline fruticosa (L.) Goepp. var. angusta Hort,Huyết dụ nhỏ,Cây trồng.,cordyline-fruticosa-l-goepp-var-angusta-hort.txt,,,Asteliaceae,2766278
Eichhornia crassipes (Mart.) Solms,"Lục bình, Bèo nhật bản, Bèo tây",Miền Bắc và Nam Việt Nam,eichhornia-crassipes-mart-solms-2.txt,Pontederia crassipes Mart,Lục bình – Pontederiaceae,,2765942
Ventilago cristata Pierre,"Dây thiếu trâu, Dây cồng cộng","Thái Nguyên (Than Muội), Ninh Thuận (Phan Rang), Tây Ninh, An Giang. Cây mọc tự nhiên rải rác trong rừng thứ sinh",ventilago-cristata-pierre.txt,,,Họ Táo (Rhamnaceae),3874548
Tetrastigma tonkinense Gagnep,"Thâm bếp ,Tứ thư bần",Ninh Bình. Cây mọc tự nhiên,tetrastigma-tonkinense-gagnep.txt,,,Vitaceae,5659141
Appendicula cornuta Blume,"Vệ lan móng, Lan hạt bí","Cao Bằng, Thứa Thiên Huế, Khánh Hòa, Lâm Đồng, Tây Ninh. Cây mọc tự nhiên, rải rác trong rừng, ở độ cao 600-1.500 m.",appendicula-cornuta-blume.txt,,,Orchidaceae,5325089
Clianthus scandens (Lour.) Merr. – Sarcodum scandens Lour,Nắc ke,"Hoà Bình, Hà Giang, Lào Cai, Thừa Thiên Huế, Đà Nẵng. Cây mọc tự nhiên ở vùng núi cao",clianthus-scandens-lour-merr.txt,,,Fabaceae,2951345
Gouania leptostachya DC. Họ Táo ta (Rhamnaceae),"Dây gân, Dây đòn gánh, Dây con kiến, Dây xà phòng, Đơn tai mèo, Dây râu rồng, Poát pào (Thái), Seng thanh (Mường), Khau càn (Tày)","Hòa Bình, Lao Cai, Hoà Bình, Khánh Hoà, Ninh Thuận, Đồng Nai. Cây mọc tự nhiên",gouania-leptostachya-dc.txt,,,,7273872
Zanthoxylum evodiaefolium Guillaum,"Đắng cay ba lá, Hoàng mộc phi","Khánh Hòa, Lâm Đồng. Cây mọc tự nhiên",zanthoxylum-evodiaefolium-guillaum.txt,,Cam quýt (Rutaceae),,7268901
Parsonsia alboflavescens (Dennst.) Mabb. – Parsonsia laevigata (Moon) Alston,Bạt sơn,"Bà Rịa Vũng Tàu (Núi Dinh). Cây mọc tự nhiên, leo cuốn trên các cây bụi ven rừng.",parsonsia-alboflavescens-dennst-mabb.txt,,Trúc đào (Apocynaceae),,7317262
Launaea acaulis (Roxb.) Babc. ex Kerr – Prenanthoides acaulis Roxb,"Sa sâm nam thân ngắn, Cúc lông chim, Cỏ chân vịt","Lai Châu, Lào Cai, Sơn La. Cây mọc tự nhiên trên bãi cỏ, bờ sông, bờ ruộng ẩm, ở độ cao 100-1600 m",launaea-acaulis-roxb-babc-ex-kerr.txt,,,Asteraceae,3144813
Coffea liberica var. dewevrei (De Wild. & T.Durand) Lebrun – Coffea dewevrei var. excelsa (A.Chev.) A.Chev,Cà phê mít,Cây nhập trồng. Nguồn gốc từ vùng nhiệt đới châu Phi.,coffea-dewevrei-willd-et-thr-dur-var-excelsa-a-chev-a-chev-sec-phamhoang.txt,,,Cà phê (Rubiaceae),8524134
Cynanchum stauntonii (Decne.) Schtr. ex H.Lev,Bạch tiền liễu,"Cây mọc tự nhiên ở ven đê, đập nước ở vùng Hà Tiên tỉnh Kiên Giang.",cynanchum-stauntonii-decne-hand-mazz.txt,,,Asclepiadaceae,5525315
Gymnosporia marcanii Craib,Lõa trâu mốc,"Đà Nẵng (Bà Nà), Khánh Hòa (Nha Trang), Ninh Thuận. Cây mọc rải rác trong rừng thưa, sinh cảnh hở",gymnosporia-marcanii-craib.txt,,,Celastraceae,3794496
Perilla frutescens (L.) Britt. var. acuta (Thunb.) Kudo,Tía tô nhọn,Cây trồng ở khắp nơi của Việt Nam,perilla-frutescens-l-britt-var-acuta-thunb-kudo.txt,,,Lamiaceae,5341394
Croton potabilis Croiz,"Cù đèn trà, Côn trà","Quảng Trị (Mai Lãnh), Thừa Thiên Huế, Đà Nẵng, Quảng Nam. Cây ưa sáng, mọc tự nhiên trên các trảng thường xanh hay rụng lá, trên đất khô cằn, ở độ cao 100-500 m. Loài đặc hữu của Việt Nam",croton-potabilis-croiz.txt,,,Họ Thầu dầu (Euphorbiaceae),3059060
Hibiscus rosa-sinensis L,"Râm bụt, Bụp, Phù tang, Hồng bút, Co ngần (Thái), Xuyên cân bỉ, Bióoc ngần (Tày), Phầy quấy pin (Dao)","Cây trồng làm cảnh, làm hàng rào, làm cảnh khắp nơi",hibiscus-rosa-sinensis-l.txt,,,Malvaceae,3152559
Xanthophyllum glaucum Wall,"Săng ớt mốc, Gạt nai, Săng vé","Quảng Bình, Quảng Trị, Thừa Thiên Huế, Đồng Nai. Cây mọc tự nhiên",xanthophyllum-glaucum-wall-ex-hassk-in-miq.txt,,,Polygalaceae,4051497
Smilax riparia A. DC,"Kim cang lá mỏng, Cậm cang ven sông","Lào Cai, Lai Châu, Bắc Giang, Ninh Bình, Nghệ An, Lâm Đồng. Cây mọc tự nhiên, rải rác ven trảng cây bụi, khe núi, sườn đồi, ở độ cao 500-1.000 m.",smilax-riparia-a-dc.txt,,,Smilacaceae,5295689
Christella parasitica (L.) H. Lev. – Cyclosorus parasiticus (L.) Farw,Dương xỉ thường,"Cây mọc tự nhiên trong rừng ẩm, khá phổ biến ở Việt Nam.",christella-parasitica-l-h-lev.txt,,,Thelypteridaceae,4083193
Microcos paniculata L. – Grewia microcos L,Bung lai,"Lạng Sơn, Quảng Ninh, Nghệ An, Đà Nẵng. Cây mọc tự nhiên khá phổ biến ở trong rừng thứ sinh",microcos-paniculata-l.txt,,,Tiliaceae,4259928
Anaphalis margaritacea (L.) Benth. et Hook.f. – Gnaphalium margaritacea L,"Sơn thu, Rau khúc dại","Lào Cai (Sa Pa), Lâm Đồng (Đà Lạt, Lạc Dương), Kon Tum (Đắc Lây). Cây mọc tự nhiên dọc đường đi, ở độ cao 800-1800 m",anaphalis-margaritacea-l-benth-et-hook-f.txt,,,Asteraceae,4926336
Adiantum capillus-veneris L,"Đuôi chồn, Thiết tuyến thảo, Thạch trường sinh",,rang-trac.txt,,Adiantaceae (Nguyệt xỉ),,2651816
Crescentia cujete L,Đào tiên,Cây trồng ở các tỉnh từ miền Trung trở vào,crescentia-cujete-l.txt,,Núc Nác(Bignoniaceae),,5415081
Jasminum pentaneurum Hand.-Mazz,Vằng năm gân,"Quảng Ninh, Quảng Nam, Đà Nẵng. Cây mọc tự nhiên ở ven rừng",jasminum-pentaneurum-hand-mazz.txt,,,Oleaceae,3682697
Tarenna attenuata (Hook.f.) Hutch. – Webera attennuata Hook.f,"Tài liềng thằng, Trèn thon","Vĩnh Phúc (Tam Đảo), Ninh Bình, Đắk Lắk, Tây Ninh. Cây mọc tự nhiên ven rừng, rải rác trong rừng, ở độ cao 300-1.500 m",tarenna-attenuata-hook-f-hutch.txt,,,Rubiaceae,2896248
Colysis pothifolia (D.Don) C Presl var. pothifolia,Ráng cổ lý bầu dục,"Rộng. Lạng Sơn, Vĩnh Phúc (Tam Đảo), Hà Nội (Ba Vì), Thừa Thiên – Huế, Lâm Đồng. Cây mọc tự nhiên trong rừng rậm thường xanh, ở độ cao 200 – 2000m.",colysis-pothifolia-d-don-c-presl-var-pothifolia.txt,,,Polypodiaceae,
Centranthera cochinchinensis (Lour.) Merr. – Digitalis cochinchinensis Lour,Vừng cỏ Tâm hùng,"Hoà Bình, Quảng Bình, Quảng Trị, Thừa Thiên Huế tới Sông Bé. Cây mọc tự nhiên trên các trảng, nơi ẩm, lầy, rừng thưa từ vùng thấp tới độ cao 1200m",centranthera-cochinchinensis-lour-merr.txt,,,Scrophulariaceae,6033660
Cayratia wrayi (King) Gagnep. – Vitis wrayii King,Vác wray,"Nghệ An, Quảng Bình, Quảng Trị, Thừa Thiên Huế, Đà Nẵng, Kiên Giang.",cayratia-wrayi-king-gagnep.txt,,,Vitaceae,7293851
Dendropanax macrocarpus C. N. Ho,"Diên bạch trái to, Thụ sâm quả to",Lao Cai . Cây mọc tự nhiên trong rừng rậm ở độ cao 1000-2000 m,dendropanax-macrocarpus-c-n-ho.txt,,Ngũ gia bì (Araliaceae),,3035049
Tacca leontopetaloides (L.) Kuntze – Leontice lentopetaloides L,"Huyền tinh, Củ nưa, Bạch tinh","Quảng Trị, Thừa Thiên Huế, Khánh Hòa. Cây mọc tự nhiên nơi ẩm dưới rừng, rừng thứ sinh, trảng cây bụi, ven suối, khe núi. Còn được trồng lấy củ, giã, lọc lấy tinh bột ăn",tacca-leontopetaloides-l-kuntze.txt,,,Taccaceae,2755866
Maesa membranacea A. DC,"Chắp nhẵn, Đơn màng, Đồng đơn","Sơn La, Phú Thọ, Vĩnh Phúc (Tam Đảo), Hà Nội (Ba Vì), Quảng Bình, Quảng Trị, Đắk Lắk, Lâm Đồng. Cây mọc tự nhiên trong rừng hỗn giao, sườn đồi, ven suối, ở độ cao 400-1500 m",maesa-membranacea-a-dc.txt,,,Myrsinaceae,3718679
Endospermum chinense Benth,"Vạng trứng, Vạng còng, Nội châu","Phú Thọ, Hoà Bình, Quảng Trị. Cây mọc tự nhiên trong rừng thưa, ở độ cao 100-500 m",endospermum-chinense-benth.txt,,,Euphorbiaceae,3063650
Heteropogon contortus (L.) P. Beauv. ex Roem. et Schult,"Dị thảo vặn, Cỏ khác râu","Khánh Hòa, Bình Thuận. Cây mọc tự nhiên ven rừng thưa, ở độ cao tới 500 m.",heteropogon-contortus-l-p-beauv-ex-roem-et-schult.txt,,Hòa thảo (Poaceae),,5290179
Tetracera indica (Houtt.) Merr. – Assa indica Houtt,Chạc chìu ấn,"Đắk Lắk, Đồng Nai, Côn Đảo. Cây mọc tự nhiên rải rác ven rừng",tetracera-indica-houtt-merr.txt,,,Dilleniaceae,5681347
Paulownia fortunei (Seem.) Hemsl. – Campis fortunei Seem,Hông,"Lào Cai (Sa Pa, Bắc Hà), Cao Bằng, Hà Giang, Lai Châu. Cây mọc tự nhiên, rải rác trong rừng thưa ở độ cao 1.000-1.500 m.",paulownia-fortunei-seem-hemsl.txt,,,Scrophulariaceae,3727077
Ficus ischnopoda Miq,Rù rì cuống dài,"Sơn La, Vĩnh Phúc, Hòa Bình, Thanh Hóa, Nghệ An, Đắk Lắk, Lâm Đồng. Cây mọc tự nhiên, thường gặp ở ven suối, ở độ cao tới 1500 m.",ficus-ischnopoda-miq.txt,,,Moraceae,5569955
Jasminum nervosum Lour,"Nhài gân, Dây vằng, Nhài mạng","Hà Nội, Nghệ An, Đà Nẵng, Đồng Nai. Cây mọc tự nhiên ở ven rừng, trảng cây bụi, nhiều ở vùng đồi",jasminum-nervosum-lour.txt,,,Oleaceae,3683063
Sphenoclea zeylanica Gaertn. – Rapinia herbacea Lour,"Cỏ phống, Xà bông","Cây mọc tự nhiên ở vùng đất lầy đồng bằng, khá phổ biến ở Việt Nam",sphenoclea-zeylanica-gaertn.txt,,,Họ Cọ phống (Sphenocleaceae),3158672
Caesalpinia minax Hance,"Vuốt hùm , Móc diều, Móc mèo, Vân thực, Trần sa lực, Nam là (Tày), Lẩu gáy piếu (Dao)",Lạng Sơn tới Thừa Thiên Huế. Cây mọc tự nhiên ở các bìa rừng vùng núi từ 300 – 1500m. Còn được trồng làm hàng rào,caesalpinia-minax-hance.txt,,Đậu (Fabaceae),,11219613
Polygonum alatum Buch.-Ham. ex D. Don – Polygonum nepalense Meisn,"Nghể núi, Nghể Nepal","Lào Cai, Hà Giang, Lai Châu. Cây mọc tự nhiên ở bãi đất ẩm, vách núi đá ẩm độ cao từ 1.000-2.000m.",polygonum-alatum-buch-ham-ex-d-don.txt,,,Polygonaceae,4034001
Ficus pyriformis Hook. & Arn. – F. subpyriformis sensu Phamhoang,"Cánh nỏ, Rù rì bãi, Chảng nả (Tày)","Lào Cai, Sơn La, Vĩnh Phúc, Hòa Bình, Kon Tum, Đắk Lắk, Lâm Đồng, Đồng Nai. Cây mọc tự nhiên ven suối, ở độ cao từ thấp đến 1500 m",ficus-pyriformis-hook-arn.txt,,,Moraceae,5570171
Harpullia arborea (Blanco) Radlk. – Ptelea arborea Blanco,Hoạt bi,"Đắk Lắk, Bà Rịa Vũng Tàu (Côn Đảo). Cây mọc tự nhiên trong rừng rậm hoặc rừng ven biển và ven sông.",harpullia-arborea-blanco-radlk.txt,,,Sapindaceae,3190016
Cycas litoralis K.D. Hill,"Thiên tuế tròn, Thiên tuế vòng","Rất hẹp, mới chỉ thấy ở Kiên Giang (Phú Quốc). Cây mọc tự nhiên gần sát mức nước biển, trong các trảng cây bụi chịu hạn dọc bờ biển; còn được trồng làm cảnh. Đã đưa vào sách đỏ Việt Nam.",cycas-litoralis-k-d-hill.txt,,,Cycadaceae,2683238
Solanum violaceum Ortega – Solanum indicum L,"Cà dại hoa tím, Cà hoang gai, Cà ấn, Plờn plên (Kho), Mác rịa phạ đeng (Tày)","Cây mọc tự nhiên, khá phổ biến ở Việt Nam",solanum-violaceum-ortega.txt,,Cà (Solanaceae),,2929848
Mussaenda subsessilis Pierre ex Pitard,Khẩu nưa,"Quảng Nam, Đà Nẵng. Cây mọc tự nhiên ở bìa rừng",mussaenda-subsessilis-pierre-ex-pitard.txt,,,Rubiaceae,2892566
Casuarina equisetifolia Forst. & Forst.f,"Phi lao, Mạy tan ke (Tày), Dương liễu, Xi lau",Cây trồng. Nguồn gốc từ Australia,casuarina-equisetifolia-forst-forst-f.txt,,,Casuarinaceae,2891930
Pholidota yunnanensis Rolfe,"Thạch tiên lan, Tục đoạn vân nam, Lan thài lài","Lao Cai (Sa Pa), Hà Giang (Yên Minh, Quản Bạ), Cao Bằng. Cây mọc tự nhiên, bám trên các cây gỗ lớn trong rừng, ở độ cao 500 m.",pholidota-yunnanensis-rolfe.txt,,,Orchidaceae,12198903
Drynaria quercifolia (L.) J. Sm. – Polypodium quercifolium L,Bổ cốt toái lá nhỏ,"Hà Giang (Phó Bảng),Lâm Đồng, Khánh Hòa, Ninh Thuận, Tây Ninh. Cây mọc tự nhiên, thường sống bám trên cây gỗ, rất ít khi trên đá trong rừng rậm nửa rụng lá, rừng rậm lá cây họ Dầu, hay rừng rậm thường xanh.",drynaria-quercifolia-l-j-sm.txt,,Dương xỉ (Polypodiaceae),,7126715
Lonicera hildebrandia Coll. et Hemsl,Kim ngân lá to,"Lai Châu (Sìn Hồ), Lào Cai (Sa Pa). Cây mọc tự nhiên ở vùng núi, độ cao tới 1500 m. Cây hiếm (CR) đã đưa vào sách đỏ Việt Nam",lonicera-hildebrandia-coll-et-hemsl.txt,,Kim ngân (Caprifoliaceae),,8153714
Zanthoxylum avicenniae (Lam.) DC. – Fagara avicennae Lam,"Muồng truổng, Mạy khuống (Tày), Tần tiêu, Đơn gai, Muồng lá nhỏ, Cây sẻn, Sẻn đen, Truông lá nhỏ","Lao Cai, Lạng Sơn, Quảng Bình, Quảng Trị, Thừa Thiên Huế, Quảng Nam, Đà Nẵng. Cây mọc tự nhiên",zanthoxylum-avicenniae-lam-dc.txt,,,Rutaceae,3832937
Solanum torvum Sw,"Cà dại hoa trắng, Cà Hoang, Cà dữ, Cà gai Hoa trắng, Mác rịa, Phạ phước (Tày), Hìa kía pẹ (Dao)","Cây mọc tự nhiên trên các bãi hoang, ven đường, ven rừng, khá phổ biến ở Việt Nam",solanum-torvum-sw.txt,,Cà (Solanaceae),,2932389
Acacia catechu (L.f.) Willd. – Mimosa catechu L.f,Keo cao,Cây trồng ở Thảo cầm viên Thành phố Hồ Chí Minh.,acacia-catechu-l-f-willd.txt,,Trinh nữ (Mimosaceae),,3796190
Keteleeria evelyniana Mast. – Keteleeria davidiana (Bertr.) Beissn,"Tô hợp, Tô hạp, Du sam, Thông dầu","Lai Châu, Sơn La, Lâm Đồng. Cây mọc tự nhiên. Đã được đưa vào Sách Đỏ Việt Nam",keteleeria-evelyniana-mast.txt,,,Pinaceae,2685711
"Paraboea treubii (Forbes) Burtt, – Boea treubii Forbes",Bạc thau đá,"Cao Bằng, Thanh Hoá, Bà Rịa – Vũng Tàu. Cây mọc tự nhiên vùng núi đá vôi, sườn ẩm",paraboea-treubii-forbes-burtt.txt,,,Gesneriaceae,5591147
Scaphium macropodum (Miq.) Beumee ex K. Heyne – Scaphium lychnophorum (Hance) Pierre,"Lười ươi , Cây ươi","Quảng Nam, Quảng Ngãi, Đồng Nai, Tây Ninh, Kiên Giang. Cây mọc tự nhiên trong rừng thưa",scaphium-macropodum-miq-beumee-ex-k-heyne.txt,,,Sterculiaceae,5546217
Dioscorea persimilis Prain et Burk,"Củ mài, Sơn dược, Mằm chén (Tày), Khoai mài, Mán địn, Co mằn kép (Thái), Glờn (Kdong), Mằn ôn (Nùng), Hìa dòi (Dao)","Cây mọc tự nhiên khá phổ biến trong rừng mưa mùa, rừng lá rộng thường xanh, rừng tre nứa, trảng cây bụi, sườn núi ở Việt Nam",dioscorea-persimilis-prain-et-burk-ho-thuc-vat-dioscoreaceae.txt,,Củ nâu (Dioscoreaceae),,2754651
Melastoma sanguineum Sims,Mua bà,"Cây mọc tự nhiên ở ven rừng, trên đồi khắp nước ta",melastoma-sanguineum-sims.txt,,,Melastomaceae,3188512
Euodia meliaefolia (Hance) Benth. – Megobotria meliaefolia Hance,"Dầu dấu xoan, Ngô thù du lá xoan, Thôi chanh tía","Quảng Ninh (Uông Bí), Vĩnh Phúc, Hòa Bình, Nghệ An, Quảng Nam, Đà Nẵng. Cây mọc tự nhiên rải rác trong rừng, ven suối, ở độ cao dưới 1.300 m",euodia-meliaefolia-hance-benth.txt,,Cam quýt (Rutaceae),,7269372
Zea mays L,"Ngô , Bắp, Má khẩu lý (Thái), Hờ ho (Bana), Khẩu tấy bắp (Tày)",Cây trồng phổ biến ở Việt Nam,zea-mays-l.txt,,,Poaceae,5290052
Ocimum basilicum L,"Húng giổi , Húng quế, Húng chó, é, La lặc, Phắc y tu (Thái), Năng cốp (Tày)",Cây trồng,ocimum-basilicum-l.txt,,,Lamiaceae,2927096
Colysis digitata (Bak.) Ching – Gymnogramma digitata Bak,"Ráng cổ lý chẻ ngón, Ổ vạch lá ngón","Quảng Bình, Quảng Trị, Thừa Thiên Huế, Ninh Bình, Đà Nẵng. Cây mọc tự nhiên, mọc bám trên cây, trên đá trong rừng ẩm thường xanh, ở độ cao 100 – 800m.",colysis-digitata-bak-ching.txt,,,Polypodiaceae,5646867
"Alpinia hainanensis K. Schum. ( Alpinia henryi K. Schum., Languas henryi (K. Schum.) Men.)","Riềng hải nam, Riềng henry","Hà Nam, Ninh Bình",alpinia-hainanensis-k-schum.txt,,Gừng – Zingiberaceae,,5302164
Quercus incana Roxb,"Sồi bạc, Sồi bạch mao",Khánh Hòa (Nha Trang).,quercus-incana-roxb.txt,Quercus leucotrichophora A. Camus,Dẻ – Fagaceae,,2878058
Auricularia delicata (Fr.) P. Henn,Mộc nhĩ nhăn,"Lai Châu, Lào Cai, Yên Bái, Tuyên Quang, Bắc Cạn, Thái Nguyên, Lạng Sơn, Quảng Ninh, Bắc Giang, Hà Nội, Ninh Bình, Thanh Hóa, Nghệ An, Hà Tĩnh, Quảng Bình, Thừa Thiên Huế, Đà Nẵng, Tây Ninh.",auricularia-delicata-fr-p-henn.txt,,Mộc nhĩ – Auriculariaceae,,5245860
Fagopyrum esculentum Moench,"Mạch ba góc , Kều mạch","Cây trồng ở Lào Cai, Hà Giang, Cao Bằng, Lạng Sơn, Bắc Kạn, Thái Nguyên, Hà Nội",fagopyrum-esculentum-moench.txt,Polygonum fagopyrum L,Rau răm – Polygonaceae,,2889373
Elsholtzia winitiana Craib,"Kinh giới đất, Kinh giới dây, Cây roi ngựa","Lào Cai, Gia Lai, Lâm Đồng. Cây mọc tự nhiên trên các bãi hoang, sườn đồi, ven đường, ở độ cao 600 m",elsholtzia-winitiana-craib.txt,,,Lamiaceae,7308868
Pothos repens (Lour.) Druce – Flagellaria repens Lour,"Chân rết, Cơm lênh, Tràng pháo, Ráy leo, Ráy bò","Lạng Sơn, Cao Bằng, Sơn La, Hoà Bình, Nghệ An. Cây mọc tự nhiên bám vào vách đá hoặc thân cây to trong rừng",pothos-repens-lour-druce.txt,,,Araceae,5330343
Salvia splendens Ker-Gawl,"Xôn đỏ, Xô đỏ",Cây nhập trồng làm cảnh,salvia-splendens-ker-gawl.txt,,,Lamiaceae,8257977
Fagraea ceilanica Thunb,"Trai xoan, Lậu bình, Dây gia","Lào Cai, Nghệ An (Quế Phong), Khánh Hoà, Gia Lai, Phú Yên, Lâm Đồng, Kiên Giang. Cây mọc tự nhiên trong rừng rậm thường xanh, rừng thứ sinh, thường dựa suối, ở độ cao 300-2000 m",fagraea-ceilanica-thunb.txt,,,Loganiaceae,7289420
Goniophlebium subauriculatum (Blume) C. Presl – Polypodium subauriculatum (Blume) C. Presl,Ráng tai nhỏ,"Lâm Đồng, Phú Yên, Khánh Hòa. Cây mọc tự nhiên, thường sống bám trên cây gỗ và đá ở trong hay ven rừng rậm thường xanh, ở độ cao 800 – 2000m.",goniophlebium-subauriculatum-blume-c-presl.txt,,,Polypodiaceae,4028759
Euphorbia cyathophora Murr,"Trạng nguyên lá nhỏ, Tiểu trạng",Cây trồng làm cảnh khá phổ biến ở Việt Nam. Nguồn gốc từ Trung Mỹ,euphorbia-cyathophora-murr.txt,,Thầu Dầu (Euphorbiaceae),,3064495
Solanum melongena L,"Cà tím, Giã tử, Mác mưa (Tày)",Cây trồng,solanum-melongena-l.txt,,,Solanaceae,2930617
Polygala arillata Buch.-Ham. ex D.Don,"Viễn chí hoa vàng, Kích nhũ mồng",Lao Cai. Cây mọc tự nhiên ở vùng núi,polygala-arillata-buch.txt,,,Polygalaceae,7293502
Sarcandra glabra (Thunb.) Nakai – Bladhia glabra Thunb,"Sói rừng, Sói nhẵn, Sái láng, Sơn kê trà, Co nộc sa (Thái), Sáng cáy sà","Lào Cai (Sa Pa), Lạng Sơn, Bắc Cạn, Vĩnh Phúc (Tam Đảo), Hoà Bình, Hà Nội (Ba Vì) đến Kon Tum, Lâm Đồng. Cây mọc tự nhiên ở vùng núi thấp và ven đồi ẩm, ở độ cao 200-1.500 m",sarcandra-glabra-thunb-nakai.txt,,,Chloranthaceae,7339073
Callicarpa macrophylla Vahl,"Bọt ếch lá to, Tu hú cảnh, Amazắc (Kdong)","Sơn La, Hòa Bình, Lào Cai. Cây mọc tự nhiên trong rừng thứ sinh, ven đường, ở độ cao tới 600 m",callicarpa-macrophylla-vahl.txt,,,Verbenaceae,5609508
Araucaria cunninghamii Sweet,"Bách tán sa mộc, Bách tán lá vẩy",Nhập trồng làm cảnh ở nhiều nơi,araucaria-cunninghamii-sweet.txt,,Bách tán – Araucariaceae,,7454687
Manihot esculenta Crantz,"Sắn, Khoai mỳ, Củ mì, Mằn mạy, Mằn slẩn (Tày)",Cây trồng lấy củ ăn,manihot-esculenta-crantz.txt,,,Euphorbiaceae,3060998
Geranium nepalense Sweet var. thunbergii (Sieb. et Zucc.) Kudo,Lão quan thảo,Lào Cai (Sa Pa). Cây nhập trồng,geranium-nepalense-sweet-var-thunbergii-sieb-et-zucc-kudo.txt,,,Geraniaceae,2891266
Hedyotis diffusa Willd,"Bạch hoa xà thiệt thảo, An điền bò",Cây mọc tự nhiên trên đất hoang ẩm,hedyotis-diffusa-willd.txt,,,Rubiaceae,9264048
Caesalpinia decapetala (Roth) Alston,"Vuốt hùm bụi, Móc diều","Tuyên Quang, Hà Giang, Sơn La, Lâm Đồng tới Đồng Nai. Cây mọc tự nhiên trong rừng phục hồi",caesalpinia-decapetala-roth-alston.txt,,,Caesalpiniaceae,3974372
Buthus sp,"Bọ cạp, Toàn trùng, Yết tử, Yết vĩ, Toàn yết,",,bo-cap.txt,,Buthidae,,
Zingiber officinale Roscoe,"Gừng, Khương, Co khinh (Thái), Sung (Dao)",Lào Cai. Cây trồng,zingiber-officinale-roscoe.txt,,,Zingiberaceae,2757280
Lasianthus condorensis Pierre ex Pit. – Lasianthus curtisii King & Gamble,Chì xì phá,"Hà Nội (Ba Vì), Thừa Thiên Huế. Cây mọc tự nhiên rải rác trong rừng",lasianthus-condorensis-pierre-ex-pit.txt,,,Rubiaceae,5337099
Panax ginseng C.A.Mey,Sâm triều tiên,,panax-ginseng.txt,,"Ngũ Gia Bì (Araliaceae) Cập nhật01/07/2019 ★ ★ ★ ★ ★ ★ 0.0 - 0 đánh giá Chia sẻ Chia sẻ Cây thuốc khác Lindera sinensis (Blume) Hemsl. Viscum articulatum Burm. f. Ilex triﬂora Blume Cayratia trifolia (L.) Domino Bình luận Câu hỏi của bạn Hủy X Bạn vui lòng điền thêm thông tin! Chọn tệp (Allowed file typesjpg, png , maximum file size100MB. Cây thuốc được quan tâm Ampelopsis cantoniensis (Hook. et Arn.) Planch. Chữa sưng vú (Lá giã đắp). Đau dạ dày hành tá tràng (Cành lá... Curculigo orchioides Gaertn",,5372262
Trichosanthes baviensis Gagnep,Qua lâu ba vì,Hà Nội (Ba Vì). Cây mọc tự nhiên.,trichosanthes-baviensis-gagnep.txt,,,Cucurbitaceae,3625207
Cansjera rheedii Blanco,"Rau ngót rừng, Sơn cam","Quảng Bình, Quảng Trị, Thừa Thiên Huế, Kon Tum. Cây mọc tự nhiên trong rừng thưa",cansjera-rheedii-blanco.txt,,,Opiliaceae,7743229
Alstonia scholaris (L.) R. Br. – Echites scholaris L,"Sữa, Mùa cua, Mò cua, Mạy mấn (Tày), Co tin pất (Thái)","Cây mọc tự nhiên, còn được trồng phổ biến trên các đường phố",alstonia-scholaris-l-r-br.txt,,,Apocynaceae,5414410
Hibiscus schizopetalus (Mast.) Hook.f. – H. rosa – sinensis var. schizopetalus Mast,Râm bụt cánh xẻ,"Cây trồng làm cảnh, làm hàng rào, nhất là ở miền núi. Nguồn gốc từ Tây Phi",hibiscus-schizopetalus-mast-hook-f.txt,,,Malvaceae,9064581
Drymaria diandra Blume,"Tù tì, Lâm thảo, Cất hơi, Trúng đồng, Đơn xương, Rau đồng tiền",Khá phổ biến ở nhiều nơi,drymaria-diandra-blume.txt,Drymaria cordata ssp. diandra (Blume) Duke,Cẩm chướng – Caryophyllaceae,,5588135
Carex scaposa C. B. Clarke,"Kiết trục, Cói túi tàu","Lào Cai, Cao Bằng, Ninh Bình, Kon Tum. Cây mọc tự nhiên ỏ vùng cao 1000 – 1500m",carex-scaposa-c-b-clarke.txt,,,Cyperaceae,2724718
Hydrocotyle nepalensis Hook. – H. polycephala Wight. & Arn,"Rau má lá to , Rau má rừng, Rau má núi, Nhả sạp (Thái)","Sơn La, Lạng Sơn, Cao Bằng, Hoà Bình, Ninh Bình, Hà Tĩnh, Lâm Đồng, Khánh Hoà, Ninh Thuận. Cỏ bò, mọc thành đám lớn dưới tán rừng, ven rừng, chỗ ẩm ướt, ven suối, nơi sáng, ở mọi độ cao đến 1500 m",hydrocotyle-nepalensis-hook.txt,,,Apiaceae,3636515
Hydrangea macrophylla (Thunb.) Ser. in DC. var. thunbergii Mak,"Chè xanh, Chè nhật",Lào Cai (Sa Pa). Cây nhập trồng,hydrangea-macrophylla-thunb-ser-in-dc-var-thunbergii-mak.txt,,,Hydrangeaceae,2985994
Schleichera oleosa (Lour.) Oken – Pistacia oleosa Lour,"Dầu trường, Cọ phèn",Hà Nội (Vườn Bách thảo). Cây trồng,schleichera-oleosa-lour-oken-pistacia-oleosa-lour.txt,,,Họ Bồ hòn (Sapindaceae),3189945
Dendrobium hercoglossum Reichb. f,"Mũi câu tím, Thạch hộc hoa tím","Tuyên Quang, Quảng Trị, Đà Nẵng, Lâm Đồng. Cây mọc tự nhiên",dendrobium-hercoglossum-reichb-f.txt,,,Orchidaceae,5316187
Scleria terrestris (L.) Fass. – Zizania terrestris L,Đưng đất,Cây mọc tự nhiên trên đồng ruộng trũng phổ biến ở Việt Nam,scleria-terrestris-l-fass.txt,,,Cyperaceae,2712931
Ischaemum muticum L,"Mồm trui, Cỏ mồm","Hà Nội, Đà Nẵng, Nam Bộ. Cây chứa triterpenoid. Cây mọc tự nhiên ở vùng cát ven biển.",ischaemum-muticum-l.txt,,,Poaceae,4143195
Clerodendrum petasites (Lour.) Moore – Volkameria petasites Lour,Ngọc nữ hoa vàng,"Tuyên Quang, Hòa Bình, Thừa Thiên Huế, Kon Tum, Ninh Thuận. Cây mọc tự nhiên, ven rừng, bãi hoang, ở độ cao tới 400 m",clerodendrum-petasites-lour-moore.txt,,,Verbenaceae,8191194
Olax psittacorum (Lam.) Vahl – Olax scandens Roxb,"Mao trật, Dương đầu tà","Kon Tum, Nam Bộ. Cây mọc tự nhiên",olax-psittacorum-lam-vahl.txt,,,Olacaceae,3686148
Flacourtia jangomas (Lour.)Raeusch. – Stigmarota jagomas Lour,"Bồ quân, Mùng quân, Chùm quân, Hồng quân, Mạp quân (Tày)","Miền Trung trở vào đến Thành phố Hồ Chí Minh. Cây mọc tự nhiên rải rác trong rừng, ở độ cao tới 1500m. Còn được trồng quanh nhà",flacourtia-jangomas-lour-raeusch-stigmarota-jagomas-lour.txt,,Mùng quân (Flacourtiaceae),,5331164
Gnetum montanum Markgr. Họ Dây gắm (Gnetaceae),"Dây gắm, Vương tôn, Dây sót, Dây mấu, Gắm núi, Gắm","Cây phân bố rộngVĩnh Phúc (Tam Đảo), Hà Nội (Ba Vì), Quảng Trị, Đà Nẵng, Lâm Đồng, Tây Ninh, Kiên Giang (Đảo Phú Quốc). Cây mọc tự nhiên trong rừng thường xanh, ở độ cao 200-1200 m",gnetum-montanum-markgr.txt,,,,2653221
Lentinus edodes (Berk.) Singer,"Nấm hương, Nấm đông cô","Cây mọc tự nhiên trên cây gỗ đổ trong rừng, nhất là các cây thuộc họ Fagaceae.",lentinus-edodes-berk-singer.txt,,,Pleurotaceae,2537743
Viscum album L,"Tầm gửi trắng, Ghi trắng","Lào Cai (Sa Pa). Cây mọc ký sinh trên cây gỗ, gặp ở độ cao 1.400-1.600 m.",viscum-album-l.txt,,,Viscaceae,2889828
Humulopsis scandens (Lour.) Grudz. – Antidesma scandens Lour,"Sàn sạt, Luật thảo",Lào Cai. Cây mọc tự nhiên,humulopsis-scandens-lour-grudz.txt,,,Canabaceae,2984537
Dendrotrophe frutescens (Benth.) Dans. – Henslowia frutescens Benth,Dây cổ tây,"Thái Nguyên, Lâm Đồng. Cây bán ký sinh, sống trên các cây họ Dẻ (Fagaceae)",dendrotrophe-frutescens-benth-dans-henslowia-frutescens-benth.txt,,,Họ Đàn hương (Santalaceae),8121249
Lindera pulcherrima (Wall. ex Nees) Benth. var. hemsleyana (Diels) H. P. Tsui,Ô dước đẹp,"Tây Nguyên. Cây mọc tự nhiên rải rác trong rừng thường xanh, ở độ cao 1400-1800 m",lindera-pulcherrima-wall-ex-nees-benth-var-hemsleyana-diels-h-p-tsui.txt,,,Lauraceae,8017591
Viola diffusa Ging,"Cải rừng bò, Hoa tím tràn lan","Lào Cai (Sa Pa), Hòa Bình (Vụ Bản). Cây mọc tự nhiên trên đất ẩm",viola-diffusa-ging.txt,,,Violaceae,8106870
Rhodomyrtus tomentosa (Ait.) Hassk. – Myrtus tomentosa Ait,"Sim, Đào kim phượng, Hồng sim, Dương lê, Co nim (Thái), Mạo nim (Tày), Piều ním (Dao), Trợ quân lương","Cây mọc tự nhiên trên đồi trọc, đồi cây thưa ở cả miền núi và miền đồng bằng, khá phổ biến ở Việt Nam",rhodomyrtus-tomentosa-ait-hassk-myrtus-tomentosa-ait.txt,,,Myrtaceae,3179997
Citrus sinenis (L.) Osb. – Citrus aurantium var. sinensis L,"Cam, Cam chanh, Cam tổng, Cam thực, Mác cam",Cây trồng,citrus-sinenis-l-osb.txt,,,Rutaceae,8077391
Flemingia stricta Roxb. ex Ait.f,"Tóp mỡ hẹp, Tóp mỡ thẳng","Lai Châu, Sơn La, Quảng Ninh, Lâm Đồng, Khánh Hòa, Côn Đảo. Cây mọc tự nhiên trong rừng thưa, ở độ cao tới 1200 m.",flemingia-stricta-roxb-ex-ait-f.txt,,,Fabaceae,5359894
Abelmoschus moschatus Medik,Vông vang,"Cây mọc tự nhiên ở các nương rẫy, ven đường, trên đồi khắp nước ta",abelmoschus-moschatus-medik.txt,,Bông (Malvaceae),,8312665
Ficus fulva Reinw. ex Blume,Ngái vàng,Vùng trung du. Cây mọc tự nhiên,ficus-fulva-reinw-ex-blume.txt,,,Moraceae,5571361
Acacia decurrens Willd. var. dealbata (Link) Maiden,Keo phấn trắng,Được nhập trồng ở Lâm Đồng (Đà Lạt).,acacia-decurrens-willd-var-dealbata-link-maiden.txt,,Trinh nữ – Mimosaceae,,2979474
Streptolirion volubile Edgew,Trúc diệp tử,"Lao Cai (Sa Pa), Hà Giang (Đồng Văn). Cây mọc trong rừng rậm, thung lũng, ven suối.",streptolirion-volubile-edgew.txt,,,Commelinaceae,2765086
Leucopogon malayanus Jack – Styphelia malayana (Jack) J.J. Smith,Mã kỳ,"Đảo Phú Quốc. Cây mọc tự nhiên trên vách đá hay bãi cát ven biển. Loài hiếm (R), đã được đưa vào Sách Đỏ Việt Nam.",leucopogon-malayanus-jack.txt,,,Epacridaceae,7474247
Anacardium occidentale L,"Đào lộn hột, Điều, Giả như thụ",Cây trồng ở các tỉnh từ Miền Trung trở vào đến các tỉnh Nam Bộ Việt Nam. Nguồn gốc từ Mehico và Braxin,anacardium-occidentale-l.txt,,Đào lộn hột (Anacardiaceae),,5421368
Torenia glabra Osb,"Cỏ bướm nhẵn, Tô liên nhẵn","Cao Bằng, Lạng Sơn, Quảng Ninh đến Lâm Đồng. Cây mọc tự nhiên dựa ruộng, suối, lùm bụi ở miền núi",torenia-glabra-osb.txt,,,Scrophulariaceae,3172204
Goniophlebium amoenum (Mett.) Bedd. – Polypodium amoenum Mett,Ráng nhiều thuỳ,"Khá rộng. Lào Cai, Yên Bái, Cao Bằng, Lạng Sơn, Vĩnh Phúc, Hoà Bình, Khánh Hoà. Cây mọc tự nhiên, sống bám trên cây gỗ, hay bề mặt đá vôi, trong rừng rậm thường xanh, ở độ cao 400 – 1500m.",goniophlebium-amoenum-mett-bedd.txt,,,Polypodiaceae,8396756
Castanopsis chinensis (Spreng.)Hance – Castanea chinensis Spreng,Giẻ gai,"Lào Cai, Thừa Thiên Huế (Phú Lộc), Lâm Đồng (Đà Lạt, Xuân Trường). Cây mọc tự nhiên rải rác trong rừng nhiệt đới nguyên sinh hoặc thứ sinh cận nhiệt đới, ở độ cao 200 – 1.500m",castanopsis-chinensis-spreng-hance.txt,,,Fagaceae,5333067
Stephania japonica (Thunb.) Miers – Menispermum japonicum Thunb,Thiên kim đằng,"Nam Hà, Ninh Bình, Hoà Bình tới các tỉnh Đồng bằng Sông Cửu Long.",stephania-japonica-thunb-miers.txt,,,Menispermaceae,7268792
Jatropha podagrica Hook,"Ngô đồng, Vạn linh, Sen núi",Cây trồng làm cảnh trong các gia đình. Nguồn gốc từ châu Mỹ,jatropha-podagrica-hook.txt,,,Euphorbiaceae,3073016
Ruellia repens L. – Dipteracanthus repens (L.) Hassk,"Nổ bò, Song dực",Cây mọc tự nhiên ở rừng thưa trên vùng núi đá vôi khắp nước ta,ruellia-repens-l.txt,,,Acanthaceae,7575722
Bambusa bambos (L.) Voss,"Tre gai, Mạy phấy (Tày), Hiáu ghím (Dao)","Sơn La, Tuyên Quang, Vĩnh Phúc (Vĩnh Yên), Lâm Đồng, Nam Bộ. Cây thường được trồng.",bambusa-bambos-l-voss.txt,,,Poaceae,2705752
Stachys oblongifolia Wall. ex Benth,"Tầm ma lá thuôn, Thuỷ tô lá thuôn, Chích đồng thái, Dã du ma","Lào Cai, Sơn La, Hoà Bình, Hà Nội, Ninh Bình. Cây mọc tự nhiên ở ruộng hoang, ven đường, độ cao dưới 1200 m",stachys-oblongifolia-benth-ex-benth.txt,,,Lamiaceae,7395253
Vallaris solanacea (Roth) Kuntze – Peltanthera solanacea Roth Họ Trúc đào (Apocynaceae),Dây hòa liệt,Đồng bằng sông Cửu long. Cây mọc tự nhiên,vallaris-solanacea-roth-kuntze-peltanthera-solanacea-roth.txt,,,,5535699
Colquhounia elegan Wall. var. tenuiflora (Hook.f.) Prain – Colquhounia tenuiflora Hook.f,Kinh quốc hoa dày,"Kon Tum, Lâm Đồng (Đà Lạt – thác Prenn). Cây mọc tự nhiên ở nơi sáng và ẩm, ven rừng, ở độ cao trên 900 m",colquhounia-elegan-wall-var-tenuiflora-hook-f-prain.txt,,,Lamiaceae,11106004
Bouea oppositifolia (Roxb.) Meisn,"Thanh trà, Sơn Trà, Xoài rừng","Côn Đảo, Phú Quốc. Cây mọc tự nhiên trong rừng, còn được trồng lấy quả ăn",bouea-oppositifolia-roxb-meisn.txt,,,Anacardiaceae,3659898
Cinnamomum tonkinense (Lecomte) A.Chev. – C. albiflorum var. tonkinense Lecomte,"De bắc, Hậu phác nam, Quế lợn, Quế rừng, Ô dước, Mạy xả (Tày)","Hoà Bình, Lai Châu, Thanh Hóa. Cây mọc tự nhiên trong rừng thường xanh, ven rừng",cinnamomum-tonkinense-lecomte-a-chev.txt,,Long não (Lauraceae),,4176408
Buchanania siamensis Miq. – B. pallida Pierre,Chây xiêm,"Đà Nẵng, Kon Tum (Kon PlôngTân Lập), Gia Lai (Ayunpa), An Giang. Cây mọc tự nhiên rải rác trong rừng, ở độ cao dưới 1000 m",buchanania-siamensis-miq.txt,,,Anacardiaceae,5544522
Conyza canadensis (L.) Cronq . – Erigeron canadense L. Họ Cúc (Asteraceae),"Cỏ tai hùm, Ngải dại, Lưỡi hùm, Cúc hôi, Cúc voi, Xì rgân (Kho), Cúc hôi, Cúc voi, la dông (Bana), Nhất ting kni (Kdong)",Cây mọc tự nhiên khá phổ biến ở nước ta,conyza-canadensis-l-cronq.txt,,,,3146791
Selaginella monospora Spring,Quyển bá đơn bào tử,"Vĩnh Phúc, Lâm Đồng, Khánh Hòa. Cây mọc tự nhiên ở ven suối hay dưới tán rừng rậm thường xanh, ở độ cao 600-1.600 m.",selaginella-monospora-spring.txt,,,Selaginellaceae,7329748
Hemerocallis fulva L,"Hoa hiên, Kim châm, Phắc chăm (Tày), Huyên thảo, Rau huyên",Lào Cai. Cây trồng làm cảnh,hemerocallis-fulva-l.txt,,,Hemerocallidaceae,2781074
Mucuna nigricans (Lour.) Steud,Mắt mèo đen,"Khánh Hòa (Nha Trang, Phú Hữu), Tây Ninh (Ninh Thanh), Đồng Nai (Trị An)",mucuna-nigricans-lour-steud.txt,"Citta nigricans Lour., Mucuna gigantea var. nigricans (Lour.) DC.)",Đậu – Fabaceae,,2951361
Liparis viridiflora (Blume) Lindl. – Malaxis viridiflora Blume,Nhẵn điệp hoa xanh,"Miền Bắc, Lâm Đồng. Cây mọc tự nhiên.",liparis-viridiflora-blume-lindl.txt,,,Orchidaceae,5306206
Hovenia dulcis Thunb,"Khúng khéng , Chỉ cụ, Kê trảo, Vạn thọ","Lạng Sơn, Cao Bằng. Cây mọc tự nhiên rải rác trong rừng thứ sinh, còn được ta trồng",hovenia-dulcis-thunb.txt,,,Rhamnaceae,3039410
Disporopsis pernyi ( Hua) Diels,"Hoàng tinh lá kiếm, Hoàng tinh hoa trắng Perny",Lào Cai,disporopsis-pernyi-hua-diels.txt,"Aulisconema pernyi Hua, Disporopsis arisanensis Hayata, Polygonatum bodinieri H.Lév",Mạch môn – Convallariaceae,,5303779
Emilia prenanthoidea DC,Chua lè núi,"Lào Cai, Sơn La, Bắc Kạn, Thái Nguyên, Vĩnh Phúc, Khánh Hoà (Nha Trang), Lâm Đồng (Đà Lạt). Cây mọc tự nhiên, gần đường, nơi ẩm",emilia-prenanthoidea-dc.txt,,,Asteraceae,7462876
Plumeria rubra L. forma tricilor (Ruiz & Pav.) Woods,Đại hoa trắng,Cây trồng làm cảnh,plumeria-rubra-l-forma-tricilor-ruiz-pav-woods.txt,,trúc đào (Apocynaceae),,3169674
Microdesmis caseariaefolia Planch. ex Hook,"Chẩn, Chanh ốc, Sắng rừng, Rau mỳ chính",Từ Nghệ An đến Tây Nguyên. Cây mọc tự nhiên rải rác trong rừng,microdesmis-caseariaefolia-planch-ex-hook.txt,,,Pandaceae,3075537
Leea guineensis G. Don – L. robusta Roxb,"Gối hạc trắn, Củ rối mạch","Sơn La, Lạng Sơn, Quảng Ninh, Hà Nội, Kon Tum, Lâm Đồng, Gia Lai. Cây mọc tự nhiên rải rác trong rừng thứ sinh, ven rừng",leea-guineensis-g-don.txt,,,Leeaceae,4160417
Scleropyrum wallichianum (Wight. et Arn.) Arn. – Sphaerocarya wallichiana Wight.et Arn,Gạo sấm,"Hòa Bình (Mai Châu), Nghệ An, Quảng Trị, Kon Tum, Kiên Giang. Cây mọc tự nhiên trong rừng, thường gặp ở vùng núi đá vôi",scleropyrum-wallichianum-wight-et-arn-arn.txt,,,Santalaceae,3788757
Hydrangea heteromalla D. Don,Tú cầu hoang,Lao Cai (Sa Pa). Cây mọc tự nhiên ở vung núi cao tới 1600 m,hydrangea-heteromalla-d-don.txt,,,Hydrangeaceae,3645102
Argyreia pierreana Bois,Thảo bạc,"Lạng Sơn, Hoà Bình, Sơn La. Cây mọc tự nhiên rải rác ven rừng, lùm bụi",argyreia-pierreana-bois.txt,,,Convolvulaceae,3678206
Magnolia coco (Lour.) DC. – Liriodendron coco Lour,"Dạ hợp., Hoa trứng gà, tử tiêu dại",Cây trồng làm cảnh ở nhiều gia đình,magnolia-coco-lour-dc.txt,,,Họ Ngọc lan (Magnoliaceae),3153695
Lindernia crustacea (L.) F. Muell. – Capraria crustacea L,"Cỏ mẹ, Mẫu thảo, Lữ đằng","Cây mọc tự nhiên nơi ẩm, sáng, phổ biến ở Việt Nam",lindernia-crustacea-l-f-muell.txt,,,Họ Hoa mõm chó (Scrophulariaceae),3171892
Lycium ruthenicum Murray,Câu kỷ quả đen,Cây nhập trồng,lycium-nuthenicum-murr.txt,,,Solanaceae,3802772
Hyptis rhomboidea Mart. et Gal,"E lớn lá, É lớn đầu","Hòa Bình (Mai Châu), Nghệ An (Quỳnh Lưu), Đắk Lắk (Yor Đôn), Long An, Đồng Tháp (Sa Đéc), Kiên Giang. Cây mọc tự nhiên ở nơi sáng và ẩm, các bãi hoang, ven đường",hyptis-rhomboidea-mart-et-gal.txt,,,Lamiaceae,2926815
Davallia griffithiana Hook. – Humata tyermanni T. Moore,Ráng thổ xi,"Khá hẹp. Lao Cai (Sa Pa). Cây mọc tự nhiên, thường bám trên cây gỗ hay đá ở trong hay ven rừng rậm thường xanh hay nửa rụng lá.",davallia-griffithiana-hook.txt,,,Davalliaceae,7911152
Casearia glomerata Roxb,"Tên Kin, Vằn, Nuốt chụm","Lao Cai, Quảng Ninh (Đầm Hà), Hà Tây (Ba Vì), Ninh Bình (Khang Thông), Quảng Trị (Kon Tum). Cây mọc tự nhiên rải rác trong rừng thưa, rừng gỗ nhỏ, ở độ cao tới 800m",casearia-glomerata-roxb.txt,,,Flacourtiaceae,7763536
Schefﬂera minutistellata Merr. ex H.L. Li,Chân chim sao nhỏ,"Hà Giang (Phó Bảng), Cao Bằng (Đèo Lê A). Cây mọc tự nhiên trong rừng, ở độ cao 1000-1200 m",schefﬂera-minutistellata-merr-ex-h-l-li.html?wpsc_do=regen_cache&nonce=11656909106075059339403.txt,,,Araliaceae,
Phoebe kunstleri Gamble,Lưỡi nai,"Vĩnh Phúc (Tam Đảo), Hải Dương, Tuyên Quang, Hà Nội (Ba Vì). Cây mọc tự nhiên trong rừng nguyên sinh hay thứ sinh, ở độ cao 200-1000 m",phoebe-kunstleri-gamble.txt,,,Lauraceae,5685056
Polygala arvensis Willd,"Viễn chí hoa dày, Viễn chí hoa nhỏ","Kon Tum, Lâm Đồng, Bình Thuận (Phan Thiết). Cây mọc tự nhiên rải rác ven rừng, các bãi hoang, ở độ cao 300-1.800 m",polygala-arvensis-willd.txt,,,Polygalaceae,7711084
Girardinia diversifolia (Link) Fries,Giác đơn,Lào Cai.,girardinia-diversifolia-link-fries.txt,"Urtica diversifolia Link, Girardinia heterophylla (Vahl) Decne",Gai – Urticaceae,,7300847
Walsura elata Pierre,"Nhãn mọi cánh, Lòng tong cánh","Lâm Đồng (Đà Lạt), Đồng Nai (Biên Hòa). Cây mọc tự nhiên trong rừng rậm thường xanh, ở độ cao tới 1500 m.",walsura-elata-pierre.txt,,,Meliaceae,3851390
Illicium verum Hook.f. – I. anisatum auct. Lour,"Hồi, Mạy chác, Mác hồi (Tày), Bát giác hồi hương, Hồi sao, Pít cóc (Dao)","Quảng Ninh (Bình Liêu), Bắc Kạn (Na Rì), Lạng Sơn (Cao Lộc, Văn Lãng, Văn Quan, Bình Gia), Cao Bằng (Đông Khê, Thất Khê). Cây được trồng với diện tích lớn và tập trung chủ yếu ở Lạng Sơn",illicium-verum-hook-f.txt,,,Illiciacea,2889756
"Brassica rappa L. – Brassica pekinensis (Lour.) Rupr. , Sinapis pekinensis Lour",Cải thảo,Cây trồng.,brassica-pekinensis-lour-rupr.txt,,,Brassicaceae,7903057
Ranunculus cantoniensis DC,Mao lương dại,Lào Cai (Sa Pa). Cây mọc tự nhiên vùng núi cao trên 100m,ranunculus-cantoniensis-dc.txt,,,Ranunculaceae,7276807
Physalis angulata L,"Tầm bóp, Thù lu cái, Lu lu cái, Toan tương, Lồng đèn, Phiắc tèng (Tày)",Cây mọc tự nhiên trên đất hoang ở khắp nơi,physalis-angulata-l.txt,,,Solanaceae,5341792
Fissistigma shangtzeense Y. Tsiang et P.T. Li,"Săng de, Lãnh công Quảng tây","Lạng Sơn (Mẫu Sơn), Quảng Nam (Tây Giang). Cây mọc tự nhiên rải rác trong rừng nguyên sinh, vùng núi đất, ở độ cao 800-900 m",fissistigma-shangtzeense-y-tsiang-et-p-t-li.txt,,,Annonaceae,8217277
Solanum laciniatum Aiton,"Cà úc, Cà lá xẻ",Cây nhập trồng. Nguồn gốc từ Australia,solanum-laciniatum-ait.txt,,,Solanaceae,2930439
Lysimachia candida Lindl,Trân châu tam giác,"Cao Bằng, Lạng Sơn, Thái Nguyên, Ninh Bình, Thanh Hoá, Quảng Trị, Thừa Thiên – Huế, Lâm Đồng. Cây mọc tự nhiên thường gặp trên các ruộng khô",lysimachia-candida-lindl.txt,,,Primulaceae,4005921
Urina Hominis,"Đồng tiện, Nhân niệu, Luân hồi tửu, Hoàn nguyên thang",,nuoc-tieu.txt,,,,
Polygonum senticosum (Meisn.) Franch. et Sav,Nghể nóc,"Hà Giang (Phó Bảng). Cây mọc nơi đất ẩm, ven đường, ven suối, khe núi, ổ độ cao 1.000-1.500 m.",polygonum-senticosum-meisn-franch-et-sav.txt,,,Polygonaceae,7291203
Adenostemma macrophyllum (Blume) DC. – Levenia macrophylla Blume,Tuyến hùng,"Kon Tum (Đắk Glei, Ngọc Linh), Đắk Lắk, Lâm Đồng. Cây mọc tự nhiên gần nước từ đồng bằng tới vùng núi",adenostemma-macrophyllum-blume-dc.txt,,,Asteraceae,3094604
Clitoria mariana L,Đậu biếc tím,"Kon Tum (Sa Thầy), Gia Lai (Chư Prông), Đắk Nông (Đắk Mil), Lâm Đồng (Đà Lạt, Lang Bian, Đơn Dương, Bì Đúp, Di Linh), Ninh Thuận (Cà Ná), Bà Rịa-Vũng Tàu (Côn Đảo).",clitoria-mariana-l.txt,,Đậu – Fabaceae,,2946542
Hoya carnosa R. Br,"Hoa sao, Dìn hoa sao","Lâm Đồng (Đà Lạt), Bà Rịa Vũng Tàu (Núi Đinh). Cây mọc tự nhiên ở vùng núi đá vôi",hoya-carnosa-r-br.txt,,,Asclepiadaceae,8658195
Cosrus speciosus (Koenig) Smith var. argyrophyllus Gagnep,"Mía dò hoa vàng, Mía dò lông",Cây mọc tự nhiên ở rừng Bạch Mã tỉnh Thừa Thiên Huế,cosrus-speciosus-koenig-smith-var-argyrophyllus-gagnep.txt,,,Costaceae,7584507
Smilax china L,"Kim cang tàu, Tỳ giải, Bạt khế","Quảng Ninh, Bắc Giang, Hải Dương. Cây mọc tự nhiên, rải rác ven sườn đồi, ven suối, khe núi, ven rừng thứ sinh, ở độ cao 500-1.000 m",smilax-china-l.html?wpsc_do=regen_cache&nonce=6376941495e53265f35afa.txt,,,Smilacaceae,5295472
Glochidion zeylanicum (Gaertn.) A. Juss. – Glochidion obliquum Decne,"Cây ghẻ, Tất đại cô, Lo ca vi","Lạng Sơn, Vĩnh Phúc, Đồng Nai, Kiên Giang. Cây mọc tự nhiên trong rừng thường xanh hay rụng lá, ở độ cao 100-500 m",glochidion-obliquum-decne.txt,,,Euphorbiaceae,3080562
Selaginella nipponica Franch. et Sav,Quyển bá nhật,"Khánh Hòa (giữa Ninh Hòa và suối Trinh). Cây mọc tự nhiên trên đất đá granit ở vưn rừng rậm thường xanh hay suối, ở độ cao 100-300 m.",selaginella-nipponica-franch-et-sav.txt,,,Selaginellaceae,7822515
Justicia grossa C. B. Clarke ( Justicia canalicuta Benoist),"Xuân tiết mập, Bạ cốt tiêu, Thanh táo ống","Lạng Sơn (Mẫu Sơn), Quảng Ninh (Hà Cối), Ninh Bình",justicia-grossa-c-b-clarke.txt,,Ô rô – Acanthaceae,,5576378
Biophytum sensitivum (L.) DC. ( Oxalis sensitiva L.),"Chua me lá me, Sinh diệp mắc cỡ, Mắc cỡ tàu dù, Ta lang","Sơn La (Mường La, Sông Mã, Yên Châu, Mộc Châu, Lạng Sơn (Thanh Muội), Mai Châu, Hà Nội, Nam Định, Ninh Bình (Chợ Ghềnh), Quảng Trị, Thừa Thiên Huế (Nong), Đà Nẵng, Kon Tum (Sa Thầy, Mô Ray), Đồng Nai (Mù Xoài)",biophytum-sensitivum-l-dc.txt,,Chua me đất – Oxalidaceae,,3628231
Phymatosorus lucidus (Roxb.) Pic. Serm. – Polypodium lucidum Roxb,Ráng thư hùng sáng,"Cao Bằng, Lạng Sơn, Lào Cai. Cây mọc tự nhiên, thường sống bám trên cây gỗ, trên bề mặt hay khe đá, giàu mùn trong rừng rậm thường xanh, ở độ cao 200 – 1500m.",phymatosorus-lucidus-roxb-pic.txt,,,Polypodiaceae,7795317
Fimbristylis aestivalis (Retz.) Vahl – Scirpus aestivalis Retz. Họ Cói (Cyperaceae),Cói quăn,"Cây mọc tự nhiên từ vùng núi, đồng bằng, ven biển, hải đảo, phổ biến ở Việt Nam",fimbristylis-aestivalis-retz-vahl.txt,,,,2708266
Melastoma affine D.Don,Mua thường,"Đắc Lắc, Đồng Nai, Bà Rịa Vũng Tàu. Cây mọc tự nhiên khá phổ biến ở vùng đất ẩm hoặc bìa rừng thứ sinh, trảng cây bụi",melastoma-affine-d-don.txt,,,Melastomaceae,3188511
Salvia plebeia R. Br,"Xôn dại, Kinh giới dạ","Sơn La, Cao Bằng, Thanh Hóa, Tuyên Quang. Cây mọc tự nhiên ở nơi sáng và ẩm, bãi hoang, ruộng, ruộng hoang, ven đường, ở độ cao dưới 1700 m",salvia-plebeia-r-br.txt,,,Lamiaceae,3891879
Eurya chinensis R. Br,"Súm tàu, Súm trung hoa",Có ở nhiều nơi,eurya-chinensis-r-br.txt,,Chè – Theaceae,,3591315
Desmodium velutinum (Willd.) DC. – Hedysarum velutinum Willd,"Thóc lép nhung, Tần ron","Cây mọc tự nhiên trên các trảng cỏ và cây bụi, ven rừng phổ biến khắp nơi ở Việt Nam",desmodium-velutinum-willd-dc.txt,,,Fabaceae,10829464
Antidesma fordii Hemsl,"Chòi mòi ford, Chòi mòi lá kèm","Hòa Bình, Hà Nội, Ninh Bình, Thanh Hóa, Nghệ An, Quảng Trị, Kon Tum, Đắk Lắk. Cây mọc tự nhiên dưới tán rừng, trên đất laterit, ở độ cao 500 m",antidesma-fordii-hemsl.txt,,,Euphorbiaceae,3076572
Rubus feddei Le’vl. et Vant,Dum,"Hà Giang, Cao Bằng, Bắc Cạn . Cây mọc rải rác ven rừng, ở độ cao khoảng 100m",rubus-feddei-levl-et-vant.txt,,Hoa hồng (Rosaceae),,2991304
Arundina graminifolia (D.Don) Hochr. – Bletia graminifolia D.Don,"Trúc lan, Lan trúc","Lao Cai, Vĩnh Phúc (Tam Đảo), Cao Bằng. Cây mọc tự nhiên, rải rác ven rừng thưa",arundina-graminifolia-d-don-hochr.txt,,,Orchidaceae,2795522
Oxalis acetosella L,"Chua me đất, Chua me núi",Lào Cai (Sa Pa). Cây mọc tự nhiên ở độ cao 1500 m,oxalis-acetosella-l.txt,,,Oxalidaceae,8211958
Sida cordifolia L,"Ké đồng tiền, Bái trắng",Cây mọc tự nhiên ở đồng bằng nơi đất cát ở nhiều nơi,sida-cordifolia-l.txt,,Bông (Malvaceae),,5406755
Cratoxylon cochinchinensis (Lour.) Blume – Hypericum cochinchinense Lour,"Thành ngạnh, Lành ngạnh, Cúc lương, Ngành ngạnh, Wòng a mộc, Cây đỏ ngọn, Mạy tiên (Tày), Co kín lang (Thái), Cây vàng la","Cây mọc tự nhiên, phổ biến ở vùng trung du suốt từ Bắc vào Nam",cratoxylon-cochinchinensis-lour-blume.txt,,,Hypericaceae,
Basella rubra L,"Mồng tơi, Lạc qùy, Phiắc păng (Tày), Chàn mau nhây (Dao)",Trồng và mọc hoang phổ biến ở Việt Nam,basella-rubra-l.txt,,,Basellaceae,3083504
Entada phaseoloides (L.) Merr. – Lens phaseoloides L,"Bàm bàm, Đậu dẹt, Dây bàm, Mi ba (Tày)","Cây mọc tự nhiên, phổ biến ở ven rừng, ven suối trong các rừng thứ sinh, hay rừng rậm thường xanh",entada-phaseoloides-l-merr.txt,,,Mimosaceae,2976244
Ipomoea cairica (L.) Sweet – Convolvulus cairicus L,Bìm hy lạp,"Lào Cai (Sa Pa), Lạng Sơn, Phú Thọ. Cây mọc tự nhiên vùng núi cao; còn được trồng",ipomoea-cairica-l-sweet.txt,,Bìm bìm (Convolvulaceae),,2928531
Phytolacca acinosa Roxb,"Thương lục, Thương lục nhỏ","Sài Gòn, Thái Nguyên, Lào Cai. Cây trồng, nay trở nên hoang hoá. Nguồn gốc từ Ấn Độ",phytolacca-acinosa-roxb.txt,,,Phytolaccaceae,3084022
Embelia parviflora Wall. ex A. DC. – Embelia pulchella Mez,"Thiên lý hương, Đương quy đằng, Đinh lằng","Lạng Sơn, Lao Cai, Vĩnh Phúc (Tam Đảo), Hòa Bình, Nghệ An. Cây mọc tự nhiên trong rừng hỗn giao, sườn đồi, ở độ cao 300-1800 m",embelia-parviflora-wall-ex-a-dc.txt,,,Myrsinaceae,7799958
Crotalaria juncea L,"Muồng sợi, Lục lặc sợi, Sục sặc bô","Sơn La, Cao Bằng, Lạng Sơn, Bắc Giang, Phú Thọ, Thái Bình, Nam ĐỊnh, Ninh Bình, Thanh Hóa, Gia Lai, Đắk Lắk, Lâm Đồng. Cây mọc tự nhiên ở bở ruộng, bãi sông, nương rẫy, rừng thưa, ở độ cao tới 1300 m",crotalaria-juncea-l.txt,,,Fabaceae,2942877
Ammi majus L,Cây ami,Cây nhập trồng. Nguồn gốc từ Trung Quốc.,ammi-majus-l.txt,,,Apiaceae,3034182
Vernicia fordii (Hemsl.) Airy-Shaw – Aleusites fordii Hemsl,"Trẩu lùn, Trẩu hoa to, Tung","Lao Cai. Cây trồng lấy dầu, trên đất sa phiến thạch, ở độ cao trên 1500 m",vernicia-fordii-hemsl-airy.txt,,,Euphorbiaceae,3074906
Lagerstroemia indica L,"Tử vi, Tường vi, Bằng lăng xẻ","Cây trồng làm cảnh phổ biến ở các công viên, vườn hoa, và các hộ gia đình ở Việt Nam",lagerstroemia-indica-l.txt,,,Lythraceae,3188725
Alstonia angustifolia Wall. ex DC,"Sữa lá nhỏ, Cây gạc nai, Tờ ra xa","Phan Rang. Cây mọc tự nhiên rải rác trong rừng, ở độ cao 600-1700 m.",alstonia-angustifolia-wall-ex-dc.txt,,,Apocynaceae,8050421
Phoenix loureiri Kunth. var. humilis (Becc.) S.C. Barow; Phoenix humilis Royle,Chà là,"Cây mọc tự nhiên trong các sa van cỏ, nơi ẩm lầy khắp nước ta",phoenix-loureiri-kunth-var-humilis-becc-s-c-barow.txt,,,Arecaceae,5293119
Helixanthera parasitica Lour,"Tầm gửi năm cánh, Cui","Rất rộng, ở hầu hết các tỉnh của Việt Nam. Cây sống bán ký sinh trên cành các cây thân gỗ, trong rừng thứ sinh, ở độ cao 500-1500 m.",helixanthera-parasitica-lour.txt,,,Họ Tầm gửi (Loranthaceae),4001417
Ficus talbotii King,Đa talbot,Kiên Giang (Hà Tiên). Cây mọc tự nhiên trong rừng thưa,ficus-talbotii-king.txt,,Dâu tằm (Moraceae),,5569748
Andrographis paniculata (Burm.f.) Wall.ex Nees – Justicia paniculata Burm.f,"Xuyên tâm liên, Công cộng, Khổ diệp, Hùng bút, Khổ đởm thảo, Nguyễn cộng, Nhất kiến kỷ",Cây trồng,andrographis-paniculata-burm-f-wall-ex-nees.txt,,,Acanthaceae,3173178
Toxocarpus villosus (Blume) Decne. Họ Thiên lý (Asclepiadaceae),"Dây giang mủ, Dây gáo vàng","Hà Nội (Thủ Pháp), Ninh Bình (Cúc Phương), Nghệ An (Sông Cả), Bình Dương, Đồng Nai, Bà Rịa Vũng Tàu. Cây mọc tự nhiên ở cửa rừng thưa, trảng cây bụi",toxocarpus-villosus-blume-decne.txt,,,,3581800
Amischotolype hispida (Less. et Rich.) D.Y.Hong – Forrestia hispida Less. et Rich,Lâm trai lông,"Hà Nội (Ba Vì), Hòa Bình (Mộc Châu, Đà Bắc), Lâm Đồng. Cây mọc nơi đất ẩm ven rừng, ven sông, suối.",amischotolype-hispida-less-et-rich-d-y-hong.txt,,,Commelinaceae,2764969
Abelmoschus esculentus (L.) Moench – Hibiscus esculentus L,"Mướp tây, Bụp bắp, Đậu bắp, Bông vàng",Cây trồng rộng rãi ở Việt Nam để lấy qủa làm rau ăn. Nguồn gốc từ Bắc Phi,abelmoschus-esculentus-l-moench.txt,,,Malvaceae,3152707
Cayratia trifolia (L.) Domino – Vitis trifolia L,"Vác, Dây sạt","Lao Cai, Hải Phòng, các tỉnh miền Trung. Cây mọc tự nhiên trong các quần hệ rừng thứ sinh",cayratia-trifolia-l-domino.txt,,,Vitaceae,10995009
Valeriana jatamansi Jones,"Sì to, Nữ lang, Nữ lang nhện","Lao Cai (Sa Pa), Lai Châu, Hà Giang (Quản Bạ), Nghệ An (Kỳ SơnMường Lống). Cây mọc tự nhiên nơi đất ẩm",valeriana-jatamansi-jones.txt,,,Valerianaceae,8213018
Galeola nudifolia L,Lan mùn vàng,"Lào Cai (Bát Xát), Hà Nội (Ba Vì), Hòa Bình (Lương Sơn), Nghệ An (Quỳ Châu), Quảng Trị (Động Chê). Cây hoại sinh mọc tự nhiên ở vùng núi cao, chỗ đất nhiều mùn, ẩm",galeola-nudiflora-l.txt,,,Orchidaceae,5315059
Oreocnide integrifolia (Gaudich.) Miq. – Villebrunea integrifolia Gaudich,"Nai bìa nguyên, Ná nang lá nguyên","Bắc Kạn, Thái Nguyên, Lạng Sơn, Hòa Bình, Hà Nội, Ninh Bình. Cây mọc tự nhiên",oreocnide-integrifolia-gaudich-miq.txt,,,Urticaceae,7300622
Auricularia polytricha Sacc,"Mộc nhĩ, Nấm tai mèo, Chóp núm, Chóp xu lình (Tày), Chiêu kía (Dao)","Cây mọc tự nhiên, còn được trồng.",auricularia-auricula-l-ex-hook-enderw.txt,,,Auriculariaceae,7351381
Celosia argentea L,"Mào gà trắng, Mào gà dại, Mào gà đuôi lươn, Thanh tương tử, Thảo hao, Chày gunpẹ (Dao), Mảo cáy khao (Tày)","Cây mọc tự nhiên, phổ biến ở các bãi hoang vùng trung du và miền núi",celosia-argentea-l.txt,,,Amaranthaceae,3085191
Capparis pubiﬂora DC,Cáp hoa,"Thanh Hóa, Hà Tĩnh. Cây mọc tự nhiên trong rừng thưa, ở độ cao 500-1000 m",capparis-pubiﬂora-dc.txt,,,Capparaceae,
Rubus pyrifolius Sm,Dum lá lẻ,"Ninh Bình, Lâm Đồng. Cây mọc tự nhiên",rubus-pyrifolius-sm.txt,,Hoa hồng (Rosaceae),,2990632
Carpesium cernuum L,Cỏ cháy,"Lào Cai (Sa Pa), Hà Giang Đồng Văn), Cao Bằng Nguyên Bình), Lạng Sơn, Hà Nội",carpesium-cernuum-l.txt,,Cúc – Asteraceae,,3094841
Natrium chloridum crudum,"Thực diêm, Muối ăn",,muoi-an.txt,,,,
Rauvolfa vomitoria Afz. ex Spreng,"Ba gạc phú thọ, Ba gạc phi châu, Bầu giác","Đoan Hùng (Phú Thọ). Cây trồng, nguồn gốc từ châu Phi",rauvolfa-vomitoria-afz-ex-spreng.txt,,,Apocynaceae,
Illigera celebica Miq. – I. platyandra Dunn,"Lưỡi chó lá to, Vót ét (dây), Vọt ét","Lào Cai, Hà Giang, Cao Bằng, Phú Thọ, Hà Nội, Quảng Trị, Đà Nẵng, Lâm Đồng. Cây mọc tự nhiên rải rác trong rừng thưa, rừng còi, trảng cây bụi, ở độ cao 300- 1500 m",illigera-celebica-miq.txt,,,Hernandiaceae,5549979
Rungia pectinata (L.) Nees,"Rưng rìa, Rung rìa","Cây mọc tự nhiên ở bãi sông, bờ suối, bờ ruộng khá phổ biến ở Việt Nam",rungia-pectinata-l-nees.txt,,,Acanthaceae,3780135
Cordyceps militaris (L.) Link,Nhộng trùng thảo,"Ở nhiều nơi, loài đang được nuôi trồng.",cordyceps-militaris-l-link.txt,"Clavaria militaris L., Sphaeria militaris (L.) Fr",Nấm cựa gà – Clavicipitaceae,,7567077
Donax cannaeformis (Forst.f.) Rolfe – Thalia camnaeforlis Forst.f,"Dong sậy, Lùn dong","Thừa Thiên Huế, Quảng Nam. Cây mọc tự nhiên trong rừng ẩm",donax-cannaeformis-forst-f-rolfe.txt,,,Marantaceae,5302997
Cyperus compressus L,Cói hoa dẹp,Cây mọc tự nhiên ruộng ẩm khắp nơi,cyperus-compressus-l.txt,,,Họ Cói (Cyperaceae),2713479
Melissa axillaris (Benth.) Back. et Back.f. – Geniosporum axillara Benth,"Hoa mật, Tía tô đất","Lào Cai, Hà Giang, Kon Tum, Lâm Đồng. Cây mọc tự nhiên ở ven rừng, sườn đồi, ven đường, ở độ cao trên 700 m",melissa-axillaris-benth-back-et-back-f.txt,,,Lamiaceae,7707713
Argemone mexicana L,"Gai cua, Mùi cua, Lão thử lặc, Gai ma, Cà gai, Cà dại hoa vàng","Cây mọc tự nhiên trên đất hoang quanh Hà Nội và các tỉnh đồng bằng Bắc bộ đến Thanh Hóa, Nghệ An",argemone-mexicana-l.txt,,,Papaveraceae,2888485
Disporopsis longifoli a Craib,"Hoàng tinh hoa trắng , Hoàng tinh lá mọc so le, Hoàng tinh cách, Hoàng tinh lá mọc vòng, Co hán han, Khinh lài, Voòng trinh","Lai Châu, Sơn La (Sông Mã), Lào Cai (Sa Pa), Tuyên Quang, Hòa Bình Mai Châu, Hà Nội (Ba Vì), Ninh Bình (Cúc Phương); cũng trồng trong chậu, vườn hoa",disporopsis-longifolia-craib.txt,"Polygonatum laoticum Gagnep., P. tonkinense Gagnep",Mạch môn – Convallariaceae,,2768088
Dendrobium terminale Parish et Rchb.f,"Lan trăm, Thạch hộc lá dao","Quảng Bình, Quảng Trị, Thừa Thiên Huế, Đà Nẵng. Cây mọc tự nhiên bám trên các cây gỗ lớn trong rừng, ở độ cao 200-1.500 m.",dendrobium-terminale-parish-et-reichb-f.txt,,,Orchidaceae,8003935
Annona muricata L,Mãng cầu xiêm,"Cây trồng, chủ yếu ở các tỉnh miền Trung trở vào Nam",annona-muricata-l.txt,,,Annonaceae,5407273
Cantharellus minor Peck,Nấm mỡ gà nhỏ,"Lâm Đồng, Ninh Thuận, Phú Yên, Khánh Hòa.",cantharellus-minor-peck.txt,,Nấm mỡ gà – Cantharellaceae,,5249564
Lasianthus hoaensis Pierre ex Pitard,Xú hương biên hoà,"Kon Tum, Lâm Đồng, Đồng Nai (Núi Bà). Cây bụi, mọc rải rác trong rừng thường xanh",lasianthus-hoaensis-pierre-ex-pitard.txt,,,Rubiaceae,5337147
Potentilla sundaica (Blume) Kuntze – Potentilla kleiniana Wight,Cỏ chét ba,"Lai Châu, Lào Cai, Hà Giang, Cao Bằng, Hà Nội ( Ba Vì). Cây mọc tự nhiên ở ven rừng, bãi ven sông, ven đường, ở độ cao 500 – 1200m",potentilla-sundaica-blume-kuntze.txt,,,Rosaceae,5366582
Aganope thyrsiflora (Benth.) Polhill – Millettia thyrsiflora Benth,Cốc kèn dài,"Vùng Đông Nam Bộ (Đồng Nai, thành phố Hồ Chí Minh). Cây mọc tự nhiên trong rừng còi bình nguyên",aganope-thyrsiflora-benth-polhill.txt,,Đậu (Fabaceae),,2976740
Actinidia latifolia (Gardn. et Champ.) Merr. – Heptaca latifolia Gardn. & Champ,Dương đào lá rộng,"Hà Giang (Đồng Văn), Vĩnh Phúc (Tam Đảo), Kon Tum, Lâm Đồng (Đà Lạt). Cây mọc tự nhiên ven rừng thường xanh",actinidia-latifolia-gardn-et-champ-merr.html?wpsc_do=regen_cache.txt,,,Actinidiaceae,8246677
Codonopsis celebica (Blume) Thuan – Campanumoea celebica Blume,Ngân đằng,"Sơn La, Hà Giang, Lào Cai. Cây mọc tự nhiên ở ven rừng, độ cao 500-1600 m. Cây hiếm (VU) đã đưa vào sách đỏ Việt Nam",codonopsis-celebica-blume-thuan.txt,,,Campanulaceae,3164997
Codonopsis javanica (Blume) Hook.f. et Thoms. – Campanumoea javanica Blume,Đảng sâm,Cây mọc tự nhiên và còn được trồng ở một vài nơi vùng núi cao,codonopsis-javanica-blume-hook-f-et-thoms.txt,,Hoa chuông (Campanulaceae),,5412879
Murdannia triquetra (Wall. ex C.B.Clarke) G.Brückn. – Aneilema triquetrum Wall,"Thủy trúc diệp, Rau rươi quả ba cạnh",Vũng Tàu. Cây mọc tự nhiên ở vùng ngập mặn. IX-X,murdannia-triquetrum-wall-bruckn.txt,,,Commelinaceae,2764666
Schefﬂera chapana Harms – S. vietnamensis Grushv. & N. Skvorts,Chân chim sa pa,Lào Cai (Sa Pa). Cây mọc tự nhiên ở độ cao 1500 m,schefﬂera-chapana-harms.txt,,,Araliaceae,
Cuscuta japonica Choisy,"Tơ hồng nhật, Tơ hồng lớn, Đại thỏ ty tử, Tơ vàng, Mạy sly fạ lương (Tày)",Hà Nội,cuscuta-japonica-choisy-in-zoll.txt,,,Cuscutaceae,2927548
Datura metel L. – Datura fastuosa L,"Cà độc dược, Mạn đà la, Độc giã, Cà diên, Sùa tùa (Hmông), Plờn (Kho), Cà lục lược (Tày), Hìa kía piếu (Dao)","Cây trồng, nay trở thành hoang hóa ở nhiều nơi",datura-metel-l.txt,,Cà (Solanaceae),,2928747
Casearia graveolens Dalzell,Nuốt hôi,"Cây độc cần chú ý. Hà Tây, Đồng Nai, An Giang. Cây mọc tự nhiên ở vùng núi.",casearia-graveolens-dalzell.txt,,Mùng quân (Flacourtiaceae),,6043379
Balanophora fungosa Forst. et Forst.f,"Củ dó đất, Cây không lá, Cu chó, Ký sinh hoàn, Củ ngọc núi, Xà cô, Tỏa dương","Ninh Bình (Cúc Phương), Kon Tum. Cây ký sinh trên rễ nhiều loài họ đậu trong rừng nguyên sinh",balanophora-fungosa-forst-et-forst-f.txt,,Dó đất (Balanophoraceae),,7147896
Licuala spinosa Thunb,"Cau lụi, Mật cật gai, Ra gai","Quảng Bình, Thừa Thiên – Huế, Đà Nẵng, Khánh Hòa, Đồng Nai, Kiên Giang. Cây mọc tự nhiên, còn được trồng làm cảnh",licuala-spinosa-thunb.txt,,,Arecaceae,8090622
Ulva lactuca L,"Rau diếp biển, Rong biển nhăn","Ninh Bình, Thanh Hóa, Bình Định. Cây mọc tự nhiên bám trên đá, gỗ mục ven bờ biển.",ulva-lactuca-l.txt,,,Ulvaceae,5273309
Bambusa ventricosa Mc Clure,"Tre ống điếu, Trúc phật",Cây trồng làm cảnh ở Việt Nam. Nguồn gốc từ Trung Quốc,bambusa-ventricosa-mc-clure.txt,,,Poaceae,4140151
Croton joufra Roxb,"Cù đèn khai, Vọng, Ba đậu lá thuôn, Khai đen","Hòa Bình, Đà Nẵng. Cây ưa sáng, mọc tự nhiên trong rừng thưa, trên núi đá vôi, ở độ cao 100-900 m.",croton-joufra-roxb.txt,,,Họ Thầu dầu (Euphorbiaceae),3058375
Ancistrocladus wallichii Planch,"Trung quân, Dây lá lợp, Sườn bò, Trương quân","Tây Ninh, Đồng Nai. Cây mọc tự nhiên rải rác trong rừng ẩm",ancistrocladus-wallichii-planch.txt,,,Ancistrocladaceae,3659013
Ardisia quinquegona Blume,"Cơm nguội năm cạnh, Phổ soóng mộc","Lao Cai, Quảng Ninh, Nghệ An. Cây mọc tự nhiên",ardisia-quinquegona-blume.txt,,,Họ Đơm Nem (Myrsinaceae),7331031
Neolitsea chunii Merr. var. annamensis Liou,Nô trung bộ,"Quảng Bình, Quảng Trị, Thừa Thiên Huế. Cây mọc tự nhiên rải rác trong rừng thường xanh, ở độ cao 300-700 m",neolitsea-chunii-merr-var-annamensis-liou.txt,,,Lauraceae,12176613
Operculina turpethum (L.) Silva Manso – Convolvulus turpethum L,"Bìm bắp, Bìm nắp","Bắc Giang, Hà Nội, Phú Thọ, Thanh Hóa, Đắk Lắk. Cây mọc tự nhiên ven đồi, lùm bụi nơi khô và sáng.",operculia-turpethum-l-s-manso.txt,,Bìm bìm (Convolvulaceae),,5341747
Lipocarpha microcephala (R. Br.) Kunth,"Cói bông đầu nhỏ, Nhẵn diệp đầu nhỏ","Bắc Giang, Bắc Ninh, Hà Nội, Ninh Bình, Đồng Nai (Biên Hòa), Bà Rịa-Vũng Tàu (Côn Đảo), Kiên Giang (Hà Tiên, Hòn Đất, Rạch Giá, Phú Quốc)",lipocarpha-microcephala-r-br-kunth.txt,Hypaelyptum microcephalum R. Br,Cói – Cyperaceae,,9294395
"Acriopsis liliifolia (J.Koenig) Seidenf. ( Epidendrum liliifolium Koenig, Acriopsis javansa Reinw. ex Blume, A. annamica Finet)",Tổ yến java,"Quảng Trị, Đà Nẵng (Bà Nà), Lâm Đồng (Đà Lạt), Tây Ninh, Tp. Hồ Chí Minh",acriopsis-liliifolia-j-koenig-seidenf.txt,,Lan – Orchidaceae,,8414553
Chonemorpha yersinii Vernet ex Spire,Quặn hoa,"Lâm Đồng (thác Gougah), Đồng Nai (Định Quán). Cây mọc tự nhiên",chonemorpha-yersinii-vernet-ex-spire.txt,,,Apocynaceae,3616952
Hyoscyamus muticus L,Cà lương,Lào Cai (Sa Pa). Cây nhập trồng,hyoscyamus-muticus-l.txt,,Cà (Solanaceae),,2928977
Senna timoriensis (DC.) Irwin & Barneby – Cassia timoriensis DC,"Muồng đỏ, Muồng tía, Khỉ pọi",Thanh Hoá. Cây mọc tự nhiên trên các vùng núi đá vôi.,senna-timorensis-dc-irwin-cassia-timoriensis-dc.txt,,,Caesalpiniaceae,2957569
Polygala glomerata Lour,"Cây dầu nóng, Bất hoán, Kích nhũ thơm","Nghệ An, Thừa Thiên Huế, Đà Nẵng, Lâm Đồng (Di Linh). Cây mọc tự nhiên rải rác trong rừng thưa, ở độ cao trên 400 m",polygala-glomerata-lour.txt,,,Polygalaceae,7293659
Avicennia offcinalis L,"Cây mắm, Mắm đen","Cây mọc tự nhiên ở các cửa sông, phổ biến ở các tỉnh phía Nam",avicennia-offcinalis-l.txt,,,Verbenaceae,6413451
Planchonella obovata (R. Br.) Pierre – Selsalisia obovata R. Br,"Mộc, Chỏi, Mộc tê, Hoa mộc","Quảng Ninh, Quảng Bình, Quảng Trị, Đà Nẵng, Đồng Nai. Cây mọc trong rừng vùng núi đất thấp, ven biển, đôi khi ở độ cao tới 1.300 m",planchonella-obovata-r-br-pierre.txt,,,Sapotaceae,5334135
Myrsine semiserrata Wall,"Xay răng nhọn, Thiết tồn","Hà Giang, Lạng Sơn. Cây mọc tự nhiên trong rừng thưa thứ sinh trên núi đá vôi ở độ cao 1000 – 1700m",myrsine-semiserrata-wall-in-roxb.txt,,,Myrsinaceae,7330934
Stranvaesia davidiana Decne,Tân hoa,"Lào Cai (Sa PaNúi Fansipan), ở độ cao 2.500m",stranvaesia-davidiana-decne.txt,,,Rosaceae,3000406
Trichosanthes pedata Merr. et Chun,Qua lâu năm cánh,"Quảng Ninh, Cao Bằng. Cây mọc tự nhiên trong vùng núi đá vôi.",trichosanthes-pedata-merr-et-chun.txt,,,Cucurbitaceae,7317658
Micromelum compressum Merr,"Co đi mi, Chạ mác chiu, Cây răng rẻ",Miền Trung. Cây mọc tự nhiên,micromelum-compressum-merr.txt,,,Rutaceae,3837694
:Lycopodiella cernua (L.) Pic. Serm. – Lycopodium cernuum L,"Thông đất, Thạch tùng nghiêng",Cây mọc tự nhiên khắp nơi ở vùng đồi núi thấp của nước ta,lycopodiella-cernua-l-pic.txt,,,Lycopodiaceae,
Osmunda vachellii Hook,"Rau vi dừa, Ráng ất minh vachell, Nam tử ki","Quảng Nam, Đà Nẵng đến Lâm Đồng. Cây mọc tự nhiên ở nhiều vùng đồi núi thấp, từ Quảng Ninh qua Quảng Bình, Thừa Thiên Huế, Lâm Đồng, Ninh Thuận, ở độ cao 50-1.600 m.",osmunda-vachellii-hook.txt,,,Osmundaceae,3645975
Salix tetrasperma Roxb,Liễu bốn hạt,"Phổ biến ở Miền Bắc Việt Nam. Cây mọc trong đầm lầy, dựa sối, ven hồ",salix-tetrasperma-roxb.txt,,,Salicaceae,5582578
Syzygium polyanthum (Wight) Walp. – Eugenia polyantha Wight,"Sắn thuyền , Sắn vó","Lào Cai, Hà Nội, Hải Phòng, Ninh Bình, Thanh Hóa, Nghệ An, Quảng Bình, Quảng Trị, Thừa Thiên Huế. Cây mọc tự nhiên rải rác trong rừng thường xanh, hay rừng rụng lá, rừng tre nứa, ở độ cao từ thấp đến 1.300 m",syzygium-polyanthum-wight-walp.txt,,,Myrtaceae,3182288
Rubus obcordatus (Franch.) N . V. Thuan – R. ellipticus Smith forma obcordatus Franch,"Hủ mạ, Ngải tròn lá, Ngấy lá lõm","Lai Châu, Lào Cai, Cao Bằng, Vĩnh Phúc (Tam Đảo), Kon Tum. Lâm Đồng. Cây mọc tự nhiên rải rác ven rừng, ở độ cao 700m trở lên",rubus-obcordatus-franch-n-v-thuan.txt,,,Rosaceae,2991314
Amentotaxus argotaenia (Hance) Pilg. – Podocarpus argotaenia Hance,Dẻ tùng sọc trắng,"Lào Cai (Sa Pa), Sơn La, Cao Bằng, Thái Nguyên, Vĩnh Phúc (Tam Đảo), Hòa Bình (Mai Châu), Quảng Ngãi (Trà Bồng). Cây mọc rải rác trong rừng rậm thường xanh. Loài hiếm, đã được đưa vào Sách Đỏ Việt Nam.",amentotaxus-argotaenia-hance-pilg.txt,,Thông đỏ (Taxaceae),,2685171
Capparis zeylanica L,Gai đen,"Quảng Ninh, Hải Phòng, Quảng Trị, Thừa Thiên Huế. Cây mọc tự nhiên ở vùng khô, trảng cây bụi, rừng còi",capparis-zeylanica-l.txt,,,Capparaceae,5601836
Vitex negundo L. – Vitex spicata Lour,"Hoàng kinh, Chân chim, Ngũ trảo, Mẫu kinh, Co cút kệ (Thái)",Cây mọc tự nhiên,vitex-negundo-l.txt,,,Verbenaceae,2925564
Eugenia uniflora L,Trâm sơ ri,Thừa Thiên Huế. Cây nhập trồng,eugenia-uniflora-l.txt,,,Myrtaceae,5416458
Erythroxylum novo-granatense Hieron,Cô ca hoa trắng,Cây trồng ở Miền Nam Việt Nam,erythroxylum-novo-granatense-hieron.txt,,,Erythroxylaceae,2873941
Acanthus ilicifolius L,"Ô rô nước, Ô rô gai, Lão thử cân","Cây mọc tự nhiên ở các bãi nước lợ, bãi biển, cửa sông khắp nước ta",acanthus-ilicifolius-l.txt,,Ô Rô (Acanthaceae),,6359819
Adina cordifolia (Roxb.) Hook.f. ex Brandis – Haldina cordifolia (Roxb.) Ridsd,Gáo tròn,"Thanh Hóa, Khánh Hòa, Vũng Tàu, Côn Đảo. Cây mọc tự nhiên trong rừng nguyên sinh, rừng thứ sinh và rừng khộp, ở độ cao 700-2.500 m",adina-cordifolia-roxb-hook-f-ex-brandis.txt,,,Rubiaceae,8417744
Laggera alata Nanth. – Erigeron alatum D. Don,Cúc đồi,"Cao Bằng, Kon Tum, Đắk Lắk, Lâm Đồng, Ninh Thuận. Cây mọc tự nhiên trong rừng thông, rừng thưa, savan cỏ",laggera-alata-d-don-sch-bip-ex-oliv-erigeron-alatum-d-don.txt,,Cúc(Asteraceae),,3098702
Glochidion lanceolarium (Roxb.) Voigt – Bradleia lanceolaria Roxb,Sóc thon,"Quảng Ninh tới Tây Ninh, Kon Tum. Cây mọc tự nhiên trong rừng hỗn giao từ vùng thấp tới vùng cao",glochidion-lanceolarium-roxb-voigt.txt,,,Euphorbiaceae,3080126
Adenosma indiana (Lour.) Merr. – Manulea indiana Lour,"Bồ bồ, Chè cát, Nhân trần, Chè nội, Nhân trần hoa đầu","Phú Thọ, Thái Nguyên, Lạng Sơn, Hoà Bình, Thanh Hóa. Cây mọc tự nhiên ở nơi gần sáng và ẩm, đồng cỏ, đồi, ở độ cao đến 1.200 m",adenosma-indiana-lour-merr.txt,,Hoa mõm sói (Scrophulariaceae),,7685146
Cassia grandis L.f,"Ô môi, Canh ki na Việt Nam, Mạy khuôm (Tày)","Cây nhập trồng phổ biến ở Miền Nam Việt Nam, nhất là các tỉnh Đồng Bằng Sông Cửu Long",cassia-grandis-l-f.txt,,,Caesalpiniaceae,5357158
Triumfetta rhomboidea Jacq. – Triumfetta bartramia L.; Bartramia indica L,"Ké đay vàng, Gai đầu hình thoi","Cây mọc tự nhiên trên đất hoang, dọc đường đi ở các tỉnh vùng núi",triumfetta-rhomboidea-jacq.txt,,Đay (Tiliaceae),,3152069
Ruellia patula Jacq,Nổ sà,"Bà Rịa – Vũng Tàu, Cần Thơ, An Giang. Cây mọc tự nhiên",ruellia-patula-jacq.txt,,,Acanthaceae,5573538
Stixis suaveolens (Roxb.) Pierre – Roydsia suaveolens Roxb,"Trứng cuốc, Tiết xích, Mác nam ngoa (Tày), Co sáy tấu (Thái)","Lai Châu, Hòa Bình, Sơn La, Kon Tum, Đắk Lắk, Gia Lai. Cây mọc tự nhiên ở các trảng cây bụi, ven rừng",stixis-suaveolens-roxb-pierre.txt,,,Capparaceae,6042838
Vernonia aspera (Roxb.) Buch.- Ham. – Eupatorium asperum Roxb,Bạch đầu nhám,"Vĩnh Phúc, Hoà Bình, Hà Nội, Nghệ An, Kon Tum. Cây mọc tự nhiên trên các trảng cỏ, ở độ cao dưới 1200 m.",vernonia-aspera-roxb-buch.txt,,,Asteraceae,
Millingtonia hortensis L.f,Đạt phước,"Thanh Hóa, Gia Lai, Đắk Lắk, Lâm Đồng. Cây mọc tự nhiên rải rác trong rừng hỗn giao",millingtonia-hortensis-l-f.txt,,Núc nác (Bignoniaceae),,7629955
Lonicera japonica Thunb,"Kim ngân hoa, Nhẫn đông, Chừa giang khằm (Thái), Bjooc khuyền (Tày)","Cây mọc tự nhiên khá phổ biến ở một số tỉnh vùng Đông Bắc nước ta, còn được trồng",lonicera-japonica-thunb.txt,,,Caprifoliaceae,5334240
Asplenium antrophyoides H. Christ,Tổ điểu bầu dục,"Rộng, ở nhiều vùng đồi núi thấp, từ Cao Bằng (Bảo Lạc, Trà Lĩnh), Bắc Kạn (Chợ Mới), Thái Nguyên (sườn đông bắc núi Tam Đảo), Lạng Sơn, Quảng Ninh, Hòa Bình, Ninh Bình (Cúc Phương).",asplenium-antrophyoides-h-christ.txt,,Tổ điểu – Aspleniaceae,,4257291
Spondias pinnata (L.f.) Kurz – Mangifera pinnata L.f,"Cây cóc rừng, Cóc chua","Lai Châu, Sơn La, Hoà Bình, Nghệ An, Quảng Nam, Lâm Đồng, Vũng Tàu. Cây mọc tự nhiên rải rác trong rừng thứ sinh, ở độ cao dưới 1000 m.",spondias-pinnata-l-f-kurz.txt,,,Anacardiaceae,3661030
Canscora decussata (Roxb.) Roem. et Schult. – Pladera decussata Roxb,"Can chéo, Cỏ bươm bướm","Cây mọc tự nhiên ở vùng núi Tam Đảo, Khánh Hoà (Nha Trang)",canscora-decussata-roxb-roem-et-schult.txt,,,Gentianaceae,3840335
Goniothalamus gabriacianus (Baill.) Ast – Oxymitra gabriaciana Baill; G. saigonensis Pierre ex Fin. & Gagnep,Giác đế sài gòn,"Quảng Trị, Đà Nẵng, Quảng Nam, Khánh Hoà, Ninh Thuận, Gia Lai, Kon Tum, Tây Ninh, Kiến Giang. Cây bụi mọc rải rác trong rừng núi đất, ở độ cao 100-800 m",goniothalamus-gabriacianus-baill-ast.txt,,,Annonaceae,3154495
Elaeagnus tonkinensis Serv,Nhót bắc bộ,"Cây trồng. Còn có mọc tự nhiên rải rác ven rừng, lùm bụi, chân núi đá vôi",elaeagnus-tonkinensis-serv.txt,,,Elaeagnaceae,4048135
Siphocranion macranthum (Hook. f.) C.Y.Wu – Plectranthus macranthus Hook.f,Hoa ống,"Lào Cai (Sa Pa). Cây mọc tự nhiên ở nơi ẩm và sáng, ở độ cao trên 1.000 m",siphocranion-macranthum-hook-f-c-y-wu.txt,,,Lamiaceae,3888286
Euphorbia vachellii Hook. et Arn . Họ thầu dầu (Euphorbiaceae),Cỏ sữa rừng khô,"Hà Nội, Ninh Bình, Thừa Thiên Huế, Lâm Đồng, Đồng Nai. Cây mọc tự nhiên trong rừng còi, các trảng cây bụi hay các bãi cát, trên đất sỏi đá hay đất cát, ở độ cao 100-1000 m.",euphorbia-vachellii-hook-et-arn.txt,,,,3065503
Acalypha grandis Benth,"Tai tượng gai, Tai tượng lớn",Cây được trồng làm cảnh ở thành phố Hồ Chí Minh.,acalypha-grandis-benth.txt,,,Euphorbiaceae,3056864
Rauvolfia tetraphylla L. – Rauvolfia canescens L,"Ba gạc bốn lá, Ba gạc cu ba",Cây nhập trồng ở vườn thuốc Viện Dược liệu,rauvolfa-tetraphylla-l.txt,,,Apocynaceae,3169782
Pandanus amaryllifolius Roxb,Dứa thơm,Cây trồng.,pandanus-amaryllifolius-roxb.txt,,,Pandanaceae,5327986
Prunus persica (L.) Batsch – Amygdalus persica L. Họ Hoa Hồng (Rosaceae),"Đào, Co tào (Thái), Mạy phăng (Tày), Kén má cai, Phiếu kiào (Dao)",Cây trồng,prunus-persica-l-batsch.txt,,,,8149923
Buchnea cruciata Buch.-Ham. ex D. Don – Buchnea ramosa Bonati,Cỏ đen,Từ Quảng Trị đến Sài Gòn. Cây mọc tự nhiên,buchnea-cruciata-buch-ham-ex-d-don.txt,,,Scrophulariaceae,8156987
Cleome rutidosperma DC,Màn màn hoa tím,"Cây mọc tự nhiên nơi đất hoang, ven nương rẫy vùng đồi núi các tỉnh miền Trung và miền Nam",cleome-rutidosperma-dc.txt,,,Capparaceae,9778787
Typhonium ﬂagelliforme (Lodd.) Blume – Arum ﬂagelliforme Roxb,"Bán hạ roi, Củ chóc mo dài","Cây mọc tự nhiên ở ruộng có nước, hoặc ở vườn, dọc đường đi phổ biến ở các tỉnh miền Trung và miền Nam",typhonium-ﬂagelliforme-lodd-blume.txt,,,Araceae,
Capsicum frutescens L. var. cerasiformis Bailey,Ớt cà,Cây trồng,capsicum-frutescens-l-var-cerasiformis-bailey.txt,,,Solanaceae,2932942
Cinchona pubescens Vahl,Canh ki na,Lâm Đồng. Cây trồng,cinchona-pubescens-vahl.txt,,,Rubiaceae,2901294
Cleistanthus tonkinensis Jabl,"Cọc rào, Chà chôi","Cao bằng, Ninh Bình, Nghệ An. Cây mọc tự nhiên ở rừng núi đá vôi",cleistanthus-tonkinensis-jabl.txt,,,Họ Thầu dầu (Euphorbiaceae),3081564
Hedyotis tenelliﬂora Blume,"Cỏ hoa tai, An điền hoa nhỏ",Vĩnh Phúc (Tam Đảo). Cây mọc tự nhiên trên các bãi đất hoang,hedyotis-tenelliﬂora-blume.txt,,,Rubiaceae,
Salvinia cucullata Roxb. ex Bory,"Bèo ong, Bèo tai chuột","Cây mọc tự nhiên trong các ao, hồ, đầm ruộng ở Việt Nam.",salvinia-cucullata-roxb-ex-bory.txt,,,Bèo ong (Salviniaceae),5579449
Ageratum houstonianum Mill,"Cỏ hôi, Cúc sít, Tổ ong, Cây bọ xít, Cỏ thỏ",Cây mọc tự nhiên,ageratum-houstonianum-mill.txt,,,Asteraceae,5401760
Neocinnamomum lecomtei H. Liu,De mới,"Lạng Sơn (Đồng Mỏ), Ninh Bình (Chùa Hạc). Cây mọc tự nhiên trong các rừng thưa, ở độ cao dưới 500 m",neocinnamomum-lecomtei-h-liou.txt,,Long Não (Lauraceae),,7491971
Allium fistulosum L,"Hành, Hành hoa, Hành hương, Hom búa (Thái), Búa (Tày), Thông bạch, Sông (Dao)",Cây trồng,allium-fistulosum-l.txt,,,Alliaceae,2856504
Dactyloctenium aegyptium (L.) Beauv,Cỏ chân gà,"Cây mọc tự nhiên trên đất khô ven đường, ven rừng, khá phổ biến ở Việt Nam",dactyloctenium-aegyptium-l-beauv.txt,,,Poaceae,2706188
Colysis wui (C. Chr.) Ching – Polypodium wui C.Chr,Ráng cổ lý,"Khá hẹp. Lạng Sơn, Thừa Thiên – Huế, Khánh Hoà. Cây mọc tự nhiên trong rừng rậm thường xanh, ở độ cao 300 – 1200m.",colysis-wui-c-chr-ching.txt,,,Polypodiaceae,7590562
Antiaris toxicaria (Pers.) Lesch. – Ipo toxicaria Pers,Sui,"Hà Tây, Vĩnh Phúc, Lao Cai (Bắc Hà). Cây mọc tự nhiên rải rác trong rừng thường xanh, ở độ cao tới 1500 m",antiaris-toxicaria-pers-lesch.txt,,,Moraceae,7262663
Flueggea virosa (Roxb. ex Willd.) Royle – Phyllanthus virosa Roxb. ex Willd,"Bỏng nổ, Cây nổ","Cây mọc tự nhiên trong rừng thưa, nơi dãi nắng ven đường, phổ biến ở Vi ệt Nam",flueggea-virosa-roxb-ex-willd-woigt.txt,,,Euphorbiaceae,5382823
Sabia fasciculatus Lecomte ex L. Chen,Thanh phong chụm,"Lào Cai, Kon Tum. Cây mọc tự nhiên trong rừng thưa, trảng cây bụi xen cây gỗ, ở độ cao 1.200-2.400 m",sabia-fasciculatus-lecomte-ex-l-chen.txt,,,Sabiaceae,7673811
Corchorus capsularis L,"Đay, Bố, Đay quả tròn, Co dệt (Thái), Đay lụa, Đay ta",Cây trồng,corchorus-capsularis-l.txt,,Đay (Tiliaceae),,3152082
Oryza sativa L. var. glutinosa Tanaka,"Lúa nếp, Nhu mễ, Đạo mễ, Còi mba (Kho)",Cây trồng phổ biến ở Việt Nam,oryza-sativa-l-var-glutinosa-tanaka.txt,,,Poaceae,2703459
Euphorbia tirucalli L,"Xương khô , Cành giao, San hô xanh",Cây nhập trồng làm cảnh.,euphorbia-tirucalli-l.txt,,,Euphorbiaceae,3069353
Vigna unguiculata (L.) Walp. ssp. cylindrica (L.) Verdc.; V. cylindrica (L.) Skeels,"Đậu đen, Hắc đậu, Thúa đăm (Tày)",Cây trồng phổ biến ở Việt Nam,vigna-unguiculata-l-walp-ssp-cylindrica-l-verdc.txt,,Đậu (Fabaceae),,2982583
Fraxinus chinensis Roxb,Tần trung quốc,"Hoà Bình, Kon Tum, Lâm Đồng. Cây mọc tự nhiên ở trên đất cát ven suối",fraxinus-chinensis-roxb.txt,,,Oleaceae,3172325
Begonia laciniata Roxb,"Cây tán, Thu hải đường xẻ","Lào Cai, Lai Châu, Hà Giang. Cây mọc tự nhiên vùng núi cao",begonia-laciniata-roxb.txt,,,Begoniaceae,8047443
Centaurea cyanus L,"Thanh cúc, Cúc vỏ sò, Cúc nam","Cây nhập trồng ở Đắk Lắk, Lâm Đồng (Đà Lạt, Bảo Lộc), Tp. Hồ Chí Minh",centaurea-cyanus-l.txt,,Cúc – Asteraceae,,3089561
Turpinia indochinensis Merr,"Bẩy bò, Côi đông dương","Vĩnh Phúc (Tam Đảo). Cây mọc tự nhiên nơi ẩm gần suối hoặc khe núi, ở độ cao 600-900 m",turpinia-indochinensis-merr.txt,,,Bàng quang quả (Staphyleaceae),5550203
Pellionia heteroloba Wedd. – Pellionia griffthiana Wedd. in DC,Phu lệ dị thuỳ,"Lào Cai, Quảng Ninh. Cây mọc tự nhiên",pellionia-heteroloba-wedd.txt,,,Urticaceae,4099443
Exacum tetragonum Roxb,"Ngoại dấu, Ngoại dẫn",Cây mọc tự nhiên ở vùng núi các tỉnh phía Bắc,exacum-tetragonum-roxb.txt,,,Gentianaceae,3840363
Hypericum napaulense Choisy,"Ban nepal, Biến địa kim",Cao Bằng (Phia Oắc),hypericum-napaulense-choisy.txt,,Ban – Hypericaceae,,7330142
Crassocephalum crepidioides (Benth.) S. Moore,Rau tàu bay,"Lai Châu, Lào Cai, Sơn La, Tuyên Quang, Cao Bằng, Hà Nội, Hòa Bình, Quảng Trị, Thừa ThiênHuế, Kon Tum (Ngọc Linh, Đắk Tô, Sa Thầy, Kon Plông), Gia Lai (Mang Yang), Đắk Lắk (Krông Pắc), Đắk Nông, Lâm Đồng (Đà Lạt, Di Linh, Bảo Lộc), Bình Dương",crassocephalum-crepidioides-benth-s-moore-2.txt,Gynura crepidioides Benth,Cúc – Asteraceae,,3115443
Calophyllum soulattri Burm.f,Cồng trắng,Cây mọc tự nhiên rừng lầy,calophyllum-soulatti-burm-f.txt,,,Họ Bứa (Clusiaceae),8029877
Lycopodium casuarinoides Spring,"Thạch tùng phi lao, Thông đất lá phi lao","Khá rộng, chủ yếu vùng núi thấp của Lào Cai (Sa Pa), Vĩnh Phúc (núi Tam Đảo), Hà Tĩnh (Hương Sơn) và Lâm Đồng.",lycopodium-casuarinoides-spring.txt,,Thông đất – Lycopodiaceae,,8213721
Microsorum steerei (Harr.) Ching – Polypodium steerei Harr,Ráng vi quần,"Cao Bằng, Thừa Thiên Huế (Bạch Mã). Cây mọc tự nhiên, thường sống bám trên đá, chủ yếu ở ven suối trong vùng rừng rậm thường xanh, ở độ cao 0 – 600m.",microsorum-steerei-harr-ching.txt,,,Polypodiaceae,4024497
Tectaria impressa (Fee) Holttum – T. variolosa (Wall. ex Hook.) C. Chr,Ráng yểm dực rỗ,Phân bố rất rộng. Cây mọc tự nhiên trong rừng rậm thường xanh.,tectaria-impressa-fee-holttum.txt,,,Aspidiaceae,7724229
Taxillus ferrugineus (Jack) Ban,Tầm gửi sét,"Sơn La, Quảng Ninh, Kon Tum, Gia Lai, Bà Rịa Vũng Tàu, An Giang. Cây bụi bán ký sinh trên cây thân gỗ, ở độ cao dưới 200 m",taxillus-ferrugineus-jack-ban.txt,,,Loranthaceae,4001492
Dianthus superbus L,"Cẩm hoa xẻ, Cù mạch",Cây nhập trồng,dianthus-superbus-l.txt,,,Caryophyllaceae,6363496
Pilea plataniflora Wight – Pilea lansonensis Gagnep,Thạch cân thảo,"Bắc Cạn, Lạng Sơn. Cây mọc tự nhiên trên đất ẩm núi đá vôi",pilea-plataniflora-wight.txt,,,Urticaceae,7300944
Clerodendrum chinense (Osb.) Mabb. var. simplex (Mold.) S.L. Chen,"Mò mâm xôi, Mò trắng, Vậy trắng, Bấn trắng, Ngọc nữ thơm, Phuồng pỉ (Tày), Búng súi mía (Dao)","Cây ưa sáng và ưa ẩm, mọc rải rác ở ven đường, ven rừng, lùm bụi, ở độ cao tới 1.500 m, khá phổ biến ở Việt Nam",clerodendrum-chinense-osb-mabb-var-simplex-mold-s-l-chen.txt,,,Verbenaceae,2925357
Mitragyna speciosa Korth,"Giam, Giam lá nhỏ, Giam đẹp","Bình Thuận, Bình Dương, Đồng Nai, An Giang. Cây mọc tự nhiên trong rừng ở bình nguyên",mitragyna-speciosa-korth.txt,,,Rubiaceae,7461054
Tiliacora acuminata (Lam.) Miers – Menispermum acuminatum Lam,Dây xanh nhọn,"Thừa Thiên Huế (Bạch Mã), Kiên Giang (đảo Phú Quốc). Dây leo to, mọc rải rác trong rừng",tiliacora-acuminata-lam-miers.txt,,Tiết Dê (Menispermaceae),,7796912
Brucea javanica (L.) Merr. – Rhus javanica L,"Xoan rừng, Sầu đâu cứt chuột, Nha đảm (tử), Sầu đâu rừng","Cây mọc tự nhiên rải rác trong các rừng còi, chân núi đá vôi, vùng ven biển, khá phổ biến ở Việt Nam",brucea-javanica-l-merr.txt,,,Simaroubaceae,5555210
Cyperus diffusus Vahl Họ Cói (Cyperaceae),"Cói hoa xoè, Cỏ gấu nước","Lào Cai (Phố Lu), Hà Giang (Vị Xuyên), Sơn La (Mộc Châu), Thừa Thiên Huế (Kon Tum), Gia Lai. Cây mọc tự nhiên ở vùng núi, trung du; trong rừng, trảng cỏ, ở độ cao dưới 900 m",cyperus-diffusus-vahl.txt,,,,
Anemone rivularis Buch.-Ham. ex DC,Phong quỳ bò,"Lai Châu, Hà Giang, Lao Cai. Cây mọc tự nhiên rải rác trong rừng thứ sinh, ở độ cao 400 – 800m",anemone-rivularis-buch.txt,,,Ranunculaceae,9649960
Aralia armata (Wall.) Seem. – Panax armatum Wall. ex G. Don,"Đơn châu chấu , Cây răng, Cây cuồng, Đinh lăng gai, Cẩm giàng (Tày)",Cây mọc tự nhiên ở hầu hết các tỉnh trung du và miền núi,aralia-armata-wall-seem.txt,,,Araliaceae,3036888
Phellodendron amurense Rupr,"Hoàng bá, Hoàng nghiệt","Lào Cai, Lâm Đồng (Đà Lạt). Cây nhập trồng",phellodendron-amurense-rupr.txt,,,Rutaceae,3190154
Rubus cochinchinensis Tratt,"Ngấy hương , Ngũ gia bì hương, Dây dum, Ngấy, Đũm hương, Mác tin tang (Tày), Ghín sí (Dao)","Lào Cai, Hà Giang, Cao Bằng, Lạng Sơn, Vĩnh Phúc (Tam Đảo). Cây mọc tự nhiên",rubus-cochinchinensis-tratt.txt,,,Rosaceae,2999072
Callicarpa nudiflora Hook. et Arn,Tử châu hoa trần,"Bắc Cạn, Quảng Ninh, Quảng Bình, Đà Nẵng. Cây mọc tự nhiên, rải rác trong rừng thưa, ven đường, ở độ cao tới 1.000 m",callicarpa-nudiflora-hook-et-arn.txt,,,Verbenaceae,5609427
Chlorophytum laxum R. Br,Lục thảo thưa,"Ninh Bình (Chợ Ghềnh), Đà Nẵng. Cây mọc tự nhiên ở ven rừng, ven đồi, rừng thưa, trên nương rẫy.",chlorophytum-laxum-r-br.txt,,,Asphodelaceae,2774395
Glochidion zeylanicum (Gaertn.) A. Juss,"Sóc lá nhỏ, Sóc tích lan","Cao Bằng, Lạng Sơn, Hà Nam, Ninh Bình, Bình Dương. Cây mọc tự nhiên trong rừng thường xanh hay rụng lá, ở độ cao 100-500 m",glochidion-zeylanicum-a-juss.txt,,,Euphorbiaceae,3080562
Musa seminifera Lour. – M. balbisiana Colla,Chuối hột Chuối chát,Cây trồng,musa-seminifera-lour.txt,,,Musaceae,3750389
Quisqualis indica L,"Quả giun, Quả nấc, Sử quân tử, Dây giun, Mạy lăng cường, Mác giáo giun (Tày)",Khắp các tỉnh miền núi phía Bắc tới Kon Tum. Cây mọc tự nhiên nơi sáng,quisqualis-indica-l.txt,,,Combretaceae,12203608
Neoalsomitra integrifoliola (Cogn.) Hutch. – Gynostemma integrifoliola Cogn,Song mạo,"Lao Cai, Thanh Hóa, Ninh Bình. Cây mọc tự nhiên rải rác trong rừng",neoalsomitra-integrifoliola-cogn-hutch.txt,,,Cucurbitaceae,3623479
Ligusticum sinense Oliv,"Cảo bản , Hương cảo bản, liêu cảo bản",Cây nhập trồng ở vùng cao Hà Giang.,ligusticum-sinense-oliv.txt,,Hoa tán – Apiaceae,,8393328
Asarum yunnanense T.Sugaw,Tế tân vân nam,Tuyên Quang (Na Hang),asarum-yunnanense-t-sugaw.txt,,Mộc hương – Aristolochiaceae,,3588624
Skimmia japonica Thunb,Chu nhật,"Lào Cai. Cây mọc tự nhiên trong rừng thưa, ở độ cao 1.300 – 1.700 m",skimmia-japonica-thunb.txt,,,Rutaceae,7740617
Vernonia balansae Gagnep,Thẩy cần (Tày),"Bắc Cạn, Thái Nguyên, Bắc Giang, Vĩnh Phúc, Hòa Bình. Cây thảo một năm cao 40-60cm. Mọc tự nhiên trên các trảng cỏ và rừng thưa, ở độ cao dưới 800m. Loài đặc hữu của Việt Nam.",vernonia-balansae-gagnep.txt,,,Asteraceae,8120425
Aster trinervius Roxb,Các sao lá ba gân,"Lào Cai (Sa Pa), Lạng Sơn, Quảng Ninh, Hưng Yên, Vĩnh Phúc, Ninh Bình, Thanh Hóa",aster-trinervius-roxb.txt,,Cúc – Asteraceae,,5387429
Dalbergia lanceolaria L.f. var. lakhonensis (Gagnep.) Phamh,"Trắc lá mác, Bạt ong, trắc hoa to","Lai Châu, Bắc Ninh, Ninh Bình, Đắk Lắk, Lâm Đồng. Cây mọc tự nhiên ở rừng hỗn giao rụng lá hoặc thường xanh ven suối, ở độ cao tới 1500m",dalbergia-lanceolaria-l-f-var-lakhonensis-gagnep-phamh.txt,,Đậu (Fabaceae),,2940397
Flemingia macrophylla (Willd.) Prain – Crotalaria macrophylla Willd,"Hàm xì, Niễng cái, Đậu ma, Tập kheo (Thái), Cai ván, Đá man (Bana), Krìng (Kho), Kều ngản sống","Lạng Sơn, Cao Bằng, Quảng Nam, Quảng Ngãi, Kon Tum, Gia Lai. Cây mọc tự nhiên ven sông suối, lùm bụi, trảng cây bụi, trong rừng thưa",flemingia-macrophylla-willd-prain.txt,,,Fabaceae,7601084
Desmodium podocarpum DC. – Hedysarum podocarpum (DC.) Spreng,"Cà phấn tàu, Thóc lép cuống quả dài","Cây mọc tự nhiên trên đất trống vùng trung du và miền núi, phổ biến ở Việt Nam",desmodium-podocarpum-dc-hedysarum-podocarpum-dc-spreng.txt,,Đậu (Fabaceae),,2971272
Diploclisia glaucescens (Blume) Diels – Coccolus glaucescens Blume,Dây song bào,"Lào Cai, Đà Nẵng, Tây Ninh. Cây mọc tự nhiên vùng núi đá, rừng còi, ở độ cao dưới 1200 m.",diploclisia-glaucescens-blume-diels-coccolus-glaucescens-blume.txt,,,Họ Tiết dê (Menispermaceae),7268813
Sagina saginoides (L.) Karsten. – Spergula saginoides L,Sa đinh,"Lao Cai, Lâm Đồng. Cây mọc tự nhiên quanh vườn, vùng đất lầy ven đường, ở độ cao 1300-1500 m",sagina-saginoides-l-karsten.txt,,,Caryophyllaceae,7952995
Oxyceros horrida Lour. – Randia horrida (Lour.) Roem. & Schult,"Găng gai cong, Mo tró, ắc ó, Nút","Bắc Giang (Yên Thế), Phú Thọ, Hà Nội, Bình Thuận, Đồng Nai. Cây mọc tự nhiên",oxyceros-horrida-lour.txt,,,Rubiaceae,2904174
Crotalaria spectabilis Roth,Lục lạc lá ổi,"Cây nhập trồng ở một số trại thí nghiệm và nông trường các tỉnhPhú Thọ (Chân Mộng), Bắc Giang (Bố Hạ), Hà Nội (Ba Vì), Nghệ An (Nghĩa Đàn)",crotalaria-spectabilis-roth.txt,,,Fabaceae,2942727
Nanocnide lobata Wedd. – Nanocnide japonica Blume,Vi tiễn nhật,"Thái Nguyên, Bắc Kạn, Hà Nội, Hà Nam. Cây mọc tự nhiên trong kẽ đá vôi, nơi đất bỏ hoang",nanocnide-lobata-wedd-in-dc.txt,,,Urticaceae,4100198
Cotula anthemoides L,"Cúc rừng, Cúc ruộng","Sơn La, Yên Bái, Bắc Kạn, Vĩnh Phúc, Hòa Bình, Hà Nội, Thanh Hóa. Cây mọc tự nhiên sát mặt đất ẩm, bờ ruộng, ở độ cao dưới 1600 m.",cotula-anthemoides-l.txt,,,Họ Cúc (Asteraceae),3112123
Vernonia anthelmintica (L.) Willd,"Trạch lan, Co làm sái (Thái)","Lai Châu, Sơn La, Lạng Sơn. Cây mọc tự nhiên trên các trảng cỏ, ở độ cao 400-1200 m",vernonia-anthelmintica-l-willd.txt,,,Asteraceae,3087253
Munronia sinica Diels,"Mun rô, Địa hoàng liên",Ninh Thuận (Cà Ná). Cây mọc tự nhiên rải rác trong rừng thưa,munronia-sinica-diels.txt,,,Meliaceae,3849681
Parabaena sagittata Miers ex Hook. f. et Thoms,Gươm điệp,"Lai Châu, Hà Tây, Ninh Bình. Cây mọc tự nhiên ở lùm bụi, bờ rào, ở vùng núi, trên độ cao 400-1400 m",thunbergia-grandiﬂora-roxb-ex-rottl-roxb-var-cordiﬂorabenoist.txt,,,Menispermaceae,11058058
Indigofera dosua Buch.-Ham. ex D. Don,Chàm cua,"Gia Lai (Đắk Đoa), Lâm Đồng (Đà Lạt, Lang Bian, Đức Trọng, Bì Đúp), Khánh Hòa (Nha Trang), Ninh Thuận (Sông Pha).",indigofera-dosua-buch-ham-ex-d-don.txt,Indigofera stachyodes Lindl,Đậu – Fabaceae,,2972135
Evolvulus alsinoides (L.) L. – Convolvulus alsinoides L,"Bất giao, Thổ đinh quế, Vảy ốc lông, Bất giao thon",Thừa Thiên Huế tới Bình Định. Cây mọc nơi khô dọc theo bờ biển,evolvulus-alsinoides-l-l.txt,,Bìm bìm (Convolvulaceae),,2928673
Polygonum longiflorum Courch,Nghể hoa dài,"Hà Nội, Hải Phòng, Ninh Bình. Cây mọc tự nhiên nơi ẩm, ven rừng, ven suối, ruộng bỏ hoang.",polygonum-longiflorum-courch.txt,,,Polygonaceae,8738365
Croton lachnocarpus Benth,Cù đèn nhiếm,Bắc Bộ. Cây mọc tự nhiên rải rác trong rừng thưa.,croton-lachnocarpus-benth.txt,,Thầu dầu (Euphorbiaceae),,3059779
Stephania brachyandra Diels,"Bình vôi núi cao, Củ một, củ gà ấp","Lào Cai, Sơn La. Cây mọc tự nhiên trong rừng núi đá vôi, ở độ cao khoảng 1400 m",stephania-brachyandra-diels.txt,,Tiết dê (Menispermaceae),,5592659
Laportea interrupta (Gaudich.) Chew – Urtica interrupta Gaudich,"Cây ngứa, Nàng hai","Cây mọc tự nhiên trong rừng ẩm ở vùng núi đá vôi, phổ biến ở nước ta",laportea-interrupta-gaudich-chew.txt,,,Urticaceae,2984469
Euphorbia rosea Retz . Họ Thầu dầu (Euphorbiaceae),Cỏ sữa hồng,"Đồng Nai (Tri Huyện). Cây ưa sáng, mọc tự nhiên trên các ruộng bỏ hoang, ở độ cao dưới 100 m",euphorbia-rosea-retz.txt,,,,3066357
Callerya speciosa (Champ. ex Benth.) Schot,"Cát sâm , Sâm nam, Sâm trâu, Sâm chào mào, Sâm cheo mèo, Mát to, Ngưu dại lực đằng","Tuyên Quang, Lạng Sơn, Quảng Ninh (Uông Bí, Quảng Yên, Hoành Bồ, Hà Cối, Tiên Yên, Đầm Hà), Bắc Kạn, Phú Thọ Phú Hộ), Hà Nội (Ba Vì, Bất Bạt), Hải Phòng (Đồ Sơn), Hà Nam (Ninh Thái); Cây trồng ở một số địa phương",callerya-speciosa-champ-ex-benth-schot.txt,Millettia speciosa Champ. ex Benth,Đậu – Fabaceae,,10507579
Vernonia arborea Buch.-Ham. ex D. Don,"Bông bạc, Bạc đầu đỏ, Bạch đầu đại mộc","Lào Cai (Bắc Hà), Hà Giang (Quản Bạ). Cây mọc tự nhiên trong rừng thưa, rừng sau nương rẫy ở độ cao dưới 1200 m",vernonia-arborea-buch-ham-ex-d-don.txt,,,Asteraceae,
Hordeum vulgare L,"Mạch nha , Đại mạch",Cây trồng ở các tỉnh phía Bắc Việt Nam,hordeum-vulgare-l.txt,,,Poaceae,2706056
Borreria hispida (L.) K. Schum. – Spermacoce hispida L,"Ruột gà phún, Rau chiên lông","Cây mọc tự nhiên ở các trảng, đất hoang nơi khô ráo, khá phổ biển ở Việt Nam",borreria-hispida-l-k-schum.txt,,,Rubiaceae,2918315
Woodwardia japonica (L. f.) Sm. – Blechnum japonicum L.f,Ráng nhật,"Lao Cai, Sơn La, Lạng Sơn, Lâm Đồng.. Cây mọc tự nhiên trong rừng thông ba lá và một loại rừng thưa thứ sinh khác..",woodwardia-japonica-l-f-j-smith.txt,,,Blechnaceae,5665885
Cinnamomum melastomaceum Kosterm. sec. Phamh,De lá mua,"Lâm Đồng, Cao Bằng, Quảng Nam, Đà Nẵng, Quảng Bình, Quảng Trị, Thừa Thiên Huế. Cây mọc tự nhiên rải rác trong rừng thường xanh, ở độ cao trên 1000 m",cinnamomum-melastomaceum-kosterm-sec-phamh.txt,,Long Não (Lauraceae),,12221302
Acanthus ebracteatus Vahl,"Ô rô, Ô rô biển","Quảng Ninh, Hải Phòng, Nghệ An (Quỳnh Lưu), Hà TĨnh. Cây mọc tự nhiên ở ven biển, cửa sông",acanthus-ebracteatus-vahl.txt,,,Acanthaceae,5415454
Buchanania lucida Blume,"Chay sáng, Mà cá","Thừa Thiên Huế, Quảng Nam, Đà Nẵng, Kiên Giang. Cây mọc tự nhiên rải rác trong rừng",buchanania-lucida-blume.txt,,,Anacardiaceae,5544059
Mimulus nepalensis Benth,Mị thảo Nepal,"Lào Cai, Hà Nội (Ba Vì, Thủ Pháp)",mimulus-nepalensis-benth.txt,"Mimulus assamicus Griff., M. tenellus Bunge ssp. nepalensis (Benth.) Hong., M. tenellus Bunge var. nepalensis (Benth.) Tsoong",Hoa mõm chó – Scrophulariaceae,,7956125
Euonymus javanicus Blume,Chân danh nhật,Cây mọc tự nhiên ở Miền Bắc Việt Nam,euonymus-javanicus-blume.txt,,,Celastraceae,3792270
Bergia ammannioides Roxb. ex Roth,"Biệt gia, Ruộng cày","Lạng Sơn, Đồng Nai (Biên Hòa). Cây mọc tự nhiên ở ruộng ẩm",bergia-ammannioides-roxb-ex-roth.txt,,Đàn thảo (Elatinaceae),,7289718
Syzygium buxifolium Hook. & Arn,"Xích nam, Trâm lá cà mà",Lào Cai (Sa La). Cây mọc tự nhiên ở vùng núi cao 1.500m,syzygium-buxifolium-hook-arn.txt,,,Myrtaceae,3182771
Paederia scandens (Lour.) Merr. – Gentiana scandens Lour,"Mơ leo, Mơ lông","Lào Cai, Hoà Bình, Hà Tây. Cây mọc tự nhiên",paederia-scandens-lour-merr.txt,,,Rubiaceae,2909527
Torenia fournieri Lindl. ex Fourn,Tô liên vàng xanh,"Bắc Kạn (Ba Bể), Nghệ An (Tương Dương). Cây mọc tự nhiên trên các bãi đất trống, ven đường, ven rừng",torenia-fournieri-lindl-ex-fourn.txt,,Hoa mõm chó (Scrophulariaceae),,3172203
Bambusa multiplex (Lour.) Raeusch,"Trúc, Trúc cần câu, Mạy khoang (Tày), Trẫy",Cây mọc tự nhiên phổ biến ở miền Trung,bambusa-multiplex-lour-raeusch.txt,,,Poaceae,2705757
"Aconitum carmichaeli Debeaux ( Aconitum japonicum var. truppelia-num Ubr., A. carmichaeli var. truppelianum (Ubr.) Wang & Hsiao)","Ô đầu, Ấu tàu, Phụ tử","Cây trồng ở Lào Cai (Sa Pa), Hà Giang",aconitum-carmichaeli-debeaux.txt,,Mao lương – Ranunculaceae,,3033673
Derris acuminata (Grah.) Benth,Cốc kèn mũi,Quảng Trị. Cây mọc tự nhiên trong rừng thường xanh,derris-acuminata-grah-benth.txt,,,Họ Đậu (Fabaceae),5350220
Phaeanthus vietnamensis Ban,Thuốc thượng,"Thừa Thiên Huế, Đà Nẵng, Quảng Nam (Núi Thành, Duy Xuyên, Đại Lãnh). Cây mọc tự nhiên dưới tán rừng thưa, rừng thứ sinh, nơi sáng và ẩm, ở độ cao dưới 300m. Loài hiếm đã được đưa vào Sách Đỏ Việt Nam",phaeanthus-vietnamensis-ban.txt,,,Annonaceae,3155559
Solanum capsicoides All. – Solanum surattense Burm.f,"Cà dại quả đỏ, Dã diên đà","Cây mọc tự nhiên và trồng làm cảnh, phổ biến từ Thanh Hoá đến các tỉnh miền Trung",solanum-capsicoides-all.txt,,Cà (Solanaceae),,2929362
Rourea microphylla (Hook. & Arn.) Planch. – Rourea minor subsp. microphylla (Hook. & Arn.) Vidal,"Khế rừng, Dây quai xanh, Cây cháy nhà, Dây lửa, Tróc cẩu, Mạy phường đông, Làm phường (Tày), Sà là pẹt (Dao)",Cây mọc tự nhiên trên các đồi cây bụi vùng trung du và vùng ven biển nước ta,rourea-minor-gaertn-alston-in-trimen-subsp-microphylla-hook-arn-j-e-vidal.txt,,,Connaraceae,3686955
Clerodendrum bungei Steud,Bọ mẩy hôi,"Lào Cai (Sa Pa), Hà Giang (Phó Bảng). Cây mọc tự nhiên, rải rác trong rừng thứ sinh, ven rừng, ven đường, ở độ cao 1.000-1.800 m",clerodendrum-bungei-steud.txt,,,Verbenaceae,2925351
Maesa indica (Roxb.) A. DC. – Beobotrys indica Roxb,"Đơn lộc ớt, Đơn nem, Rau chua chát","Lao Cai, Lạng Sơn, Cao Bằng tới Thừa Thiên Huế. Mọc rải rác trong rừng thứ sinh, ven rừng, nơi sáng",maesa-indica-roxb-a-dc.txt,,,Myrsinaceae,7736989
Neolitsea angustifolia A. Chev,"Long uyn tơ cap, Nô lá hẹp",Hòa Bình,neolitsea-angustifolia-a-chev.txt,,,Lauraceae,8141806
Monochoria korsakowii Regel & Maack,Vũ Cửu hoa,"Phú Thọ (Chân Mộng). Cây sống trong ao, hồ, mương rạch, ruộng, sông ngòi",monochoria-korsakowii-regel-maack.txt,,,Pontederiaceae,11070196
Trichosanthes kirilowii Maxim,"Qua lâu, Bạc bát","Ninh Thuận (Phan Rang), Bình Thuận. Cây mọc tự nhiên. Loài hiếm (VU) đã đưa vào sách đỏ Việt Nam",trichosanthes-kirilowi-maxim.txt,,,Cucurbitaceae,3624240
Canarium littorale Blume var. rufum (A.W. Benn.) Leenh. – Canarium rufum A.W. Benn,"Trám nâu, Trám duyên hải","Kon Tum, Gia Lai, Đắc Lắc. Cây mọc tự nhiên trong rừng thường xanh hay rừng chuyển tiếp từ rừng rậm và rừng thưa",canarium-littorale-blume-var-rufum-a-w-benn-leenh.html?wpsc_do=regen_cache&nonce=7297866885f2a65482c0b3.txt,,,Burseraceae,5636188
Wahlenbergia marginata (Thunb.) A. DC. – Campanula marginata Thunb,"Lan hoa sâm, Sâm ruộng, Hòa liên","Sơn La, Hà Nội, Hòa Bình, Ninh Bình, Nam Định. Cây mọc tự nhiên ở vùng đồng bằng",wahlenbergia-marginata-thunb-a-dc.txt,,,Campanulaceae,5413733
Polygonatum odoratum (Mill.) Druce – Convallaria odorata Mill,Ngọc trúc,"Lào Cai, Hà Giang, Lai Châu. Cây mọc tự nhiên ở chỗ ẩm, trong rừng cây lá rậm thường xanh",polygonatum-odoratum-mill-druce.txt,,,Convallariaceae,2770228
Leucas aspera (Wild.) Link. – Phlomis aspera Willd,"Mè đất , Tổ ong, Mè đất nhám","Hải Phòng (Đồ Sơn), Thanh Hóa (Sầm Sơn), Nghệ An (Cửa Lò), Ninh Thuận, Bình Thuận. Cây mọc tự nhiên ở bãi hoang, ven đường vùng đồng bằng và trung du",leucas-aspera-wild-link.txt,,,Lamiaceae,5607947
Spiraea japonica L.f,"Cúc tiên nhật bản, Thủy bia nhật bản",Hà Giang (Đồng Văn). Cây mọc tự nhiên ở nơi ẩm lầy,spiraea-japonica-l-f.txt,,,Họ Hoa hồng (Rosaceae),8170635
Ehretia acuminata R. Br,"Cùm rụm nhọn, Cườm rụng nhọn","Hà Nội, Hà Nam, Tp. Hồ Chí Minh; có khi trồng làm cây lấy bóng mát",ehretia-acuminata-r-br.txt,Cordia thyrsiflora Sieb. & Zucc,Vòi voi – Boraginaceae,,7132425
Gymnosporia diversifolia Maxim. – Maytenus diversifolias (Maxim.) Ding Hou,"Bạch lực, Lõa châu biển",Cây mọc tự nhiên trên núi đá vôi ven biển tỉnh Quảng Ninh,gymnosporia-diversifolia-maxim.txt,,,Celastraceae,3791329
Conyza japonica (Thunb.) Less. ex Less. – Erigeron japonicum Thunb. Họ Cúc (Asteraceae),"Cỏ tai hùm thấp, Cỏ lân thiệt","Hà Nội, Hà Tây. Cây mọc tự nhiên",conyza-japonica-thunb-lees.txt,,,,8821853
Tagetes erecta L,"Cúc vạn thọ, Hoàng cúc hoa, Khổng tước thảo",Cây trồng,tagetes-erecta-l.txt,,,Họ Cúc (Asteraceae),3088488
Maranta arundinacea L,"Củ dong, Hoàng tinh",Cây trồng.,maranta-arundinacea-l.txt,,,Họ Dong (Marantaceae),2761352
Ardisia silvestris Pit,"Khôi, Lá khôi, Khôi tía, Chẩu mã thái (Tày)","Lào Cai, Lạng Sơn, Cao Bằng, Thanh Hoá tới Quảng Trị, Quảng Nam, Đà Nẵng. Cây mọc tự nhiên trong rừng rậm vùng núi ở độ cao 400 – 1400m",ardisia-silvestris-pit.txt,,,Myrsinaceae,7330958
Allophylus caudatus Radlk,Ngoại mộc có đuôi,"Lào Cai (Sa Pa), Cao Bằng, Hà Nội (Ba Vì). Cây mọc tự nhiên trong rừng, ở độ cao 300-1.500 m",allophyllus-caudatus-radlk.txt,,,Sapindaceae,5577862
Atractylodes lancea (Thunb.) DC. – Atratylis lancea Thunb,Thương truật,Lào Cai (Sa Pa). Cây nhập trồng,atractylodes-lancea-thunb-dc.txt,,,Asteraceae,3122433
Ardisia dinhensis Pit,"Trào trạo, Cơm nguội núi đinh","Thành phố Hồ Chí Minh, Đồng Nai, Bà Rịa Vũng Tàu. Cây mọc tự nhiên rải rác trong rừng thứ sinh, ven rừng, nơi sáng",ardisia-dinhensis-pit.txt,,,Myrsinaceae,5558269
Clerodendrum inerme (L.) Gaertn. – Volkameria inermis L,"Ngọc nữ biển, Mò biển, Chong gọng","Cây mọc tự nhiên, rải rác ven bờ biển khắp từ Bắc vào Nam",clerodendrum-inerme-l-gaertn.txt,,,Verbenaceae,8100393
Dioscorea glabra Roxb,"Khoai rạng, Củ cọc","Lào Cai, Lạng Sơn, Quảng Ninh, Thừa Thiên Huế, Kon Tum, Khánh Hòa, Đồng Nai. Cây mọc tự nhiên rải rác ven rừng, rừng tre nứa, sườn núi.",dioscorea-glabra-roxb.txt,,,Dioscoreaceae,2754680
Clausena anisata (Willd.) Hook.f. ex Benth. – Clausena dunniana Le’vl. & Fedde,"Hồng bì rừng, Sơn hoàng bì, Củ khỉ, Vương tùng","Quảng Bình, Quảng Trị, Thừa Thiên Huế, Quảng Nam. Cây mọc tự nhiên",clausena-anisata-willd-hook-f-ex-benth.txt,,,Rutaceae,11016483
Panicum sarmentosum Roxb . Họ Hòa thảo (Poaceae),"Cỏ voi, Cỏ gừng bò","C ây mọc tự nhiên ở ven suối, ven sông, ven trảng cây bụi, ở độ cao dưới 500 m. Khá phổ biến ở Việt Nam.",panicum-sarmentosum-roxb.txt,,,,4125606
Dictyopteris membranacea (Stackh.) Batt,Rong võng gân,Quảng Ninh và Khánh Hòa (Nha Trang).,dictyopteris-membranacea-stackh-batt.txt,,Rong võng – Dictyotaceae,,5423614
Garcinia harmandii Pierre,Bứa mọi,"Khánh Hòa, Đồng Nai, Tây Ninh. Cây mọc tự nhiên rải rác trong rừng",garcinia-harmandii-pierre.txt,,,Clusiaceae,3714389
Gmelina philippensis Cham,"Găng tu hú, Tu hú phi","Đà Nẵng, Kon Tum. Cây mọc tự nhiên trong rừng còi, ven rừng, trảng cây bụi",gmelina-philippinensis-cham.txt,,,Verbenaceae,6410769
Sambucus simpsonii Rehd. – Sambucus eberhardtii Danguy,"Cơm cháy tròn, Mậu mạ, Có xổm (Thái)","Nghệ An (Quế Phong), Thừa Thiên Huế, Lâm Đồng (Đà LạtCamly). Cây bụi, mọc rải rác ven rừng, ở độ cao dưới 1500 m",sambucus-simpsonii-rehd.txt,,,Họ Kim ngân (Caprifoliaceae),6369819
Albizia procea (Roxb.) Benth. – Mimosa procea Roxb,"Mu cua, Sống rắn dài","Hoà Bình, Sông Bé. Cây mọc tự nhiên trong rừng rậm thường xanh",albizia-procea-roxb-benth.txt,,,Mimosaceae,2973167
Abelmoschus crinitus Wall. – Hibiscus crinitus Wall. ex G. Don,Bụp tóc,"Bắc Bộ, Kon Tum (Đắk Tô), Lâm Đồng, An Giang (Châu Đốc). Cây mọc tự nhiên rải rác trên các bãi hoang, ven đường, vùng khô",abelmoschus-crinitus-wall.txt,,Bông (Malvaceae),,3940931
Kaempferia angustifolia Roscoe – K. roxburghiana Schult,"Địa liền lá hẹp, Thiền liền lá hẹp","Đắk Lắk, Thành phố Hồ Chí Minh (Thủ Đức). Cây mọc tự nhiên dưới tán rừng, nương rẫy, ở độ cao tới 1200 m",kaempferia-angustifolia-roscoe.txt,,Gừng (Zingiberaceae),,5301462
"Acanthopanax lasiogyne Harms – Eleutherococcus lasiogyne (Harms) S.Y.Hu, A. ternatus Rehd",Ngũ gia bì,"Cao Bằng (Trùng Khánh). Bụi nhỏ, cao 1-6 m, mọc rải rác ven rừng",acanthopanax-lasiogyne-hams.txt,,,Araliaceae,3035348
Hydnocarpus annamensis (Gagnep.) Lescot & Sleumer,"Lọ nồi trung bộ, Mạy ló, Mắc la","Lào Cai (Phố Lu), Hà Tây (Ba Vì), Thanh Hóa (Phong Y), Nghệ An (Bù Khang), Gia Lai, Trung bộ. Cây mọc tự nhiên trên đất phiến thạch sét màu mỡ, ở độ cao khoảng 300m.",hydnocarpus-annamensis-gagnep-lesc-et-sleum.txt,,,Flacourtiaceae,3878321
Strychnos angustiflora Benth,"Dây củ chi, Kén, Mã tiền bụi","Quảng Trị, Thừa Thiên Huế, Quảng Nam, Đà Nẵng, Quảng Ngãi. Cây mọc tự nhiên rải rác trong rừng thưa, rừng còi, ở độ cao 200-400 m",strychnos-angustiflora-benth.txt,,,Họ Mã tiền (Loganiaceae),5645091
Adenosma bracteosum Bonati,"Nhân trần tây ninh, Nhân trần tía , Nhân trần cái, Chè cát","Tây Ninh, Kon Tum. Cây mọc tự nhiên ở các bãi hoang, ruộng hoang, ở độ cao 300-400 m",adenosma-bracteosum-bonati.txt,,,Scrophulariaceae,8100232
Nymphoides cristata (Roxb.) Kuntze – Menyanthes cristata Roxb,Thủy nữ sóng,"Quảng Trị. Cây mọc tự nhiên ở nơi ẩm, lầy và ao hồ",nymphoides-cristatum-roxb-kuntze.txt,,,Menyanthaceae,5592249
Hydrargyum oxydatum crudum,"Hồng thăng, Hồng phấn, Hồng thăng đơn, Hoàng thăng, Hoàng thăng đơn, Thăng dược, Thăng đơn, Tam tiêu đơn",,thang-duoc.txt,,,,
Lablab purpureus subsp. bengalensis (Jacq.) Verdc. – Dolichos bengalensis Jacq,Đậu móng chim,Cây trồng ở Đắk Lắk và các tỉnh vùng Đồng Bằng Sông Cửu Long,lablab-purpureus-l-sweet-var-bengalensis-jacq-verdc.txt,,Đậu (Fabaceae),,2952236
Euodia sutchuenensis Dode,"Dấu dầu, Chạ bục, Dầu dấu, Bẩy bò, Cây bo muôi","Sơn La (Phù Yên), Hà Giang, Tuyên Quang, Phú Thọ (Phú Hộ), Đà Nẵng, Kon Tum. Cây mọc tự nhiên",euodia-sutchuenensis-dode.txt,,Cam quýt (Rutaceae),,5594382
Justicia fragilis Wall,Lan điền,"Vĩnh Phúc, Hà Nội, Hải Phòng, Quảng Trị, Tây Ninh. Cây mọc tự nhiên, còn được trồng làm hàng rào",justicia-fragilis-wall.txt,,,Acanthaceae,3772863
Parkinsonia aculeata L,Kim tước chi,Nhập trồng ở thành phố Hồ Chí Minh. Nguyên sản ở vùng nhiệt đới châu Mỹ.,parkisonia-aculeata-l.txt,,,Caesalpiniaceae,5357217
Rumex wallichii Meisn,Lưỡi bò,"Lào Cai (Sa Pa), Sơn La (Sông Mã), Nam Định, Ninh Bình, Lâm Đồng. Cây mọc tự nhiên ở ruộng ẩm, ao hồ, mương rạch",rumex-wallichii-meisn.txt,,,Polygonaceae,4038319
Euonymus chinensis Lindl,"Đỗ trọng nam, Đỗ trọng tía","Quảng Bình (Tuyên Hoá), Nghệ An (Con Cuông). Cây mọc tự nhiên trong rừng, ở độ cao 900-1200 m",euonymus-chinensis-lindl.txt,,,Celastraceae,7265434
Eragrostis pilosa (L.) Beauv,"Cỏ bông bụi, Tinh thảo lông","Cây mọc tự nhiên trên bãi cát khô, ruộng hoang, ven rừng, khá phổ biến ở Việt Nam",eragrostis-pilosa-l-beauv.txt,,,Poaceae,2705400
Curcuma aeruginosa Roxb,"Nghệ ten đồng, Nghệ đen, Nghệ xanh, Ngải tím","Hà Giang, Tuyên Quang. Cây thường được trồng ở các tỉnh miền núi",curcuma-aeruginosa-roxb.txt,,,Zingiberaceae,2757635
Excentrodendron tonkinense (Gagnep.) Chang & Miau – Pentace tonkinensis A. Chev.; Burretiodendron tonkinense (Gagnep.) Kosterm,"Nghiến, Kiềng mật","Hà Giang, Tuyên Quang, Sơn La, Cao Bằng, Lạng Sơn, Tuyên Quang, Hòa Bình. Cây mọc rải rác ở trong rừng vùng núi đá vôi. Loài đã bị khai thác kiệt, đã được đưa vào Sách Đỏ Việt Nam",excentrodendron-tonkinense-gagnep-chang-miau.txt,,,Tiliaceae,4259394
Anredera cordifolia (Ten.) Steen,"Mồng tơi giả, Tam thất dây","Hà Giang (Đồng Văn, Quản Bạ). Cây trồng, nay trở thành hoang hoá ở cá tỉnh miền núi cao khí hậu mát",anredera-cordifolia-ten-steen.txt,,,Basellaceae,3083508
Aucklandia lappa DC,"Vân mộc hương, Quảng mộc hương",Cây nhập trồng ở Lào Cai (Sa Pa),aucklandia-lappa-dc.txt,,,Asteraceae,5403189
Callicarpa longissima (Hemsl.) Merr,Tử châu lá nhọn,"Quảng Ninh (Hạ Long), Vĩnh Phúc (Tam Đảo). Cây mọc tự nhiên trong rừng thưa, ven rừng ở độ cao tới 1.000 m",callicarpa-longissima-hemsl-merr.txt,,Verbenaceae,,5609799
Achysanthes aspera L. – A. aspera var. rubro – fusca Wight,"Cỏ xước, Hà ngù, Ngưu tất nam, Thín hồng mía (Dao), Nhả khoanh ngù (Tày), Co nhả lìn ngù (Thái)",Cây mọc tự nhiên nơi ẩm mát khắp nơi,achysanthes-aspera-l.txt,,,Họ Dền (Amaranthaceae),3085168
Albizia odoratissima (L.f.) Benth. – Mimosa odoratissima L,"Hợp hoan thơm, Bản xé thơm, Xúa","Lai Châu, Sơn La, Phú Thọ, Hà Nội, Ninh Bình, Gia Lai, Kon Tum, Đắk Lắk, Lâm Đồng, Tây Ninh. Cây mọc tự nhiên trong rừng rậm thường xanh, rừng khô rụng lá, ở độ cao tới 1.500 m",albizia-odoratissima-l-f-benth.txt,,,Mimosaceae,2973031
Fissistigma taynguyenense Ban,Lãnh công tây nguyên,,fissistigma-taynguyenense-ban.txt,,"Na (Annonaceae) Cập nhật01/07/2019 ★ ★ ★ ★ ★ ★ 0.0 - 0 đánh giá Chia sẻ Chia sẻ Cây thuốc khác Sansevieria trifasciata Prain Rotala rotundifolia (Buch.-Ham. ex Roxb.) Koehne Tetradium ruticarpum (A. Juss.) Hartl Neoalsomitra sarcophylla (Wall.) Hutch. Bình luận Câu hỏi của bạn Hủy X Bạn vui lòng điền thêm thông tin! Chọn tệp (Allowed file typesjpg, png , maximum file size100MB. Cây thuốc được quan tâm Ampelopsis cantoniensis (Hook. et Arn.) Planch. Chữa sưng vú (Lá giã đắp). Đau dạ dày hành tá tràng (Cành lá... Curculigo orchioides Gaertn",,3648959
Radermachera sinica (Hance) Hemsl. – Sterospermum sinicum Hance,"Rọc rạch, Hầu đậu, Xoan đậu","Ninh Bình, Quảng Bình, Quảng Trị, Thừa Thiên Huế. Cây mọc tự nhiên trong rừng ẩm, ở độ cao 400-1500 m",radermachera-sinica-hance-hemsl-sterospermum-sinicum-hance.txt,,,Bignoniaceae,4092178
Piper bonii C.DC,Hàm ếch rừng,"Hòa Bình, Ninh Bình (Cúc Phương). Cây mọc tự nhiên rải rác trong rừng thường xanh, thường bám vào vách đá vôi, ở độ cao 300-1.000 m",piper-bonii-c-dc.txt,,,Piperaceae,7305600
"Proiphys amboinensis (L.) Herb. – Eurycles amboinensis (L.) Lindl. ex Loudon, Pancratium aboinense L",Ngải hùm,Cây Phân bố ở các tỉnh phía Nam. Loài hiếm được đưa vào Sách Đỏ Việt Nam,eurycles-amboinensis-l-loudl.txt,,,Amaryllidaceae,2858034
Asparagus racemosus Willd. – Asparagus acerosus Roxb,"Thiên môn chùm, Dây tóc tiên","Đà Nẵng, Quảng Nam, Khánh Hoà, Ninh Thuận. Cây mọc tự nhiên ven đồi, ven đường, trảng cây bụi; còn được trồng.",asparagus-acerosus-roxb.txt,,,Họ Măng tây (Asparagaceae),2768632
Cheilanthes chusana Hook,"Ráng thần mô chu san, Ráng có môi chu","Ở một số vùng đồi núi đá vôi thấp của Lạng Sơn (Đồng Đăng, Chi Lăng) và Hà Nam (Kiện Khê).",cheilanthes-chusana-hook.txt,,Ráng vệ nữ – Adiantaceae,,9705079
Carallia diplopetala Hand.-Mazz. doble,Răng cá,"Cao Bằng, Lạng Sơn, Quảng Ninh, Vĩnh Phúc, Nghệ An, Hà Tĩnh, Quảng Bình, Quảng Trị, Thừa ThiênHuế",carallia-diplopetala-hand-mazz-doble.txt,,Đước – Rhizophoraceae,,3873929
Ardisia caudata Hemsl,Cơm nguội đuôi,"Lào Cai, Đắc Lắc. Cây mọc tự nhiên rải rác trong rừng hỗn giao, thung lũng, sườn đồi, ven suối, ở độ cao 1000-2000 m",ardisia-caudata-hemsl.txt,,,Đơm Nem (Myrsinaceae),5557384
Arenga pinnata (Wurmb) Merr. – Saguerus pinn a tus Wurmb,"Báng, Búng báng, Đoắc bột báng, Guộc, Đao rừng, Pảng (Tày)","Cây mọc tự nhiên trong rừng rậm thường xanh, còn được trồng ở nhiều nơi",arenga-pinnata-wurmb-merr.txt,,,Arecaceae,2733997
Embelia robusta Roxb. – Embelia picta A. DC,"Rè đốm, Chua nhút đốm","Đồng Nai, Bà Rịa – Vũng Tàu. Cây mọc tự nhiên trong rừng, ở độ cao 400 m",embelia-robusta-roxb-embelia-picta-a-dc.txt,,,Myrsinaceae,7330930
Quercus variabilis Blume,"Sồi đen, Dè/ Giẻ bần, Dè đen","Lào Cai, Sơn La (Mộc Châu), Hà Giang (Đồng Văn), Hòa Bình (Mai Châu)",quercus-variabilis-blume.txt,"Pasania variabilis (Blume) Regel, Quercus chinensis Bunge",Dẻ – Fagaceae,,2879787
Amanita pantherina (Fr.) Quel,"Nấm mụn trắng, Nấm tán da báo",Nấm mọc trên đất rừng cây lá rộng hoặc cây lá kim vào mùa hè và mùa thu ở nước ta.,amanita-pantherina-fr-quel.txt,,,Amanitaceae,8961574
Huperzia phlegmaria (L.) Rothm. – Lycopodium phlegmaria L,"Thạch tùng đuôi ngựa, Thông đất râu","Kon Tum, Gia Lai, Đắk Lắk, Lâm Đồng. Cây sống bám trên cây gỗ trong rừng rậm thường xanh, ở độ cao 700-2000 m.",huperzia-phlegmaria-l-rothm.txt,,,Lycopodiaceae,7448919
Turpinia nepalensis Wall. ex Wight et Arn,"Kok khau khoai, Côi nepal","Lạng Sơn, Ninh Bình, Quảng Trị, Ninh Thuận, Tây Ninh. Cây mọc tự nhiên, rải rác trong rừng",turpinia-nepalensis-wall-ex-wight-et-arn.txt,,,Staphyleaceae,5550210
"Xylinabariopsis napeensis (Quint.) Metcalf. – Edysanthera nepanensis Pierre, Micrechites napensis Quint","Mỏ sẻ , Râu chim, Rút, Chạc địu, Bói cá","Hải Dương, Vĩnh Phúc, Thanh Hoá. Cây mọc tự nhiên trên đồi đất khô, sỏi đá",xylinabariopsis-napeensis-quint-metc.txt,,,Apocynaceae,5535803
Azolla pinnata R. Br,"Bèo hoa dâu, Bèo giâu, Xăm (Tày)",Cây mọc tự nhiên hoặc được nuôi để làm phân xanh.,azolla-pinnata-r-br.txt,,,Azollaceae,2650106
Buddleja macrostachya Benth,"Bọ chó hoa to, Búp lệ chùm to","Lào Cai (Trinh Thượng, Mường Hum)",buddleja-macrostachya-benth.txt,,Búp lệ – Buddlejaceae,,4055437
Allium sativum L,"Tỏi, Đại toán, Hom kía, Co sluốn (Thái), Sluôn (Tày)",Cây trồng,allium-sativum-l.txt,,,Alliaceae,2856681
Allium chinensis G. Don,"Kiệu , Dã phỉ, Giối banh",Cây trồng,allium-chinensis-g-don.txt,,,Alliaceae,2856307
Helichrysum bracteatum (Venten.) Willd. – Xeranthemum bracteatum Vent,"Cúc bất tử, Cúc giống","Cây nhập trồng làm cảnh nay trở nên hoang hóa ở nhiều nơi các tỉnh miền núi cao, ở độ cao 400-1500m",helicrysum-bracteatum-vent-andr-xeranthemum-bracteatum-vent.txt,,Cúc (Asteraceae),,3102871
Sophora flavescens Ait,"Khổ sâm, Khổ sâm Trung Quốc",Lào Cai (Sa Pa). Cây nhập trồng. Nguyên sản ở Trung Quốc,sophora-flavescens-ait.txt,,,Fabaceae,2959073
Derris trifoliata Lour,"Cốc kèn, Cóc kèn nước","Quảng Ngãi, Quảng Nam. Cây mọc tự nhiên ở ven suối, sông rạch vùng nước mặn và nước lợ",derris-trifoliata-lour.txt,,,Đậu (Fabaceae),5350336
Decaschistia crotonifolia Wight et Arn. – Decaschistia parviﬂora Kurz,"Cây đùi gà, Thái tử sâm, mạy coòng cáy (Thái), Thập tử hoa thưa","Kiên Giang (Phú Quốc). Cây mọc tự nhiên rải rác trong rừng thưa, rừng thứ sinh, ven rừng",decaschistia-parviﬂora-kurz.txt,,,Malvaceae,3936338
Peperomia pellucida (L.) H.B.K,Rau càng cua,"Lao Cai, Hà Giang. Cây nhập trồng nay trở nên hoang hóa khá phổ biến ở Việt Nam",peperomia-pellucida-l-h-b-k.txt,,,Piperaceae,3086412
Kigelia africana (Lam.) Benth. – Bignonia affricana Lam,"Bí đặc, Đồi, Xúc xích","Hà Nội. Cây trồng làm bóng mát, có nguồn gốc từ châu Phi.",kigelia-affricana-lam-benth.txt,,,Bignoniaceae,3172561
Pavetta indica L. var. canescens Pitard,Dọt sành lông trắng,"Kon Tum (Mang Cành), Gia Lai (Đắk Đoa), Đắk Lắk (KRông Pắc). Cây mọc tự nhiên rải rác trong rừng, lùm bụi",pavetta-indica-l-var-canescens-pitard.txt,,,Rubiaceae,2924821
Zanthoxylum scandens Blume – Zanthoxylum cuspidatum Champ. ex Benth,"Hoa tiêu, Xuyên tiêu, Hoàng mộc leo","Lạng Sơn, Cao Bằng, Ninh Bình, Quảng Trị, Lâm Đồng. Cây mọc tự nhiên.",zanthoxylum-scandens-blume.txt,,,Rutaceae,3834419
Sargassum tenerrimum J. Agardh,Rong mơ mềm,"Quảng Ninh, Hải Phòng, Khánh Hoà. Cây mọc bám vào đá ở vùng dưới triều và trong các khe vũng vùng triều vào cuối mùa đông, mùa xuân và đầu hè.",sargassum-tenerrimum-j-agardh.txt,,,Sargassaceae,3197104
Alpinia pinnanensis T.L. Wu & S.J. Chen,Riềng bình nam,"Hoà Bình (Mai Châu), Vĩnh Phúc (Tam Đảo). Mọc tự nhiên ở ven suối, sườn đồi, dưới tán rừng, ở độ cao 500 – 1500 m.",alpinia-pinnanensis-t-l-wu-s-j-chen.txt,,,Zingiberaceae,5301989
Petroselinum crispum (Mill.) Fuss – Apium crispum Mill,"Mùi tây, Ngò, Rau mùi tây, Phiắc chì (Tày)",Cây nhập trồng,petroselinum-crispum-mill-nym.txt,,,Apiaceae,7828157
Vigna minima (Roxb.) Ohwi et Ohashi – Phaseolus minimus Roxb,"Đậu bé, Đậu dải lá hẹp","Lâm Đồng (Đà Lạt). Cây mọc tự nhiên ven các khe rãnh trong rừng thưa, trên đất cát.",vigna-minima-roxb-ohwi-et-ohashi.txt,,Đậu (Fabaceae),,2982748
Chrysophyllum cainito L,"Vú sữa , Nồm mò (Tày)","Cây nhập trồng, phổ biến ở các tỉnh phía Nam nước ta",chrysophyllum-cainito-l.txt,,,Sapotaceae,2885828
Malvaviscus arboreus Cav,"Râm bụt hoa nhỏ, Bụp giằng xay, Hoa tai","Cây trồng làm cảnh, làm hàng rào ở nhiều nơi. Nguồn gốc từ châu Mỹ",malvaviscus-arboreus-cav.txt,,,Malvaceae,3152775
Albizzia corniculata (Lour.) Druce – Mimosa corniculata Lour,Xống rắn sừng nhỏ,Từ Quảng Ninh tới Kiên Giang. Cây mọc tự nhiên trong các rừng hỗn giao thường xanh,albizzia-corniculata-lour-druce.txt,,,Mimosaceae,2972934
Vitex trifolia L,"Mạn kinh, Đẹn ba lá, Quan âm, Vạn kim tử, Từ bi biển, Mác min (Tày)","Cây mọc tự nhiên, thường ở vùng ven biển",vitex-trifolia-l.txt,,,Verbenaceae,2925561
Gossypium arboreum L,"Bông, Bông vải, Thảo miên, To phải (Thái)",Cây trồng lấy sợi dệt vải. Nguồn gốc từ các nước nhiệt đới châu Á và châu Phi,gossypium-arboreum-l.txt,,,Malvaceae,3152663
Ilex rotunda Thunb,"Bùi lá tròn, Thiết đông thanh, Bạch lan hương, Cứu tất ứng","Cao Bằng, Lạng Sơn, Lâm Đồng. Cây mọc tự nhiên, rải rác trong rừng, ở độ cao 600-1500 m",ilex-rotunda-thunb.txt,,,Aquifoliaceae,7154501
Carissa spinarum L. – Carissa cochinchinensis Pierre ex Pit,"Cà lác, Mon không, Xi rô nam","Ninh Thuận (Phan Rang, Cà Ná). Cây mọc tự nhiên ở trảng cây bụi, rừng thưa kiệt ven rừng hoặc trồng làm hàng rào",carissa-spinarum-l.txt,,Trúc Đào (Apocynaceae),,5536282
Passiflora foetida L,"Lạc tiên, Chùm bao, Dây nhãn lồng, Co hồng tiên (Thái), Dây lưới, Mấm nêm, Mò pì, Mác quánh mon (Tày)",Cây mọc tự nhiên phổ biến khắp nơi ở Việt Nam,passiflora-foetida-l.txt,,,Passifloraceae,2874211
Keteleeria davidiana (C.E.Bertrand) Beissn,Tô hợp,"Lai Châu, Sơn La, Lâm Đồng. Mùa sinh sảnTháng 8 – 12.",keteleeria-davidiana-c-e-bertrand-beissn.txt,"Abies davidiana (C.E.Bertrand) Franch., A. sacra Franch., Keteleeria calcarea W.C.Cheng & L.K.Fu)",Thông – Pinaceae,,2685721
Coccoloba uvifera (L.) L,Nho biển,"Hà Nội, Khánh Hòa (Nha Trang), Bình Định (Quy Nhơn). Cây được trồng trên đường phố, ven biển.",coccoloba-uvifera-l-l.txt,,,Polygonaceae,2888831
Piper arboricola C. DC,Tiêu thượng mộc,Lâm Đồng (Đà Lạt). Cây mọc tự nhiên,piper-arboricola-c-dc.txt,,,Piperaceae,4183601
Eriocaulon hookerianum Stapf,Dùi trống,"Quảng Ninh (Đảo Xanh). Cây mọc tự nhiên trên đất ẩm, đầm lầy",eriocaulon-hookerianum-koern.txt,,,Eriocaulonaceae,2690840
Actinodaphne obovata (Nees) Blume – Tetradenia obovata Nees,Bộp xoan ngược,"Lai Châu. Cây mọc tự nhiên rải rác trong rừng thường xanh, ở độ cao trên 1000 m",actinodaphne-obovata-nees-blume.txt,,,Lauraceae,4177184
Mangifera reba Pierre,Quéo,"Nam Định, Bắc Cạn. Cây trồng",mangifera-reba-pierre.txt,,,Anacardiaceae,3662228
Clematis henryi Oliv,"Thiết tuyến liên, Ông lão Henry","Lào Cai (Sa Pa). Cây mọc tự nhiên ở vùng núi đá vôi, ở độ cao 1500 – 1600m",clematis-henryi-oliv.txt,,,Ranunculaceae,10766081
Zornia gibbosa Span,Cỏ đậu hai lá,"Khắp nơi từ Bắc tới Nam. Cây mọc tự nhiên trên bãi cỏ vùng đồng bằng, trung du",zornia-gibbosa-span.txt,,,Fabaceae,5355266
Pellionia tonkinensis Gagnep,"Sam đá, Văn tử mộc","Tuyên Quang, Bắc Kạn, Thái Nguyên, Quảng Ninh. Cây mọc tự nhiên ven suối đá, trong rừng",pellionia-tonkinensis-gagnep.txt,,,Urticaceae,4100582
Pavetta hongkongensis Bremek,Dọt sành hồng kông,Hoà Bình (Vụ Bản). Cây mọc tự nhiên trên đồi cây bụi,pavetta-hongkongensis-bremek.txt,,,Rubiaceae,2924656
Calomelas,"Thủy ngân phấn, Hồng phấn, Cam phấn, Kinh phấn",,kinh-phan.txt,,,,
Lindernia eberhardtii (Bonati) Bonati – Vandellia eberhardtii Bonati,Lữ đằng eberhardt,"Nghệ An, Thừa Thiên Huế. Cây thảo một năm, mọc tự nhiên nơi ẩm, sáng, bãi hoang, ruộng hoang",lindernia-eberhardtii-bonati-bonati.html?wpsc_do=regen_cache&nonce=73678217760572f336e2f6.txt,,,Scrophulariaceae,7518610
"Aegiceras corniculatum (L.) Blanco ( Rhizophora corniculata L., Aegyceras majus Gaertn., A. floridum Roem. & Schult.)","Sú, Trú, Mui biển, Cát","Lào Cai (Sa Pa), Quảng Ninh, Hải Phòng, Hòa Bình, Nghệ An (Vinh), Quảng Bình, Khánh Hòa Ninh Thuận (Phan Rang, Bà Rịa-Vũng Tàu (Côn Đảo), Tp. Hồ Chí Minh (Chợ Lớn), Tiền Giang (Mỹ Tho)",aegiceras-corniculatum-l-blanco.txt,,Sú – Aegicerataceae,,3721362
Dalbergia assamica Benth. – B. balansae Prain,"Trắc balansa, Cọ khẹt, Bạt ong, Sưa hạt tròn, Muồng nước","Lào Cai, Lai Châu, Sơn La, Vĩnh Phúc, Hoà Bình, Hà Nội, Quảng Nam, Đà Nẵng. Cây mọc tự nhiên trong rừng hỗn giao thứ sinh thường xanh hay rụng lá, ở độ cao tới 1500 m",dalbergia-assamica-benth.txt,,,Fabaceae,2968625
Gelsemium elegans (Gardn. et Champ.) Benth. – Medicia elegans Gard et Champ,"Lá ngón, Co ngón, Thuốc rút ruột, Đoạn trường thảo, Ngón vàng, Khau nguộn (Tày), Co ngón (Thái)","Cây mọc tự nhiên ở ven rừng vùng núi cao, phổ biến ở các tỉnh phía Bắc, còn có ở Quảng Trị, Kon Tum, Gia Lai, Lâm Đồng",gelsemium-elegans-gardn-et-champ-benth.txt,,,Loganiaceae,4020282
"Platycerium holttumii Joncheere & Hennipman, – Platycerium grande J. Sm","Ổ rồng, Lan bắp cải, Quyết dẹt","Khá hẹp. Sơn La, Đà Nẵng, Nam bộ. Cây mọc tự nhiên, thường sống bám trên cây gỗ, ít khi trên đá, trong rừng rậm nửa rụng lá,ở độ cao 100 – 800m",platycerium-holttumi-jonch-hennipman.txt,,,Polypodiaceae,4024810
Sagittaria guyanensis H. B. K. subsp. lappula (D. Don) Bogin,Từ cô tròn,"Quảng Ninh (Uông Bí), thành phố Hồ Chí Minh. Cây mọc tự nhiên ở nơi ẩm, lầy, trong ao hồ, mương rạch, ruộng",sagittaria-guyanensis-h-b-k-subsp-lappula-d-don-bogin.txt,,,Alismataceae,5329055
Premna cambodiana Dop,Cách cam bốt,"Kon Tum, Gia Lai, Đắk Lắk, An Giang. Cây mọc tự nhiên trong rừng ẩm",premna-cambodiana-dop.txt,,,Verbenaceae,3898144
Portulaca grandiflora Hook,"Hoa mười giờ, Sam hoa, Lệ Nhi, Tùng Diệp",Cây trồng,portulaca-grandiflora-hook.txt,,,Portulacaceae,3084700
Schisandra chinensis (Turcz.) Baill. – Kadsura chinensis Turcz,Ngũ vị bắc,"Lào Cai (Sa Pa), Lai Châu (Phong Thổ). Cây mọc tự nhiên ở vùng núi cao",schisandra-chinensis-turcz-k-koch.txt,,,Schisandraceae,7696841
Heliciopsis terminalis (Kurz) Sleum. – Helicia terminalis Hurz,Song quắn,"Quảng Ninh, Đà Nẵng, Kon Tum, Lâm Đồng, Khánh Hoà (Nha Trang) Cây mọc tự nhiên dọc suối trong rừng thưa, trên các savan cây gỗ, ở độ cao 500 – 2000m",heliciopsis-terminalis-kurz-sleum.txt,,,Proteaceae,3996804
Rhamnus crenata var. cambodiana (Pierre ex Pit.) Tardieu,"Mận rừng, Táo rừng, Hồng rừng, Thịnh canh xiểng, Bút mèo, Vàng trầm","Vĩnh Phú, Thái nguyên, Lào Cai, Ninh Bình. Cây mọc tự nhiên trên đồi cây bụi",rhamnus-crenatus-sieb-et-zucc-var-cambodianus-pierre-ex-pitard-tardien.txt,,,Rhamnaceae,7273631
Citrus medica L. ssp. bajoura Bonavia,"Thanh yên, Chanh yên","Lao Cai, Lạng Sơn, Hà Tĩnh đến Đà Lạt. Cây trồng.",citrus-medica-l-ssp-bajoura-bonavia.txt,,,Rutaceae,3190157
Circaea mollis Sieb. et Zucc,"Quái thảo mềm, Rau núi",Lao Cai (Sa Pa). Cây mọc tự nhiên ở vùng núi cao khoảng 1.500 m.,circaea-mollis-sieb-et-zucc.txt,,,Onagraceae,7322810
Peristylus goodyeroides (D.Don) Lindl. – Habenaria goodyeroides D.Don Họ thực vâtHọ Lan (Orchidaceae),Chu thư,"Lâm Đồng (Đà Lạt). Cây mọc tự nhiên trong rừng thưa, ở độ cao 1.500 m.",peristylus-goodyeroides-d-don-lindl.txt,,,,2817570
Spilanthes iabadacensis A. Moore,"Nút áo, Kim hoa","Nghệ An, Quảng Trị, Kon Tum. Cây thảo một năm, mọc ở ven hồ và các bãi đất ẩm, ở độ cao dưới 400m.",spilanthes-iabadacensis-a-moore.txt,,,Asteraceae,5386720
Pothos kerrii Buch. ex P.C. Boyce,Cơm lênh nhỏ,"Lạng Sơn, Cao Bằng, Hà Tĩnh, Đà Nẵng, Quảng Nam. Mọc bám trên vách đá hoặc trên cây gỗ nhỏ trong rừng thường xanh, ở độ cao 400-600 m.",pothos-kerrii-buch-ex-p-c-boyce.txt,,,Ráy (Araceae),5330323
Aganope balansae (Gagnep.) Phan Ke Loc,"Mạ mân , Thai moa, Lốt lài","Lạng Sơn, Cao Bằng, Bắc Kạn, Hà Giang, Sơn La, Phú Thọ, Hòa Bình, Ninh Bình. Cây mọc tự nhiên",aganope-latifolia-prain-p-k-loc.txt,,,Fabaceae,3968951
Lindera chunii Merr,Ô dược chun,"Thái nguyên, Quảng Bình, Quảng Trị, Thừa Thiên Huế, Lâm Đồng. Cây mọc tự nhiên rải rác trong rừng nhiệt đới thường xanh, ở độ cao 1200 m",lindera-chunii-merr.txt,,,Lauraceae,5685734
Centipeda minima (L.) A.Braun & Asch. – Artemisia minima L,"Cóc mẳn, Thuốc mộng, Cây trăm chân, Cỏ the, Thạch hồ truy",Cây mọc tự nhiên phổ biến từ miền núi tới trung du Miền Bắc đến đồng bằng Nam Bộ,centipeda-minima-l-a-br-et-aschers.txt,,,Họ Cúc (Asteraceae),5391292
Jasminum laurifolium Roxb,"Nhài lá nguyệt quế, Nhài lá quế",Gia Lai (Kon Hà Nùng),jasminum-laurifolium-roxb.txt,,Nhài – Oleaceae,,8392779
Acronychia odorata (Lour.) Baill. ex Crevost et Lem. – Jambolifera odorata Lour,Rau ton,"Miền Trung và Miền Nam Việt Nam. Cây bụi, cao 1,5-2,0 m, mọc tự nhiên.",acronychia-odorata-lour-baill-ex-crevost-et-lem-jambolifera-odorata-lour.txt,,,Rutaceae,3836457
Osbeckia nepalensis Hook. f,Mua tép,"Lào Cai, Đắc Lắc, Lâm Đồng. Cây mọc ở vùng núi cao từ 500 đến 1500 m",osbeckia-nepalensis-hook-f.txt,,,Melastomaceae,3865497
Dioscorea cirrhosa Lour,"Củ nâu, Củ nầng, Dây tẽn, Plé (Kho), Đâu (Tày)","Lào Cai, Quảng Ninh, Thái Nguyên, Hòa Bình, Thanh Hóa, Nghệ An. Cây mọc tự nhiên trong rừng thưa",dioscorea-cirrhosa-lour.txt,,Củ nâu (Dioscoreaceae),,2755618
Elaeocarpus grandiflorus Smith,Côm hoa to,"Hòa Bình, Quảng Trị. Cây mọc tự nhiên ven suối vùng núi đá vôi",elaeocarpus-grandiflorus-smith-in-nees.txt,,,Họ Côm (Elaeocarpaceae),8368501
Fuirena umbellata Rottb. Họ Cói (Cyperaceae),Cói đắng tán,Cây mọc tự nhiên ở ruộng ẩm khắp nơi,fuirena-umbellata-rottb.txt,,,,2718992
Bowringia callicarpa Champ. ex Benth,"Dây bánh nem, Rễ vàng, Dây gan, Chửa vàng phùi (Thái)","Hoà Bình, Hà Giang, Lào Cai, Bắc Giang, Hải Dương, Nghệ An, Quảng Trị, Thừa Thiên Huế. Cây mọc tự nhiên dưới tán rừng non, dọc sông suối, ở độ cao tới 1100 m",bowringia-callicarpa-champ-ex-benth.txt,,Đậu (Fabaceae),,5357483
Murraya koenigii (L.) Spreng. – Bergera koenigii L,"Chùm hôi trắng, Nguyệt quý koenig","Lạng Sơn, Khánh Hòa (Nha Trang). Cây trồng làm cảnh",murraya-koenigii-l-spreng.txt,,,Rutaceae,5421333
Lasianthus chinensis (Champ. ex Benth.) Benth. – Mepphitidia chinensis Champ. ex Benth,"Chỉ xì phá tàu, Xú hương","Lạng Sơn, Kon Tum. Cây mọc tự nhiên",lasianthus-chinensis-champ-ex-benth-benth.txt,,,Rubiaceae,5337238
Scutellaria luzonica Rolfe,Thuẫn luzon,"Hà Nội (Ứng Hòa, Chùa Hương). Cây mọc tự nhiên nơi sáng, vùng núi đá vôi, ở độ cao trên 400 m",scutellaria-luzonica-rolfe.txt,,,Lamiaceae,5609094
Bauhinia bassacensis Gagnep,Móng bò hậu giang,"Lào Cai, Đồng Nai, Bà Rịa Vũng Tàu. Cây mọc tự nhiên trong rừng thường xanh và nửa rụng lá",bauhinia-bassacensis-pierre-ex-gagnep.txt,,,Caesalpiniaceae,2952956
Indigofera trifoliata L,Chàm ba lá,"Lạng Sơn, Bắc Giang (Lầm), Hà Nội, Ninh Bình (Chợ Ghềnh, Cúc Phương, Thanh Hóa (Nông trường Thống Nhất), Nghệ An (Phủ Quỳ), Bình Dương (Thị Tính), Đồng Nai Biên Hòa), Tp. Hồ Chí Minh",indigofera-trifoliata-l.txt,Indigofera trifoliata L. var. brachycarpa Gagnep,Đậu – Fabaceae,,2971584
Sonchus asper (L.) Hill. – S. oleraceus var. asper L,Cúc nhọn,"Lao Cai (Sa Pa), Lai Châu, Hà Giang, Cao Bằng, Vĩnh Phúc (Tam Đảo). Cây mọc tự nhiên trên đất bãi trồng màu, và đất phù sa ven sông ở độ cao 100-1800 m.",sonchus-asper-l-hill.txt,,,Họ Cúc (Asteraceae),3105782
"Uvaria microcarpa Champ. ex Benth. – U.badiiflora Hance, họ Na ( Annonaceae)",Bù dẻ trườn,"Lạng Sơn (Hữu Lũng), Quảng Ninh (Ba Mùn), Phú Thọ, Vĩnh Phúc, Hải Dương (Hoàng Hoa Thám, Cộng Hòa, Huyện Chí Linh). Cây mọc tự nhiên ở rừng thứ sinh, lùm bụi và đồi hoang, ở độ cao dưới 300 m",uvaria-microcarpa-champ-ex-benth.txt,,,,3154343
Dorstenia contrajerva L,Đầu nưa,Trồng ở Thảo Cầm Viên thành phố Hồ Chí Minh. Nguồn gốc từ châu Mỹ.,dorstenia-contrajerva-l.txt,,Dâu tằm (Moraceae),,2984541
Limnophila repens (Benth.) Benth. – Stemodia repens Benth,"Rau ngổ ăn, Rau ngổ lá đối, Om bò","Cây mọc tự nhiên trong các ruộng sau thu hoạch, trong bãi cỏ ẩm, phổ biến ở nước ta",limnophila-repens-benth-benth-stemodia-repens-benth.txt,,,Scrophulariaceae,7370121
Aidia pycnantha (Drake) Tirveng. – Randia pycnantha Drake – R.acuminatissima (Merr.)Masam. – Aidia acuminatissima (Merr.) Masam,"Găng nhiều hoa, Mãi táp, Mãi táp lông","Lạng Sơn (Bảo Lâm), Quảng Ninh, Phú Thọ (Chân Mộng), Hòa Bình, Ninh Bình, Thanh Hóa, Nghệ An, Quảng Bình. Cây gỗ nhỏ, cao 6-8m, mọc rải rác trong rừng thưa",aidia-pycnantha-drake-tirveng.txt,,,Rubiaceae,2919907
Pilea peploides (Gaudich.) Hook. et Arn. – Dubruelia peploides Gaudich,Thuỷ ma lùn,"Lao Cai, Lạng Sơn, Ninh Bình. Cây mọc tự nhiên trên mùn đất vùng núi đá vôi",pilea-peploides-gaudich-hook-et-arn.txt,,,Urticaceae,5361830
Aglaonema costatum N. E. Brown,"Minh ty sóng, Vạn niên thanh sóng","Quảng Trị, Đắk Lắk. Cây mọc tự nhiên nơi bóng, ẩm, trên núi đá vôi hay ven suối; cũng được trồng làm cảnh.",aglaonema-costatum-n-e-brown.txt,,,Araceae,2866357
Aspidopterys glabrifolia Arenes,Mạy lắp trắng,"Hà Giang (Quản Bạ), Lào Cai (Sapa). Cây mọc tự nhiên trong rừng thưa, ven rừng, ở độ cao đến 1500 m",aspidopterys-glabrifolia-arenes.txt,,,Malpighiaceae,3985248
Citrus x paradisi Macfad. – Citrus grandis (L.) Osb. var. racemosa (Roem.) Stone,"Cam, Cam bưởi, Bưới đắng",Cây được trồng ở Lâm Đồng (Đà Lạt).,citrus-x-paradisi-macfad.txt,,,Rutaceae,8077391
Stephania cepharantha Hayata,Bình vôi hoa đầu,"Hòa Bình, Quảng Ninh. Cây mọc tự nhiên trong rừng thứ sinh, vùng núi đá vôi, ở độ cao 700-1300 m",stephania-cepharantha-hayata.txt,,Tiết dê (Menispermaceae),,5592644
Justicia neesiana (Nees) T. Anders. – Adhatoda nessiana Nees,Xuân tiết,Kon Tum (Đắc Klông). Cây mọc tự nhiên,justicia-neesiana-nees-t-anders.txt,,,Acanthaceae,7660234
Cleidiocarpon cavaleriei (Levl.) Airy – Shaw Baccaurea cavalerieri Levl,Cây đen,Phú Thọ (Đoan Hùng). Cây mọc tự nhiên hoặc trồng lấy hạt ép dầu ăn,cleidiocarpon-cavaleriei-levl-airy.txt,,,Euphorbiaceae,3061406
Sauropus rostratus Miq,"Đơn lưỡi hổ, Lưỡi cọp, Lưỡi hùm","Hòa Bình (Mai Châu, Pà Cò), Hà Nội. Cây mọc tự nhiên trong rừng thường xanh, trên đất có tầng mùn dày, ở độ cao 100-500 m; còn được trồng làm cảnh",sauropus-rostratus-miq.txt,,,Euphorbiaceae,9255586
Peperomia leptostachya Hook. et Arn,Càng cua gié mịn,"Cao Bằng, Ninh Bình, Lâm Đồng. Cây mọc tự nhiên, thường phụ sinh trên các loài cây khác",peperomia-leptostachya-hook-et-arn.txt,,,Piperaceae,3086371
Microsorum membranaceum (D.Don) Ching – Polypodium membranaceim D.Don,Ổ sao lá màng,"Rộng. Lao Cai, Lạng Sơn, Phú Thọ (Thanh Sơn, Thục Luyện), Hoà Bình, Kon Tum. Cây mọc tự nhiên trên núi đá vôi ẩm, ở độ cao 300 – 1800m",microsorum-membranaceum-d-don-ching.txt,,,Polypodiaceae,10689300
Gomphrena celosioides Mart,"Nở ngày đất, Bách nhật đất","Cây mọc tự nhiên dọc đường đi, và trên đất hoang nhiều nơi, khá phổ biến ở các tỉnh Miền Trung",gomphrena-celosioides-mart.txt,,,Amaranthaceae,3084911
Jatropha multifda L,"Bạch phụ tử, San hô xanh, Đỗ trọng nam",Cây trồng làm cảnh. Cây độc khi dùng phải cẩn thận,jatropha-multifda-l.txt,,,Euphorbiaceae,3072985
Anadendrum montanum (Blume) Schott,Thăng mộc núi,"Hà Tây, Hoà Bình, Thừa Thiên Huế, Quảng Nam, Gia Lai. Cây mọc tự nhiên, sống phụ sinh trên cây gỗ, dưới tán rừng thường xanh.",anadendrum-montanum-blume-schott.txt,,,Araceae,2866196
Sechium edule (Jacq.) Sw. – Sicyos edulis Jacq,Su su,"Lao Cai, Hà Giang, Lai Châu, Sơn La, Vĩnh Phúc (Tam Đảo). Cây trồng",sechium-edule-jacq-sw.txt,,,Cucurbitaceae,2874612
Kalanchoe integra (Medic.) Kuntze,Trường sinh nguyên,Cây thường được trồng làm cảnh. Nguồn gốc có lẽ từ Ấn Độ,kalanchoe-integra-medic-kuntze.txt,,,Crassulaceae,2985939
Euphorbia edulis Lour,Xương rồng ngọc lân,"Cây mọc tự nhiên, còn được trồng khá phổ biến.",euphorbia-edulis-lour.txt,,,Euphorbiaceae,3064865
Schefflera elliptica (Blume) Harms – Sciodaphyllum ellipticum Blume,"Nga chưởng sài, Chân chim lá bóng","Quảng Nam, Kon Tum, Gia Lai. Cây bụi phụ sinh, mọc rải rác trong rừng thường xanh, ở độ cao dưới 2000 m.",schefflera-elliptica-blume-harms-in-engl-prantl-sciadophyllum-ellipticum-blume.txt,,,Araliaceae,3038037
Dendrobium chrysanthum Lindl,Ngọc vạn vàng,"Lào Cai, Vĩnh Phúc (Tam Đảo), Hòa Bình. Cây mọc tự nhiên, bám trên các cây gỗ lớn",dendrobium-chrysanthum-lindl.txt,,,Orchidaceae,5315454
Smilax ovalifolia Roxb,Kim cang lá to,"Bà Rịa Vũng Tàu (Phước Tuy), thành phố Hồ Chí Minh (Thủ Đức). Cây mọc tự nhiên, rải rác ven rừng thứ sinh, ở độ cao 500-1.600 m",smilax-ovalifolia-roxb.txt,,,Smilacaceae,7833054
Uraria cochinchinensis Schindl,Đuôi chồn nam,"Cây mọc tự nhiên trên đất có đá, trong các rừng thông từ Ninh Thuận tới Bà Rịa.",uraria-cochinchinensis-schindl.txt,,,Fabaceae,2956563
Euphorbia hypericifolia L,"Đoọc ưng, Cỏ sữa đất","Bắc Kạn, Hà Nội, Hà Nam, Ninh Bình. Cây ưa ẩm, ưa sáng, mọc trên các ruộng bỏ hoang, trong rừng thưa, ở độ cao dưới 900 m",euphorbia-hypericifolia-l.txt,,,Euphorbiaceae,3066321
Vaccinium impressinerve C.Y. Wu,Sơn trâm gân lõm,Hà Giang (Quản Bạ). Cây mọc tự nhiên trên khe núi đá.,vaccinium-impressinerve-c-y-wu.txt,,,Ericaceae,4172086
Collabium chinense (Rolfe) Tang et Chen – Nephelaphyllum chinense Rolfe,"Vẫn lan, Lan cô lý","Vĩnh Phúc (Tam Đảo), Hà Nội (Ba Vì), Kon Tum (Đắk Uy). Cây mọc tự nhiên rải rác trong rừng nguyên sinh, ở độ cao 800-1.000 m.",collabium-chinense-rolfe-tang-et-chen.txt,,,Orchidaceae,2795410
Mucuna revoluta Wilmot-Dear – M. nigricans sensu Thuan,Mắt mèo đen,"Đồng Nai (Trị An), Khánh Hòa (Nha Trang, Phú Hữu), Tây Ninh (Ninh Thanh). Cây mọc tự nhiên ở các lùm cây ven đường, ven rừng",mucuna-revoluta-wilmot-dear.txt,,,Fabaceae,2951358
Senecio nemorensis L,Vi hoàng Nemo,Cây mọc tự nhiên ở các tỉnh phía Bắc của nước ta,senecio-nemorensis-l.txt,,,Asteraceae,3107839
Fragaria vesca L,Dâu tây,Lâm Đồng. Cây nhập trồng ở Đà Lạt,fragaria-vesca-l.txt,,Hoa Hồng (Rosaceae),,3029817
Argyreia nervosa (Burm. f.) Bojer ( Convolvulus nervosus Burm. f.),Thảo bạc gân,Cây trồng ở Tp. Hồ Chí Minh,argyreia-nervosa-burm-f-bojer.txt,,Khoai lang – Convolvulaceae,,2928692
Styphnolobium japonicum (L.) Schott – Sophora japonica L,"Hòe, Lài luồng (Tày), Hòe hoa, Hòe mễ","Cây trồng phổ biến ở tỉnh Thái Bình, Nam Định, Ninh Bình, Thanh Hóa, Nghệ An",styphnolobium-japonicum-l-schott.txt,,,Fabaceae,2963569
Anisopappus chinensis (L.) Hook. et Arn. – Verbesina chinensis L,Sơn hoàng cúc,"Lạng Sơn, Hà Tây tới Tây Nguyên. Cây mọc tự nhiên trên đất trống có cát, trên đồi",anisopappus-chinensis-l-hook-et-arn.txt,,,Asteraceae,3105218
Randia dasycarpa (Kurz) Bakh.f. – Randia tomentosa (Blume ex DC.) Hook.f.; Catuna-regam tomentosa (Blume ex DC.) Tirveng,"Găng trắng, Găng nhung, Găng bọt, Găng lông, Găng gậc, Mạy càng (Tày)","Khánh Hòa, Đồng Nai. Cây mọc tự nhiên trong rừng thưa, rừng còi",randia-dasycarpa-kurz-bakh.txt,,,Rubiaceae,2910934
Euchresta horsfieldii (Lesch.) Benn. – Andira horsfieldii Lesch,"Đa ích., Sơn đậu căn","Lâm Đồng (Langbian), Đồng Nai (La Ngà). Cây mọc tự nhiên trên trảng cây bụi, trong rừng thứ sinh, ở độ cao tới 1800 m",euchresta-horsfieldii-lesch-benn.txt,,,Họ Đậu (Fabaceae),2951871
Asarum petelotii O. C. Schmidt,Tế tân petelot,Mới thấy ở Vĩnh Phúc (Tam Đảo),asarum-petelotii-o-c-schmidt.txt,,Mộc hương – Aristolochiaceae,,3589285
Scirpus ternatanus Reinw. ex Miq,Hoàng thảo bộ ba,"Lào Cai, Sơn La, Cao Bằng, Kon Tum, Lâm Đồng. Cây mọc tự nhiên ở vùng núi; trong trảng cỏ, đầm lầy",scirpus-ternatanus-reinw-ex-miq.txt,,,Cyperaceae,2720239
Holoptelea integrifolia (Roxb.) Planch. – Ulmus integrifolia Roxb,Cây hôi,"Đắk Lắk, Đồng Nai, An Giang (Châu Đốc). Cây mọc tự nhiên, rải rác ven rừng",holoptelea-integrifolia-roxb-planch.txt,,,Ulmaceae,4160169
Euphorbia heterophylla L,"Cỏ mủ, Đại kích",Cây được trồng làm cảnh phổ biến khắp nơi ở Việt Nam. Nguồn gốc từ vùng nhiệt đới Trung Mỹ,euphorbia-heterophylla-l.txt,,,Họ Thầu dầu (Euphorbiaceae),3064495
Curcuma zedoaria (Berg.) Roscoe – Amomum zedoaria Berg,"Nga truật, Nghệ đen, Nghệ tím, Bồng truật, Ngải tím, Ngải xanh, Bồng nga, Nghệ đăm (Tày), Mgang mơ lung (Bana)","Lao Cai, Hà Giang (Quản Bạ), Quảng Trị. Cây mọc tự nhiên",curcuma-zedoaria-berg-roscoe.txt,,,Zingiberaceae,2757545
Eucalyptus globulus Labill,"Khuynh diệp , Bạch đàn xanh, Cây dầu gió, An thụ",Cây nhập trồng ở nhiều địa phương,eucalyptus-globulus-labill.txt,,,Myrtaceae,3176787
Uroctea compactilis Koch,"Trứng nhện, bích tiền, bích tâm trùng, bích hỷ oa",,nhen.txt,,Nhện Oecobiidae,,2162455
Rhododendron tanastylum Balf. f. & Kingdon-Ward,Đỗ quyên,"Lạng Sơn, Cao Bằng. Cây mọc tự nhiên rải rác trong rừng",rhododendron-tanastylum-balf-f-et-ward.txt,,,Ericaceae,7327513
Suaeda maritima (L.) Dumort. – Chenopodium maritimum L,"Phi điệp biển, Cỏ bồng đất mặn, Rau nhót","Cây mọc tự nhiên ở các chỗ ẩm, ven lạch nước lợ, ven sông hoặc ven biển khắp nước ta",suaeda-maritima-l-dumort.txt,,,Chenopodiaceae,3083541
Eurya groffi Merr. – Eurya acuminata DC. var. groffi (Merr.) Kobusski,Linh đồi,"Lai Châu, Lào Cai, Quảng Ninh, Vĩnh Phúc (Tam Đảo), Kon Tum. Cây mọc tự nhiên, ở độ cao dưới 2.000 m",eurya-groffii-merr.txt,,,Theaceae,7313910
Eichhornia crassipes (Mart.) Solms. – Pontederia crassipes Mart,"Bèo Nhật Bản, Lục bình, Bèo tây, Bèo bầu (Tày)","Cây mọc tự nhiên trong ao hồ, còn được trồng làm phân xanh ở khắp nước ta",eichhornia-crassipes-mart-solms.txt,,Lục bình (Pontederiaceae),,2765942
Sonchus wightianus DC,"Rau bao, Nhũ cúc đồng, Rau diếp dại","Lai Châu, Lào Cai (Sa Pa), Sơn La, Hà Giang, Lạng Sơn, Ninh Bình, Kon Tum, Đắk Lắk, Lâm Đồng. Cây mọc tự nhiên, phổ biến ở cả miền núi và đồng bằng",sonchus-wightianus-dc.txt,,,Asteraceae,3105682
Prismatomeris tetrandra (Roxb.) K.Schum. – Prismatomeris javanica (Valet.) Ridl,"Lăng trang, Mui, Muồi","Quảng Nam, Đà Nẵng, Đồng Nai, Tây Ninh. Cây mọc tự nhiên",prismatomeris-tetrandra-roxb-k-schum.txt,,,Rubiaceae,2909739
Urophyllum treptopodium Wall,"Vĩ diệp chân mảnh, Có đè xa (Thái)","Nghệ An (Quế Phong), Kon Tum (Kon Plông), Gia Lai (Kon Hà Nừng), Đắk Lắk (Đắk Mil), Đắk Nông, Lâm Đồng (Đà Lạt). Cây gỗ nhỏ, mọc tự nhiên trong rừng",urophyllum-treptopodium-wall.txt,,,Rubiaceae,
Dracaena cambodiana Pierre ex Gagnep,"Huyết giác, Cau rừng, Giáng ông, Dứa dại, Cây xó nhà, Giác máu, Co ởi khang (Thái), ởi càng (Tày)","Cây mọc tự nhiên ở vùng núi đá vôi, phổ biến ở nước ta",dracaena-cambodiana-pierre-ex-gagnep.txt,,,Dracaenaceae,5304576
Boehavia diffusa L,Sâm đất,"Quảng Ninh (Hà Cối), Nghệ An (Quỳnh Lưu, Diễn Châu, Cửa Lò), Gia Lai (Ayunpa, Pờ Tó). Cây mọc tự nhiên ở các bãi hoang, ven đường, dọc đường xe lửa",boehavia-diffusa-l.txt,,,Nyctaginaceae,3086282
Dacrydium elatum (Roxb.) Wall. ex Hook,Hoàng đàn giả,"Lào Cai (Bắc Hà), Hà Tĩnh, Quảng Bình, Đà Nẵng, Quảng Nam, Lâm Đồng. Cây mọc tự nhiên trong rừng rậm thường xanh, ở độ cao 400-1.800 m",dacrydium-elatum-roxb-wall-ex-hook.html?wpsc_do=regen_cache&nonce=10733630605eba5f1c817af.txt,,,Podocarpaceae,5286174
Manilkara zapota (L.) P. van Royen – Achras zapota L,"Hồng xiêm, Xa pô chê",Cây trồng,manilkara-zapota-l-p-van-royen.txt,,,Sapotaceae,2885158
Chloranthus elatior Link. – C. erectus (Buch.-Ham.) Verd,Sói đứng,Cây mọc tự nhiên trong rừng khắp nước ta,chloranthus-elatior-link-c-erectus-buch-ham-verd.txt,,,Chloranthaceae,7469977
Elaeocarpus chinensis (Gardn. et Champ.) Hook. f. ex Benth. – Friesia chinensis Gardn. et Champ,Côm trung quốc,"Lào Cai, Thái Nguyên, Bắc Giang, Nghệ An. Cây mọc tự nhiên ở vùng núi, độ cao 1400 m.",elaeocarpus-chinensis-gardn-et-champ-hook-f-ex-benth.txt,,Côm (Elaeocarpaceae),,5833757
Aspidistra tonkinensis (Gagnep.) F.T. Wang et T. Tang – Colania tonkinensis Gagnep,Hoa trứng nhện bắc,"Lạng Sơn, Ninh Bình (Cúc Phương). Cây mọc tự nhiên nơi ẩm mát trong rừng, ở độ cao 1.400-1.800 m.",aspidistra-tonkinensis-gagnep-f-t-wang-et-t-tang.txt,,,Convallariaceae,2769986
Viola pilosa Blume,Hoa tím lông,Kon Tum. Cây mọc tự nhiên ở độ cao 1.000-2.200 m,viola-pilosa-blume.txt,,,Violaceae,5665503
Lysimachia fortunei Maxim,Rau tinh tú,"Cao Bằng, Lạng Sơn, Quảng Ninh. Cây mọc tự nhiên ở ven rừng, ven đồi ẩm, bãi, ruộng bỏ hoang",lysimachia-fortunei-maxim.txt,,,Primulaceae,4005004
Toona surenii (Blume) Merr. – Swietenia surenii Blume,"Xương mộc, Lát, Xoan mộc, Lát khét","Sơn La (Mộc Châu), Yên Bái, Tuyên Quang, Ninh Bình, Lâm Đồng. Cây mọc tự nhiên trong rừng rậm thường xanh, rừng thứ sinh, ở độ cao dưới 700 m",toona-surenii-blume-merr.txt,,,Meliaceae,7271494
Lindernia antipoda (L.) Alston – Ruellia antipoda L,"Màn đất, Cóc mẩn, Rau choi","Lào Cai, Hà Giang, Cao Bằng. Cây mọc tự nhiên nơi sáng và ẩm, bãi hoang, ruộng hoang, ven đường, ở độ cao tới 1.600 m.",lindernia-antipoda-l-alston.txt,,,Scrophulariaceae,3733807
Crotalaria pallida Ait. – C. striata DC,"Lục lạc, Muồng lá tròn, Sục sặc, Muồng phân, Muồng lạc, Muồng tía, Trư thỉ đậu, Dã hoàng đậu, Xoa (Kho), Lục tẩu (Tày)","Phổ biến khắp cả nước. Loài liên nhiệt đới, thường được trồng để làm phân xanh dùng để cải tạo đất",crotalaria-pallida-ait.txt,,,Fabaceae,8260433
Dendropanax dentiger (Harmsex Diels) Merr,"Diện bạch răng, Thụ sâm","Hà Giang, Gia Lai (Mang Yang, Chư Ta Mộc)",dendropanax-dentiger-harmsex-diels-merr.txt,"Gilibertia dentigera Harms ex Diels, Dendropanaxchevalieri var. dentiger (Harms ex Diels) H. L. Li, D. pellucidopunctata (Hayata) Merr",Nhân sâm – Araliaceae,,3035134
Pogostemon cablin (Blanco) Benth. – Mentha cablin Blanco,Hoắc hương,Cây trồng,pogostemon-cablin-blanco-benth.txt,,,Lamiaceae,2926672
Artemisia annua L,"Thanh cao, Thanh hao, Thảo cao, Ngải, Nhả ngài bâu sláy (Tày), Ngải si","Lạng Sơn, Cao Bằng. Cây mọc tự nhiên, còn được trồng",artemisia-annua-l.txt,,,Asteraceae,8373355
Pleurostylia opposita (Wall.) Alston – Celastrus oppositus Wall,Trắc thư,"Ninh Thuận (Ninh Hải), Đắk Lắk, Đồng Nai. Cây mọc rải rác trong rừng, ở độ cao dưới 100 m",pleurostylia-opposita-wall-alston.txt,,,Celastraceae,3792354
Striga lutea Lour,Voòng phá,"Lạng Sơn, Cao Bằng, Lâm Đồng. Cây mọc tự nhiên trên các bãi hoang, ven đồi cỏ, ở độ cao tới 1.500 m",striga-lutea-lour.txt,,Hoa mõm chó (Scrophulariaceae),,3171162
Bothriospermum tenellum (Hornem.) Fich. et Mey. – Anchusa tenellum Hornem,"Lọng sao, Ban chủng thảo mềm","Cao Bằng, Lạng Sơn. Cây mọc tự nhiên, từ thấp đến độ cao 1500 m",bothriospermum-tenellum-hornem-fich-et-mey.html?wpsc_do=regen_cache&nonce=12077555105f3f71d6d8d10.txt,,,Boraginaceae,4063474
Aganope balansae (Gagnep.) P.K.Lộc,Mạ mân,"Mới thấy ở vùng Đông Bắc Việt Nam, Hòa Bình (Kim Bôi, Mai Châu, Đà Bắc)",aganope-balansae-gagnep-p-k-loc.txt,,Đậu – Fabaceae,,3968951
Embelia vestica Roxb. – Embelia oblongifolia Hemsl,Chua ngút lá thuôn,"Lào Cai, Thái Nguyên (Đại Từ), Hà Nội (Ba Vì), Ninh Bình (Cúc Phương). Cây mọc tự nhiên trong rừng hỗn giao, rừng thường xanh lá rộng, trảng cây bụi và sườn đồi đá vôi, ở độ cao 200-1900 m",embelia-vestica-roxb.txt,,,Myrsinaceae,7330920
Typhonium trilobatum (L.) Schott – Arum trilobatum L,"Củ chóc, Bán hạ nam, Bán hạ lá ba thuỳ, Phiắc héo (Tày)","Hoà Bình, Ninh Bình, Thanh Hoá, Nghệ An. Cây mọc tự nhiên ven sông suối, bãi hoang ẩm",typhonium-trilobatum-l-schott-arum-trilobatum-l.txt,,Ráy (Araceae),,2869559
Lygodium conforme C. Chr,"Bòng bong lá to, Lá cụt, Dây cút","Khắp các vùng đồi và núi thấp của Việt Nam. Cây mọc tự nhiên ở ven rừng rậm thừong xanh và các trảng cây bụi rậm hay rừng thưa thứ sinh, ở độ cao 0-1000 m.",lygodium-conforme-c-chr.txt,,,Lygodiaceae,3744314
Ardisia pseudo-crispa Pit,"Cơm nguội thường, Cơm nguội nhăn, Phổ soóng mộc","Quảng Ninh (Quảng Yên), Ninh Bình, Kon Tum. Cây mọc tự nhiên rải rác trong rừng thứ sinh, khe núi, nơi ẩm",ardisia-pseudo-crispa-pit.txt,,,Họ Đơm Nem (Myrsinaceae),7331177
Galega offcinalis L,Cây galê,Lào Cai (Sa Pa). Cây nhập trồng,galega-offcinalis-l.txt,,,Fabaceae,2975667
Cymbidium aloifolium (L.) Sw. – Eripendrum aloifolium L,"Lan lô hội, Lan hoa tím, Lan rừng, Lan kiếm, Co slằng ca (Thái)","Lào Cai, Quảng Bình, Quảng Trị, Thừa Thiên Huế. Cây mọc tự nhiên",cymbidium-aloifolium-l-sw.txt,,,Orchidaceae,5305656
Gynura procumbens (Lour.) Merr. – Cacalia procumbens Lour,"Bầu đất, Kim thất","Cây mọc tự nhiên, còn được trồng làm rau ăn ở nhiều gia đình vùng núi và đồng bằng",gynura-procumbens-lour-merr.txt,,Cúc (Asteraceae),,3139818
"Dendrolobium triangulare (Retz.) Schindl. – Desmodium triangulare (Retz.) Merr., Hedysarum triangulare Retz","Ba chẽ, Đậu bạc đầu, Niễng đực, Ván đất, Đa rờtip (K.ho), May thặp moong (Tày), Biền ong (Dao), Chù tay mãy (Hmông)","Cây mọc tự nhiên ở hầu hết các tỉnh miền núi caoLào Cai, Cao Bằng, Hà Giang, Tuyên Quang, Hòa Bình (Mai Châu, Đà Bắc)",desmodium-triangulare-retz-schindl.txt,,,Fabaceae,2946831
Fragraea racemosa Jack ex Wall,"Trai nhánh, Trai chùm","Đồng Nai, Tây Ninh. Cây mọc tự nhiên trong rừng, ở độ cao tới 2000 m.",fragraea-racemosa-jack-ex-wall.txt,,,Loganiaceae,
Triphasia trifolia (Burm. f.) P. Wils. – Limonia trifolia Burm.f,"Chanh tàu, Kim quít, Kim quất","Cây trồng và mọc hoang ở Quảng Nam (Tam Kỳ), Bà Rịa Vũng Tàu, Bến Tre",triphasia-trifolia-burm-f-p-wils.txt,,,Rutaceae,3190406
Homonoia riparia Lour,"Rù rì bờ sông, Rì rì bờ sông","Cây mọc tự nhiên ven suối, phổ biến ở Việt Nam",homonoia-riparia-lour.txt,,,Euphorbiaceae,3071623
Solanum mammosum L,"Cà trời, Cà vú, Cà vú dê",,ca-troi.txt,,Solanaceae (Cà),,2930569
Dalbergia horrida var. glabrescens (Prain) Thoth. & Nair,Trắc nhiều hoa,"Ninh Thuận (Cà Ná), Bà Rịa Vũng Tàu. Dây leo gỗ, mọc tự nhiên ở các khoảng trống trong rừng hỗn giao rụng lá, ở độ cao dưới 200 m",dalbergia-horrida-var-glabrescens-prain-thoth-nair.txt,,,Fabaceae,2968703
Limnophila chinensis subsp. aromatica (Lam.) Yamaz. – Limnophila aromatica (Lam.) Merr,"Ngổ ăn, Rau om, Rau ngổ thơm","Cây mọc tự nhiên nơi ẩm, lầy, khá phổ biến ở Việt Nam; còn được trồng",limnophila-chinensis-subsp-aromatica-lam-yamaz.txt,,,Scrophulariaceae,5415005
Callicarpa bodinieri Levl,Tử châu,"Lao Cai, Thanh Hoá, Hoà Bình. Cây mọc tự nhiên trong rừng thứ sinh, rừng hỗn giao, ở độ cao 200-1.000 m",callicarpa-bodinieri-levl.txt,,,Verbenaceae,7309012
Cordyline stricta Endl,"Huyết dụ hẹp, Huyết dụ thẳng","Cây trồng làm cảnh trong vườn hoa, trong chậu ở nhiều nơi",cordyline-stricta-endl.txt,,Huyết dụ – Asteliaceae,,2766271
Agastache rugosa (Fisch. et Mey.) Kuntze – Lophanthus rugosus Fisch. et Mey,"Hoắc hương núi, Thổ hoắc hương, Tiên hương, Pả đế (Hmông)","Lào Cai (Sa Pa), Sơn La (Mộc Châu), Nghệ An (Kỳ Sơn). Cây mọc tự nhiên và được trồng",agastache-rugosa-fisch-et-mey-kuntze.txt,,,Lamiaceae,7307327
"Rosa laevigata Michx,họ Hoa Hồng (Rosaceae)",Kim anh,"Lạng Sơn, Cao Bằng, Bắc Cạn. Cây mọc tự nhiên và còn được trồng",rosa-laevigata-michx.txt,,,,3002751
Celtis timorensis Span. – Celtis cinnamomea Lindl. ex Planch,"Sếu hôi, Riều","Thanh Hóa, Ninh Thuận. Cây mọc rải rác trong rừng thứ sinh, ở độ cao khoảng m",celtis-timorensis-span.txt,,,Ulmaceae,4160107
Caryopteris paniculata C.B. Clarke,Dực dẻ hình chuỳ,"Hà Giang (Quản Bạ), Hòa Bình (Mai ChâuHang Kia). Cây mọc tự nhiên, rải rác trong rừng thưa, ở độ cao 500-1.500 m",caryopteris-paniculata-c-b-clarke.txt,,,Verbenaceae,4086447
Leucosceptrum canum Sm,"Bạch tiền, Mễ đoàn hoa, Hoa bông",Cây mọc tự nhiên ở vùng núi cao huyện Sa Pa tỉnh Lao Cai,leucosceptrum-canum-smith.txt,,,Lamiaceae,3885429
Indigofera hirsuta L,Chàm lông,"Cây mọc tự nhiên trên các bãi cát ven biển, bờ đê, bờ ruộng, trảng cỏ và cây bụi, ven rừng, ở độ cao tới 1000m khắp Việt Nam",indigofera-hirsuta-l.txt,,,Fabaceae,2972082
Thunbergia laurifolia Lindl,Cát đằng thon,"Ninh Thuận (Cà Ná), Lâm Đồng (Đà Lạt), Đồng Nai. Cây mọc tự nhiên.",thunbergia-laurifolia-lindl.txt,,,Acanthaceae,5415460
Cyclea fansipanensis Gagnep,Dây sâm Fansipan,"Lào Cai (Sa Pa), Cao Bằng (Thạch An), Vĩnh Phúc (Tam Đảo). Dày leo mảnh, mọc rải rác ven rừng, vùng núi cao",cyclea-fansipanensis-gagnep.txt,,,Họ Tiết dê ( Menispermaceae),3829965
Calamus tetradactylus Hance,"Mây mật, Mây bốn góc","Cây mọc tự nhiên, còn được trồng khắp nơi ở Việt Nam",calamus-tetradactylus-hance.txt,,,Arecaceae,5294128
Utricularia bifida L,"Nhĩ cán chẻ hai, Rong ly chẻ hai","Lâm Đồng (Đà Lạt). Cỏ thủy sinh, mọc trong đầm lầy, từ thấp đến 1500 m",utricularia-bifida-l.txt,,,Lentibulariaceae,3172406
Eurya japonica Thunb,Linh,"Cây mọc tự nhiên ở vùng trung du và vùng núi, phổ biến ở Tây Nguyên",eurya-japonica-thunb.txt,,,Theaceae,7152601
Strychnos vanprukii Craib,"Dây vuông, Mã tiền cành vuông","Nghệ An, Quảng Trị, Lâm Đồng. Cây mọc tự nhiên rải rác trong rừng rậm, ở độ cao 200-1100 m",strychnos-vanprukii-craib.txt,,Mã tiền (Loganiaceae),,7289431
Clitoria laurifolia Poir,Đậu biếc lá đậu triều,"Phú Thọ (Phú Hộ), Thừa Thiên Huế. Cây du nhập, nguyên sản ở vùng nhiệt đới châu Mỹ. Cây mọc ở ven đường, trong rừng thứ sinh và trên các cồn cát.",clitoria-laurifolia-poir.txt,,Đậu (Fabaceae),,2946665
Loxostigma griffithii (Wight) C.B. Clarke – Didymocarpus griffithii Wight,Tử hoa cự đài,"Ở Trung Quốc, cây được trị cúm, viêm não B. Lao Cai (Sa Pa). Cây mọc tự nhiên trong rừng ẩm, ở độ cao trên 1000m",loxostigma-griffithii-wight-c-b-clarke.txt,,,Gesneriaceae,3823889
Amischotolype mollissima (Blume) Hassk. forma marginata,"Du rừng Cỏ đầu nai, Thài lài rừng","Lạng Sơn, Hà Tây, Đồng Nai, Nam Bộ. Cây mọc tự nhiên ở rừng kín, ẩm",amischotolype-mollissima-blume-hassk-forma-marginata.txt,,,Commelinaceae,2764957
Stephania hernandifolia (Willd.) Spreng. – Cissampelos hernandifolia Willd,Dây mối,"Lào Cai, Hà Tây, Ninh Bình, Đà Nẵng, Ninh Thuận, Đồng Nai. Cây mọc tự nhiên rải rác khắp các vùng núi và trung du",stephania-hernandifolia-willd-spreng-cissampelos-hernandifolia-willd.txt,,,Stephania Tiết dê (Menispermaceae),7268792
Lyonia ovalifolia (Wall.) Drude – Andromeda avalifolia Wall,Cà di xoan,"Lào Cai, Hà Giang. Cây mọc tự nhiên vùng núi cao",lyonia-ovalifolia-wall-drude.txt,,Đỗ quyên (Ericaceae),,7328514
Wikstroemia androsaemifolia Decne,Dó miết xoan,"Bắc Giang, Quảng Trị, Trị Thiên- Huế, Bà Rịa Vũng Tàu (Côn Đảo). Cây mọc tự nhiên, rải rác ven rừng, ở độ cao tới 1.800 m.",wikstroemia-androsaemifolia-decne-in-mey.txt,,,Thymeleaceae,7389701
Hybanthus enneaspermus (L.) F.Muell,Cỏ tím phòng,"Quảng Bình, Quảng Trị, Thừa Thiên Huế, Ninh Thuận. Cây mọc tự nhiên",hybanthus-suffruticosus-l-baill.txt,,Hoa tím (Violaceae),,11446635
Fimbristylis fusca (Nees) C.B. Clarke – Abildgaardia fusca Nees,Cói quăn sậm,Cây mọc tự nhiên trong rừng dầu hoặc rừng thông,fimbristylis-fusca-nees-c-b-clarke.txt,,,Họ Cói (Cyperaceae),2708054
Himalaiella deltoidea (DC.) Raab-Straube – Saussurea deltoidea (DC.) Sch.Bip,"Uy linh tiên lá rộng, Thanh mộc hương","Lào Cai, Hà Giang, Kon Tum, Lâm Đồng. Cây mọc tự nhiên ở vùng núi đá",saussurea-deltoidea-sch-bip.txt,,Cúc (Asteraceae),,11251124
Bothriochloa pertusa (L.) A.Camus,"Huyệt thảo lỗ, Hoa cỏ","Ninh Thuận, Lâm Đồng. Cây mọc tự nhiên ở ven đường, sườn núi, bãi cỏ ven đường, ở độ cao 500-1.500 m",botriochloa-pertusa-l-a-camus.txt,,Hòa thảo (Poaceae),,2704108
Pseudopanax davidii (Franch.) Philips. – Panax davidii Franch,"Lai đinh, Thụ ngũ gia","Lào Cai (Sa Pa). Cây mọc tự nhiên trong rừng ẩm thường xanh, trên đất có đá, ở độ cao 1200-1600 m",pseudopanax-davidii-franch-philips.txt,,,Araliaceae,3034930
Cananga latifolia (Hook.f. et Thoms.) Fin. et Gagnep. – Unona latifolia Hook. f. & Thoms,"Sứ tây, Ngọc lan lá rộng",Cây mọc tự nhiên ở vùng Tây Nguyên và Ninh Thuận,cananga-latifolia-hook-f-et-thoms-fin-et-gagnep.txt,,,Annonaceae,5836239
Phragmites maximus (Forssk.) Chiov. – Arundo donax L,"Sậy núi, Sậy lớn","Lạng Sơn, Quảng Ninh, Hòa Bình, Ninh Bình. Cây mọc tự nhiên ở ven rừng, ven sông suối.",phragmites-maximus-forssk-chiov.txt,,,Poaceae,5290149
Aristolochia balansae Franch,Mộc hương nam,"Lào Cai, Hoà Bình, Hà Tây. Cây mọc tự nhiên rải rác dưới tán rừng, ở độ cao 600-800 m.",aristolochia-balansae-franch.txt,,,Aristolochiaceae,11042273
Mitrella touranensis Ban,Dủ dẻ nhỏ,"Hà Tây (Ba Vì), Quảng Nam, Khánh Hòa ( Hòn Tre, Ba Ngòi), Ninh Thuận (Cá Ná). Cây bụi trườn, mọc rải rác trong rừng thứ sinh, đồi hoang, lùm bụi, vùng duyên hải",mitrella-touranensis-ban.txt,,Na (Annonaceae),,5541506
Kummerowia striata (Thunb.) Schindl. – Hedysarum striatum Thunb,"Cùm sọc., Mắt gà, Đậu ba lá sọc","Lào Cai (Sa Pa), Lạng Sơn, Lâm Đồng (Đà Lạt). Cây mọc tự nhiên trên các trảng cỏ, các khoảng trống trong rừng, ở độ cao tới 2000 m",kummerowia-striata-thunb-schindl.txt,,,Họ Đậu (Fabaceae),5352523
Vernonia elliptica DC,"Cu boong, Dây dọi","Kon Tum, Gia Lai, Quảng Nam (Trà My, Trà Linh). Cây mọc tự nhiên gần nước nơi đất phèn",vernonia-elliptica-dc-in-wight.txt,,,Họ Cúc (Asteraceae),4219232
Polygonum tinctorium Aiton,"Nghể chàm, Nghể nhuộm","Lào Cai (Sa Pa), Hòa Bình. Cây mọc tự nhiên nơi đất ẩm ven rừng, ven suối, rừng thưa, khe núi, ở độ cao 1.000-1.600 m",polygonum-tinctorium-ait.txt,,,Polygonaceae,4032517
Adinandra integerrima T. Anders. ex Dyer in Hook.f,"Súm nguyên, Súm lông, Ngầu nền xà",Cây mọc tự nhiên ở rừng thứ sinh miền Bắc tới Tây Nguyên,adiandra-integerrima-t-anders-ex-dyer-in-hook-f-2.txt,,,Theaceae,3591994
Croton glandulosus L,"Cù đèn lông cứng, Ba đậu tuyến","Quảng Bình, Quảng Trị, Thừa Thiên Huế, Đà Nẵng, Quảng Nam. Cây ưa sáng, mọc tự nhiên trên trảng thường xanh hay rụng lá, nơi đất khô cằn, ở độ cao 100-500 m",croton-glandulosus-l.txt,,Thầu dầu (Euphorbiaceae),,3058185
Lycoris aurea (L’Her.) Herb. – Amaryllis aurea LHer,"Tỏi trời, Thoát lan bào","Cây thường được trồng trong vườn hoa, trong chậu để làm cảnh",lycoris-aurea-lher-herb.txt,,,Amaryllidaceae,5326154
Lemmaphyllum microphyllum C. Presl var. microphyllum,"Vảy ốc lá nhỏ, Mùi quả rừng, ấp đá","Quảng Bình, Quảng Trị, Thừa Thiên Huế. Cây mọc tự nhiên, thường sống bám trên cành cây gỗ, trong rừng rậm thường xanh, ở độ cao 100 – 600m.",lemmaphyllum-microphyllum-c-presl-var-microphyllum.txt,,,Polypodiaceae,11208838
Melastoma candidum D. Don – M. septennervium Lour,"Mua, Bạch niêm, Dã mẫu đơn, Co nát cắm (Thái), Mua vảy, Mạy nát (Tày), Kiến ông điằng (Dao)","Kon Tum, Lâm Đồng, Khánh Hòa. Cây mọc rải rác ven rừng vùng núi cao",melastoma-candidum-d-don.txt,,,Melastomaceae,3188511
Actinidia chinensis Planch,Dương đào trung quốc,Lao Cai (Sa Pa). Cây nhập trồng,actinidia-chinensis-planch.txt,,,Actinidiaceae,3189694
Disporum bodinieri (Levl. et Vant) F.T. Wang et T. Tang,"Xe hới, Vạn thọ trúc, Bạch vị sâm, Tóc tiên rừng, Thạch trúc căn, Thiết trúc tử","Lào Cai (Sa Pa). Cây mọc tự nhiên trong rừng cây lá rộng thường xanh, ở độ cao 700-1500 m",disporum-bodinieri-l-evl-et-vant-f-t-wang-et-t-tang.txt,,,Convallariaceae,2770860
Derris malaccensis (Benth.) Prain – D. cuneifolia Benth. var. malaccensis Benth,Cốc kèn mã lai,"Đồng Nai (Phước Thành). Cây mọc tự nhiên ven rừng, sông rạch",derris-malaccensis-benth-prain.txt,,,Họ Đậu (Fabaceae),5350229
Sabia dielsii Le’vl. – Sabia olacifolia Stapf ex L. Chen,"Cốt khí dây, Xương gan","Lao Cai (Sa Pa), Khánh Hòa (Nha Trang). Cây mọc tự nhiên ven khe suối, trên núi cao 1500 m, nơi rậm, trảng cây bụi",sabia-dielsii-levl-sabia-olacifolia-stapf-ex-l-chen.txt,,,Thanh phong (Sabiaceae),8020907
Ardisia mamillata Hance,"Lưỡi cọp đỏ (Hồng mao chiên, Hồng địa chiên, Mao lương tán, Phung ran, Mặt đất, Cơm nguội vòi)","Hà Giang, Quảng Nam, Đà Nẵng. Cây mọc tự nhiên ở núi đá, trong rừng cây lá rộng thường xanh, nơi ẩm tối, ở độ cao 400-1600 m. Loài này đã được đưa vào Sách Đỏ Việt Nam",ardisia-mamillata-hance.txt,,,Myrsinaceae,5557539
Amomum ovoideum Pierre ex Gagnep,Sa nhân trứng,"Thái Nguyên, Bắc Cạn, Phú Thọ, Đồng Nai, Kiên Giang. Cây mọc tự nhiên nơi ẩm, ven suối, dưới tán rừng",amomum-ovoideum-pierre-ex-gagnep.txt,,,Zingiberaceae,2758315
Begonia grandes Dryand. var. chinensis Irmsch,Thu hải đường to,"Hà Giang (Quản Bạ), Thanh Hóa (Bá Thước)",begonia-grandes-dryand-var-chinensis-irmsch.txt,,Thu hải đường – Begoniaceae,,4157762
Cinnamomum burmanni f. heyneanum (Nees) H.W.Li,"Quế lá hẹp, Quế trèn, Quế rành",Miền Bắc. Cây mọc tự nhiên,cinnamomum-burmannii-c-et-nees-blume-forma-heyneanum-nees-h-w-li.txt,,,Lauraceae,4183279
Gnaphalium affine D. Don,Rau khúc tẻ,"Cây mọc tự nhiên trên các ruộng hoang, phổ biến ở miền Bắc nước ta",gnaphalium-affine-d-don.txt,,,Asteraceae,3100918
Dianthus chinensis L,Cẩm chướng gấm,"Cây nhập trồng ở các tỉnh có khí hậu mát lạnh như Sa Pa, Tam Đảo, Đà Lạt",dianthus-chinensis-l.txt,,,Caryophyllaceae,3085418
Plantago psyllium L,Mã đề lá nhỏ,Cây nhập trồng,plantago-psyllium-l.txt,,,Plantaginaceae,
Coptis quinquesecta Wang,Hoàng liên chân gà,"Lao Cai (Sa Pa). Cây mọc tự nhiên ở rừng núi đá, độ cao trên 1500m – 2000m",coptis-quinquesecta-wang.txt,,mao lương (Ranunculaceae),,3925104
Boesenbergia rotunda (L.) Mansf. – Cureuma rotunda L,"Bồng nga truật, Lưỡi cọp, Củ ngải",Cây trồng,boesenbergia-rotunda-l-mansf.txt,,,Zingiberaceae,2758480
Parthenocissus tricuspidata (Sieb. et Zucc.) Planch. – Ampelopsis tricuspidata Sieb. et Zucc,Trinh đằng ba mũi,Lâm Đồng. Cây trồng,parthenocissus-tricuspidata-sieb-et-zucc-planch.txt,,,Vitaceae,3039209
Lobelia nicotianifolia Roth ex Schult,Bã thuốc,"Lào Cai, Lai Châu, Điện Biên, Yên Bái, Sơn La. Cây mọc tự nhiên trên bãi hoang, ven rừng, ở vùng núi cao tới 2000 m",lobelia-nicotianifolia-heyne-ex-roth-in-roem-schult.txt,,,Lobeliaceae,5408844
Celtis sinensis Pers,"Sếu, Sếu tàu, Cơm nguội","Lao Cai, Hoà Bình, Bình, Quảng Bình tới Ninh Thuận. Cây mọc tự nhiên, còn được trồng",celtis-sinensis-pers.txt,,,Ulmaceae,4159594
Mirabilis jalapa L,"Hoa phấn, Sâm ớt, Bông phấn","Cây mọc tự nhiên, còn được trồng ở nhiều địa phương để làm cảnh",mirabilis-jalapa-l.txt,,,Nyctaginaceae,3086240
Ardisia chinensis Benth,Trọng đũa tàu,"Lao Cai, Lạng Sơn, Quảng Ninh, Hà Giang, Hà Nội (Ba Vì). Cây mọc tự nhiên rải rác trong rừng thưa, rừng hỗn giao, ở độ cao 300-1600 m",ardisia-chinensis-benth.txt,,,Myrsinaceae,7331147
Ficus variegata Blume,"Vả rừng, Sung trổ, Ngoã rừng, Mạy ngoả (Tày)","Quảng Bình, Quảng Trị, Thừa Thiên Huế. Cây mọc tự nhiên trong rừng thưa, rừng thứ sinh",ficus-variegata-blume.txt,,,Moraceae,3234563
Artanema longifolium (L.) Vatke – Columnea longifolia L,Vừng đất,"Quảng Bình, Quảng Trị, Thừa Thiên Huế, Đồng Nai, Bến Tre, Châu Đốc. Cây mọc tự nhiên nơi ẩm, lùm bụi, ven ruộng từ vùng thấp tới độ cao 400m",artanema-longifolium-l-vatke.txt,,,Scrophulariaceae,7666226
":Gymnopetalum scabrum (Lour.) W.J.de Wilde & Duyfjes – Gymnopetalum integrifolium (Roxb.) Kurz, Cucumis integrifolius Roxb","Cứt quạ lá nguyên., Cầu qua, Dây nhăn","Lai Châu, Tuyên Quang, Hòa Bình, Đà Nẵng, Quảng Nam, Lâm Đồng. Cây mọc tự nhiên trong các hẻm núi trên đất đỏ, đất cát, các bãi hoang, dựa bờ rào",gymnopetalum-integrifolium-roxb-kurz.txt,,,Họ Bầu bí (Cucurbitaceae),
Emmenopterys henryi Oliv,Hành dực,"Lào Cai (Sa Pa). Cây mọc tự nhiên ở rừng thưa, ở độ cao 1.500 m",emmenopterys-henryi-oliv.txt,,,Rubiaceae,2901228
Ipomoea pes – caprae (L.) R. Br. – Convolvulus pes-caprae L,"Muống biển, Rau muống biển",Cây mọc tự nhiên ở vùng cát ven biển từ Quảng Ninh tới Kiên Giang,ipomoea-pes.txt,,,Convolvulaceae,7999386
Pachyrhizus erosus (L.) Urb.; Dolichos erosus L,"Củ đậu, Củ sắn, Đậu thự, Mằn cát (Tày), Mằn phao",Cây trồng để lấy củ ăn. Nguyên sản ở vùng nhiệt đới châu Mỹ,pachyrhizus-erosus-l-urb-dolichos-erosus-l.txt,,,Họ Đậu (Fabaceae),2974683
Enicostema axillare (Lam.) Raynal – Gentiana axillaris Poir ex Lam,Sam hoa nách,Cây mọc tự nhiên vùng duyên hải tỉnh Bà Rịa – Vũng Tàu.,enicostema-axillare-lam-raynal.txt,,,Gentianaceae,3170131
Pogonatherum paniceum (Lam.) Hack,Thu thảo kê,Lạng Sơn. Cây mọc tự nhiên,pogonatherum-paniceum-lam-hack.txt,,,Poaceae,4105523
Cymbidium hookerianum Rchb. f,Đoản kiếm hooker,Lâm Đồng (Đà Lạt),cymbidium-hookerianum-rchb-f.txt,,Lan – Orchidaceae,,5305704
Cyathocline purpurea (Buch.-Ham. ex D. Don) Kuntze,"Huyệt khuynh, Huyệt khuynh tía","Sơn La (Sông Mã), Lào Cai, Yên Bái, Hà Giang, Cao Bằng, Phú Thọ. Cây mọc tự nhiên ở vùng ven suối và vách núi ẩm, ở độ cao 500-1.800 m",cyathocline-purpurea-buch-ham-ex-d-don-kuntze.txt,,,Asteraceae,3142265
Euscaphis tonkinensis Gagnep,"Mậu ma, Dã nha xuân","Hoà Bình, Phú Thọ (Đoan HùngChân Mộng). Cây mọc tự nhiên ven rừng, ven suối.",euscaphis-tonkinensis-gagnep.txt,,,Staphyleaceae,9464189
Psychotria rubra (Lour.) Poir,"Lấu, Bầu giác, Bồ chát, Men sứa, Phù lão, Lấu đỏ, Lá tản, Huyết ti, Cửu tiết, Cây chạo, Xa huyên (Tày), Co sạ mát (Thái)","Cây mọc tự nhiên ở vùng trung du và miền núi, phổ biến ở nước ta",psychotria-rubra-lour-poir.txt,,,Rubiaceae,2920037
Cyathula capitata Moq,Cước đài đầu,"Kon Tum, Lâm Đồng. Cây mọc tự nhiên ở bãi hoang, ven nương rẫy, ở độ cao 400 -1500 m",cyathula-capitata-moq-in-dc.txt,,,Họ Dền (Amaranthaceae),8303480
Dillenia obovata (Blume) Hoogland. – Colbertia obovata Blume,Sổ xoan ngược,Kiên Giang. Cây mọc tự nhiên rải rác trong rừng,dillenia-obovata-blume-hoogland.txt,,,Dilleniaceae,5681168
Goodyera procea (Ker-Gawl.) Hook. – Neottia procea Ker-Gawl,"Lan gấm đất cao, Hảo lan cao","Lào Cai, Tuyên Quang, Kon Tum, Ninh Thuận. Cây mọc tự nhiên trong rừng, ở độ cao 800-1.600 m.",goodyera-procea-ker-gawl-hook.txt,,,Orchidaceae,2840807
Argusia argentea (L.f.) Heine – Tournefortia argentea L.f,Bạc biển,Cây mọc tự nhiên ở bờ biển từ Đà Nẵng trở vào,argusia-argentea-l-f-heine.txt,,,Boraginaceae,11015824
Grewia polygama Roxb,Cò ke tạp phái,"Khánh Hòa (Ba Ngòi), Ninh Thuận, Bình Thuận (Phan Thiết), Bà Rịa Vũng Tàu. Cây mọc tự nhiên, rải rác ven rừng, ở độ cao 300 m",grewia-polygama-roxb.txt,,,Tiliaceae,4260112
Parabarium micranthum (Wall.) Pierre ex Spire – Echites micrantha Wall,"Đỗ trọng dây, Mặc sang hoa nhỏ","Lào Cai (Sa Pa), Thanh Hoá, Nghệ An, Gia Lai, Ninh Thuận. Cây mọc tự nhiên trong rừng thưa.",parabarium-micranthum-wall-pierre-ex-spire.html?wpsc_do=regen_cache&nonce=12620093095f3fa525e474b.txt,,,Apocynaceae,5535809
Kaempferia parviflora Wall. ex Baker,"Ngải tím, Ngải đen, Gừng đen","Cây trồng ở Sơn La, Thanh Hóa, Nghệ An",kaempferia-parviflora-wall-ex-baker.txt,,Gừng – Zingiberaceae,,5301424
Hedyotis capitellata var. pubescens Kurz – Hedyotis capitellata Wall. ex G. Don. var. mollis (Pierre ex Pit.) T.N. Ninh,"Dạ cẩm, Loét mồm tía, Ngón lợn, Dây ngón cúi, Cha khẩu cẩm, Sán công mía (Dao)",Cây mọc tự nhiên khá phổ biến trên đất sau nương rẫy ở các tỉnh miền núi và trung du,hedyotis-capitellata-wall-ex-g-don-var-mollis-pierre-ex-pit-t-n-ninh.txt,,,Họ cà phê (Rubiaceae),9284073
Pharbitis nil (L.) Choisy – Convolvulus nil L.; Ipomoea nil (L.) Roth,"Hắc sửu, Bìm bìm lam","Lạng Sơn, Hòa Bình, Hà Nội, Hải Phòng, Ninh Thuận, Bình Dương. Cây mọc tự nhiên ven rừng, lùm bụi nơi hơi khô và sáng",pharbitis-nil-l-choisy.txt,,,Convolvulaceae,2928534
Melastoma malabathrica L,Mua da hung,Hà Nội (Ba Vì). Cây mọc tự nhiên trong các trảng cây bụi.,melastoma-malabathrica-l.txt,,,Melastomaceae,3188511
Strychnos rupicola Pierre ex Dop,Mã tiền leo,"Gia Lai, Đắk Lắk, Đồng Nai, Sông Bé. Cây mọc tự nhiên rải rác trong rừng thưa",strychnos-rupicola-pierre-ex-dop.txt,,,Loganiaceae,5645561
Gypsum,"Thạch cao, Bạch hổ, Băng thạch",,thach-cao.txt,,,,
Globba calophylla Ridl,Lô ba treo,"Miền Trung, Tây Ninh. Cây ưa bóng, ưa ẩm, mọc dưới tán rừng.",globba-calophylla-ridl.txt,,,Zingiberaceae,2757900
Alpinia conchigera Griff,Riềng rừng,"Cây mọc tự nhiên ở nơi ẩm, dựa suối dưới tán rừng từ Đồng Nai tới An Giang",alpinia-conchigera-griff.txt,,,Zingiberaceae,5302311
Chrysanthemum coronarium L,"Cải cúc , Rau cúc, Cúc tần ô, Rau tần ô, Tần ô, Đồng cao, Xuân cúc",Trồng rộng khắp các tỉnh từ miền núi phía Bắc tới đồng bằng Nam Bộ,chrysanthemum-coronarium-l.txt,,Cúc – Asteraceae,,7627205
Senna bicapsularis (L.) Roxb.; Cassia bicapsularis L,"Muồng me, Muồng hai nang","Bình Thuận, thành phố Hồ Chí Minh, Long An. Nguyên sản từ Nam Mỹ du nhập vào Việt Nam. Cây mọc tự nhiên, còn được trồng",senna-bicapsularis-l-roxb-cassia-bicapsularis-l.txt,,,Caesalpiniaceae,2958076
Trachelospermum dunnii (Levl.) Levl. – Melodinus dunnii Levl,"Cổ quả, Lạc thạch lông gỉ","Lao Cai (Sa Pa), Lạng Sơn, Bắc Kạn, Phú Thọ, Nghệ An. Cây mọc tự nhiên ở độ cao đến 1500 m",trachelospermum-dunnii-levl-levl.txt,,,Họ Trúc đào (Apocynaceae),3618652
Excoecaria agallocha L,Cây giá,"Cây mọc tự nhiên vùng ven biển, ven vùng nước lợ ở các tỉnh từ Thanh Hóa tới Đồng Bằng Sông Cửu Long",excoecaria-agallocha-l.txt,,,Euphorbiaceae,3071702
Opuntia dillenii (Ker- Gawl.) Haw. – Cactus dillenii Ker- Gawl,"Xương rồng bà có gai, Vợt gai, Tiên nhân chưởng","Cây nhập trồng, nay trở thành hoang dại, phổ biến trên đất cát hoang dọc bờ biển nước ta",opuntia-dillenii-ker-gawl-haw.txt,,,Cactaceae,6378623
Emilia sonchifolia (L.) DC. – Cacalia sonchifolia L,"Rau má lá rau muống, Hoa mặt trời, Chua lè, Rau má tía, Nhất điểm hồng, Tiết gà, Phiắc chèn phỉ (Tày), Co kém ún (Thái)",Cây mọc tự nhiên ở hầu hết các tỉnh nước ta từ đồng bằng tới miền núi,emilia-sonchifolia-l-dc-in-wight.txt,,,Asteraceae,7376217
Rhizophora mucronata Poir,"Đưng, Đước xanh",Khánh Hòa. Cây mọc tự nhiên,rhizophora-mucronata-poir-in-lam.txt,,Đước (Rhizophorraceae),,10920169
Dipterocarpus turbinatus Gaertn.f,Dầu đỏ,"Bình-Trị-Thiên trở vào. Cây mọc tự nhiên trong rừng thường xanh hoặc rừng hỗn giao nửa rụng lá, rừng khộp, ở độ cao 300-1100 m",dipterocarpus-turbinatus-gaertn-f.txt,,Dầu (Dipterocarpaceae),,4097195
Cymbidium floribundum Lindl,Đoản kiếm nhiều hoa,Vĩnh Phúc,cymbidium-floribundum-lindl.txt,,Lan – Orchidaceae,,5305706
Pteris vittata L,Chân xỉ sọc,Rất rộng. Cây mọc tự nhiên ở độ cao 2000 m.,pteris-vittata-l.txt,,,Pteridaceae,5275398
Berchemia ﬂoribunda (Wall.) Brongn. – Zizyphus ﬂoribunda Wall,Rung rúc nhiều hoa,"Lào Cai, Quảng Nam, Đà Nẵng. Cây mọc tự nhiên",berchemia-ﬂoribunda-wall-brongn.txt,,,Rhamnaceae,
Dacrycarpus imbricatus (Blume) de Laub,"Thông lông gà, Thông nàng, Bạch tùng, Mạy hương (Tày)","Lào Cai, Quảng Trị, Thừa Thiên Huế, Quảng Nam, Kon Tum, Khánh Hòa, Đắk Lắk, Lâm Đồng. Cây mọc tự nhiên trong rừng rậm thường xanh, ở độ cao 400-1.800 m. Đã đưa vào Sách Đỏ Việt Nam",dacrycarpus-imbricatus-blume-de-laub.txt,,,Podocarpaceae,2687843
Galinsoga parviflora Cav . Họ Cúc (Asteraceae),Cỏ thỏ,"Lao Cai, Hà Giang. Cây mọc tự nhiên vùng núi cao",galinsoga-parviflora-cav.txt,,,,3132570
Aralia chinensis L,"Thông mộc, Đơn đắng, Đinh lăng tàu, Thổ đương quy, Quẩng quầng, Cuống ít gai","Lạng Sơn, Hoà Bình. Cây mọc tự nhiên",aralia-chinensis-l.txt,,,Araliaceae,3036940
Hedyotis acutangula Champ. ex Benth,Bòi ngòi cạnh nhọn,"Hà Nam, Ninh Bình, Gia Lai. Cây mọc tự nhiên trên các bãi hoang",hedyotis-acutangula-champ-ex-benth.txt,,,Cà phê (Rubiaceae),2912262
Hylocereus undatus (Haw.) Britt. et Rose – Cereus undatus Haw,Thanh long,Cây trồng ở các tỉnh phía Nam,hylocereus-undatus-haw-britt-et-rose.txt,,Xương rồng (Cactaceae),,10334868
Melia toosendan Sieb. et Zucc,"Xoan đào, Xoan đào quả to, Khổ luyện tử","Sơn La, Hòa Bình, Nghệ An, Khánh Hòa. Cây mọc tự nhiên và được trồng",melia-toosendan-sieb-et-zucc.txt,,,Meliaceae,5914287
Lindernia anagallis (Burm. f.) Penn. – Ruellia anagallis Burm.f,Bắc mỳ,"Cây mọc tự nhiên trong những chỗ ẩm lầy, bãi cỏ từ vùng thấp tới vùng cao khắp nước ta",lindernia-anagallis-burm-f-penn.txt,,,Scrophulariaceae,10975167
Pteris cadieri H. Christ,Ráng chân xỉ,"Thái Nguyên, Hoà Bình. Cây mọc tự nhiên ở vùng đồi, núi thấp khoảng 200 – 400m.",pteris-cadieri-h-christ.txt,,,Pteridaceae,7310193
Acer oliverianum Pax,Thích năm thùy,"Lào Cai, Yên Bái, Hà Giang, Cao Bằng, Tuyên Quang.",acer-oliverianum-pax.txt,,Thích – Aceraceae,,3767891
Shorea obtusa Wall. ex Blume,Cà chắc,"Đắk Lắk, Đồng Nai, Sông Bé. Cây mọc tự nhiên trong rừng thưa, rừng thay lá, rừng khộp",shorea-obtusa-wall-ex-blume.txt,,Dầu (Dipterocarpaceae),,7510169
Securidaca inappendiculata Hassk,"Đằng ca, Dây đằng ca, Thuyền dực đằng","Kon Tum, Đồng Nai. Cây mọc leo rải rác trong rừng thường xanh",securidaca-inappendiculata-hassk.txt,,Viễn chí (Polygalaceae),,7293407
Caesaipinia bonducella Flem,"Mắt mèo, Móc mèo, Vuốt hùm",,moc-meo-nui.txt,,Caesalpiniaceae (Vang),,8400302
Amanita caesarea (Scop. ex Fr.) Pers. ex Schw,Nấm tán da cam,Thường mọc trên đất rừng khắp nơi ở nước ta.,amanita-caesarea-scop-ex-fr-pers-ex-schw.txt,,,Amanitaceae,
Taxillus chinensis (DC.) Dans. – Loranthus chinensis DC,"Mộc vệ trung quốc, Tầm gửi, Chùm gởi, Mạy phác (Tày)","Quảng Ninh, Hải Phòng, Bắc Giang, Vĩnh Phúc, Gia Lai. Cây bụi nhỏ, bán ký sinh trên cành các cây thân gỗ, trong rừng thưa, ở độ cao đến 1500 m",taxillus-chinensis-dc-dans.txt,,,Loranthaceae,4001208
Croton thorelii Gagnep,Cù đèn thorel,"Kon Tum, Gia Lai, Bình Dương, Đồng Nai, Bà Rịa Vũng Tàu. Cây ưa sáng, mọc tự nhiên ở các rừng thưa trên đất nhiều đá khô cằn, ở độ cao 100-500 m",croton-thorelii-gagnep.txt,,Thầu dầu (Euphorbiaceae),,3057847
Byttneria pilosa Roxb,"Bích nữ lông, Quả gai lông","Thanh Hóa, Nghệ An. Cây mọc tự nhiên, rải rác ven rừng, rừng sau phục hồi",byttneria-pilosa-roxb.txt,,,Trôm (Sterculiaceae),3672205
Olea dentata Wall. ex A. DC,"Ô liu răng cưa, Có chừa khe (Thái)","Bắc Kạn, Thái Nguyên, Nghệ An (Quế Phong), Kon Tum (Đắk Glei). Cây bụi, mọc rải rác ven suối.",olea-dentata-wall-ex-a-dc.txt,,,Oleaceae,12187863
Tsoongia axillariflora Merr,"Tho, Giả tử cô, Tự kinh","Quảng Ninh, Vĩnh Phúc (Tam Đảo), Hà Nội (Ba Vì). Cây mọc tự nhiên trong rừng ẩm, ở độ cao 400-1.000 m",tsoongia-axillariflora-merr.txt,,,Verbenaceae,7379469
Paranephelium spirei Lecomte,"Mạy lạn, Bịp bịp, Song chôm","Bắc Giang đến Thừa Thiên Huế, Quảng Nam, Đà Nẵng",paranephelium-spirei-lecomte.txt,,,Sapindaceae,3785626
Desmodium griffthianum Benth,"Chân châu, Thóc lép griffth","Lâm Đồng (Đà Lạt), Ninh Thuận (Cà Ná). Cây mọc tự nhiên trên các bãi đất hoang, trảng cây bụi, trong rừng thông, ở độ cao 1300 – 2000m.",desmodium-griffthianum-benth.txt,,,Fabaceae,10717670
Elaeis guineensis Jacq,Cọ dầu,"Nhập trồng ở Hà Giang, Quảng Ninh, Hà Nội, Nghệ An (nhiều), Hà Tĩnh, Quảng Bình",elaeis-guineensis-jacq.txt,,Cau – Arecaceae,,2731882
Desmodium repandum (Vahl) DC. – Hedysarum repandum Vahl,Tràng quả trãi,"Lào Cai, Lai Châu, Lâm Đồng (Đà Lạt), Ninh Thuận. Cây mọc tự nhiên trong rừng thưa hoặc rừng rậm, ở độ cao tới 2000 m",desmodium-repandum-vahl-dc.txt,,,Fabaceae,2971234
Solanum trilobatum L. – Solanum acetosaefolium Lam,Cà ba thuỳ,"Từ Quảng Trị đến Tiền Giang. Cây mọc tự nhiên, rải rác ven lùm bụi, ven đường, ở độ cao dưới 400 m",solanum-trilobatum-l.txt,,Cà (Solanaceae),,2931071
Vaccinium tonkinense Dop,Sơn trâm bắc bộ,"Lào Cai (Sa Pa), Kon Tum (Đắk Glei, Ngọc Linh). Cây mọc tự nhiên phụ sinh trên đá, rải rác trong rừng, ở độ cao 2.000-2.500 m",vaccinium-tonkinense-dop.txt,,,Ericaceae,4167330
Murdannia edulis (Stok.) Faden – Commelina edulis Stok,"Loã trai ngọt, Thuỷ trúc ăn được","Lâm Đồng (Đà Lạt), Ninh Thuận (Cà Ná), Bình Phước (Lộc Ninh). Cỏ sống một năm, mọc rải rác nơi ẩm ven rừng, ven đường, ven suối, khe núi.",murdannia-edulis-stok-faden.txt,,,Commelinaceae,2764792
Cuscuta chinensis Lam,Tơ hồng,Cây thường mọc phụ sinh trên cây cúc tần,cuscuta-chinensis-lam.txt,,,Cuscutaceae,3610749
Gomphostemma crinitum Wall. ex Benth,Đinh hùng tơ,"Lạng Sơn (Hữu Lũng). Cây mọc tự nhiên dưới tán rừng ẩm, ở độ cao 400-800 m",gomphostemma-crinitum-wall-ex-benth.txt,,Hoa Môi (Lamiaceae),,7555098
Adenia cordifolia (Blume) Engl.( Modecca cordifolia Blume),Thư diệp lá hình tim,"Phú Thọ (Phù Ninh), Hòa Bình (Kim Bôi, Lạc Thủy, Tân Lạc), An Giang (Châu Đốc)",adenia-cordifoliablumeengl.txt,,Lạc tiên – Passifloraceae,,5527836
Sonerila tenera Royle,Sơn lĩnh mảnh,"Lâm Đồng (Lang Hanh). Cây mọc tự nhiên rải rác trong rừng thưa khô, rừng thông, ở độ cao 800-1000 m",sonerila-tenera-royle.txt,,,Melastomaceae,3870220
Boletus edulis Bull.Fr,Nấm thông,Lâm Đồng.,boletus-edulis-bull-fr.txt,,Nấm ống – Boletaceae,,5954958
Illigera parviflora Dunn,"Liên đằng hoa nhỏ, Dây lưỡi chó hoa nhỏ, Khâu tai","Lào Cai (Sa Pa, Bắc Hà), Quảng Ninh, Bắc Giang (Kép, Phố Vị), Tuyên Quang (Na Hang), Bắc Kạn (Ba Bể), Hòa Bình (Mai Châu), Hà Nội (Sơn Tây, Ba Vì), Kon Tum",illigera-parviflora-dunn-2.txt,,Tung – Hernandiaceae,,5549962
Cyanotis papilionacea Roem. & Schult.f. – Cyanotis burmanniana Wight & Arn,Bích trai bướm,"Bắc Bộ, Đà Nẵng, Quảng Nam. Cây mọc tự nhiên nơi đất ẩm ven đường, ven rừng, bờ kênh rạch",cyanotis-papilionacea-roem-schult-f.txt,,,Thài lài (Commelinaceae),5303309
Dipterocarpus obtusifolius Teysm. ex Miq,"Dầu đồng, Dầu trà beng","Sông Bé, Côn Đảo. Cây mọc tự nhiên trong rừng khộp, rừng thưa rụng lá, ở độ cao 500-1700 m",dipterocarpus-obtusifolius-teysm-ex-miq.txt,,Dầu (Dipterocarpaceae),,4096576
Spinifex littoreus (Burm. f.) Merr,Cỏ chông,"Miền Bắc, Miền Nam và có nhiều ở ven biển Miền Trung. Cây mọc tự nhiên vùng ven biển",spinifex-littoreus-burm-f-merr.txt,,,Poaceae,4153053
Dillenia turbinata Fin. et Gagnep,"Lọng tía, Sổ bông vụ, Sổ hoa lớn","Sơn La, Vĩnh Phúc, Ninh Bình, Nghệ An, Đắk Lắk. Cây mọc tự nhiên rải rác trong rừng thưa",dillenia-turbinata-finet-et-gagnep.txt,,,Dilleniaceae,5680887
Papaver rhoeas L,Hồng a phiến,Cây trồng,papaver-rhoeas-l.txt,,,Papaveraceae,2888443
Macaranga triloba (Blume) Muell.-Arg.- Pachystemon trilobus Blume,Lòng máng,"Đồng Nai, Sông Bé, Kiên Giang. Cây mọc tự nhiên dựa suối trong rừng thường xanh, ở độ cao 100-500 m",macaranga-triloba-blume-muell-arg.txt,,,Euphorbiaceae,3074333
"Aglaia elaeagnoidea (A. Juss.) Benth. ( Nemedra elaeagnoidea A. Juss., Milnea roxburghiama Wight & Arn., Amoora poulocondorensis (Pell.) Harms in Engl.)",Ngâu nhót,"Hòa Bình, Hà Nội, Nghệ An, Hà Tĩnh, Thừa Thiên Huế (Bạch Mã), Kon Tum (Kon Plông, Măng Cành), Đắk Nông (Đắk Mil, Nam Đà), Lâm Đồng (Di Linh, Bảo Lộc, Đồng Nai (Biên Hòa, Bảo Chánh, Chứa Chan, Trảng Bom), Tp. Hồ Chí Minh (Thủ Đức), Bà Rịa-Vũng Tàu (Côn Đảo), Kiên Giang (Phú Quốc)",aglaia-elaeagnoidea-a-juss-benth.txt,,Xoan – Meliaceae,,5597755
Trigonostemon longifolius Baill,Tam hùng lá dài,"Khánh Hòa (Ninh Hòa). Cây mọc trong rừng thường xanh hay trảng cây bụi, trên đất sa phiến thạch, ở độ cao 100-500 m",trigonostemon-longifolius-baill.txt,,,Euphorbiaceae,8318567
Chonemorpha macrophylla (Roxb.) D. Don – Echites macrophylla Roxb,Quặn hoa lá to,Đồng Nai (Định Quán). Loài đặc hữu của Trung bộ và Nam bộ. Cây mọc tự nhiên,chonemorpha-macrophylla-roxb-d-don.txt,,,Apocynaceae,3616952
Eleocharis dulcis (Burm.f.) Trin. ex Hensch. – Eleocharis dulcis (Burm.f.) Hensch var. tuberosa (Roxb.) T. Koyama,"Củ năn, Mã thầy , Ô vu","Cao Bằng, Lâm Đồng, Kiên Giang. Cây trồng chủ yếu ở Hà Giang",eleocharis-dulcis-burm-f-hensch-var-tuberosa-roxb-t-koyama.txt,,Cói (Cyperaceae),,2717712
Deeringia amaranthoides (Lam.) Merr. – Achysanthes amaranthoides Lam,"Địa linh giền, Giền bò","Lào Cai, Lạng Sơn, Quảng Ninh, Sơn La, Hoà Bình. Cay mọc tự nhiên ở vùng núi đá vôi, ở độ cao đến 1500 m",deeringia-amaranthoides-lam-merr.txt,,Rau Dền (Amaranthaceae),,3675567
Fokienia hodginsii (Dunn) Henry et Thomas – Cupressus hodginsii Dunn,"Pơ mu, Bách dầu","Lao Cai, Lai Châu, Sơn La, Thanh Hoá (Thường Xuân), Nghệ An (VQG Pù Mát). Cây mọc tự nhiên trên núi cao trên 1000 m. Loài có nguy cơ bị tuyệt chủng (EN) đã đưa vào sách đỏ Việt Nam",fokienia-hodginsii-dunn-henry-et-thomas.txt,,,Cupressaceae,2684887
Coix lachryma-jobi L,"Ý dĩ, Bo bo, Hạt cườm, Co pắt, Mạy pít, Mác vất (Tày), Co đuôi (Thái), Nọ a châu (Bana)","Cây mọc tự nhiên ở rừng núi, còn được trồng",coix-lachryma-jobi-l.txt,,,Poaceae,2706301
Eragrostis tenella (L.) Beauv. ex Roem. et Schult,"Cỏ bông, Xuân thảo mảnh, Xuân thảo bò","Cây mọc tự nhiên trên bãi hoang, vườn, ven đường, khá phổ biến ở Việt Nam",eragrostis-tenella-l-beauv-ex-roem-et-schult.txt,,,Poaceae,2705426
Helicteres lanceolata DC,"Dó thon, Tổ kén lá mác","Đà Nẵng đến Tây Nguyên. Cây mọc tự nhiên trên đất hoang, bình nguyên",helicteres-lanceolata-dc.txt,,,Sterculiaceae,7503551
Glochidion obscurum (Roxb. ex Willd.) Blume – Phyllanthus obscurum Roxb. ex Willd,Sóc che,"Cao Bằng. Cây mọc tự nhiên, ưa ẩm, chịu bóng, mọc dọc theo các suối trong rừng thường xanh hay rụng lá, ở độ cao 100-500 m.",glochidion-obscurum-roxb-ex-willd-blume.txt,,,Euphorbiaceae,3080907
Lactuca indica L,"Bồ công anh, Mũi mác, Rau diếp dại, Rau bồ cóc, Rau bao, Rau mét, Phắc bao, Lin hán (Tày), Lằy mắy kìm (Dao)","Cây mọc tự nhiên phổ biến ở hầu hết các tỉnh miền núi, trung du phía Bắc đến vùng Tây Nguyên",lactuca-indica-l.txt,,Cúc (Asteraceae),,3140510
Mucuna birdwoodiana Tutch . Họ Đậu (Fabaceae.),Huyết phong đằng,Thanh Hoá (Bến En). Cây mọc tự nhiên trong rừng rậm thường xanh,mucuna-birdwoodiana-tutch.txt,,,,2951398
Cynanchum corymbosum Wight,"Sát khuyển, Dưa lông nhím, Quả lông nhím","Lao Cai, Ninh Bình, Hà Nam. Cây ưa sáng, mọc tự nhiên ven rừng, ven đường đi.",cynanchum-corymbosum-wight.txt,,,Asclepiadaceae,8154670
Caesalpinia sinensis (Hemsl.) J. E. Vidal – Mezoneuron sinense Hemsl. ex Fobes & Hemsl,Diệp trung quốc,"Cao Bằng, Lạng Sơn. Cây mọc tự nhiên",caesalpinia-sinensis-hemsl-j-e-vidal.txt,,Vang (Caesalpiniaceae),,5354716
Trachelospermum axillare Hook.f,Cổ quả nách,"Lao Cai (Sa Pa), Đắk Lắk (Đắk Mil, Đức Minh). Cây mọc tự nhiên ở ven rừng thứ sinh, trảng cây bụi",trachelospermum-axillare-hook-f.txt,,,Họ Trúc đào (Apocynaceae),4940054
Mallotus oblongifolius (Miq.) Muell.-Arg. – Rottlera oblongifolia Miq,Chóc móc,"Thừa Thiên Huế (Lăng Cô), Đà Nẵng, Quảng Nam, Kon Tum, Đồng Nai. Cây mọc tự nhiên trong rừng thường xanh, trên đất sa phiến thạch, ở độ cao 100 – 800 m",mallotus-oblongifolius-miq-muell-arg.txt,,,Euphorbiaceae,5378721
Saurauia napaulensis DC,Nóng hoa nhọn,"Hoà Bình (Mai Châu), Thanh Hóa, Lâm Đồng. Cây mọc tự nhiên trong rừng rậm thường xanh, ở độ cao tới 1500 m",saurauia-napaulensis-dc.txt,,Dương Đào (Actinidiaceae),,7270803
Macaranga denticulata (Blume) Muell.-Arg. – Mappa denticulata Blume,Ba soi,"Vĩnh Phúc, Quảng Trị, Thừa Thiên Huế. Cây mọc tự nhiên",macaranga-denticulata-blume-muell-arg-mappa-denticulata-blume.txt,,,Euphorbiaceae,3073960
Fimbristylis dichotoma (L.) Vahl – Scirpus dichotomus L,Cói quăn hai lá,Cây mọc tự nhiên bờ biển ven rừng ngập mặn khắp Việt Nam,fimbristylis-dichotoma-l-vahl.txt,,,Họ Cói (Cyperaceae),2708808
Pentanema indicum (L.) Ling – Inula indica L,"Ngũ tơ ấn, Vĩ cốc thảo","Lai Châu, Sơn La, Hòa Bình, Lạng Sơn. Cây mọc tự nhiên trên sườn núi đất, ở độ cao 200-1500 m..",pentanema-indicum-l-ling.txt,,,Asteraceae,3146542
Atalantia monophylla (DC.) Correa,"Cam rừng, Tiểu quật một lá, Cam núi, Quất rừng","Kon Tum, Khánh Hòa, Đồng Nai và Bà Rịa Vũng Tàu. Cây mọc tự nhiên",atalantia-monophylla-dc-correa.txt,,,Rutaceae,5593914
Sporobolus indicus (L.) R. Br. – Sporobolus fertilis (Steud.) Clayton,Xạ tử thụ,Miền Nam. Cây mọc tự nhiên ở ven đường,sporobolus-indicus-l-r-br.txt,,,Poaceae,4150275
Vitex pinnata L. – Vitex pubescens Vahl,"Bình linh, Bình linh cánh, Suông giá, Cây nàng","Khánh Hòa, Sông bé, Đồng Nai, Kiên Giang. Cây mọc tự nhiên, rải rác trong rừng thường xanh, ở độ cao dưới 500 m",vitex-pinnata-l.txt,,Cỏ roi ngựa (Verbenaceae),,7309306
Allium schoenoprasum L,"Hành tăm, Hành trắng, củ nén",Cây trồng.,allium-schoenoprasum-l.txt,,,Alliaceae,2855860
Hygrophyla salicifolia (Vahl) Nees – Ruellia salicifolia Vahl,"Thốp lốp, Đình lịch",Cây mọc tự nhiên khá phổ biến ở Việt Nam,hygrophyla-salicifolia-vahl-nees.txt,,,Acanthaceae,7591349
Begonia balansaeana Gagnep,Thu hải đường,Hà Nội (Ba Vì). Cây mọc tự nhiên,begonia-balansaeana-gagnep.txt,,,Begoniaceae,7303378
Blumea hieracifolia Hayata – Erigeron hieracifolia D. Don,Hoàng đầu,"Sơn La (Sông Mã, Yên Châu, Mộc Châu), Lạng Sơn, Quảng Ninh, Kon Tum, Đắk Lắk. Cây mọc tự nhiên trên các trảng cỏ tranh ven rừng, ở độ cao dưới 1.500 m.",blumea-hieracifolia-d-don-dc-in-wight.txt,,,Asteraceae,7758821
Gryliotalpa unispinaìpa Sauss,Dế đất,,de-dat.txt,,Gryllotalpidae,,
Trigonostemon gaudichaudii (Baill.) Muell.-Arg. – Tritaxis gaudichaudii Baill,Bời lời tím lưỡi mang,"Quảng Trị, Thừa Thiên-Huế, Đà Nẵng. Cây mọc tự nhiên",tritaxis-gaudichaudii-baill.txt,,,Thầu dầu (Euphorbiaceae),5378876
Ficus gasparriniana Miq. – F. leekensis Drake,Mác kéo,"Hà Nội, Hòa Bình, Ninh Bình, Lâm Đồng. Cây mọc tự nhiên rải rác trong rừng thứ sinh, nơi sáng, ở độ cao tới 1500 m",ficus-gasparriana-miq.txt,,,Moraceae,8007516
Rubus reflexus Ker-Gawl,Ngấy lông gỉ,"Lạng Sơn. Cây mọc tự nhiên dọc đường đi, ven làng bản",rubus-reflexus-ker-gawl.txt,,,Rosaceae,9104804
Coptosapelta flavescens Korth. – Coptosapelta tomentosa (Blume) Valet. ex Heyne var. dongnaiensis (Pierre ex Pitard) Phamh,"Dây khai, Dây vàng hoan, Dây cổ rùa, Dây họng trâu, Rễ khai","Từ Quảng Trị, Thừa Thiên Huế tới Đồng Nai, Sông Bé. Cây mọc tự nhiên ở vùng núi",coptosapelta-flavescens-korth-coptosapelta-tomentosa-blume-valet-ex-heyne-var-dongnaiensis-pierre-ex-pitard-phamh.txt,,,Cà phê (Rubiaceae),2911907
Pueraria montana (Lour.) Merr. – Dolichos montanus Lour,"Sắn dây rừng, Sắn dây dại","Cây mọc tự nhiên ở vùng núi và vùng trung du, phổ biến khắp nơi của Việt Nam",pueraria-montana-lour-merr.txt,,,Fabaceae,2977636
Nervilia plicata (Andr.) Schltr. – Arethusa plicata Andr,Thanh thiên quỳ lá xếp,"Nam Bộ Việt Nam. Cây mọc tự nhiên, rải rác trong rừng thưa, ở độ cao 200- 300 m",nervilia-plicata-andr-schlechter.txt,,,Orchidaceae,2836663
Mallotus apelta (Lour.) Muell.-Arg,"Bùng bục, Ba bét trắng, Lá cám, Bui bui, Cám lợn, Bái bài, Ruông, Co po hu (Thái), Mạy tạp chỉ, Mạy vèn (Tày), Rằm mu, Lá ngoã, Cà đạt đằng (Dao)","Cây mọc tự nhiên trên đồi cây thưa ở độ cao 100-700 m, phổ biến ở khắp Việt Nam",mallotus-apelta-lour-muell-arg.txt,,,Euphorbiaceae,5378775
Kydia calycina Roxb,Bò ké Tên gọi khác Vông quả cánh,"Lào cai, Yên Bái, Sơn La, Hòa Bình, Nghệ An, Hà Tĩnh (Hương Sơn). Cây mọc tự nhiên rải rác trong rừng nguyên sinh, quanh làng bản",kydia-calycina-roxb.txt,,,Malvaceae,7279431
Aralia searelliana Dunn,Pặc thông,"Lạng Sơn, Hà Giang. Cây mọc tự nhiên",aralia-searelliana-dunn.txt,,,Araliaceae,3036885
Eleuthrine bulbosa (Mill.) Urban. – Sisyrinchium bulbosum Mill,"Sâm đại hành , Tỏi lào, Tỏi đỏ, Hành đỏ, Sâm cau, Phong nhan, Hom búa lượt (Thái)",Cây thường được trồng ở nhiều nơi,eleuthrine-bulbosa-mill-urban.txt,,,Iridaceae,2749556
Pistacia weinmannifolia Poiss. ex Franch,"Thanh hương, Bi tát",Hà Nội (Ba Vì). Cây mọc tự nhiên,pistacia-weinmannifolia-poiss-ex-franch.txt,,,Đào hột lộn (Anacardiaceae),7321836
Piper mutabile C. DC,"Mâu linh, Tiêu biến thể","Lào Cai, Ninh Bình. Cây mọc tự nhiên trong rừng ẩm, ở độ cao 200-600 m",piper-mutabile-c-dc.txt,,,Piperaceae,4191302
Salomonia cantoniensis Lour,Sa mông quảng đông,"Lao Cai, Quảng Ninh, Bắc Kạn, Thái Nguyên, Kon Tum, Gia Lai. Cây mọc thành từng đám nhỏ ở ruộng hoang, nương rẫy nơi đất ẩm",salomonia-cantoniensis-lour.txt,,,Polygalaceae,5421447
Chloranthus spicatus (Thunb.) Makino – Nigrina spicatus Thunb,"Hoa sói, Sói gié",Cây trồng ở nhiều nơi.,chloranthus-spicatus-thunb-makino.txt,,,Chloranthaceae,3750517
Dichroa febrifuga Lour,"Thường sơn, Ô rô lửa, áp niệu thảo, Thục tất, Sleng, Slảo mè (Tày)","Cây phân bố ở hầu hết các tỉnh miền núi của Việt Nam, mọc tự nhiên ở các sườn núi, thung lũng, nơi ẩm ven suối, ở độ cao từ thấp tới 2000 m",dichroa-febrifuga-lour.txt,,Thường sơn (Hydrangeaceae),,8682693
Thunbergia grandiflora (Roxb. ex Rottl.) Roxb,"Dây bông xanh, Bông báo (Mường), Ma dia (Hmông)",Cây mọc tự nhiên và được trồng làm cảnh ở nhiều nơi,thunbergia-grandiflora-roxb-ex-rottl-roxb-flemingia-grandiflora-roxb-ex-rottl.txt,,,Họ Ô rô (Acanthaceae),5415456
Pyrus pashia Buch.-Ham. ex D. Don,Mắc cọp dại,"Lai Châu, Lào Cai, Hà Giang, Cao Bằng, Hòa Bình, Ninh Bình, Lâm Đồng. Cây mọc rải rác trong rừng thưa, ở độ cao 1.000-2.000 m",pyrus-pashia-buch-ham-ex-d-don.txt,,,Rosaceae,5362639
Bauhinia hirsuta Weinm,Móng bò lông phún,"Bắc Giang, Thừa Thiên Huế, Bình Thuận tới Kon Tum. Cây mọc tự nhiên trong rừng rụng lá mùa khô",bauhinia-hirsuta-weinm.txt,,,Caesalpiniaceae,2953315
Ruellia tuberosa L,"Quả nổ, Sâm tanh tách, Hải huy sâm","Cây mọc tự nhiên trên các bãi hoang, ven đường, ven sông, phổ biến khắp nơi của Việt Nam",ruellia-tuberosa-l.txt,,,Acanthaceae,5415418
Schima wallichii (DC.) Korth. – Gordonia wallichii DC,"Săng sóc, Vối thuốc, Sạt hạt","Lao Cai, Lai Châu, Cao Bằng, Lâm Đồng. Cây mọc tự nhiên ở vùng núi cao",schima-wallichii-dc-korth.txt,,,Theaceae,7493943
Canarium album (Lour.) Raeusch. – Pimela alba Lour,"Trám trắng, Cà na, Ô lãm, Mác cợm, Mạy cưởm (Tày), Thanh quả","Sơn La, Lạng Sơn, Hà Giang, Tuyên Quang, Vĩnh Phúc, Kon Tum, Tây Ninh. Cây mọc tự nhiên rải rác trong rừng thứ sinh, ở độ cao khoảng 500 m",canarium-album-lour-raeusch.txt,,,Burseraceae,8269930
Viburnum luzonicum Rolfe,"Vót, Vot luzon","Cao Bằng, Lạng Sơn. Cây mọc tự nhiên ở ven rừng, khoảng trống trong rừng",viburnum-luzonicum-rolfe.txt,,,Caprifoliaceae,7272546
"Angelonia goyazensis Benth. – Angelonia salicariaefolia sensu Phamh.,1972, non Humb. et Bonpl., 1809",Hoa bâng khuâng,"Hà Nam, Lâm Đồng. Cây trồng làm cảnh. Nguồn gốc từ châu Mỹ",angelonia-goyazensis-benth.txt,,,Scrophulariaceae,3742081
Barringtonia acutangula (L.) Gaertn. – Eugenia acutangula L,"Lộc vừng, Ngọc nhị, Tam lang, Cây vừng, Chiếc, Mưng","Lào Cai, Quảng Bình, Quảng Trị, Thừa Thiên Huế. Cây mọc tự nhiên, còn được trồng làm cảnh",barringtonia-acutangula-l-gaertn.txt,,,Lecythidaceae,3082835
Machilus parviflora Meisn. – Persea minutiflora Kosterm,"Kháo hoa nhỏ, Kháo hoa thưa, Có chờ tạ (Thái)","Vĩnh Phúc (Tam Đảo), Nghệ An (Quế Phong), Kon Tum, Gia Lai (Mang Yang). Cây gỗ nhỏ, mọc rải rác trong rừng nguyên sinh, ở độ cao 100 – 600 m",machilus-parviflora-meisn.txt,,,Lauraceae,4178225
Grewia paniculata Roxb,"Cò ke lá lõm, Bung lai","Nghệ An, Quảng Trị (Bố Giàng), Thừa ThiênHuế, Khánh Hòa (Nha Trang, Ninh Hà Đông Trang, Vọng Phu), Gia Lai (Mang YangĐắk Đoa), Lâm Đồng (Đà Lạt, Lạc Dương, Di Linh, Bảo Lộc), Ninh Thuận (Phan Rang, Muồng Mán, Cà Ná, Ba Lạc), Bình Thuận, Tây Ninh, Bình Phước (Lộc Ninh), Đồng Nai (Biên Hòa, Giá Ray, Trị An), Bà Rịa-Vũng Tàu (Côn Đảo), Kiên Giang (Phú Quốc, Hòn Thơm, Thổ Chu)",grewia-paniculata-roxb.txt,"Microcos tomentosa Smith in Rees, Grewia tomentosa Roxb. ex de sec. Phamh",Đay – Tiliaceae,,4259769
Sauropus quadrangularis (Willd.) Muell.-Arg. – Phyllanthus quadrangularis Willd,Bồ ngót vuông,"Miền Trung, miền Nam. Cây mọc tự nhiên trong rừng nửa rụng lá hay trảng cây bụi, trên đất sa phiến thạch, ở độ cao 100-500 m",sauropus-quadrangularis-willd-muell-arg-phyllanthus-quadrangularis-willd.txt,,,Euphorbiaceae,9422573
Trachycarpus fortunei (Hook. f.) H. Vendl,Cọ cảnh,"Hà Giang (Quản Bạ), Lào Cai (Sapa), Sơn La (Mộc Châu), Cao Bằng, Hòa Bình. Cây mọc tự nhiên trên sườn núi đá vôi, ở độ cao 1300-1500 m. Còn được trồng ở các công viên, đường phố",trachycarpus-fortunei-hook-f-h-vendl.txt,,,Arecaceae,2739071
Ligusticum wallichii Franch,"Xuyên khung, Sang sông (Hmông), Khung cùng","Lao Cai (Bắc Hà), Lai Châu (Sìn Hồ), Thanh Hoá (Lục Vịn huyện Bá Thước). Cây nhập trồng, nguồn gốc từ Trung Quốc",ligusticum-wallichii-franch.txt,,,Apiaceae,3639584
Naravelia laurifolia Wall. ex Hook.f. et Thoms,Bạch tu lá quế,"Lạng Sơn, Ninh Bình, Thanh Hoá, Nghệ An, Thừa Thiên – Huế. Cây mọc tự nhiên ven rừng rậm thường xanh,rừng thứ sinh, ở độ cao 200 – 1600m",naravelia-lawrifolia-wall-ex-hook-f-et-thoms.txt,,,Ranunculaceae,7370071
Pandanus odoratissimus L.f,Dứa gỗ,"Quảng Ninh, Hải Phòng, Nghệ An, Quảng Nam, Quảng Ngãi. Cây mọc tự nhiên vùng ven biển, rừng ngập mặn",pandanus-odoratissimus-l-f.txt,,,Pandanaceae,5327293
Bretschneidera sinensis Hemsl,"Rết nây, Chung ngạc mộc, Chuông đài",Lào Cai (Sa Pa). Cây mọc tự nhiên ở độ cao 500 – 1500m.,bretschneidera-sinensis-hemsl.txt,,,Bretschneideraceae,4030419
Lipocarpha chinensis (Osb.) J. Kern,"Sì mẩn, Nhãn điệp Trung Quốc, Cỏ nhăn hoa hồng","Lao Cai, Sơn La, Vĩnh Phúc tới Gia Lai, Kon Tum, Lâm Đồng. Cây mọc tự nhiên ở vùng núi, trung du và đồng bằng nơi đất ẩm ướt",lipocarpha-chinensis-osb-j-kern.txt,,,Cyperaceae,9410332
Carallia brachiata (Lour.) Merr. – Diatoma brachiata Lour,"Cháng ma, Trúc tiết, Sang mã nguyên","Quảng Ninh, Ninh Bình, Thanh Hoá, Nghệ An, Bình Dương, An Giang. Cây mọc tự nhiên rải rác trong rừng già, rừng thưa, dựa suối, đôi khi ở nơi nước lợ, độ cao dưới 800m",carallia-brachiata-lour-merr.txt,,,Rhizophoraceae,3873929
Combretum pilosum Roxb,Chưng bầu lông,"Miền Nam. Cây mọc tự nhiên ven rừng, rừng còi, lùm bụi",combretum-pilosum-roxb.txt,,,Combretaceae,3699137
Dendrocnide urentissima (Gagnep.) Chew. – Laportea urentissima Gagnep,"Lá han, Han voi, Mán voi","Lạng Sơn, Hà Bắc tới Ninh Thuận. Cây mọc tự nhiên trên núi đá vôi",dendrocnide-urentissima-gagnep-chew.txt,,,Urticaceae,4098420
Alnus nepalensis D.Don,"Tống quán sủi, Tống quán sủ","Lao Cai, Hà Giang, Sơn La, Lai Châu. Cây thường được trồng",alnus-nepalensis-d-don.txt,,,Betulaceae,2876187
Eriobotrya japonica (Thunb.) Lindl. – Mespilus japonica Thunb,"Tỳ bà, Nhót tây , Sơn trà nhật bản, Phì phà","Cao Bẳng (Trùng Khánh), Lạng Sơn, Hà Nội. Cây trồng",eriobotrya-japonica-thunb-lindl.txt,,,Rosaceae,10786206
Amomum lappaceum Ridl. – A. perakense Ridl,Sa nhân móc,"Lào Cai. Mọc rải rác ven suối, dưới tán rừng.",amomum-lappaceum-ridl.txt,,,Zingiberaceae,11047123
Schefﬂera farinosa (Blume) Merr. – Schefﬂera incisa R. Vig,Chân chim xẻ,"Lào Cai (Sa Pa), Hà Giang (Phó Bảng), Cao Bằng (Đèo Lê A), Hoà Bình (PàCò), Kon Tum, Lâm Đồng, Đồng Nai. Cây mọc tự nhiên rải rác trong rừng, ở độ cao 500- 1700 m",schefﬂera-farinosa-blume-merr.txt,,,Araliaceae,
Polygonum viscosum Buch.-Ham. ex D. Don,"Nghể dính, Nghể trĩn","Thái Nguyên. Cây mọc tự nhiên nơi đất ẩm, mương rạch, ao hồ, ruộng hoang",polygonum-viscosum-buch.txt,,,Polygonaceae,7897412
Clausena indica (Dalz.) Oliv. – Piptostylis indica Dalz,"Mác mật, Dương tùng, Hồng bì núi, Sọ khỉ, Sơn hoàng bì, Xi hắc (Hmông), Cây ton","Cao Bằng, Bắc Kạn, Lạng Sơn, Quảng Ninh, Hà Nội (Ba Vì). Cây mọc tự nhiên ở vùng núi đá vôi",clausena-indica-dalz-oliv.txt,,,Rutaceae,3836864
Amomum pavieanum Pierre ex Gagnep,"Sa nhân sung, Mác năm cáy","Lai Châu, Sơn La, Lâm Đồng. Cây mọc tự nhiên ven đường mòn, dọc khe suối, dưới tán rừng ẩm",amomum-pavieanum-pierre-ex-gagnep.txt,,,Zingiberaceae,2760233
Gonocaryum lobbianum (Miers.) Kurz – Platea lobbianum Miers,Quỳnh lam,Đồng Nai. Cây mọc tự nhiên ở vùng núi khắp nước ta,gonocaryum-lobbianum-miers-kurz.txt,,,Icacinaceae,7670032
Desmodium zonatum Miq,Thóc lép quắn,"Lạng Sơn (Chi Lăng, Thanh Muội), Quảng Trị, Thừa Thiên Huế. Cây mọc tự nhiên ở ven rừng, trong rừng rậm thường xanh, thung lũng núi đá hoặc rừng thưa, ở độ cao tới 500 m",desmodium-zonatum-miq.txt,,,Fabaceae,10875965
Heliciopsis lobata (Merr.) Sleum. – Helicia lobata Merr,"Đũng, Ngổ sến phống, Bàn tay ma , Mạ xưa phân thuỳ, Đìa chụn, Đia doãn, Phượng hoàng","Cao Bằng, Lạng Sơn, Thái Nguyên, VĨnh Phúc, Ninh Bình, Nghệ An. Cây mọc tự nhiên trong rừng già.",heliciopsis-lobata-merr-sleum.txt,,,Proteaceae,7287316
Excoecaria cochinchinensis Lour. var. viridis (Pax et Hoffm.) Merr,"Dị liễu, Đơn xanh tuyền","Quảng Ninh, Hòa Bình, Thanh Hóa, Gia Lai. Cây mọc tự nhiên dưới tán rừng thường xanh, ven suối, ở độ cao dưới 500 m",excoecaria-cochinchinensis-lour-var-viridis-pax-et-hoffm-merr.txt,,Thầu dầu (Euphorbiaceae),,3071716
Brainea insignis (Hook.) J. Sm. – Bowringia insignis Hook,Ráng biệt xỉ,"Khá phổ biến ở Lâm Đồng, Kiên Giang. Cây mọc tự nhiên trong rừng Thông, rừng thưa.",brainea-insignis-hook-j-smith.txt,,,Blechnaceae,4079267
Mangifera foetida Lour,"Xoài hôi, Muỗm, Xoài cà lăm",Cây thường được trồng ở Quảng Trị (Động Chê) và nhiều nơi khác ở khắp Việt Nam,mangifera-foetida-lour.txt,,,Anacardiaceae,3190640
Clerodendrum fortunatum L,Bọ mẩy đỏ,"Quảng Ninh (Vịnh Hạ Long). Cây mọc tự nhiên, rải rác trong rừng thứ sinh, ven rừng, ven đường, ở độ cao 800 m",clerodendrum-fortunatum-l.txt,,,Verbenaceae,3893244
Pogonatherum crinitum (Thunb.) Kunth,"Cỏ bờm ngựa, Thu thảo","Bắc Bộ, Kon Tum (Đắk Glei, Đắk Môn), Lâm Đồng (Đơn Dương), Nam Bộ",pogonatherum-crinitum-thunb-kunth.txt,Andropogon crinitus Thunb,Hòa thảo – Poaceae,,4105598
Tabernaemontana corymbosa Roxb. ex Wall,Lài tán,"Vĩnh Phúc (Tam Đảo), Hà Nội (Ba Vì), Gia Lai, Lâm Đồng (Đà Lạt). Cây mọc tự nhiên ở rừng kín thường xanh",tabernaemontana-corymbosa-roxb-ex-wall.txt,,,Apocynaceae,8172343
Smilax elegantissima Gagnep,"Kim cang bóng, Kim cang tán không cuống","Lào Cai, Hòa Bình (Mai Châu), Ninh Bình, Khánh Hòa. Cây mọc tự nhiên, rải rác ven rừng thứ sinh, ở độ cao 500-1.600 m. Loài hiếm được đưa vào Sách Đỏ Việt Nam.",smilax-elegantissima-gagnep.txt,,,Smilacaceae,5295118
Calanthe vestita Wall. ex Lindl,Lan củ chuối,"Khánh Hòa, Đồng Nai. Cây mọc tự nhiên rải rác trong rừng, ở độ cao 200-500 m",calanthe-vestica-lindl.txt,,,Orchidaceae,2795000
Ophioglossum petiolatum Hook,"Lưỡi rắn, Phượng vĩ thảo","Lâm Đồng (Lang bian). Cây mọc tự nhiên trong trảng cỏ ven đường, trảng cây bụi hay rừng thưa thứ sinh, ở độ cao 200-1.500 m.",ophioglossum-petiolatum-hook.txt,,,Ophioglossaceae,2650129
Indosasa crassiflora Mc Clure,"Tre giàng, Trúc đốt lớn","Quảng Ninh. Cây mọc tự nhiên ở ven đường, ven suối, thung lũng, trảng cây bụi.",indosasa-crassiflora-mc-clure.txt,,,Poaceae,4154813
Desmodium triflorum (L.) DC. – Hedysarum triflorum L,"Hàn the ba hoa, Tam điềm kim thảo","Cây mọc tự nhiên ở sân cỏ, bãi hoang, ven đường đi phổ biến khắp nơi ở Việt Nam",desmodium-triflorum-l-dc.txt,,,Fabaceae,10833216
"Achillea alpina L. ( Achillea angustifolia Salisb., A. cristata Willd., A. depressa Fisch. ex Herder)",Cỏ thi,Nhập trồng ở Lào Cai (Sa Pa),achillea-alpina-l.txt,,Cúc – Asteraceae,,3120223
Smilax prolifera Roxb,Kim cang xanh,"Lào Cai, Hà Nội, Khánh Hòa (Nha Trang). Cây mọc tự nhiên, rải rác ven rừng thứ sinh, ven suối, sườn đồi, ở độ cao 500-1.600 m.",smilax-prolifera-roxb.txt,,,Smilacaceae,5295269
Lindernia ruellioides (Colsm.) Penn. – Gratiola ruellioides Colsm,"Răng cưa tía, Cây cứt chuột","Lào Cai (Sa Pa), Vĩnh Phúc (Tam Đảo), Hòa Bình, Ninh Bình, Đồng Nai. Cây mọc tự nhiên nơi ẩm và sáng, ruộng hoang, ven đường, dựa kênh rạch",lindernia-ruellioides-colsm-penn.txt,,,Scrophulariaceae,3733532
Agrimonia pilosa Ledeb. var. obovata (Skalicky) Hiep & Yakool,Long nha hình trứng ngược,"Lào Cai (Sa Pa), Cao Bằng (Pia Sắc). Cây mọc tự nhiên trên bãi hoang, ven đường, ở độ cao 1000 – 1500m",agrimonia-pilosa-ledeb-var-obovata-skalicky-hiep-yakool.txt,,,Rosaceae,3002003
Cycas rumphi Miq,Thiên tuế,"Rất hẹp, mới chỉ phát hiện thấy ở Kiên Giang. Cây mọc tự nhiên rải rác dưới rừng rậm thường xanh, đá mẹ chủ yếu là cát kết; còn được trồng làm cảnh",cycas-rumphi-miq.txt,,,Cycadaceae,2683272
Rehmannia glutinosa (Gaertn.) Libosch. ex Steud. – Digitalis glutinosa Gaertn,"Sinh địa, Địa hoàng, Thục địa",Cây nhập trồng,rehmannia-glutinosa-gaertn-libosch-ex-steud.txt,,,Scrophulariaceae,7516558
Acorus gramineus Aiton – Acorus gramineus Soland. var. pusilus (Sieb.) Engl,"Thạch xương bồ lá nhỏ, Xương bồ nhỏ",Lào Cai. Cây mọc tự nhiên ven suối đá trong rừng,acorus-gramineus-soland.txt,,,Acoraceae,2873807
Asplenium wrightii Eaton ex Hook,Tổ điểu Vrai,"Rộng, ở nhiều vùng núi thấp của Lào Cai (Sa Pa, Bắc Hà), Cao Bằng, Hà Nội (núi Hòa Bình (Mai ChâuPà Cò), Lâm Đồng (Đà Lạt, núi Bà Đúp) và Khánh Hòa Nha Trang.",asplenium-wrightii-eaton-ex-hook.txt,,Tổ điểu – Aspleniaceae,,7758614
Dunbaria podocarpa Kurz,"Cốt mà, Đông ba, Trái có cọng, Đậu ma","Cao Bằng, Lạng Sơn, Kon Tum, Đắk Lắk, Gia Lai, Lâm Đồng. Cây mọc tự nhiên trên các trảng cỏ và cây bụi, trong rừng thưa và rừng thông, ở độ cao tới 1500 m",dunbaria-podocarpa-kurz.txt,,,Đậu (Fabaceae),5356334
Bleilschmiedia intermedia Allen,Chắp màu,"Nghệ An (Quỳ Châu), Hà Tĩnh (Hương Sơn). Cây mọc tự nhiên trong rừng thường xanh, ở độ cao 800-1300 m",bleilschmiedia-intermedia-allen.txt,,,Lauraceae,
Eleusine indica (L.) Gaertn,"Cỏ mần trầu , Cỏ chỉ tía, Ngưu cân","Bắc Bộ, Trung Bộ và Nam Bộ Việt Nam",eleusine-indica-l-gaertn.txt,"Cynosurus indica L., Juncus bulbosus Lour., J. loureiramus Schult. ex Schult. f",Hòa thảo – Poaceae,,2705953
Croton argyratus Blume,"Bạc lá, Cù đèn bạc","Quảng Bình, Quảng Trị, Thừa Thiên Huế, Khánh Hòa, Đồng Nai. Cây ưa sáng, mọc tự nhiên trên đất phiến thạch sét, ở độ cao 100-700 m.",croton-argyratus-blume.txt,,,Euphorbiaceae,3060225
Bauhinia ornata Kurz var. balansae (Gagnep.) K. S. Larsen,"Tin bé, Cây quạch",Cây mọc tự nhiên ở vùng núi cao phía Bắc,bauhinia-ornata-kurz-var-balansae-gagnep-k-s-larsen.txt,,,Caesalpiniaceae,2953791
Mucuna bracteata DC,Đậu mèo dại,"Cây mọc tự nhiên ở vùng núi, còn được trồng",mucuna-bracteata-dc.txt,,Đậu (Fabaceae),,2951466
Taxillus gracilifolius (Schult.f.) Ban,"Tang ký sinh, Tầm gửi cây dâu, Phoc mạy mọn (Tày)","Lào Cai (Sa Pa), Bắc Giang (Yên Thế), Hà Nội (Vườn Bách Thảo), Lâm Đồng. Cây bụi bán ký sinh, thường bám trên cành cây dâu hoặc các cây thân gỗ trong rừng, ở độ cao 100-1200 m.",taxillus-gracilifolius-schult-f-ban.txt,,,Loranthaceae,4001432
Dimocarpus longan Lour. – Euphoria longan (Lour.) Steud,"Nhãn , Lệ chi nô, Mạy ngận (Tày), Mác nhan, Lầy ngịn điặng (Dao)",Cây trồng khá phổ biến ở Việt Nam,dimocarpus-longan-lour.txt,,,Sapindaceae,3190008
Jatropha curcas L,"Dầu mè, Ba đậu nam, Dầu lai, Đông thụ, Nhao (Tày)","Cây nhập trồng, nay trở nên hoang hoá, còn được trồng làm hàng rào ở khắp nơi của Việt Nam",jatropha-curcas-l.txt,,Thầu dầu (Euphorbiaceae),,3072953
Dendrocalamus membranaceus Munro,"Tre luồng, Luồng thanh hóa","Thanh Hóa, dọc rừng Trường Sơn. Cây mọc tự nhiên.",dendrocalamus-membranaceus-munro.txt,,,Poaceae,4145467
Andrographis laxiflora (Blume) Lindau – A.tenniflora T.Anders,Hùng bút hoa thưa,"Kon Tum (Ngọc Linh), Bình Dương. Cây mọc tự nhiên ở độ cao 900-2.500 m",andrographis-laxiflora-blume-lindau.txt,,,Acanthaceae,9559369
Urena lobata L,"Ké hoa đào, Phù thiên hoa, Ké hoa đỏ, Dã miên hoa, Ké khuyết, Nhả khắt mẳn (Tày), Sổ pur (Kho)","Cây mọc tự nhiên trên đất hoang, ven đường đi, phổ biến ở nước ta",urena-lobata-l.txt,,Bông (Malvaceae),,3152253
Harpullia cupanioides Roxb,"Cây xơ, Trường cụp","Quảng Bình, Quảng Trị, Thừa Thiên Huế, Gia Lai tới Vũng Tàu. Cây mọc tự nhiên trong các rừng thường xanh, ven rừng, ven suối, ở độ cao 400-700 m",harpullia-cupanioides-roxb.txt,,,Sapindaceae,3786912
Phoebe sheareri (Hemsl.) Gamble – Machilus sheareri Hemsl,De trắng,"Trị Thiên – Huế. Cây mọc tự nhiên trong rừng nguyên sinh, ở độ cao 800 m",phoebe-sheareri-hemsl-gamble.txt,,Long Não (Lauraceae),,7304665
Ficus laevis Blume,Sung tả,"Lào Cai, Lạng Sơn, Vĩnh Phú, Ninh Bình, Đà Nẵng. Cây mọc tự nhiên trong rừng ẩm thường xanh, ở độ cao 700-1000 m",ficus-laevis-blume.txt,,,Moraceae,8375438
Combretum trifoliatum Vent,Chưng bầu ba lá,Nam Bộ. Cây mọc tự nhiên,combretum-trifoliatum-vent.txt,,,Combretaceae,3699329
Dioscorea deltoidea Wall. ex Griseb,"Củ nêm, Từ tam giác","Sơn La. Cây mọc tự nhiên, còn được trồng.",dioscorea-deltoidea-wall-ex-griseb.txt,,Củ nâu (Dioscoreaceae),,2755586
Justicia adhatoda L. – Adhatoda vasica Nees,"Cang mai, Xuân tiết, Tô đa",Quảng Trị. Cây trồng làm cảnh,justicia-adhatoda-l.txt,,,Acanthaceae,3173105
Stahlianthus thorelii Gagnep,"Tam thất gừng, Khương tam thất","Lào Cai, Hà Giang, Bắc Kạn. Cây trồng.",stahlianthus-thorelii-gagnep.txt,,Gừng (Zinggiberaceae),,9512611
Premma fulva Craib,Cách lông vàng,"Hòa bình, Ninh Bình, Lâm Đồng. Cây mọc tự nhiên, rải rác ven rừng, ở độ cao dưới 1.500 m",premma-fulva-craib.txt,,,Verbenaceae,3897681
Callitriche stagnalis Scop,"Ngổ trâu, Ngổ nước, Diễm mao, Thủy mã xỉ","Lạng Sơn (Đồng Đăng), Lâm Đồng (Đà Lạt). Cỏ thủy sinh, thường mọc ở ao hồ, các vùng nước cạn",callitriche-stagnalis-scop.txt,,,Callitrichaceae,5372487
Euphorbia bracteata Jacq,Cây xương cát,"Cây mọc tự nhiên ở nhiều nơi, trồng làm cảnh.",euphorbia-bracteata-jacq.txt,"Diadenaria articulata Klotzsch & Garcke, Pedilanthus bracteatus (Jacq.) Boiss., Ventenatia bracteata (Jacq.) Tratt.)",Thầu dầu – Euphorbiaceae,,3070597
Viburnum cylindricum Buch.-Ham. ex D. Don,Vót hình trụ,"Lao Cai. Cây mọc tự nhiên ở ven rừng, ở độ cao 1500 – 1900m",viburnum-cylindricum-buch.txt,,,Caprifoliaceae,3856469
Artemisia absinthium L,"Ngải đắng, Ngải áp xanh","Cây nhập trồng ở Lào Cai (Sa Pa), Vĩnh Phúc (Tam Đảo), Lâm Đồng (Đà Lạt)",artemisia-absinthium-l.txt,,,Asteraceae,3121319
Cymbopogon tortilis (Presl) A. Camus,Sả quăn,"Đắc Lắc (Buôn Ma Thuột). Cây mọc tự nhiên ở bãi cỏ ven rừng, sườn đồi.",cymbopogon-tortilis-presl-a-camus.txt,,,Poaceae,4137812
Zephyranthes rosea Lindl,"Tóc tiên hồng, Hạc đỏ",Cây nhập trồng làm cảnh. Nguồn gốc,zephyranthes-rosea-lindl.txt,,Náng (Amaryllidaceae),,2859817
Liparis cespitosa (Lam.) Lindl. – Malaxis caespitosa (Lam.) Thouars,"Nhẵn điệp bụi, Lan cánh bướm","Lao Cai (Sa Pa), Kon Tum (Đắk Glei), Lâm Đồng (Đà Lạt), Ninh Thuận. Cây mọc tự nhiên, bám trên cây gỗ lớn trong rừng, ở độ cao 600-1.600 m.",liparis-caespitosa-thouars-lindl.txt,,,Orchidaceae,5950977
Geastrum saccatum Fr,Nấm sao đất hình túi,"Quảng Bình, Thừa Thiên Huế, Đà Nẵng, Quảng Nam, Lâm Đồng, Khánh Hòa, Ninh Thuận, Bình Thuận, Tây Ninh.",geastrum-saccatum-fr.txt,,Nấm sao đất – Geastraceae,,2554333
Tetradium trichotomum Lour. – Euodia trichotoma (Lour.) Pierre,Dầu dấu chẻ ba,"Hà Giang, Lào Cai, Hòa Bình (Mai Châu), Trung Bộ Việt Nam. Cây mọc tự nhiên",tetradium-trichotomum-lour.txt,,Cam quýt (Rutaceae),,5594350
Luffa acutangula (L.) Roxb. – Momordica acutangula L,"Mướp hương, Mướp khía , Mướp tàu, Mác loy, Ve hom (Tày)",Cây trồng,luffa-acutangula-l-roxb.txt,,,Cucurbitaceae,2874601
Ophiopogon platyphyllus Merr,Sú cua đồng,Cây mọc tự nhiên trong rừng thưa ở Sơn La.,ophiopogon-platyphyllus-merr.txt,,,Convallariaceae,2774236
Lycopersicum esculentum Mill. – Solanum lycopersicum L,"Cà chua, Cà tàu, Mác chẻ (Tày), Plai cum (KHo)",Cây trồng,lycopersicum-esculentum-mill.txt,,Cà (Solanaceae),,3801770
Nelsonia canescens (Lam.) Spreng. – Justicia canescens Lam,"Vạn nhân đả, Niên sơn đồng, Lựu tử thảo","Tuyên Quang (Chiêm Hoá), Kon Tum, Đồng Nai, Cần Thơ. Cây mọc tự nhiên ở ruộng vào mùa khô",nelsonia-canescens-lamk-spreng.txt,,,Acanthaceae,5415356
Selaginella rolandi-principis Alston,Cỏ h oa đá,"Lạng Sơn, Quảng Ninh, Hòa Bình, Đà Nẵng, Khánh Hòa. Cây mọc tự nhiên dưới rừng rậm thường xanh, ở độ cao 300-1.500 m.",selaginella-rolandi-principis-alston.txt,,,Selaginellaceae,8418766
Glebionis segetum (L.) Fourr,"Cúc nhật, Đồng khao","Trồng ở các tỉnh phía Bắc, Thừa Thiên Huế, Đắk Lắk, Lâm Đồng",glebionis-segetum-l-fourr.txt,,Cúc – Asteraceae,,3141101
Diospyros decandra Lour,"Thị, Hoàng phê, Thị muộn, Thị thập hùng, Mác chăng (Tày)","Cây mọc tự nhiên, còn được trồng",diospyros-decandra-lour.txt,,,Ebenaceae,4070543
Allophylus cobbe (L.) Raeusch. – Allophylus cochinchinensis Pierre; Rhus cobbe L,"Chạc ba, Ngoại mộc","Đồng Nai, Sài Gòn. Cây mọc tự nhiên",allophylus-cobbe-l-raeusch.txt,,,Sapindaceae,9364157
Gracilaria verrucosa (Huds.) Papenf,Rau câu chỉ vàng,"Cây mọc tự nhiên ở vùng thuỷ triều dọc bờ biển của nước ta, còn được trồng.",gracilaria-verrucosa-huds-papenf.txt,,,Gracilariaceae,5729951
Brassica chinensis L,"Cải thìa, Cải lùn, Phiắc cát (Tày)",Cây trồng.,brassica-chinensis-l.txt,,,Brassicaceae,7903057
Papaver somniferum L,"Thuốc phiện , A phiến, Co khắng nheng (Thái), Chư gia đính (Hmông), Cù túc, Lảo phèn (Tày)","Lao Cai, Lai Châu, Sơn La. Cây trồng, hiện nay không còn trồng",papave-somniferum-l.txt,,,Papaveraceae,2888439
Smilax glabra Wall. ex Roxb,"Thổ phục linh, Khúc khắc, Drạng lò (Châu mạ), Tơ pớt (KHo), Lái (KDong), Cẩu ngỗ lực, Khau đâu (Tày), Mọt hoi đòi (Dao)","Cây mọc tự nhiên ven trảng cây bụi, rừng thứ sinh, ven suối, sườn đồi, ở độ cao 500-1.500 m. Loài hiếm, đã được đưa vào Sách Đỏ Việt Nam",smilax-glabra-wall-ex-roxb.txt,,,Smilacaceae,5295506
Cleistanthus tomentosus Hance,"Cách hoa nhiều lông, Lương trắng, Cọc rào lông mềm","Tây Ninh, Kiên Giang. Cây mọc tự nhiên dưới tan rừng, trên đất phong hóa từ cuội kết, ở độ cao 100-500 mở các tỉnh Nam Bộ.",cleistanthus-tomentosus-hance.txt,,,Euphorbiaceae,3081619
Kadsura verrucosa (Gagnep.) A.C.Sm. – Schisandra verrucosa Gagnep,"Phân hùng có mụt, Ngũ vị sần","Lao Cai. Dây leo to, thân có mụt sần sùi, mọc rải rác trong rừng",schizandra-verrucosa-gagnep.txt,,,Schisandraceae,3745285
Galactia tenuiflora (Willd.) Wight et Arn. – Glycine tenuiflora Willd,Nhũ thảo hoa nhỏ,"Khánh Hòa, Thanh Hóa. Cây mọc tự nhiên ở các lùm bụi vùng thấp. Trên đất lởm chởm đá..",galactia-tenuiflora-willd-wight-et-arn.txt,,,Fabaceae,2984047
Cryptotaenia japonica Hassk. – C. canadensis var. japonica (Hassk.) Mak,Áp nhĩ cần,"Lào Cai (Sapa), Hà Giang (Đồng Văn), Sơn La (Mộc Châu). Cây mọc tự nhiên dưới tán rừng thường xanh, quanh bản làng, ở độ cao 1000-2000 m",cryptotaenia-japonica-hassk.txt,,,Apiaceae,3034432
Passiflora incarnata L,Mắc mát,"Hà Nội, Lâm Đồng. Cây trồng, nguồn gốc từ châu Phi",passiflora-incarnata-l.txt,,,Passifloraceae,2874218
Madhuca pasquieri (Dubard) H. J. Lam – Dasillipe pasquieri Dubard,Sến mật,"Lao Cai, Lạng Sơn, Thái Nguyên, Hà Tây, Quảng Bình. Cây mọc tự nhiên trong rừng rậm nhiệt đới thường xanh mưa mùa, ở độ cao 200-1.100 m. Loài đã được ghi trong Sách Đỏ Việt Nam",madhuca-pasquieri-dubard-h-j-lam-dasillipe-pasquieri-dubard.txt,,,Sapotaceae,2883272
Lonicera cambodiana Pierre ex Danguy,Kim ngân lông,Lâm Đồng (Đà Lạthồ Đa Thiện). Cây mọc tự nhiên,lonicera-cambodiana-pierre-ex-danguy.txt,,,Caprifoliaceae,5598533
Zornia cantoniensis Mohl,"Cỏ đậu hai lá, Cỏ lưỡi diệp","Thanh Hóa, Nghệ An, Đà Nẵng, Khánh Hòa, Bình Thuận. Cây mọc tự nhiên ở đồng bằng",zornia-cantoniensis-mohl.txt,,,Fabaceae,5355266
Cyperus articulatus L,Cói đốt,Cây mọc tự nhiên. Phổ biến ở Nam bộ,cyperus-articulatus-l.txt,,,Họ Cói (Cyperaceae),2713638
Sansevieria cylindrica Bojor,Nanh heo,Cây trồng.,sansevieria-cylindrica-bojor.txt,,,Dracaenaceae,
Boenninghausenia albiflora (Hook.) Rchb. – Ruta albiflora Rchb,"Khám tiết thảo, Khứu tiết thảo","Cây mọc tự nhiên ở vùng núi cao 1.600 m huyện Sa Pa, tỉnh Lào Cai",boenninghausenia-albiflora-hook-reichb.txt,,,Rutaceae,7269004
Cladogynos orientalis Zipp. ex Spanoge,"Ba pơ re, Tiết thư","Lạng Sơn, Ninh Bình, Khánh Hòa, Ninh Thuận. Cây mọc tự nhiên ở hầu hết các tỉnh trung du, ở độ cao 100-500 m.",cladogynos-orientalis-zipp-ex-spanoge.txt,,,Euphorbiaceae,3057416
Rhynchosia minima (L.) DC. – Dolichos minimus L,Đậu mỏ nhỏ,"Ninh Thuận, Bình Thuận. Cây mọc trên đất cát ven đường ở vùng ven biển",rhynchosia-minima-l-dc.txt,,Đậu (Fabaceae),,5350585
Vanda concolor Blume,"Tùng lan, Lan quế lá nhỏ","Lạng Sơn, Cao Bằng. Cây mọc tự nhiên, bám trên cây gỗ lớn trong rừng, ở độ cao 100-400 m.",vanda-concolor-blume.txt,,,Orchidaceae,2783158
Salacia pallens Pierre,"Chóc máu tái, Dái hoẵng","Nghệ An (Thanh Chương, Tương Dương), Quảng Trị (Đồng Chè), Kon Tum (Đắc Glay), Đồng Nai, An Giang (Châu Đốc). Cây gỗ nhỏ mọc rải rác ven rừng thưa",salacia-pallens-pierre.txt,,,Celastraceae,5580134
Adenanthera pavonina L,"Muồng nước, Cây gió, Trạch quạch, Thuốc rắn, Kiền kiện","Quảng Ninh tới Kiên Giang. Cây mọc tự nhiên trong rừng rậm thường xanh, rừng hỗn giao rụng lá, ở độ cao tới 900 m",adenanthera-pavonina-l.txt,,,Mimosaceae,2951846
Cymbopogon coloratus (Nees) Stapf,"Sả lùn, Sả màu","Cây mọc tự nhiên, còn được trồng.",cymbopogon-coloratus-nees-stapf.txt,,,Poaceae,4151005
Sida cordata (Burm.f.) Borss.Waalk. – Melochia cordata Burm.f,Bái bò,"Đà Nẵng, Sài Gòn. Cây mọc tự nhiên ven đường, trên đất hoang",sida-cordata-burm-f-borss.txt,,,Malvaceae,5406739
Polygala tricornis Gagnep,Viễn chí ba sừng,"Lai Châu, Lào Cai, Vĩnh Phúc (Tam Đảo), Lâm Đồng. Cây mọc tự nhiên rải rác trong rừng, ở độ cao 1.500-2.000 m",polygala-tricornis-gagnep.txt,,,Polygalaceae,7293419
Stephania kwangsiensis H. S. Lo,Bình vôi quảng tây,"Hoà Bình, Lao Cai. Cây mọc tự nhiên ở rừng thứ sinh, vùng núi đá vôi ẩm. Loài phân bố hẹp, bị khai thác nhiều, đang bị nguy cấp. Đã đưa vào Sách Đỏ Việt Nam",stephania-kwangsiensis-h-s-lo.txt,,Tiết dê (Menispermaceae),,5592812
Leontopodium subulatum (Franch.) Beauv. – Gnaphalium subulatum Franch,"Ngải khổ, Sư cước","Lào Cai, Sơn La (Mộc Châu). Cây mọc trên các trảng cỏ ở vùng núi cao từ 1000-2900m.",leontopodium-subulatum-franch-beauv.txt,,,Asteraceae,3140709
Mentha arvensis L. var. javanica (Blume) Hook.f,Húng cây,Lào Cai. Cây nhập trồng.,mentha-arvensis-l-var-javanica-blume-hook-f.txt,,,Lamiaceae,2927198
Viscum articulatum Burm. f,"Tầm gửi càng cua, Tầm gửi dẹt, Mạy phác tít (Tày), Ghi","Lào Cai, Hà Giang. Cây mọc bán kí sinh trên cành cây gỗ lớn",viscum-articulatum-burm-f.txt,,,Viscaceae,4068797
Coelogyne flaccida Lindl,Thanh đạm mềm,Lâm Đồng. Cây mọc tự nhiên,coelogyne-flaccida-lindl-in-wall.txt,,,Orchidaceae,2811433
Jasminum scandens Vahl,"Nhài leo, Vằng leo","Hoà Bình, Hà Nội (vùng ngoại thành). Cây mọc tự nhiên.",jasminum-scandens-vahl.txt,,,Oleaceae,3682207
Rorippa dubia (Pers.) H. Hara – Sisymbrium dubium Pers,Cải đất núi,Cây mọc tự nhiên,rorippa-dubia-pers-hara.txt,,,Brassicaceae,3053336
Clinopodium chinense ( Benth. ) Kuntze – Calaminthe chinensis Benth,"Húng nước, Rau phong luân, Nạ tấu","Lào Cai, Hà Giang, Sơn La, Hà Nội (Ba Vì), Lâm Đồng (Đà Lạt). Cây mọc tự nhiên ở các bãi hoang, ven đường, ở độ cao 800-1.700 m",clinopodium-chinense-benth-kuntze.txt,,,Lamiaceae,7307233
Dischidia nummularia R.Br,"Mộc tiền, Dây đồng tiền","Gia Lai, Đắk Lắk (Krông Pắc, Đồng Nai. Cây leo phụ sinh, mọc tự nhiên ở rừng thưa, đến độ cao 1000 m.",dischidia-nummularia-r-br.txt,,,Asclepiadaceae,7439694
Bauhinia purpurea L,"Móng bò hoa đỏ, Móng bò lan, Móng bò tím","Cây mọc tự nhiên, còn được trồng ở các thành phố và vùng đồng bằng làm cảnh",bauhinia-purpurea-l.txt,,,Caesalpiniaceae,2953871
Centella asiatica (L.) Urb. in Mart,"Rau má , Xà lách dây",Cây mọc tự nhiên phổ biến ở khắp nơi,centella-asiatica-l-urb-in-mart.txt,"Hydrocotyle asiatica L., Trisanthus cochinchinensis Lour",Hoa tán – Apiaceae,,3034128
Cucumis sativus L. var. conomon (Thunb.) Mak. – Cucumis conomon Thunb,Dưa gang,Cây trồng,cucumis-sativus-l-var-conomon-thunb-mak.txt,,,Cucurbitaceae,2874570
Hydrocotyle chinensis (Dunn) Craib,"Rau má trung quốc, Rau má dại","Sơn La (Mộc Châu), Cao Bằng (Phia Oắc), Hòa Bình (Mường Mua), Hà Nội, Kon Tum (Đắk Glei, Ngọc Linh).",hydrocotyle-chinensis-dunn-craib.txt,Hydrocotyle javanica var. chinensis Dunn ex Shan & Liou,Hoa tán – Apiaceae,,6027005
Ixeris dentata (Thunb.) Nakai – Prenanthes dentata Thunb,Rau diếp đắng,"Lao Cai (Sa Pa), Sơn La, Hòa Bình, Lâm Đồng. Cây mọc tự nhiên trên các trảng cỏ ẩm, ở độ cao 600-1800 m",ixeris-dentata-thunb-nakai.txt,,,Asteraceae,3100745
Solanum dulcamara L. – Lycopersicon duncamara Medic,Cà đắng ngọt,"Lào Cai, Vĩnh Phúc, Ninh Bình. Cây mọc tự nhiên rải rác ven rừng, ở độ cao 500-1.500 m",solanum-dulcamara-l.txt,,Cà (Solanaceae),,2932737
Callicarpa candidans (Burm.f.) Hchr. – Urtica candicans Burm.f,"Nàng nàng, Tử châu, Tu hú, Bạc thau cây","Tuyên Quang, Lạng Sơn, Ninh Bình, Nghệ An, Khánh Hòa, Kon Tum. Cây mọc tự nhiên ở ven rừng nhiều nơi ở nước ta",callicarpa-candidans-burm-f-hchr.txt,,,Verbenaceae,6412107
Senecio oldhamianus Maxim,"Thiên lý quang, Cúc bạc lông nhện, Bồ nhi căn","Lai Châu, Lào Cai, Sơn La, Hà Giang, Tuyên Quang, Bắc Kạn. Cây mọc tự nhiên trên đất trồng hoa màu, ở độ cao 900-2000 m",senecio-oldhamianus-maxim.txt,,,Asteraceae,3114151
Blumea sinuata (Lour.) Merr. – B. laciniata (Wall. ex Roxb.) DC.; Gnaphalium sinuatum Lour,"Hoàng đầu sẻ, Đại bi lá lượn","Hà Giang, Tuyên Quang, Bắc Kạn, Thái Nguyên, Quảng Ninh, Phú Thọ, Lâm Đồng, Đắk Lắk. Cây mọc tự nhiên trên các thảm cỏ, bờ ruộng, nương rẫy, ở độ cao 100-1.300 m.",blumea-sinuata-lour-merr.txt,,,Asteraceae,5395686
Trichosanthes anguina L,"Mướp hổ, Mướp tây, Bí con rắn",Cây trồng.,trichosanthes-anguina-l.txt,,,Cucurbitaceae,2874605
Bulbophyllum ambrosia (Hance) Schltr. – Eria ambrosia Hance,"Cầu diệp hạnh nhân, Thạch đậu lan thơm","Vĩnh Phúc (Tam Đảo), Lào Cai (Sa Pa). Cây mọc tự nhiên, bám trên cây gỗ trong rừng, ở độ cao 900-1.400 m.",bulbophyllum-ambrosia-hance-schlechter.txt,,,Orchidaceae,2844202
Pennisetum alopecuroides (L.) Spreng,Cỏ đuôi voi tím,"Lâm Đồng (Di Linh, Đà Lạt). Cây mọc tự nhiên trên các bãi cỏ ven đường",pennisetum-alopecuroides-l-spreng.txt,,,Poaceae,5671747
Paraboea martinii (Levl.) Burtt,"Nhã mận, Dây rau khát","Cao Bằng (Nguyên Bình). Cây mọc tự nhiên ở vùng núi đá vôi, ở độ cao 1000- 2000m",paraboea-martinii-levl-burtt.txt,,,Gesneriaceae,8706839
Dipterocarpus intricatus Dyer,"Dầu trai, Dầu lông",Từ Kon Tum đến Phú Quốc. Cây mọc tự nhiên ở độ cao 500 m và còn được trồng,dipterocarpus-intricatus-dyer.txt,,Dầu (Dipterocarpaceae.),,4096937
Neocinnamomum caudatum (Nees) Merr. – Cinnamomum caudatum Nees,"Rè đuôi, Khảo quân","Hoà Bình (Đà Bắc), Nghệ An (Vinh), Ninh Thuận (Cà Ná). Cây mọc tự nhiên trong rừng thường xanh, ở độ cao 500-1500 m",neocinnamomum-caudatum-nees-merr-cinnamomum-caudatum-nees.txt,,,Lauraceae,4177810
Aristolochia tuberosa Liang et Hwang,"Chu sa liên, Thanh mộc hương, Bội xà sinh","Lai Châu (Sìn Hồ), Hà Giang (Đồng Văn), Lạng Sơn (Mẫu Sơn). Cây mọc tự nhiên vùng núi đá, gần suối, ở độ cao trên 1000m. Cây có nguồn gen hiếm (EN), đã đưa vào sách đỏ Việt Nam",aristolochia-tuberosa-liang-et-hwang-in-liang.txt,,Mộc hương nam (Aristolochiaceae),,3589606
Wrightia religiosa (Teijsm. & Binn.) Benth. ex Kurz,Mai chiếu thủy,"Đồng Nai, Thành phố Hồ Chí Minh. Cây nhập trồng làm cảnh",wrightia-religiosa-teijm-et-binn-echites-religiosa-teijm-binn.txt,,,Apocynaceae,5536701
Marchantia polymorpha L,Địa tiền,"Quảng Bình, Quảng Trị, Thừa Thiên Huế. Cây mọc chỗ ẩm ướt dọc rãnh nước, ven suối, ruộng ẩm.",marchantia-polymorpha-l.txt,,Địa Tiền (Marchantiaceae),,2688570
Petrea volubilis L,Bông xanh,"Hà Nội, Sài Gòn. Nhập trồng. Nguồn gốc từ châu Mỹ",petrea-volubilis-jacq.txt,,,Verbenaceae,2925536
Scaevola taccada (Gaertn.) Roxb. – Lobelia taccada Gaertn,"Hếp, Sơn dương","Quảng Ninh, Hải Phòng, Quảng Nam, Bà Rịa Vũng Tàu, Kiên Giang. Cây mọc tự nhiên ở vùng ven biển",scaevola-taccada-gaertn-roxb.txt,,,Goodeniaceae,6358362
Gleditsia fera (Lour.) Merr. – Mimosa fera Lour,"Tạo giác, Bồ kết","Tuyên Quang, Ninh Thuận, thành phố Hồ Chí Minh. Cây mọc tự nhiên trong rừng thứ sinh, ở độ cao dưới 1000 m",gleditsia-fera-lour-merr.txt,,,Caesalpiniaceae,2959501
Solanum lyratum Thunb. – Solanum dulcamara L. var. lyratum (Thunb.) Bor,Dây toàn,"Lào Cai (Sa Pa), Điện Biên, Sơn La (Thuận Châu), Lạng Sơn (Hữu Lũng). Cây mọc tự nhiên, rải rác ven rừng, ven đường, nơi ẩm",solanum-lyratum-thunb-solanum-dulcamara-l-var-lyratum-thunb-bor.txt,,,Họ Cà (Solanaceae),2930006
Echinocactus sp,"Địa tiên, Trứng rồng, Long noãn",Cây trồng làm cảnh ở nhiều nơi. Nguồn gốc từ rừng nhiệt đới châu Mỹ.,echimocactus-sp.txt,,Xương rồng (Cactaceae),,
Boehmeria lanceolata Ridl. – Boehmeria tonkinensis Gagnep,"Gai suối, Đay suối, Đay bắc bộ, Me đỏ, Me sót","Cây mọc tự nhiên ven suối, nơi nhiều sáng trong rừng các tỉnh từ Cao Bằng, Lạng Sơn, Ninh Bình, qua Quảng Trị",boehmeria-tonkinensis-gagnep.txt,,,Urticaceae,4098245
Schefflera glomerulata H.L. Li,Chân chim chụm,"Hà Giang, Cao Bằng, Lao Cai. Cây mọc tự nhiên trong rừng thường xanh",schefflera-glomerulata-h-l-li.txt,,Ngũ Gia Bì (Araliaceae),,11022070
Asplenium nidus L,"Tổ điểu, Tổ chim, Tổ phượng, Tổ quạ","Cây mọc tự nhiên, phụ sinh trên cây gỗ to trong rừng gần như khắp Việt Nam.",asplenium-nidus-l.txt,,,Aspleniaceae,2650676
Dioscorea collettii Hook.f. 1892,"Nần nghệ,",,cay-nan-nghe.txt,Dioscorea oenea Prain & Burk. 1914,Dioscoreaceae (Củ nâu),,4937226
Senna tora (L.) Roxb. – Cassia tora L,"Thảo quyết minh, Hạt muồng muồng, Đậu ma, Muồng đồng tiền, Muồng ngủ, Thúa nhò hẻ (Tày), Trắng (Bana), Lạc trời, Muồng hòe, Hìa diêm tập (Dao)","Cây mọc tự nhiên, thường mọc ở ven đường, bãi hoang, nương rẫy, phổ biến ở Việt Nam",senna-tora-l-roxb-cassia-tora-l.txt,,Đậu (Fabaceae),,2957728
Isodon ternifolius (D.Don) Kudo – Plectranthus ternifolius D.Don Họ Hoa môi (Lamiaceae),"Hy kiểm, Nhị rối","Lào Cai (Sa Pa), Sơn La, Cao Bằng, Lai Châu. Cây mọc tự nhiên trên các savan cây bụi, savan cây cỏ, đồi đất bạc màu, ruộng khô",isodon-ternifolius-d-don-kudo.txt,,,,5608825
Polygala sibirica L,"Kích nhũ, Viễn chí xiberi",Lâm Đồng. Cây mọc tự nhiên rải rác trong rừng,polygala-sibirica-l.txt,,,Polygalaceae,7293626
Flagellaria indica L,"Mây vọt , Mây nước, Mây dốc, Vai cáy (Tày)","Quảng Nam, Đà Nẵng, Bình Thuận. Cây mọc tự nhiên ở rừng ven biển, rừng ngập mặn",flagellaria-indica-l.txt,,,Flagellariaceae,5287564
Clerodendrum japonicum (Thunb.) Sw. – Volkameria japonicum Thunb,"Xích đồng nam, Mò đỏ, Co púng pính (Thái), Poòng pỉn đeng (Tày)",Cây mọc tự nhiên khá phổ biến từ miền Bắc tới Quảng Nam,clerodendrum-japonicum-thunb-sweet.txt,,,Verbenaceae,2925348
Nauclea orientalis (L.) L. – Cephalanthus orientalis L,Gáo vàng,"mọc tự nhiên ở ven rừng phục hồi, ven suối vùng đồng bằng tới ven nước lợ, còn được trồng lấy gỗ làm thuyền",nauclea-orientalis-l-l.txt,,,Rubiaceae,5339133
Corypha lecomtei Becc,"Lá buông, Lá buôn","Cây đặc hữu của Nam Đông Dương, chỉ gặp ở đồng bằng từ Đại Lãnh (Quảng Nam), tới Biên Hoà (Đồng Nai)",corypha-lecomtei-becc.txt,,,Arecaceae,5293455
Tetrastigma retinervium Planch,Dây dé,"Ninh Bình, Hoà Bình. Cây mọc rải rác ở vùng núi đá vôi",tetrastigma-retinervium-planch.html?wpsc_do=regen_cache&nonce=20073088865e970825c02c4.txt,,,Họ Nho (Vitaceae),7293943
Rosa cymosa Tratt,"Hồng roi, Tầm Xuân, Hồng choắt","Ninh Bình. Cây mọc tự nhiên ở lùm bụi, ven đường",rosa-cymosa-tratt.txt,,,Rosaceae,8342804
Dendrobium chrysotoxum Lindl,"Kim điệp hoàng thảo, Thạch hộc dùi trống","Nghệ An (Vinh), Kon Tum, Đắk Lắk, Lâm Đồng. Cây mọc tự nhiên, sống bám trên các cây gỗ lớn trong rừng, ở độ cao 600-1.500 m",dendrobium-chrysotoxum-lindl.txt,,,Orchidaceae,5317521
Mallotus hookerianus (Seem.) Muell. – Arg,Chua Nga,,mallotus-hookerianus-seem-muell-arg.txt,,"Thầu dầu (Euphorbiaceae) Cập nhật01/07/2019 ★ ★ ★ ★ ★ ★ 0.0 - 0 đánh giá Chia sẻ Chia sẻ Cây thuốc khác Cymbopogon tortilis (Presl) A. Camus Glochidion eriocarpum Champ Prunella vulgaris L. Pistia stratiotes L. Bình luận Câu hỏi của bạn Hủy X Bạn vui lòng điền thêm thông tin! Chọn tệp (Allowed file typesjpg, png , maximum file size100MB. Cây thuốc được quan tâm Ampelopsis cantoniensis (Hook. et Arn.) Planch. Chữa sưng vú (Lá giã đắp). Đau dạ dày hành tá tràng (Cành lá... Curculigo orchioides Gaertn",,5378008
Naringi crenulata (M. Roem.) Nicols,"Ché, Chanh cốc, Cốc bom, Cốc lụm, Cốc tụm","Kon Tum, Khánh Hòa (Nha Trang, Ninh Hòa), Lâm Đồng (Đà Lạt)",naringi-crenulata-m-roem-nicols.txt,Hesperethusa crenulata M. Roem,Cam – Rutaceae,,3836590
Utricularia aurea Lour,"Nhĩ cán vàng, Rong ly vàng, Rong đuôi chồn","Quảng Bình, Quảng Trị, Thừa Thiên Huế. Cỏ thủy sinh, mọc chìm trong nước, trong các ao, hồ, đầm, ruộng",utricularia-aurea-lour.txt,,,Lentibulariaceae,8001590
Alangium barbatum (R. Br.) Baill,"Quăng râu, Cây quang","Quảng Ninh (Đầm Hà). Cây mọc tự nhiên ở rừng ẩm trên tầng đất dày, phong hoá từ granit, ở độ cao 50-100 m",alangium-barbatum-r-br-baill.txt,,,Alangiaceae,3701919
Lasianthus dinhensis Pierre ex Pitard,Xú hương núi dinh,"Tây Nguyên, Đồng Nai. Cây mọc tự nhiên trong rừng",lasianthus-dinhensis-pierre-ex-pitard.txt,,,Rubiaceae,5337238
Brassaiopsis ciliata Dunn,"Phương lăng rìa, Đại thông thảo, Thông thảo giả","Lào Cai, Hà Giang, Hải Dương (Chí Linh). Cây mọc tự nhiên trong rừng ẩm.",brassaiopsis-ciliata-dunn.txt,,,Araliaceae,3036248
Michelia figo (Lour.) Spreng. – Liriodendron figo Lour,"Tử tiêu, Đăng tiêu hoa to","Cây thường được trồng làm cảnh ở Hà Nội, Hà Nam",michelia-figo-lour-spreng.txt,,,Magnoliaceae,3152997
Colocasia gigantea (Blume ex Hassk.) Hook.f. – Calladium giganteum Blume ex Hassk,"Dọc mùng, Môn to","Cây trồng, còn có mọc hoang dại trên núi đá vôi ở nhiều nơi.",colocasia-gigantea-blume-ex-hassk-hook-f.txt,,Ráy( Araceae),,2870285
Hura crepitans L,"Ba đậu tây, Vông đồng, Mã đậu, Dầu bóng",Cây nhập trồng làm bóng mát ở nhiều nơi,hura-crepitans-l.txt,,,Euphorbiaceae,5380015
Eucalyptus robusta Sm,Bạch đàn lá dày,Cây nhập trồng ở nhiều địa phương,eucalyptus-robusta-sm.txt,,,Myrtaceae,3176743
Vigna umbellata (Thunb.) Ohwi et Ohashi – Dolichos umbellatus Thunb,"Đậu gạo, Đậu nho nhe",Cây trồng phổ biến ở các tỉnh miền núi phía Bắc Việt Nam,vigna-umbellata-thunb-ohwi-et-ohashi.txt,,Đậu (Fabaceae),,2982753
Cocculus laurifolius DC. Họ Tiết dê (Menispermaceae),"Dây hồ cầu, Vệ châu dược, Hồ cầu","Hoà Bình, Ninh Bình, Khánh Hoà, Đồng Nai, Bà Rịa – Vũng Tàu. Cây mọc tự nhiên",cocculus-laurifolius-dc.txt,,,,3829341
Cajanus cajan (L.) Millsp. – Cytisus cajan L,"Đậu chiều, Đậu săng, Đậu cọc rào, Đậu chè, Sơn đậu căn, Mộc đậu, Thứa mạy (Tày), Phầy quẩy tập (Dao)","Cao Bằng, Lạng Sơn, Tuyên Quang. Cây mọc tự nhiên và trồng lấy gỗ",cajanus-cajan-l-millsp.txt,,Đậu (Fabaceae),,7587087
Aeschynomene aspera L,"Điền ma nhám, Rút dại","Đồng Nai, An Giang, Cần Thơ, Sóc Trằng. Cây mọc tự nhiên nơi ẩm ướt, ven ao hồ, đầm lầy",aeschynomene-aspera-l.txt,,Đậu (Fabaceae),,2949102
Caesalpinia sappan L,"Tô mộc, Gỗ vang, Vang nhuộm, Tô phượng, Cây vang, Co vang (Thái), Mạy vang (Tày)","Cây mọc tự nhiên ở miền núi các tỉnh Lao Cai (Than Uyên), Sơn La (Mai Châu); còn được trồng quanh đồn điển cà phê ở Đắk Lắk",caesalpinia-sappan-l.txt,,Đậu (Fabaceae),,2958871
Passiflora cupiformis Mast,Dây cánh dơi,"Lào Cai, Vĩnh Phúc, Đà Nẵng, mọc rải rác trong các thân cỏ, trảng cây bụi trong hẻm núi, ở độ cao 1.000-3.000 m.",passiflora-cupiformis-mast.txt,,,Họ Lạc tiên (Passifloraceae),3586827
Dioscorea alata L,"Củ cái, Củ mỡ, Khoai vạc",Cây trồng lấy củ ăn khá phổ biến ở Việt Nam. – Mùa hoa quảV-XI,dioscorea-alata-l.txt,,,Họ Củ Nâu (Dioscoreaceae),2754476
Elsholtzia pilosa (Benth.) Benth. – Aphalochilus pilosus Benth,Kinh giới lông,"Lào Cai (Sa Pa). Cỏ nhiều năm, mọc trong môi trường ẩm và sáng, ở độ cao trên 800 m",elsholtzia-pilosa-benth-benth.txt,,,Lamiaceae,3900245
Angiopteris confertinervia Ching ex C. Chr. & Tardieu,"Móng ngựa, Móng trâu gân dày, Móng ngựa có hàng","Cây phân bố khá hẹp, gặp ở một số vùng đồi núi thấp của Thái Nguyên (Đồn Đu), Hòa Bình, Kon Tum (Ngọc Linh). Cây mọc tự nhiên thành dải ở ven suối hay chân núi trong rừng thường xanh",angiopteris-confertinervia-ching-ex-c-chr-tardieu.txt,,,Marattiaceae,5615545
Thyrsanthera suborbicularis Pierre ex Gagnep,Chi hùng,"Kon Tum, Gia Lai, Ninh Thuận (Phan Rang), Nam Bộ. Cây hạn sinh, mọc tự nhiên trong rừng thưa rụng lá hay trảng cây bụi, trên đất sa thạch, ở độ cao 100-500 m.",thyrsanthera-suborbicularis-pierre-ex-gagnep.txt,,,Euphorbiaceae,3071455
Blumea densiflora DC. ( Conyza densiflora Wall.),"Kim đầu hoa dày, Đại bị hoa dày","Hải Dương, Kon Tum (Đắk Glei), Lâm Đồng (Đà Lạt)",blumea-densiflora-dc.txt,,Cúc – Asteraceae,,5395751
Matricaria chamomilla L,Dương cam cúc,"Lào Cai, Lâm Đồng. Cây nhập trồng",matricaria-chamomilla-l.txt,,,Asteraceae,8370958
Elaeagnus bonii Lecomte,Nhót rừng,"Hà Giang, Lao Cai, Hòa Bình, Hà Nam (Lạt Sơn), Ninh Bình (Cúc Phương). Cây mọc tự nhiên ven đường, lùm bụi, chân các đồi hoang",elaeagnus-bonii-lecomte.txt,,,Elaeagnaceae,4048187
Elsholtzia blanda (Benth.) Benth. – Aphanochilus blandus Benth,"Kinh giới rừng, Kinh giới núi, Chùa dù, Tả hoàng dồ (Hmông), Dê sua tùa","Lai Châu, Lào Cai, Hà Giang. Cây mọc tự nhiên ở vùng núi cao",elsholtzia-blanda-benth-benth.txt,,,Lamiaceae,8002762
Rhodoleia championii Hook,"Lôi, Hồng quang","Lào Cai, Yên Bái, Cao Bằng, Vĩnh Phúc (Tam Đảo), Kon Tum, Lâm Đồng, Ninh Thuận. Cây ưa sáng, mọc rải rác hoặc thành quần thụ trong rừng nguyên sinh, ở độ cao 300-2500 m",rhodoleia-championii-hook.txt,,,Hamamelidaceae,7329102
Wedelia urticaefolia (Blume) DC. ex Wight,Sơn cúc nhám,"Lai Châu, Lào Cai, Cao Bằng, Hà Nội, Kon Tum tới Ninh Thuận. Cây mọc tự nhiên ở ven rừng thưa, trảng cây bụi, trên độ cao 300-1.500 m",wedelia-urticaefolia-blume-dc-ex-wight.txt,,,Asteraceae,5386531
Amaranthus spinosus L,"Rau giền gai, Thích hiện, Giền hoang, Phjăc hôm nam (Tày), La rum giê la (Bana)","Cây mọc tự nhiên , phổ biến ở vùng đồng bằng và trung du nước ta",amaranthus-spinosus-l.txt,,,Amaranthaceae,5384401
Amaranthus caudatus L,"Rau giền đuôi ngắn, Dền đuôi chồn","Lào Cai (Sa Pa), Hà Giang (Quản Bạ, Tráng Kìm), Nam Bộ. Cây mọc tự nhiên, còn được trồng",amaranthus-caudatus-l.txt,,,Amaranthaceae,6109611
Ziziphus mauritiana Lam,"Táo, Táo ta, Táo Chua",Cây trồng phổ biến ở nhiều nơi để lấy quả,ziziphus-mauritiana-lamk.txt,,,Rhamnaceae,3039424
Ethulia conyzoides L,"Cỏ lúi, Sọ cúc","Lai Châu, Sơn La, Yên Bái, Tuyên Quang. Cây mọc tự nhiên ở bờ sông, ven suối ẩm, ở độ cao 400-1600 m.",ethulia-conyzoides-l.txt,,,Asteraceae,3091122
Reineckea carnea (Andr.) Kunth – Sansevieria carnea Andr,"Lan báo hỷ, Gờ phang, Cát tường thảo, Cây sốt rét lá nhỏ, Cỏ quan âm","Lào Cai (Sa Pa), Sơn La (Bắc Yên). Cây mọc tự nhiên, còn được trồng ở Trại thuốc Sa Pa",reineckea-carnea-andr-kunth.txt,,,Convallariaceae,2772865
Piper lolot L,"Lá lốt, Tất bát, Phắc pạt, Bẩu bát","Cây mọc tự nhiên, hoặc được trồng lấy lá làm rau ăn khá phổ biến ở Việt Nam",piper-lolot-l.txt,,,Piperaceae,4191172
Ficus vasculosa Wall. ex Miq,"Sung nang, Đa bóng, Ngúa nghẹo","Yên Bái, Cao Bằng, Lạng Sơn, Kon Tum, Gia Lai, Lâm Đồng.Cây mọc tự nhiên bên suối trong rừng thứ sinh, ở độ cao 800 m",ficus-vasculosa-wall-ex-miq.txt,,,Moraceae,8368771
Desmodium laxiflorum DC,"Thóc lép bướm, Thóc lép hoa thưa, Cây mui","Lai Châu, Lào Cai, Cao Bằng, Hà Nội, Kon Tum, Đắk Lắk, Lâm Đồng. Cây mọc tự nhiên ở ven rừng, trong rừng thưa và rừng thông, ở độ cao tới 1800 m",desmodium-laxiflorum-dc.txt,,,Fabaceae,10690761
Reynoutria japonica Houtt. – Polygonum cuspidatum Sieb. et Zucc,"Cốt khí củ, Điền thất, Nam hoàng cầm, Hỗ tượng căn, Co hớn hườn (Thái), Mèng kéng (Tày), Hồng lìu (Dao)","Lào Cai (Sa Pa), Cao Bằng, Hà Giang. Cây mọc tự nhiên vùng núi và được trồng ở độ cao 1.000-.1600 m",reynoutria-japonica-houtt-polygonum-cuspidatum-sieb-et-zucc.txt,,,Họ Rau răm (Polygonaceae),2889173
Cereus peruvianus (L.) Mill. – Cactus peruvianus L,"Long cốt, Xương rồng khế",Trồng một số nơi ở Việt Nam. Nguồn gốc từ Nam Mỹ,cereus-peruvianus-l-mill.txt,,,Cactaceae,
Cichorium endivia L,"Diếp xoăn, Rau cúc đắng",Lào Cai (Sa Pa). Cây nhập trồng ở vùng cao,cichorium-endivia-l.txt,,Cúc (Asteraceae),,5392243
Cornus officinalis Sieb.& Zucc,"Thù du, Sơn thù du",Cây trồng ở các vườn thuốc.,cornus-officinalis-sieb-zucc.txt,,Thù du – Conaceae,,7161076
Acalypha australis L,Tai tượng úc,"Lào Cai, Ninh Bình, Thừa Thiên Huế. Cây mọc tự nhiên vùng đất trống quanh nhà, nơi đất nhiều mùn, hơi ẩm",acalypha-australis-l.txt,,,Euphorbiaceae,3056835
Plumeria rubra L,"Đại hoa đỏ, Sứ cùi",Cây nhập trồng làm cảnh. Nguồn gốc Nam Mỹ,plumeria-rubra-l.txt,,Trúc đào (Apocynaceae),,3169674
Cleyera gymnanthera Wight et Arn. – Ternstroemia gymnanthera (Wight et Arn.) Bedd,"Chè hồi Giang Hoa trần, Hậu bì hương","Lai Châu, Sơn La Cây mọc tự nhiên ở độ cao 700 m trở lên",cleyera-gymnanthera-wight-et-arn.txt,,,Theaceae,3591610
Passiflora quadrangularis L,Dưa gang tây,Cây trồng ở Hà Nội và thành phố Hồ Chí Minh. Nguồn gốc từ Na Nam Mỹ,passiflora-quadrangularis-l.txt,,,Passifloraceae,2874183
Curcuma longa L. – Curcuma domestica Valet,"Nghệ, Nghệ nhà, Khương hoàng, Co khản mỉn, Co hem (Thái), Uất kim, Khinh lương (Tày)",Cây thường được trồng ở nhiều nơi,curcuma-longa-l.txt,,Gừng (Zingiberaceae),,2757624
Cordia wallichii D. Don,"Tâm mộc, Ngút wallich","Đà Nẵng, Tây Ninh. Cây mọc tự nhiên ở rừng trên độ cao 900m",cordia-wallichii-d-don.txt,,,Boraginaceae,5341270
Acalypha brachystachya Hornem,Tai tượng bông ngắn,"Hòa Bình, Hà Nội (Thủ Pháp), Hà Nam, Ninh Bình, Quảng Bình, Quảng Trị, Thừa Thiên Huế, Tp. Hồ Chí Minh",acalypha-brachystachya-hornem.txt,,Thầu dầu – Euphorbiaceae,,3056856
Microglossa pyrifolia (Lam.) Kuntze – Conyza pyrifolia Lam,Vị thiệt,"Lai Châu, Lào Cai, Sơn La, Cao Bằng, Thừa Thiên Huế, Kon Tum, Gia Lai. Cây mọc tự nhiên ở ven rừng thưa và các trảng cây bụi, ở độ cao 100-1800 m",microglossa-pyrifolia-lam-kuntze.txt,,,Asteraceae,5396042
Cyrtomium fraxinellum (H. Christ) H. Christ – Aspidium fracinellum H. Christ,Cung xỉ trần,"Lào Cai (Sa Pa). Cây mọc tự nhiên, ưa ẩm và bóng; mọc trong các khe đá vôi giàu mùn trong rừng rậm thường xanh.",cyrtomium-fraxinellum-h-christ-h-christ.txt,,,Họ Dương xỉ (Dryopteridaceae),4038867
Pleiospermium annamense Guillaum,"Đa tử nam, Cam hôi, Dây cam đường","Khánh Hòa (Nha Trang), Ninh Thuận (Phan Rang), Bình Thuận. Cây mọc tự nhiên trên các đồi cát bờ biển",pleiospermium-annamense-guillaum.txt,,Cam (Rutaceae),,3836705
Mosla scabra (Thunb.) C.Y.Wu – Ocimum scabrum Thunb,Lá men nháp,"Lào Cai (Sa Pa), Cao Bằng (Quảng Hòa, Hạ Lang), Lạng Sơn (Tràng Định). Cây mọc tự nhiên ở nơi sáng và ẩm, ở độ cao dưới 1000 m",mosla-scabra-thunb-c-y-wu.txt,,,Lamiaceae,8356260
Sorghum bicolor (L.) Moench,"Cỏ miến, Cao lương đỏ","Lao Cai, Hà Giang. Cây trồng ở miền núi cao",sorghum-bicolor-l-moench.txt,,,Họ Hòa thảo (Poaceae),2705181
Chlorophytum capense (L.) Kuntze,Lục thảo,Cây trồng làm cảnh,chlorophytum-capense-l-kuntze.txt,,,Asphodelaceae,8089034
Uvaria rufa Blume – U. astrosticta Miq,"Bù dẻ hoa đỏ, Bồ quả hoe, Dây dủ dẻ","Đà Nẵng, Tây Nguyên. Cây mọc tự nhiên rải rác trong rừng thứ sinh, rừng còi, ở độ cao dưới 700 m",uvaria-rufa-blume.txt,,,Annonaceae,3154300
Physalis peruviana L,"Lồng đèn, Thù lu lông, Mác póp (Tày), Co póp pép (Thái)","Bắc Giang, Hà Nội, Đà Nẵng, Lâm Đồng, Đồng Nai, Bà Rịa Vũng Tàu. Cây mọc tự nhiên, phổ biến ở ven sông vùng đồng bằng.",physalis-peruviana-l.txt,,,Solanaceae,5341784
Ageratum conyzoides L,"Cỏ cứt lợn, Cỏ hội, Bông thúi, Bù xích, Bù xít, Ngũ sắc","Khắp nước ta đâu cũng gặp từ đồng bằng, trung du tới miền núi",ageratum-conyzoides-l.txt,,Cúc – Asteraceae,,5401673
Valeriana hardwickii Wall,Nữ lang,,nu-lang-1.txt,,Valerianaceae (Nữ lang),,8077641
Glochidion sphaerogynum ( Muell.-Arg.) Kurz – Phyllanthus sphaerogynum Muell.-Arg,Sóc tròn,"Cây ưa sáng, mọc tự nhiên trên các trảng cây bụi hay trảng cỏ, ở độ cao 100- 1.200 m.",glochidion-sphaerogynum-muell-arg-kurz.txt,,,Euphorbiaceae,3080312
Potentilla fulgens Wall. ex Hook,Bơ sơn,,potentilla-fulgens-wall-ex-hook.txt,,"Hoa hồng (Rosaceae) Cập nhật01/07/2019 ★ ★ ★ ★ ★ ★ 0.0 - 0 đánh giá Chia sẻ Chia sẻ Cây thuốc khác Lycopodium complanatum L. Michelia mediocris Dandy Acacia leucophloea (Roxb.) Willd. Melaleuca leucadendra L. var. minor. (Smith) Duthie Bình luận Câu hỏi của bạn Hủy X Bạn vui lòng điền thêm thông tin! Chọn tệp (Allowed file typesjpg, png , maximum file size100MB. Cây thuốc được quan tâm Ampelopsis cantoniensis (Hook. et Arn.) Planch. Chữa sưng vú (Lá giã đắp). Đau dạ dày hành tá tràng (Cành lá... Curculigo orchioides Gaertn",,8228815
Allophylus serrulatus Radlk,Mạc ca răng,Lâm Đồng (Đà Lạt). Cây mọc tự nhiên,allophylus-serrulatus-radlk.txt,,,Sapindaceae,9364157
Hippobroma longifolia (L.) G. Don – Laurentia longiflora (L.) Paterm.; Lobelia longifolia L,"Hoa dài, Cây mù mắt, Lỗ danh","Cây nhập trồng, nay trở nên hoang hóa ở nhiều nơi. Nguồn gốc từ Trung Mỹ",hippobroma-longifolia-l-g-don.txt,,,Lobeliaceae,3168943
Hedyotis corymbosa (L.) Lam . – Oldenlandia corymbosa L,"Đơn đòng, Lưỡi rắn , Vương thái tô, An điền, Cóc mẩn, Nọc sởi","Cây mọc tự nhiên trên bãi hoang ẩm, quanh làng bản khắp nơi ở Việt Nam",hedyotis-corymbosa-l-lam.txt,,,Rubiaceae,
Scutellaria indica L,"Hoàng cầm ấn, Hàn tín thảo","Lạng Sơn tới Nam Định. Cây mọc tự nhiên ở nơi sáng và ẩm, ở độ cao trên 600 m",scutellaria-indica-l.txt,,,Lamiaceae,7308714
Ehretia macrophylla Wall. ex Roxb,Dót lá to,"Nghệ An (Quỳnh Lưu),. Cây gỗ nhỏ, mọc rải rác trong rừng ẩm, nơi sáng, ở độ cao tới 1500m",ehretia-macrophylla-wall-ex-roxb.txt,,,Boraginaceae,
Abutilon indicum (L.) Sweet ( Sida indica L.),"Cối xay, Giàng xay, Kim hoa thảo, Quýnh ma, Co tó ép (Thái), Phao tôn (Tày)",Phổ biến ở nhiều nơi,abutilon-indicum-l-sweet.txt,,Bông – Malvaceae,,3152634
Musa textilis Née,Chuối sợi,Cây trồng ở bình nguyên.,musa-textilis-nee.txt,,,Musaceae,2762907
Gymnopetalum integrifolium (Roxb.) Kurz,"Mướp đất, Cứt quạ lá nguyên, Dưa dại, Quạ hoan","Lai Châu, Tuyên Quang, Hòa Bình (Mai Hà), Hà Nội (Ba Vì, Thủ Pháp), Quảng Trị (Lao Bảo), Thừa Thiên Huế, Đà Nẵng, Quảng Nam, Lâm Đồng",gymnopetalum-integrifolium-roxb-kurz-2.txt,"Cucumis integrifolius Roxb., Gymnopetalum weberi (Naud.) Cogn., G. monoicum Gagnep",Bầu bí – Cucurbitaceae,,3623176
Symplocos dolichotricha Merr,"Dung lông dài, Lát lua","Quảng Ninh, Phú Thọ (Đoan HùngChân Mộng), Kon Tum, Gia Lai. Cây mọc tự nhiên, rải rác trong rừng, ở độ cao dưới 600 m",symplocos-dolichotricha-merr.txt,,Dung (Symplocaceae),,3643282
Lindernia mollis (Benth.) Wettst. – Vandellia mollis Benth,"Lữ đằng mềm, Mẫu thảo mềm","Cây mọc nơi ẩm, sáng, bãi hoang, ruộng hoang, lùm bụi, phổ biến ở Việt Nam",lindernia-mollis-benth-wettst.txt,,,Scrophulariaceae,7663721
Tetradium fraxinifolium (Hook. f.) T.G. Hartley – Philagonia fraxini-folia Hook,Dầu dấu lá tần bì,"Lao Cai (Sa Pa), Hà Nội. Cây mọc tự nhiên trong rừng thứ sinh trên các vùng núi cao",tetradium-fraxinifolium-hook-hartley.txt,,Cam Quýt (Rutaceae),,5594377
Kinostemon ornatum (Hemsl.) Kudo – Teucrium ornatum Hemsl,"Hoa ki nô, Hồng hùng","Lào Cai. Cây mọc tự nhiên ở nơi sáng và ẩm, ven rừng, ven đường, ở độ cao 1.000-2.000 m",kinostemon-ornatum-hemsl-kudo.txt,,,Lamiaceae,3894764
Clematis loureiriana DC,"Hạt kháp, Hoa ông lão","Lạng Sơn, Vĩnh Phúc, Hải Phòng, Ninh Bình, Nghệ An. Cây mọc tự nhiên rải rác trong rừng thứ sinh, ven rừng, ở độ cao 200-400m",clematis-loureiriana-dc.txt,,,Ranunculaceae,3930565
Paeonia veitchii Lynch. var. beresowskii Schiff,Xích thược,Cây nhập trồng ở Sa Pa tỉnh Lao Cai.,paeonia-veitchii-lynch-var-beresowskii-schiff.txt,,,Paeoniaceae,7316516
Artocarpus lakoocha Roxb,"Chay, Mạy khoai (Tày)","Lào Cai, Sơn La, Thanh Hóa, Nghệ An (Quế Phong). Cây mọc tự nhiên, còn được trồng",artocarpus-lakoocha-roxb.txt,,Dâu tằm (Moraceae),,7873234
Ligusticum brachylobum Franch,Xuyên phòng phong,Cây nhập trồng ở Sa Pa tỉnh Lao Cai.,ligusticum-brachylobum-franch.txt,,,Apiaceae,3640651
Ilex wallichii Hook.f,"Bùi wallich, Bùi tía","Quảng Nam, Đà Nẵng, Kon Tum, Lâm Đồng, Sông Bé, Tây Ninh. Cây mọc tự nhiên rải rác trong rừng, ở độ cao 100-1200m",ilex-wallichii-hook-f.txt,,,Aquifoliaceae,7961949
Santalum album L,"Bạch đàn hương, Đàn hương trắng","Thanh Hoá, Nghệ An, Hà Tĩnh. Cây mọc tự nhiên",santalum-album-l.txt,,,Santalaceae,2889785
Solanum procumbens Lour. – Solanum hainanense Hance,"Cà gai leo, Chẽ nam (Tày), Cà gai dây, Cà quýnh, Cà quạnh, Brong goon (Bana), Gai cườm","Cây mọc tự nhiên ven đường, bãi hoang, lùm bụi ở các tỉnh đồng bằng và các tỉnh vùng trung du và ven biển",solanum-procumbens-lour.txt,,Cà (Solanaceae),,2931076
Adenia parviflora (Blanco) Cusset –,"Dây phục linh, Thư diệp tim","Bình Dương, Đồng Nai, Bà Rịa Vũng Tàu. Cây mọc tự nhiên rải rác trong rừng rậm.",adenia-parviflora-blanco-cusset.txt,,,Họ Lạc tiên ( Passifloraceae.),7313459
Ardisia rigida Kurz,"Mưa cưa, Cơm nguội cứng","Khánh Hòa, Bình Dương. Cây mọc tự nhiên rải rác trong rừng",ardisia-rigida-kurz.txt,,,Myrsinaceae,7331015
Capparis sepiaria L,"Cáp hoa lông, Cáp hàng rào","Ninh Thuận, Bình Thuận, Bà Rịa-Vũng Tàu. Cây mọc tự nhiên",capparis-sepiaria-l.txt,,,Capparaceae,7273413
Pittosporum floribundum Wight et Arn,"Hải đồng nhiều hoa, Cườm thảo","Kon Tum (Đắk Glei). Cây mọc tự nhiên rải rác trong rừng thứ sinh, ở độ cao 1.600-1.800 m",pittosporum-floribundum-wight-et-arn.txt,,,Pittosporaceae,4161934
Pterospermum heterophyllum Hance,Lòng mang dị diệp,"Miền Bắc. Cây mọc tự nhiên trong rừng khô, ở độ cao 500-700 m",pterospermum-heterophyllum-hance.txt,,,Sterculiaceae,5835447
Lophatherum gracile Brongn,Cỏ lá tre,"Cây mọc tự nhiên nơi ẩm, sáng ven rừng",lophatherum-gracile-brongn-in-duperr.txt,,Lúa (Poaceae),,4129475
Sterculia foetida L,"Trôm, Chim, Chim rừng, Mạy trôm (Tày), Trôm hôi","Cây mọc tự nhiên, còn được trồng ở vườn hoa, đường phố làm bóng mát",sterculia-foetida-l.txt,,,Sterculiaceae,5406675
Spatholobus suberectus Dunn,"Huyết đằng hoa trắng, Huyết rồng lào, Mo thùy lào","Lai Châu (Bình Lư), Lạng Sơn (Văn Quan), Đồng Nai (Trảng Bom). Cây mọc tự nhiên trong rừng rậm thường xanh và rừng thưa, ở độ cao tới 1.800 m.",spatholobus-suberectus-dunn.txt,,,Fabaceae,2977075
Flemingia grahamiana Wight. et Arn,Tóp mỡ lông,"Lạng Sơn, Cao Bằng, Lao Cai, Sơn La, Kon Tum, Lâm Đồng. Cây mọc tự nhiên trong các trảng cây bụi, ở độ cao tới 1100 m",flemingia-grahamiana-wight-et-arn.txt,,,Fabaceae,5359839
Chimonanthus praecox (L.) Link,Lạp mai,Cây nhập trồng ở nhiều nơi,chimonanthus-praecox-l-link.txt,"Calycanthus praecox L., Chimonanthus fragrans Lindl",Lạp mai – Calycanthaceae,,7275851
Tylophora koi Merr,Đầu đài,Cây mọc tự nhiên ở các tỉnh phía Bắc Việt Nam.,tylophora-koi-merr.txt,,Thiên Lý (Asclepiadaceae),,10947397
Hibiscus furcatus Willd,Bụp chẻ,"Nam Bộ Việt Nam. Cây mọc tự nhiên rải rác ven rừng, bãi hoang",hibiscus-furcatus-willd.txt,,,Malvaceae,8093304
Zinnia elegans Jacq,"Cúc cánh giấy, Di nha, Duyên cúc, Hoa cánh giấy",Cây nhập trồng làm cảnh.,zinnia-elegans-jacq.txt,,Cúc (Asteraceae),,3111754
Solanum erianthum D. Don – Solanum verbascifolium L,"Ngoi, Cà hôi, Co sà lang (Thái), Toong muốc, La rừng, Phô hức (Tày)","Cây mọc tự nhiên ở vùng núi và trung du, khá phổ biến ở nước ta",solanum-erianthum-d-don.txt,,,Solanaceae,2931461
Strychnos umbellata (Lour.) Merr,Củ chi tán,"Lào Cai (Đản Khao), Quảng Ninh (Cẩm Phả), Ninh Bình (Chợ Ghềnh). Cây mọc tự nhiên trong rừng thứ sinh, rừng còi, ven sông, suối, ở vùng thấp",strychnos-umbellata-lour-merr-cissus-embellata-lour.txt,,,Họ Mã tiền (Loganiaceae),5645124
Gymnema foetidum Tsiang,"Dây thìa canh thối, Lõa ti thối","Đắk Lắk (Krông Pắc, Hòa Phong)",gymnema-foetidum-tsiang.txt,,Thiên lý – Asclepiadaceae,,3577789
Litsea lancilimba Merr,"Bời lời phiến thon, Bời lời lá hình trâm, Có sáo lóng (Thái)","Lạng Sơn (Hữu Lũng), Vĩnh Phúc (Tam Đảo), Nghệ An (Quế Phong), Gia Lai (Mang Yang). Cây gỗ, mọc rải rác trong rừng nguyên sinh, ở độ cao 300 – 1000 m",litsea-lancilimba-merr.txt,,Long não (Lauraceae),,4183230
Calamus henryanus Becc. – C. balansaenus Becc,Mây balansa,"Cây mọc tự nhiên trong rừng thường xanh, ở độ cao 450-1350 m",calamus-henryanus-becc.txt,,,Arecaceae,5294153
L odes seguini (Levl.) Rehd. – Vitis seguini Levl,Tử quả,"Hoà Bình, Hà Nội (Ba Vì, Thủ Pháp). Cây mọc tự nhiên",iodes-seguini-levl-rehd.txt,,,Icacinaceae,
Callerya eurybotrya (Drake) Schot – Millettia eurybotrya Drake,Dây lăng,"Lạng Sơn, Hà Nội, Hòa Bình, Hà Tĩnh, Thừa Thiên Huế, Ninh Thuân. Cây mọc tự nhiên trong rừng rậm thường xanh, ở độ cao tới 1200 m",callerya-eurybotrya-drake-schot-millettia-eurybotrya-drake.txt,,,Họ Đậu (Fabaceae),10018769
Sapium sebiferum (L.) Roxb. – Croton sebiferus L,"Sòi trắng , Sòi nhuộm, Sòi xanh, Mộc tử thụ, Mạy cụ (Tày)",Cây mọc tự nhiên ở vùng đồi núi khắp các tỉnh của Việt Nam,sapium-sebiferum-l-roxb.txt,,,Euphorbiaceae,3054399
Crescentia alata Kunth,Đào tiên cảnh,Cần Thơ. Cây trồng làm cảnh,crescentia-alata-h-b-k.txt,,Núc nác (Bignoniaceae),,5415080
Millettia ichthyochtona Drake,"Thàn mát, Hột mát, Mác bát (Tày), Cây duốc cá","Cây mọc tự nhiên ở vùng núi đá vôi Lạng Sơn, Thái Nguyên, còn được trồng ở Hà Nội",millettia-ichthyochtona-drake.txt,,,Fabaceae,5355812
Vaccinium bullatum (Dop) Sleum. – Agapetes bullata Dop,"Sơn trâm phồng, Việt quất lá bọt","Cao Bằng, Hà Giang, Tuyên Quang, Hòa Bình. Mọc rải rác trong rừng vùng núi đá vôi",vaccinium-bullatum-dop-sleum.txt,,,Ericaceae,4175230
Hedyotis pinifolia Wall. ex G. Don,Bòi ngòi lá thông,"Lao Cai (Sa Pa), Thừa Thiên Huế, Đà Nẵng, Khánh Hòa. Cây mọc tự nhiên",hedyotis-pinifolia-wall-ex-g-don.txt,,,Cà phê (Rubiaceae),9404750
Meiogyne monogyna (Merr.) Ban,Thiểu nhụy đơn,,meiogyne-monogyna-merr-ban.txt,,"Na (Annonaceae) Cập nhật01/07/2019 ★ ★ ★ ★ ★ ★ 0.0 - 0 đánh giá Chia sẻ Chia sẻ Cây thuốc khác Platycerium holttumii Joncheere & Hennipman Zea mays L Schima argentea Pritz. ex Diels Bauhinia glauca subsp. tenuiflora (C.B.Clarke) K.Larsen & S.S.Lar Bình luận Câu hỏi của bạn Hủy X Bạn vui lòng điền thêm thông tin! Chọn tệp (Allowed file typesjpg, png , maximum file size100MB. Cây thuốc được quan tâm Ampelopsis cantoniensis (Hook. et Arn.) Planch. Chữa sưng vú (Lá giã đắp). Đau dạ dày hành tá tràng (Cành lá... Curculigo orchioides Gaertn",,3158371
Lasianthus wallichii Vight,Đinh suốt,"Ninh Bình, Kon Tum, Đắk Lắk (Đắk Mil), Đắk Nông, Đồng Nai. Cây mọc tự nhiên trong rừng thưa",lasianthus-wallichii-vight.txt,,Cà Phê (Rubiaceae),,5336863
Malpighia glabra L,"Kim đồng nam, Cây seri",Cây nhập trồng để lấy quả.,malpighia-glabra-l.txt,,,Malpighiaceae,5421429
Dioscorea collettii Hook.f,"Nần nghệ, Nần gừng, Nần vàng,",cây mọc tự nhiên chủ yếu ở Mộc Châu (Sơn La),dioscorea-collettii-hook-f-2.txt,Dioscorea oenea Prain & Burk,Dioscoreaceae (Củ nâu),,4937226
Aidia cochinchinensis Lour. – Randia cochinchinensis (Lour.) Merr,"Găng nam bộ, Tà hay","Hà Nội (Ba Vì), Thừa Thiên Huế, Đà Nẵng, Kon Tum. Cây mọc tự nhiên rải rác trong rừng thứ sinh",aidia-cochinchinensis-lour.txt,,,Rubiaceae,2919748
Stigmata Maydis,Râu ngô,,rau-ngo-2.txt,,,,
Benkara fasciculata (Roxb.) Ridsdale – Randia fasciculata var. indica Pit,"Găng chụm, Găng ấn","Cây mọc tự nhiên trong rừng rậm ở Khánh Hoà, Đồng Nai, Tây Ninh.",randia-fasciculata-roxb-dc-var-indica-pitard.txt,,,Rubiaceae,3846139
Cyphomandra betacea (Cav.) Sendt. – Solanum betaceum Cav,Cà mỹ,Hà Giang (Quản Bạ).Cây nhập trồng (có nguồn gốc từ Mỹ),cyphomandra-betacea-cav-sendt-solanum-betaceum-cav.txt,,,Solanaceae,2930216
Cleome viscosa L,"Màn màn hoa vàng, Sơn tiên, Mần gi",Cây mọc tự nhiên ở hầu hết các tỉnh vùng trung du tới đồng bằng của Việt Nam,cleome-viscosa-l.txt,,,Capparaceae,6370562
Albizia crassiramea Lace,Chu biền,"Lai Châu (Phong Thổ), Lào Cai (Bảo Hà). Cây mọc tự nhiên trong rừng hỗn giao rụng lá và trảng cây gỗ, ở độ cao 500-2000 m",albizia-crassiramea-lace.txt,,,Mimosaceae,2973155
Asystasiella neesiana (Wall.) Lindau,"Băng dính, Song biển Nees","Đà Nẵng, Nam Bộ. Cây mọc tự nhiên; còn được trồng làm cảnh.",asystasiella-neesiana-lindau.txt,,,Acanthaceae,5574031
Spirulina platensis (Nordst.) Geitl,"Tảo xoắn, Tảo lò xo",Ninh Thuận. Cây nhập trồng.,spirulina-platensis-nordst-geitl.txt,,,Oscillatoriaceae,3218108
Abrus precatorius L,"Cam thảo dây, Dây cườm cườm, Dây chi chi, Tương tư đằng,Cảm sảo (Tày)","Cây trồng, cũng mọc hoang ở các trảng cây bụi ở nhiều nơi của Việt Nam",abrus-precatorius-l.txt,,Đậu ( Fabaceae),,5348711
Erigeron crispus Pourr,"Thượng lão nhăn, Cúc Voi","Lai Châu, Lào Cai, Sơn La, Yên Bái, Hà Giang, Cao Bằng, Lạng Sơn, Vĩnh Phúc, Hà Nội, Quảng Trị, Kon Tum",erigeron-crispus-pourr.txt,"Erigeron bonariensis L., E. linifolius Willd., Conyza bonariensis (L.) Cronquist",Cúc – Asteraceae,,3146717
Callistemon citrinus (Curtis) Skeels – Metrodideros citrina Curtis,"Tràm bông đỏ, Kiều nhuỵ","Cây nhập trồng, phổ biến ở miền Nam",callistemon-citrinus-curtis-skeels.txt,,,Myrtaceae,3173413
Excrementum Hominis,"Cứt người, Nhân phẩn, Hoàng long thang, Hoàn nguyên thủy, Phấn thanh, Nhân trung hoàng",,phan-nguoi.txt,,,,
Ophiopogon japonicus (L.f.) Ker-Gawl. – Convallaria japonica L.f,"Mạch môn, Lan tiên, Tóc tiên, Duyên giới thảo, Xà thảo, Phiéc kép phạ (Tày), Mạch môn đông",Cây thường được trồng ở vùng nông thôn các tỉnh đồng bằng,ophiopogon-japonicus-l-f-ker-gawl.txt,,,Convallariaceae,2774158
Camellia sinensis (L.) Kuntze – Thea sinensis L,"Chè, Mạy chà (Tày), Che (Kho), Co chà (Thái)",Cây trồng ở nhiều địa phương của Việt Nam,camellia-sinensis-l-kuntze.txt,,,Theaceae,3189635
Diplazium donianum (Mett.) Tard. – Asplenium donianum Mett,"Ráng song quần, Song cai quyết","Bắc bộ, Trung bộ Việt Nam. Cây mọc tự nhiên trong rừng rậm thường xanh nguyên sinh, đôi khi gặp cả ở trong rừng rậm thường xanh thứ sinh.",diplazium-donianum-mett-tard.txt,,,Woodsiaceae,4016931
Stephania tetrandra S. Moore,Phấn phòng kỷ,"Lào Cai, Yên Bái, Hà Giang, Quảng Ninh. Cây mọc tự nhiên trên núi đá vôi",stephania-tetrandra-s-moore.txt,,,Menispermaceae,5592737
Podocarpus neriifolius D.Don,"Thông tre, Thông trúc đào, Thông tre nam","Hà Giang, Cao Bằng, Lào Cai, Sơn La, Ninh Bình, Phú Thọ, Nghệ An. Cây mọc tự nhiên rải rác trong rừng rậm thường xanh, ở độ cao 400-1.800 m",podocarpus-nerriifolius-d-don.txt,,,Podocarpaceae,5286088
Sebastiania chamaelea (L.) Muell.-Arg. – Tragia chamaelea L,Cỏ kỳ nhông,"Từ Quảng Trị trở vào. Cây mọc tự nhiên trên đất cát, sinh cảnh hở",sebastiania-chamaelea-l-muell-arg.txt,,,Euphorbiaceae,3074608
Dodonaea viscosa (L.) Jacq,"Chành ràng, Chành rành, Rù rì, Chằn rằn","Nghệ An (Quỳnh Lưu), Hà Tĩnh, Quảng Bình, Quảng Trị, Huế, Khánh Hòa, Gia Lai, Bà Rịa-Vũng Tàu, Kiên Giang",dodonaea-viscosa-l-jacq.txt,"Ptelea viscosa L., Dodonaea burmanniana DC., D.candolleana Blume",Bồ hòn – Sapindaceae,,5421144
Salvia farinacea Benth,Xôn xanh,Hà Nội. Cây nhập trồng,salvia-farinacea-benth.txt,,,Lamiaceae,2927064
Coccinia grandis (L.) Voigt – Bryonia grandis L,"Mảnh bát, Hoa bát","Lào Cai, Hà Giang, Sơn La, Hoà Bình. Cây mọc tự nhiên, thường được trồng lấy lá làm rau ăn.",coccinia-grandis-l-voigt.txt,,,Cucurbitaceae,2874564
Neolitsea ellipsoides Allen,Nô bầu dục,"Lào Cai, Quảng Ninh, Vĩnh Phúc, Hà Tĩnh, Nghệ An tới các tỉnh Tây Nguyên",neolitsea-ellipsoides-allen.txt,,,Lauraceae,4179980
Careya arborea Roxb,"Vừng xoan, Vừng quả xoan, Mung, San","Kon Tum, Gia Lai, Đắk Lắk, Đồng Nai. Cây mọc tự nhiên trong rừng thưa rụng lá, ở độ cao 200-1000 m",careya-arborea-roxb.txt,,,Lecythidaceae,3083448
Photinia beauverdiana Schneid,Thạch nam,"Lao Cai, Hà Giang (Đồng Văn). Cây mọc tự nhiên rải rác trong rừng, ở độ cao 1.000-1.600 m",photinia-beauverdiana-schneid.txt,,,Rosaceae,3000384
Neocinnamomum delavayi (Lecomte) H.Liu – Cinnamomum delavayi Lecomte,De hoa nhỏ,"Miền Bắc Việt Nam. Cây mọc tự nhiên rải rác trong rừng, ở độ cao dưới 500 m",neocinnamomum-delavayi-lecomte-h-liou.txt,,Long Lão (Lauraceae),,8423521
Lablab purpureus (L.) Sweet – Dolichus purpureus L,"Đậu ván trắng, Bạch biển đậu, Bạch đậu, Đậu biển, Thứa pản khao (Tày), Tập bẩy pẹ (Dao)",Cây trồng,lablab-purpureus-l-sweet-dolichus-purpureus-l.txt,,,Họ Đậu (Fabaceae),2952236
Justicia obscura Vahl,"Đuôi nheo, Xuân tiết sẫm",Cây trồng ở vùng Nam Bộ.,justicia-obscura-vahl.txt,,,Acanthaceae,3773565
Psychotria siamica (Craib) Hutch. – Cephaelis siamica Craib,"Lấu lông hoe, Co bôi","Cao Bằng, Lạng Sơn. Cây mọc tự nhiên",psychotria-siamica-craib-hutch.txt,,,Rubiaceae,2923401
Quercus acutissima Carruth,"Sồi nhọn, Sồi Tằm, Sồi Mộc Châu","Lai Châu, Lào Cai, Sơn La (Thuận Châu, Sông Mã, Mộc Châu). Cây ưa sáng mọc tự nhiên ở vùng núi cao, nơi có khí hậu lạnh, trên đất màu mỡ.",quercus-acutissima-carruth.txt,,,Fagaceae,2877959
Barringtonia macrostachya (Jack) Kurz – Doxomma macrostachya Jack,"Tam lang, Chiếc chùm to","Thừa Thiên Huế, Gia Lai (Chư Pah, Chư Prông), Đắk Lắk (Buôn Đoa). Cây mọc tự nhiên ven rạch nước lợ tới rừng nhiệt đới thường xanh, ở độ cao 100-1400 m",barringtonia-macrostachya-jack-kurz.txt,,,Lecythidaceae,3082792
Caesalpinia major (Medik.) Dandy & Exell,"Vang lá lớn, Điệp quát","Gia Lai (K’Bang), Bà Rịa-Vũng Tàu (Côn Đảo)",caesalpinia-major-medik-dandy-exell.txt,"Bonduc majus Medik., Caesalpinia bonduc (L.) Roxb., C.jayabo Maza",Đậu – Fabaceae,,2958773
Desmodium multiflorum DC. – D. angulatum DC,Thóc lép nhiều hoa,"Đà Lạt, Langbian. Cây mọc tự nhiên ở bãi cỏ ven đường, rú bụi có gai, trong rừng thông, ở độ cao 1200-2000 m",desmodium-multiflorum-dc.txt,,,Fabaceae,10685079
Embelia undulata (Wall.) Mez – Embelia subcoriacea (C.B. Clarke) Mez,"Chua ngút dai, Rè lai","Hà Nội (Ba Vì), Quảng Trị, Kon Tum (Kon Plông). Cây mọc tự nhiên rải rác trong rừng, ở độ cao tới 1400 m",embelia-undulata-wall-mez.txt,,,Myrsinaceae,3719738
Huperzia serrata (Thunb.) Trevis,"Thạch tùng răng, Thông đất răng","Lao Cai, Thừa Thiên Huế (Bạch Mã), Lâm Đồng. Cây mọc tự nhiên thành từng đám nhỏ trên đất, trong rừng rậm thường xanh, trong đó có rừng mây mù, ở độ cao 300-1800 m.",huperzia-serrata-thunb-trevis.txt,,,Lycopodiaceae,2688470
Illigera rhodantha Hance,"Khâu tai, Lưỡi chó hoa đỏ, Dây xanh, Dây chẽ ba, Thau bóp bép (Nùng), Hau vạ (Sán Chay), Chủ tải huây (Dao)","Lào Cai (Sa Pa, Mông Xến), Lạng Sơn (Bằng Mạc, Hữu Lũng, Minh Sơn, Trại Mới, Làng Met), Bắc Kạn (Chợ Mới), Quảng Ninh (Móng Cái, Hà Cối, Tong Fa; Chúc Phai), Bắc Giang (Kép, Phố Vị), Hải Phòng (Cát Hải, Cát Bà), Hà Nội (Sơn Tây, Ba Vì, Thủ Pháp), Ninh Bình (Chợ Ghềnh), Đà Nẵng (Bà Nà), Quảng Nam, Khánh Hòa Nha Trang)",illigera-rhodantha-hance.txt,,Tung – Hernandiaceae,,7326434
Globba pendula Roxb,Ngải mọi,Đồng Nai (Biên Hòa). Cây trồng làm cảnh,globba-pendula-roxb.txt,,,Zingiberaceae,2757900
Pogostemon auricularis (L.) Hassk. var. giganteus (Doan) Phamh. – Dyophylla auricularia Blume var. gigantea Doan,Chín từng,"Ninh Thuận (Phan Rang, Cà Ná). Cỏ mọc nơi sáng và ẩm, ven bờ sông suối, ao hồ, bờ đầm.",pogostemon-auricularis-l-hassk-var-giganteus-doan-phamh.txt,,,Lamiaceae,7308947
Erythrina variegata L,"Vông nem, Thích đồng, Co tóng lang (Thái), Bơ tòng (Tày), Hải đồng, Lá vông","Cây mọc tự nhiên trong rừng thưa nhiều nơi ở nước ta, còn được trồng lấy bóng mát",erythrina-variegata-l.txt,,,Fabaceae,5349581
Trevesia palmata (Roxb. ex Lindl.) Visan,"Đu đủ rừng, Thầu dầu núi, Thôi phong, Lá táng, Mác rẩu đông (Tày), Co táng (Thái), Thông thảo gai, Tầm thông đẵng (Dao)","Cây mọc tự nhiên theo các sông, suối, thung lũng các rừng phục hồi",trevesia-palmata-roxb-ex-lindl-visan.txt,,,Araliaceae,3037328
Walsura villosa Wall. ex Wight & Arn,"Ga, Gia trắng, Sira","Khánh Hòa, Đắk Lắk. Cây mọc tự nhiên trong rừng kín",walsura-villosa-wall-ex-wight-arn.txt,,,Meliaceae,11316188
Narengi crenulata (M. Roem.) Nicols. – Hesperethusa crenu-lata M.Roem,"Chanh cóc, Ché, Cốc lụm","Khánh Hoà, Kon Tum, Lâm Đồng. Cây mọc tự nhiên rải rác trong rừng thứ sinh, ở độ cao 600 m trở lên",narengi-crenulata-m-roem-nicols.txt,,,Rutaceae,3836590
Bruguiera sexangula (Lour.) Poir.  – Rhizophora sexangula Lour,Vẹt đen,Miền Nam. Cây mọc tự nhiên ở vùng ngập mặn ven biển.,bruguiera-sexangula-lour-poir-in-lam.txt,,,Rhizophoraceae,6370882
Dysoxylum cauliflorum Hiern,"Huỳnh đằng hoa thân, Goi mật","Ninh Bình (Cúc Phương), Nghệ An, Hà Tĩnh, Kon Tum, Gia Lai, Lâm Đồng. Cây mọc tự nhiên, rải rác trong rừng thường xanh, rừng thứ sinh.",dysoxylum-cauliflorum-hiern.txt,,Xoan (Meliaceae),,5597556
Rauvolfia caffra Sond,Ba gạc cu ba,Nhập trồng (Viện Dược liệu). Nguồn gốc từ Cu Ba,rauvolfa-cafra-sond.txt,,,Apocynaceae,3618324
Dillenia pentagyna Roxb,"Sổ ngũ thư, Sổ 5 nhuỵ",Quảng Trị tới Đồng Nai. Cây mọc tự nhiên rải rác trong rừng khô nửa rụng lá,dillenia-pentagyna-roxb.html?wpsc_do=regen_cache.txt,,,Dilleniaceae,5681100
Curculigo orchioides Gaertn,"Sâm cau , Ngải cau, Tiên mao, Cồ nốc lan, Sâm đỏ, Thài lèng, Soọng cà (Tày), Nam sáng ton (Dao)","Lao Cai, Hà Tây, Hoà Bình, Hải Dương, Nghệ An, Quảng Trị, Thừa Thiên Huế, Kon Tum. Cây mọc tự nhiên trên đồi cỏ, trảng cây bụi, ven suối, hốc đá",curculigo-orchioides-gaertn.txt,,,Hypoxidaceae,2853024
Sinapis alba L. – Brassica alba (L.) Boiss,Bạch giới tử,Cây trồng,sinapis-alba-l.txt,,,Brassicaceae,3047621
Plectranthus scutellarioides (L.) R. Br. – Ocimum scutellarioides L,Tía tô tây,Cây trồng làm cảnh ở Hà Nội.,plectranthus-scutellarioides-l-r-br.txt,,,Lamiaceae,5341492
Rhaphidophora hookeri Schott,"Ráy leo lá lớn, Trâm đài, Tôm hùm, Cỏ ngom cuống dài","Lào Cai, Hoà Bình. Cây mọc tự nhiên, bám trên cây gỗ hoặc trên núi đá vôi; trong rừng thường xanh, ẩm..",rhaphidophora-hookeri-schott.txt,,,Araceae,5329674
Paederia linearis Hook.f. – Paederia consimilis Pierre ex Pit,"Rau mơ, Thúi địt","Đồng Nai (Biên Hòa).Cây mọc tự nhiên rải rác ven đường, lùm bụi, nơi sáng",paederia-consimilis-pierre-ex-pit.txt,,,Rubiaceae,2909579
Agave sisalana Pers,Dứa sợi,Cây nhập trồng.,agave-sisalana-pers.txt,,,Agavaceae,2766636
Kyllinga triceps Rottb,Bạc đầu ba bông,Cây mọc tự nhiên,kyllinga-triceps-rottb.txt,,,Cyperaceae,2714915
Sophora tomentosa L,"Hòe lông, Hòe biển","Quảng Ninh, Hải Phòng (Cát Bà), Khánh Hòa (Hòn Hèo), Bà Rịa Vũng Tàu (Côn Đảo). Cây mọc tự nhiên, thường gặp ở các bãi cát ven biển và quanh các đào núi đá",sophora-tomentosa-l.txt,,,Fabaceae,2958970
Cyclea hypoglauca (Schauer) Diels – Cissampelos hypoglauca Schauer,Sâm lá mốc,"Lao Cai, Quảng Nam, Đà Nẵng. Cây mọc tự nhiên ở lùm bụi, vùng cát ven biển",cyclea-hypoglauca-schauer-diels.txt,,,Menispermaceae,3829915
Linum usitatissimum L,Lanh,"Lai Châu, Lào Cai, Hà Giang. Cây trồng. Nguyên sản từ châu Âu",linum-usitatissimum-l.txt,,,Linaceae,2873861
Desmodium sequax Wall,"Lục lạc lá ổi, Thóc lép đeo, Tràng quả đeo","Lào Cai, Lai Châu, Cao Bằng, Thanh Hoá. Cây mọc tự nhiên ở bãi cỏ ven đường, trảng cỏ và cây bụi, ở độ cao 200-1600 m",desmodium-sequax-wall.txt,,,Fabaceae,11374082
Hypolytrum nemorum (Vahl) Spreng. – Schoenus nemorum Vahl,"Xạ can núi, Rẻ quạt núi",Lạng Sơn đến Kiên Giang. Cây mọc tự nhiên ở vúng núi,hypolytrum-nemosum-vahl-spreng.txt,,,Cyperaceae,2709295
Tabernaemontana bufalina Lour. – Tabernaemontana pallida Pierre ex Spire,"Ớt làn lá nhỏ, Mác mùng đông (Tày), Ớt rừng, Giơ ra atàu (Bana)","Tuyên Quang, Thái Nguyên, Vĩnh Phúc, Gia Lai, Kon Tum, Đồng Nai. Cây mọc tự nhiên, phổ biến ở rừng thứ sinh",tabernaemontana-bufalina-lour.txt,,,Apocynaceae,3618589
Pandanus tonkinensis Mart. ex B. Stone,"Dứa dại, Dứa gỗ, Dứa gai, Mạy lạ (Tày), Co nam lụ (Thái), Lâu kìm (Dao)","Hà Nội (Ba Vì), Quảng Bình, Quảng Trị, Đà Nẵng, Quảng Nam, Khánh Hòa. Cây mọc tự nhiên thành bụi ở cả vùng núi, trung du và đồng bằng",pandanus-tonkinensis-mart-ex-b-stone.txt,,,Pandanaceae,5328456
Lindsaea ensifolia Sw,Ráng liên sơn,Rất rộng. Cây mọc tự nhiên phổ biến khắp vùng rừng núi của Việt Nam.,lindsaea-ensifolia-sw.txt,,,Dennstaedtiaceae,2650772
Artocarpus styracifolius Pierre,"Mít lá bồ đề, Vỏ khoai","Quảng Ninh, Bắc Kạn. Cây mọc tự nhiên rải rác trong rừng, ở độ cao 600-700m",artocarpus-styracifolius-pierre.txt,,Dâu tằm (Moraceae),,3764082
Pericampylus glaucus (Lam.) Merr,"Châu đảo, Tiết dê lá dày, Dây châu đảo","Tuyên Quang, Hà Nội, Ninh Bình, Thừa Thiên Huế, Kon Tum, Biên Hòa, Bà Rịa. Cây mọc tự nhiên trong rừng, ở độ cao dưới 1000 m",pericampylus-glaucus-lam-merr.txt,,,Menispermaceae,3829373
Clerodendrum palmatolobatum P. Dop,"Ngọc nữ lá chân vịt,",,clerodendrum-palmatolobatum-p-dop.txt,,"Cỏ roi ngựa (Verbenaceae) Cập nhật01/07/2019 ★ ★ ★ ★ ★ ★ 0.0 - 0 đánh giá Chia sẻ Chia sẻ Cây thuốc khác Gymnopetalum scabrum (Lour.) W.J.de Wilde & Duyfjes Stephania sinica Diels Gynura barbaraefolia Gagnep. Crepidium acuminatum (D. Don) Szlach. Bình luận Câu hỏi của bạn Hủy X Bạn vui lòng điền thêm thông tin! Chọn tệp (Allowed file typesjpg, png , maximum file size100MB. Cây thuốc được quan tâm Ampelopsis cantoniensis (Hook. et Arn.) Planch. Chữa sưng vú (Lá giã đắp). Đau dạ dày hành tá tràng (Cành lá... Curculigo orchioides Gaertn",,3890752
Hoya multiflora Blume,Hồ da nhiều hoa,"Hà Nội, Khánh Hoà. Cây mọc tự nhiên trong rừng còi.",hoya-multiflora-blume.txt,,,Asclepiadaceae,3573230
Amomum testaceum Ridl. – Amomum krervanh Pierre ex Gagnep,Bạch đậu khấu,Cây mọc tự nhiên ở núi Thất Sơn tỉnh An Giang,amomum-testaceum-ridl.txt,,,Zingiberaceae,11059690
Brachiaria villosa (Lam.) A.Camus – Urochloa villosa (Lam.) T.Q. Nguyen,Vĩ thảo lông,"Lâm Đồng. Cây mọc tự nhiên trên kênh rạch, ruộng ven rừng, đầm lầy",urochloa-villosa-lam-t-q-nguyen.txt,,,Poaceae,2705839
Dendrobium aphyllum (Roxb.) C. Fisch,Thạch hộc không lá,"Lao Cai (Sa Pa), Lai Châu (Sìn Hồ). Cây mọc tự nhiên",dendrobium-aphyllum-roxb-c-fisch-in-gamble.txt,,,Orchidaceae,5316701
Schima argentea Pritz. ex Diels,Vối thuốc bạc,"Nghệ An, Khánh Hòa. Cây mọc tự nhiên, rải rác trong rừng, ở độ cao 900- 3.000m",schima-argentea-pritz-ex-diels.txt,,,Theaceae,3591711
Maesa ramentacea (Roxb.) A. DC. – Baeobotrys ramentacea Roxb,"Đơn hồng, Đồng mạc","Lai Châu, Lao Cai, Cao Bằng, Quảng Bình, Quảng Trị, Thừa Thiên Huế, Kon Tum, Lâm Đồng. Cây mọc tự nhiên trong rừng cây lá rộng, nơi có bóng râm, ở độ cao 300- 1600 m. Loài hiếm đã được đưa vào Sách Đỏ Việt Nam",maesa-ramentacea-roxb-a-dc.txt,,,Myrsinaceae,7368771
Phlogacanthus turgidus (Fua ex Hook.f.) Nicholson,"Thường sơn tía, Thường sơn nhật bản","Khánh Hoà, Bình Định, Kon Tum, Lâm Đồng, Ninh Thuận, Đồng Nai, Tây Ninh. Cây mọc tự nhiên, phổ biến ở rừng thưa",phlogacanthus-turgidus-fua-ex-hook-f-nicholson.txt,,,Acanthaceae,3775530
Colubrina asiatica (L.) Brongn. – Ceanothus asiaticus L,"Cây kheo, Núc áo, (cây) Lẹo mắt, Thuốc gan, Xà đằng","Quảng Ninh, Tuyên Quang, Khánh Hoà, Đồng Nai, Bà Rịa – Vũng Tàu, Quảng Nam. Cây mọc tự nhiên rải rác trong rừng thứ sinh, quanh lùm bụi, đồi hoang, dọc bờ biển",colubrina-asiatica-l-brongn.txt,,,Rhamnaceae,5372467
Potamogeton distinctus A. Benn,"Rong mắt, Mục tử thái, Giang thảo riêng biệt","Cây mọc tự nhiên trong ao, hồ, sông suối từ Hà Nội tới Thừa Thiên – Huế đến Kon Tum",potamogeton-distinclus-a-benn.txt,,,Potamogetonaceae,7289668
Sesbania cannabina (Retz.) Pers. – Aeschynomene canabina Retz,Điền thanh hoa vàng,Cây trồng phổ biến khắp nơi ở Việt Nam,sesbania-canabina-retz-pers.txt,,Đậu (Fabaceae),,7645889
Pogostemon auricularius Hassk,Cò cò,"Lạng Sơn, Hòa Bình, Đà Nẵng, Phan Rang. Cây mọc tự nhiên nơi sáng và ẩm",pogostemon-auricularius-hassk.txt,,Hoa môi (Lamiaceae),,7308947
Gardenia sootepensis Hutch,"Nam hương, Dành dành thái",Lâm Đồng (Đà Lạt). Cây mọc tự nhiên rải rác trong rừng,gardenia-sootepensis-hutch.txt,,,Rubiaceae,5335111
Cupressus funebris Endl. – Chamaecyparis funebris (Endl.) Franco,"Ngọc am, Hoàng đàn liễu","Lạng Sơn, Tuyên Quang, Cao Bằng. Cây mọc tự nhiên rải rác trong rừng rậm thường xanh cây lá rộng trên sườn núi đá vôi. Đôi khi còn được trồng quanh đền chùa",cupressus-funebris-endl.txt,,,Cupressaceae,2684076
Memexylon edule Roxb,"Sầm, Sầm ngọt, Coóc mộc","Lao Cai, Quảng Bình, Quảng Trị, Thừa Thiên Huế tới Tây Nguyên. Cây mọc tự nhiên rải rác ở vùng đồi núi trọc, trong rừng thứ sinh khô cằn",memexylon-edule-roxb.txt,,,Melastomaceae,3866993
Gynura barbaraefolia Gagnep,"Rau lúi, Bầu đất, Kim thất, Dây chua lè, Khảm khom (Tày), Thiên hắc địa hồng","Hải Phòng, Ninh Bình, Thanh Hoá, Quảng Trị, Thừa Thiên Huế, Khánh Hoà. Cây mọc tự nhiên trên vách đá vùng ven biển",gynura-barbaraefolia-gagnep.txt,,,Asteraceae,3139955
Aspidistra punctata Lindl,Hoa trứng nhện lấm tấm,"Hoà Bình (Mai Châu), Quảng Ngãi (Trà Bồng). Cây mọc ở khe đá, thung lũng vùng núi đá vôi.",aspidistra-punctata-lindl.txt,,,Convallariaceae,2769887
Zanthoxylum acanthopodium DC,"Sẻn, Sẻn gai","Lao Cai, Hòa Bình, Lâm Đồng, Kon Tum. Cây mọc tự nhiên ở vùng núi cao",zanthoxylum-acanthopodium-dc.txt,,,Rutaceae,7269121
Helicia cochinchinensis Lour,Quắn hoa trung bộ,"Cây mọc tự nhiên trong rừng thứ sinh, ở độ cao dưới 100m, phổ biến ở Việt Nam",helicia-cochinchinensis-lour.txt,,,Proteaceae,7287475
Gerbera piloselloides (L.) Cass. – Arnica piloselloides L,"Men rượu, Hoa đồng tiền, Cúc mặt trời","Lai Châu, Lào Cai, Sơn La, Hà Giang, Cao Bằng tới Kon Tum, Đắk Lắk, Lâm Đồng. Cây mọc tự nhiên ở vách núi, trảng cỏ và trong các rừng thưa",gerbera-piloselloides-l-cass.txt,,,Asteraceae,3097405
Lithocarpus areca (Hickel et A. Camus) A. Camus – Pasania areca Hickel et A. Camus,"Dẻ cau, Sồi đá",Ninh Bình. Cây mọc tự nhiên rải rác trong vùng thường xanh,lithocarpus-areca-hickel-et-a-camus-a-camus.txt,,Dẻ (Fagaceae),,5332697
Polycarpon indicum (Retz.) Merr. – P. prostratum (Forssk.) Asch. et Schw,Đa châu nằm,"Quảng Ninh, Hải Phòng, Thanh Hóa, Nghệ An. Cây mọc tự nhiên dựa đường nước, ven đê, bờ ruộng, nơi đất pha cát",polycarpon-indicum-retz-merr.txt,,,Họ Cẩm chướng (Caryophyllaceae),3085381
Capparis membranifolia Kurz – C. vininea Hook.f. et Thoms,"Bông lão, Cáp lá mỏng","Bắc Ninh, Hà Nội, Hòa Bình, Nghệ An. Cây mọc tự nhiên",capparis-membranifolia-kurz.txt,,,Capparaceae,5601861
Tinospora crispa (L.) Hook. f. & Thoms. – Menispermum crispum L,"Dây kí ninh, Dây thần thông, Dây cóc, Bảo cự hành, Khau keo hơ (Tày)","Hà Giang, Tuyên Quang, Sơn La, Phú Thọ . Cây mọc tự nhiên và đôi khi được trồng để làm thuốc trong gia đình",tinospora-crispa-l-miers-menispermum-crispum-l.txt,,,Họ Tiết dê (Menispermaceae),8298918
Terminalia myriocarpa Van Heurck et Muell. – Arg,"Chiêu liêu nhiều quả, Chò xanh","Lào Cai, Lạng Sơn, Ninh Bình, Bắc Thái. Cây mọc tự nhiên núi đá vôi",terminalia-myriocarpa-van-heurck-et-muell-arg.txt,,,Combretaceae,3189391
Daphne bholua Ham. ex G. Don,"Dó bộ lua, Dó kép, gió kép","Lào Cai (Sa Pa, Ô Quy Hồ).",daphne-bholua-ham-ex-g-don.txt,,Trầm – Thymelaeaceae,,
Alocasia cucullata (Lour.) Schott; Arum cucullata Lour,"Ráy túi, Chim nữ vú",Hải Phòng (Cát Bà). Cây trồng làm cảnh,alocasia-cucullata-lour-schott-arum-cucullata-lour.txt,,,Araceae,5329867
Acer tonkinense Lecomte,"Thích bắc bộ, Tích thụ bắc bộ, Mang thầu dầu, Có xám hảng (Thái)","Hà Nam (Lạt Sơn), Ninh Bình, Nghệ An (Quế Phong), Thừa Thiên Huế (Bạch Mã)",acer-tonkinense-lecomte.txt,,,Aceraceae,7263082
Drosera peltata Sm. – Drosera peltata var. lunata C.B. Clarke ex Hook.f,Trương lệ bán nguyệt,"Bắc Bộ, Lâm Đồng. Cây mọc tự nhiên ở đồng cỏ, cao nguyên.",drosera-peltata-smith-in-willd.txt,,,Droseraceae,3190855
Aralia nguyentaoi Ha,"Cuông tạo, Cuồng nguyễn tạo","Phú Thọ, Vĩnh Phúc (Tam Đảo), Nghệ An (Nghi Xuân, Xuân Hồng). Cây mọc tự nhiên rải rác trong rừng, ở độ cao 900 m",aralia-nguyentaoi-ha.txt,,,Họ Nhân sâm (Araliaceae),3037026
Diospyros malabarica (Desr.) Kostel. – Garcinia malabarica Desr,Cườm thị,"Miền Trung, Hà Nội, Sài Gòn. Cây mọc tự nhiên và được trồng",diospyros-malabarica-desr-kostel.txt,,,Họ Thị (Ebenaceae),7295796
Ophiopogon wallichianus Hook.f,Phắc kép đông,"Quảng Bình, Quảng Trị, Thừa Thiên Huế. Cây mọc tự nhiên",ophiopogon-wallichianus-hook-f.txt,,,Convallariaceae,2774251
Thalictrum foliolosum DC,Thổ hoàng liên,"Lào Cai, Hà Giang, Lai Châu. Cây mọc tự nhiên, ở độ cao 1200-2000m",thalictrum-foliolosum-dc.txt,,,Ranunculaceae,8317447
Lemna perpusilla Torr. – Lemna minor L,"Bèo tấm, Bèo cám, Tiểu phù bình, Béo pjện (Tày)","Cây sống trôi nổi trên mặt nước ao, hồ, ruộng, phổ biến ở Việt Nam. – Mùa hoa quảV-VII",lemna-perpusilla-torr-lemna-minor-l.html?wpsc_do=regen_cache&nonce=9064891795f5f328e610d9.txt,,Bèo tấm (Lemnaceae),,2867627
Memexylon caeruleum Jack,"Sầm lá lớn, Sầm hoa","Đông Nai, Bà Rịa Vũng Tàu (Côn Đảo). Cây mọc tự nhiên trên đồi cây bụi, ở độ cao dưới 400 m",memexylon-caeruleum-jack.txt,,,Melastomaceae,3867900
Colebrookea oppositifolia Smith,"Huân tước, Vũ ngạc","Đắk Lắk (Buôn Ma Thuột). Cây mọc tự nhiên ở nơi sáng và ẩm, các bãi hoang, ven rừng, savan, ở độ cao 600-1.200 m",colebrookea-oppositifolia-smith.txt,,,Lamiaceae,3884974
Delavaya toxocarpa Franch,"Dầu choòng, Mắc rạc, Mạy choòng","Hà Giang, Cao Bằng, Lạng Sơn, Tuyên Quang",delavaya-toxocarpa-franch-2.txt,Delavaya yunnanensis Franch,Bồ hòn – Sapindaceae,,5578218
Dracaena angustifolia Roxb,"Bồng bồng, Sâm nam, Hồng sâm, Co phạc ma (Thái), Cô niêng (Kho), Nhả hen (Tày)","Lào Cai, Hà Nội, Hòa Bình, Ninh Bình, Nghệ An, Ninh Thuận, Kon Tum. Cây mọc tự nhiên dưới rừng, trên núi đá vôi, ven suối, còn được trồng trong các gia đình",dracaena-angustifolia-roxb.txt,,,Dracaenaceae,5304502
Cipadessa baccifera (Roth) Miq. – Melia baccifera Roth,"Giáng lệ, Cây mật cá, Co di pia (Thái), Dọc khế, Cà muối","Cao Bằng, Lạng Sơn, Hòa Bình, Sơn La, Lâm Đồng. Cây mọc tự nhiên trên đồi cây bụi, trong rừng thưa, ở độ cao 500-1.600 m",cipadessa-baccifera-roth-miq.txt,,,Meliaceae,3851819
Calophyllum dryobalanoides Pierre,"Cồng núi, Cà nghét","Quảng Trị, Thừa Thiên Huế (Bạch Mã), Bà Rịa Vũng Tàu. Cây mọc tự nhiên vùng rừng núi",calophyllum-dryobalanoides-pierre.txt,,Bứa (Clusiaceae),,8188852
Acalypha indica L,"Tai tượng xanh, Tai tượng ấn","Đà Nẵng, Quảng Nam, Khánh Hòa. Cây mọc tự nhiên trên các bãi cỏ, đường đi, phổ biến ở vùng đồng bằng Bắc Bộ",acalypha-indica-l.txt,,,Euphorbiaceae,3056259
Rhamnoneuron balansae (Drake) Gilg – Wikstroemia balansae Drake,Dó,"Lai Châu, Sơn La, Lào Cai, Hòa Bình, Hà Nội (Ba Vì), Vĩnh Phúc (Tam Đảo), Thái Nguyên (Đại Từ). Cây mọc tự nhiên, rải rác trong rừng thưa, ở độ cao dưới 1.200 m",rhamnoneuron-balansae-drake-gilg-in-engl-prantl.txt,,Trầm (Thymelaeaceae),,3567756
Pluchea pteropoda Hemsl,"Sài hồ nam, Cây lức, Hải sài, Cúc tần biển, cC may tay (Thái)",Cây mọc tự nhiên ở vùng nước lợ ven biển Quảng Ninh tới các tỉnh miền Trung,pluchea-pteropoda-hemsl.txt,,,Asteraceae,3132668
Albizia chinensis (Osb.) Merr. – Mimosa chinensis Osbeck,"Chu mè, Đuôi trâu, Sống rắn trung quốc","Sơn La (Mộc Châu), Hà Giang, Tuyên Quang, Lạng Sơn, Đắk Lắk, Bình Thuận. Cây mọc tự nhiên trong các rừng thường xanh và rụng lá, các sa van và dọc các bờ sông suối ở độ cao 200-1700 m",albizia-chinensis-osb-merr.txt,,,Mimosaceae,2973197
Thrixspermum centipeda Lour,"Bạch điểm, Lan xương cá, Mao tử rít, Lan chân rết","Miền Bắc đến Miền Trung và Tây Nguyên. Cây mọc bám trên cây gỗ lớn trong rừng thường xanh, ở độ cao 500-1.400 m",thrixspermum-centipeda-lour.txt,,,Orchidaceae,2846723
Oenanthe dielsii Boiss. – O. thomsonii Boiss,Rau cần dại,"Lạng Sơn, Sơn La, Lâm Đồng. Cây mọc tự nhiên nơi ẩm lầy ven rừng, trên ruộng trũng nước.",oenanthe-dielsii-boiss.txt,,,Apiaceae,6027314
Amydrium sinense (Engl.) H. Li,Vân tùng trung quốc,"Hà Giang, Lào Cai, Vĩnh Phúc. Cây mọc tự nhiên, leo bám trên cây gỗ, rừng thường xanh núi cao ẩm.",amydrium-sinense-engl-h-li.txt,,,Araceae,2870265
Nervilia fordii (Hance) Schltr. – Pogonia fordii Hance,"Một lá, Thanh thiên quỳ, Slam lài, Bửa thoọc (Tày), Trân châu diệp, Lan cò","Lạng Sơn, Cao Bằng, Hoà Bình, Tây Nguyên. Cây mọc tự nhiên rải rác trong rừng, các kẽ đá, ở độ cao 200-1.000 m",nervilia-fordii-hance-schlecter.txt,,,Orchidaceae,2836625
Hedyotis herbacea L . – Oldenlandia herbacea (L.) Roxb,"Cây nọc rắn, An điền cỏ",Cây mọc tự nhiên ở vùng ven biển,hedyotis-herbacea-l.txt,,,Rubiaceae,7866673
Bidens biternata (Lour.) Merr. et Scherff,Song nha song tam,"Sơn La, Cao Bằng, Lạng Sơn, Bình Phước, Bình Dương. Cây mọc tự nhiên ở chân núi đá vôi và đá granit, ở độ cao dưới 100 m",bidens-biternata-lour-merr-et-scherff.txt,,,Asteraceae,5392065
Spilanthes paniculata Wall. ex DC,"Nụ áo chàm, Cúc áo hoa chùy","Cây mọc tự nhiên nơi ẩm, lầy, dọc các mương nước ở nhiều nơi",spilanthes-paniculata-wall-ex-dc.txt,,,Asteraceae,5386757
Bulbophyllum odoratissimum (Smith) Lindl. – Stelis odoratissima Smith,"Lan lọng, Cầu diệp rất thơm","Vĩnh Phú, Kon Tum. Cây mọc tự nhiên, bám trên cây gỗ trong rừng thưa, ở độ cao 800-1.600 m.",bulbophyllum-odoratissimum-smith-lindl.txt,,,Orchidaceae,2845882
Chirita colaniae Pell,Rau tai voi,"Lào Cai, Hà Giang, Bắc Cạn, Thái Nguyên, Quảng Bình, Quảng Trị, tới Tây Nguyên. Cây mọc tự nhiên ở vách đá, đất ẩm dọc theo suối trong rừng.",chirita-colaniae-pell.txt,,,Gesneriaceae,7693965
Piper chaudocanum C. DC,"Trầu rừng, Nhá (Tày), Trầu không núi","Kon Tum, Đồng Nai, An Giang. Cây mọc tự nhiên, bám trên cây gỗ trong rừng",piper-chaudocanum-c-dc.txt,,,Piperaceae,7712570
Atalantia citroides Pierre ex Guillaum,"Chanh rừng, Tiểu quất chanh","Đồng Nai, Bà Rịa Vũng Tàu. Cây mọc tự nhiên",atalantia-citroides-pierre-ex-guillaum.txt,,,Rutaceae,7861000
Mentha rotundifolia (L.) Huds. – M. spicata L. var. rotundifolia L,"Bạc hà lá tròn, Húng lá tròn",Hà Giang. Cây mọc tự nhiên,mentha-rotundifolia-l-huds.txt,,,Lamiaceae,8974899
Themeda triandra Forssk. var. japonica (Willd.) Makino – Anthistiria japonica Willd,Lô tam hùng nhật bản,"Hà Nội (Ba Vì), Lâm Đồng (Langbian). Cây mọc rải rác ven rừng, ven suối, ven sông, rừng thưa, trảng cây bụi.",themeda-triandra-forssk-var-japonica-willd-makino.txt,,,Poaceae,2703467
Cymbopogon citratus (DC.) Stapf,"Sả, Hương mao, Phiắc châu (Thái), Cà phéc (Tày), Sả chanh",Cây trồng,cymbopogon-citratus-dc-stapf.txt,,,Poaceae,2705275
Aralia spinifolia Merr,Pặc thông gai,"Hà Giang, Hoà Bình, Lai Châu, Lao Cai. Cây mọc tự nhiên ở vùng núi cao",aralia-spinifolia-merr.txt,,,Araliaceae,3036929
Tectona grandis L.f,"Tếch , Giá tỵ",Cây trồng ở nhiều nơi của Việt Nam,tectona-grandis-l-f.txt,,,Verbenaceae,2925649
Euphorbia pulcherrima Willd,Trạng nguyên,"Nguyên gốc từ Trung Mỹ, được dùng làm cảnh, làm hàng rào phổ biến khắp nơi ở Việt Nam",euphorbia-pulcherrima-willd.txt,,,Euphorbiaceae,3066465
Abelmoschus esculentus (L.) Moench,"Mướp tây, Bụp bắp, Đậu bắp, Bông vàng",,dau-bap.txt,Hibiscus esculentus L,Malvaceae (Bông),,3152707
Cocos nucifera L,Dừa,Cây trồng khá phổ biến ở các tỉnh từ Thanh Hóa vào các tỉnh phía Nam,cocos-nucifera-l.txt,,,Arecaceae,2735117
Dichroa hirsuta Gagnep,Thường sơn lông,"Vĩnh Phúc (Tam Đảo), Hòa Bình (Chợ Bờ). Cây mọc tự nhiên rải rác trong rừng thứ sinh, ven rừng, ở độ cao 100-1200 m",dichroa-hirsuta-gagnep.txt,,,Hydrangeaceae,8446611
"Benincasa hispida (Thunb. ex Murr.) Cogn., Cucurbita hispida Thunb. ex Murr","Bí đao, Đông qua, Bù rợ, Bí phấn, Fặc moong (Tày), Plăckich (Kho)",Cây trồng,benincasa-hispida-thunb-ex-murr-cogn-in-dc.txt,,,Bầu bí (Cucurbitaceae),2874524
Pararuellia flagelliformis (Roxb.) Bremek. & Nann.-Bremek. – Ruellia flagelliformis Roxb,Bay bốc,"Lạng Sơn, Thanh Hoá, Nghệ An, Quảng Trị. Cây mọc tự nhiên, thường gặp trên núi đá vôi",pararuellia-flagelliformis-roxb-bremek-et-nann-bremek.txt,,,Ô rô (Acanthaceae),3778290
Agelaea macrophylla (Zoll.) Leenh. – Erythrostigma macrophyllum Zoll,Dây trường ngân,Quảng Trị đến Kiên Giang. Cây mọc tự nhiên trong rừng kín,agelaea-macrophylla-zoll-leenh-erythrostigma-macrophyllum-zoll.txt,,,Họ Dây trường điều (Connaraceae),5550211
Syzygium malaccense (L.) Merr. et Perry – Eugenia malaccense L,Điều đỏ,Cây trồng ở Miền Đông Nam Bộ để lấy quả,syzygium-malaccense-l-merr-et-perry.txt,,Sim (Myrtaceae),,3184509
Pueraria montana var. chinensis (Ohwi) Sanjappa & Pradeep – P. l obata subsp. chinensis (Ohwi) Ohwi,"Sắn dây, Bạch cát, Bẳn mắm kéo (Thái), Khau cát (Tày)",Cây trồng,pueraria-montana-lour-merr-var-chinensis-ohwi-maesen.txt,,,Fabaceae,2977636
Neolitsea zeylanica (C. et T. Nees) Merr. – Litsea zeylanica C. et T. Nees,Nô xây lan,"Hoà Bình, Ninh Bình, Gia Lai, Ninh Thuận. Cây mọc tự nhiên, ở độ cao 800- 1600 m",neolitsea-zeylanica-c-et-t-nees-merr.txt,,,Lauraceae,4179928
Auricularia mesenterica Petz.Fr,Mộc nhĩ vảy,"Lai Châu, Lào Cai, Yên Bái, Tuyên Quang, Bắc Cạn, Thái Nguyên, Hà Giang, Hà Nội, Ninh Bình,  Thanh Hóa, Nghệ An, Hà Tĩnh, Quảng Bình, Thừa Thiên Huế",auricularia-mesenterica-petz-fr.txt,,Mộc nhĩ – Auriculariaceae,,5249297
Vernonia solanifolia Benth,"Khà khu sẩu, Cúc lá cà, Cúc hồng leo","Bắc Cạn, Thái Nguyên, Hà Tây, Hoà Bình. Cây mọc tự nhiên trong các rừng thưa, đồi cây bụi, ở độ cao 300-1600 m",vernonia-solanifolia-benth.txt,,,Asteraceae,4238873
Sopubia trifida Buch.-Ham. ex D. Don,Sô bu Sô bu chẻ ba,"Lâm Đồng (Đà Lạt), Ninh Thuận. Cây mọc tự nhiên trên đồng cỏ, bãi cát, ven đường, ở độ cao 200-1.500 m.",sopubia-trifida-buch-ham-ex-d-don.txt,,,Scrophulariaceae,3731827
Gliricidia sepium (Jacq.) Walp. – Robinia sepium Jacq,"Hồng mai, Đào đậu, Anh đào giả","Cây nhập trồng ở các vườn hoa hoặc làm giá cho Hồ tiêu leo ở các tỉnh phía NamĐà Nẵng, Gia Lai, Đắk Lắk, Lâm Đồng, Khánh Hòa, Đồng Nai. Nguyên sản ở vùng nhiệt đới châu Mỹ",gliricidia-sepium-jacq-h-b-k-1824-in-nota-steud.txt,,,Fabaceae,8082978
Ajuga macrosperma Wall. ex Benth,"Gân cốt thảo, Cỏ gân cốt hạt to","Lào Cai, Sơn La, Hà Giang, Lạng Sơn. Cây mọc tự nhiên ở nơi sáng và ẩm, ven núi, bãi hoang, ven đường, ở độ cao 700-1.600m",ajuga-macrosperma-wall-ex-benth.txt,,,Lamiaceae,3887136
Sabia limoniacea Wall. ex Hook.f. et Thoms,Thanh phong,"Lao Cai, Kon Tum. Cây mọc tự nhiên trong rừng cây lá rộng thường xanh, ở độ cao 600-1.300 m",sabia-limoniacea-wall-ex-hook-f-et-thoms.txt,,,Sabiaceae,8274825
Irvingia malayana Oliv. ex Benn,Cây cơ nia,"Quảng Ngãi (Bình Sơn), Kon Tum, Gia Lai, Đắk Lắk. Cây mọc tự nhiên, rải rác trong rừng thường xanh, rừng tái sinh. Loài có nguye cơ bị tuyệt chủng, nên đã được đưa vào Sách Đỏ Việt Nam",irvingia-malayana-oliv-ex-benn.txt,,Hà nụ (Ixonanthaceae),,5380959
Thladiantha siamensis Craib,"Khố áo xiêm, Khố áo, Sĩ tư la hán quả","Cây mọc tự nhiên trong các savan cây gỗ ở độ cao 1200m của các tỉnh Lào Cai, Hà Giang, Hoà Bình.",thladiantha-siamensis-craib.txt,,,Cucurbitaceae,7317585
Oxalis corymbosa DC,Chua me đất hoa đỏ,Cây mọc tự nhiên khá phổ biến ở Việt Nam,oxaliscorymbosa-dc.txt,,,Oxalidaceae,2891707
Colona floribunda (Kurz) Craib,"Cọ mai nháp lá tròn, Bồ an nhiều bông, Ko dap be","Lai Châu, Sơn La (Thuận Châu, Sông Mã, Mộc Châu), Trung Bộ",colona-floribunda-kurz-craib.txt,"Columbia floribunda Kurz, Grewia floribunda Wall. Voigt",Đay – Tiliaceae,,4261594
Ficus benjamina L,"Si, Mạy rày (Tày)","Cây mọc tự nhiên, còn được trồng làm cảnh ở khắp nơi",ficus-benjamina-l.txt,,,Moraceae,5361932
Helianthus tuberosus L,Củ quỳ,"Cây trồng ở Lâm Đồng (Đà Lạt, Đơn Dương, Đức Trọng)",helianthus-tuberosus-l.txt,,Cúc – Asteraceae,,3119175
Phyllanthus banii Thin; Phyllanthus rubriflorus J.J.Sm,Diệp hạ châu hoa đỏ,Khánh Hòa (Hòn Tre). Cây mọc tự nhiên trong rừng thường xanh hay rụng lá ở độ cao 100-500m. Loài đặc hữu của Việt Nam,phyllanthus-banii-thin.txt,,Thầu dầu (Euphorbiaceae),,3075257
Pteris deltodon Baker,Chân xỉ răng,"Rộng. Lào Cai, Thái Nguyên, Lạng Sơn, Hoà Bình, Quảng Bình.Cây mọc tự nhiên rải rác trong từng bụi trên đất hay trong hốc đá vôi trong rừng rậm thường xanh, ở độ cao 300 – 1500m",pteris-deltodon-baker.txt,,,Pteridaceae,5614040
Acanthopanax trifoliatus (L.) Voss – Acanthopanax trifoliatum (L.) Merr.; Eleutherococcus trifoliatus (L.) S.H. Hu; Plectronia chinensis Lour.; Acanthopanax aculeatum (Ait.) H. Wite,"Ngũ gia bì gai, Poót sinh, Poót tầng, Poót thông, Pót vậu, Toọng kiềm, Tùm sươu, Co nam slư (Thái), Mạy tảng nam, Póp tưn, Pót dinh (Tày)","Lạng Sơn, Cao Bằng, Lào Cai, Hà Giang (Quản Bạ), Hoà Bình. Cây mọc tự nhiên rải rác ven rừng, ven suối vùng núi đá vôi",acanthopanax-trifoliatus-l-voss.txt,,,Araliaceae,3035456
Rorippa benghalensis (DC.) H. Hara – Nasturtium benghalensis DC,Cải ma,,rorippa-benghanlensis-dc-hara.txt,,,Brassicaceae,3053506
Crateva religiosa Forst.f,Bún thiêu,Cây mọc tự nhiên,crateva-religiosa-forst-f.txt,,,Capparaceae,3054263
Boehmeria clidemioides Miq. var. diffusa (Wedd.) Hand.-Mazz,"Gai lan, Gai rừng","Lào Cai (Sa Pa), Hà Nội (Ba Vì), Khánh Hoà (Nha Trang)",boehmeria-clidemioides-miq-var-diffusa-wedd-hand-mazz.txt,,Gai – Urticaceae,,7300656
Nosema cochinchinensis (Lour.) Merr. – Dracocephalum cochinchinensis Lour,"Long thuyền, Cẩm thủy nam bộ, Thủy cẩm hung","Nghệ An, Thanh Hóa, Quảng Nam, Đà Nẵng. Cây mọc tự nhiên trên các bãi hoang, ven rừng, ở độ cao dưới 1000 m",nosema-cochinchinensis-lour-merr.txt,,,Lamiaceae,3882132
Excoecaria cochinchinensis Lour,"Đơn mặt trời, Cây lá liễu, Đơn lá đỏ, Đơn tía, Đơn tướng quân, Hồng bối quế hoa, Bách thiên liễu, Bẩu tẩu đeng (Tày)","Cây mọc tự nhiên, còn được trồng làm cảnh",excoecaria-cochinchinensis-lour.txt,,,Euphorbiaceae,3071716
Ocimum americanum L,"É hoang, É mỹ châu","Hà Nội, Khánh Hòa. Cây mọc tự nhiên ở nơi sáng và ẩm",ocimum-americanum-l.txt,,,Lamiaceae,2927097
Curculigo latifolia Dryand. ex W. T. Aiton,"Sâm cau lá lớn, Cồ nốc lá lớn","Kon Tum, Lâm Đồng. Cây mọc tự nhiên, còn được trồng",curculigo-latifolia-dryand-ex-w-t-aiton.txt,,,Hypoxidaceae,8588437
Ananas comosus (L.) Merr. – Bromelia comosa L,"Dứa Trái gai, Quả thơm, phai sơ kơ (Kho). mạy dửa (Tày)",Cây trồng,ananas-comosus-l-merr.txt,,,Bromeliaceae,5288819
Ventilago pauciflora Pitard,"Thau tán huyết, Khoai Thau (Tày)","Bắc Cạn, Thái Nguyên, Ninh Bình, Quảng Trị. Dây leo thân gỗ, dài 10-12m, mọc tự nhiên rải rác trong rừng thưa, ven rừng , trên các trảng cây gỗ",ventilago-pauciflora-pitard.txt,,,Rhamnaceae,3877500
Litsea lancifolia (Roxb. ex Nees) Hook.f. – Tetranthera lancifolia Roxb. ex Nees,Bời lời lá thon,"Phú Thọ, Gia Lai, Kon Tum, Ninh Thuận. Cây mọc tự nhiên rải rác trong rừng thường xanh, ven rừng, ven suối, ở độ cao trên 500 m",litsea-lancifolia-roxb-ex-nees-hook-f-tetranthera-lancifolia-roxb-ex-nees.txt,,Nguyệt quế (Lauraceae),,8956507
Habenaria rhodocheila Hance,"Hà biện lưỡi đỏ, Lan cò môi đỏ","Hải Phòng, Thừa Thiên Huế, Kon Tum, Gia Lai, Đắk Lắk. Cây mọc tự nhiên rải rác trong rừng thưa, ở độ cao 200-1.500 m",habenaria-rhodocheila-hance.txt,,,Orchidaceae,2829840
Campanula colorata Wall. ex Roxb . Họ Hoa chuông (Campanulaceae),Cỏ tím,"Ninh Bình, Lâm Đồng (Đà Lạt). Cây mọc tự nhiên trong rừng thứ sinh, ở độ cao 200-1600 m.",campanula-colorata-wall-ex-roxb.txt,,,,5411542
Diplazium lobbianum (Hook.) T. Moore – Asplenium lobbianum Hook,"Ráng, Quán chúng, Ráng làm chổi","Quảng Nam (Trà My), Khánh Hoà (Hòn Bà). Cây mọc tự nhiên trong rừng rậm thường xanh, nơi đất nhiều mùn.",diplazium-lobbianum-hook-t-moore.txt,,,Woodsiaceae,4016912
Vigna mungo (L.) Hepper – Phaseolus mungo L,"Đậu xanh, Lục đậu, Má thủa kheo (Thái), Thúa kheo (Tày)","Cây trồng ở Lào Cai (Sa Pa), Cao Bằng, Nghệ An. Nguyên sản ở Ấn Độ",vigna-mungo-l-hepper-phaseolus-mungo-l.txt,,,Họ Đậu (Fabaceae),2982533
Codonacanthus pauciflorus (Nees) Nees,"Hoa chuông, Gai chuông","Quảng Ninh (Quảng Uyên, Uông Bí), Hà Nội (Ba Vì), Ninh Bình (Chợ Ghềnh). Cây mọc tự nhiên dưới tán rừng ẩm",codonacanthus-pauciflorus-nees-nees.txt,,,Acanthaceae,3774207
Blastus cochinchinensis Lour,"Mua rừng trắng, Mua nam bộ, Ném lượt, Cậm cang (Thái)","Hà Nội (Ba Vì), Thừa Thiên Huế. Cây mọc tự nhiên ở ven rừng thưa, trên vách núi đất, nơi sáng",blastus-cochinchinensis-lour.txt,,,Melastomataceae,5600005
Acacia confusa Merr,"Keo lá tràm, Keo lưỡi liềm, Đài loan tương tự",Cây nhập trồng ở khắp nơi,acacia-confusa-merr.txt,,Trinh nữ – Mimosaceae,,2978466
Viola odorata L,"Hoa tím, Hoa bướm, Bjooc xẳm (Tày)","Lâm Đồng, Sài Gòn. Cây trồng",viola-odorata-l.txt,,Violaceae,,5331181
Hydnocarpus hainanensis (Merr.) Sleum,Lọ nồi hải nam,"Vĩnh Phú (Tam Đảo), Ninh Bình (Cúc Phương). Cây mọc tự nhiên trong rừng xanh, ở độ cao 700 – 1500m",hydnocarpus-hainanensis-merr-sleum.txt,,,Flacourtiaceae,3878156
Caryota monostachya Becc,Đùng đình bông đơn,"Mọc phổ biến ở Bắc và Trung Bộ Việt Nam, ở độ cao 130-1600 m",caryota-monostachya-becc.txt,,,Arecaceae,2738915
Thottea tomentosa (Blume) Dinghou – Ceramium tomentosa Blume,Tốt hoa lông,"Nam Bộ (trên thác sông Đồng Nai). Cây mọc tự nhiên ven suối, gần thác.",thottea-tomentosa-blume-dinghou.txt,,Mộc Hương (Aristolochiaceae),,3588480
Rosa chinensis Jacq,"Hoa hồng, Hồng đỏ, Hường, Co coi (Thái), Bjooc coi (Tày)",Cây trồng làm cảnh,rosa-chinensis-jacq.txt,,,Rosaceae,3005039
Paspalum dilatatum Poir,"San dẹp, Kèn","Cây trồng ở Hà Nội, Lâm Đồng (Đà Lạt).",paspalum-dilatatum-poir.txt,Digataria dilatata (Poir.) Coste,Hòa thảo – Poaceae,,2705565
Isodon lophanthoides (D.Don) Hara – Hyssopus lophanthoides D. Don,Cỏ mật gấu,"Lào Cai, Cao Bằng, Sơn la, Lâm Đồng. Cây mọc tự nhiên ở ven đồi, ven rừng, các bãi hoang, ở độ cao 500-800 m",isodon-lophanthoides-d-don-hara.txt,,Hoa môi (Lamiaceae),,8060712
Rotala rotundifolia (Buch.-Ham. ex Roxb.) Koehne. – Ammannia rotundiflora Roxb,Vảy ốc lá tròn,"Bắc Kạn, Hà Nội (Phủ Lỗ), Ninh Bình, Nghệ An, Kon Tum, Lâm Đồng. Cây mọc tự nhiên nơi ẩm, gần nước",rotala-rotundiflora-roxb-koehne.txt,,,Lythraceae,7122825
Carissa carandas L. – C. congesta Wight,"Xi rô, Cây đắng","Cây trồng ở các tỉnh phía Nam. Nguồn gốc từ Ấn Độ, Indonesia",carissa-carandas-l.txt,,,Apocynaceae,5536495
Engelhardtia spicata Lesch. ex Blume,"Chẹo bông, Kro","Lai Châu, Sơn La, Lạng Sơn, Kon Tum, Đắk Lắk, Lâm Đồng, Ninh Thuận, Bình Dương. Cây mọc tự nhiên trong rừng ẩm, ở độ cao 1000 – 2000 m",engelhardtia-spicata-lesch-ex-blume.txt,,,Juglandaceae,7310580
Sesbania grandiflora (L.) Pers. – Robinia grandiflora L,So đũa,"Cây mọc tự nhiên, thường được trồng từ Miền Trung trở vào các tỉnh Đồng Bằng Sông Cửu Long",sesbania-grandiflora-l-pers.txt,,Đậu (Fabaceae),,8281950
Amomum aurantiacum H.T. Tsai & S.W. Zhao,Sa nhân đỏ,"Điện Biên, Sơn La, Kon Tum (Đắk Glei, Đắk Mon). Cây mọc dưới tán rừng ẩm, ven suối, ở độ cao 400-600 m",amomum-aurantiacum-h-t-tsai-s-w-zhao.txt,,,Zingiberaceae,10945383
Impatiens chinensis L,Bóng nước tàu,"Hà Nội, Ninh Bình (Chợ Ghềnh), Lâm Đồng (Đà Lạt), Ninh Thuận. Cây mọc tự nhiên rải rác trong rừng",impatiens-chinensis-l.txt,,,Balsaminaceae,4193478
Illicium ternstroemioides A. C. Smith,Hồi chè,"Sơn La (Sông Mã, Sốp Cộp)",illicium-ternstroemioides-a-c-smith.txt,,Hồi – Illiciaceae,,3592296
Cosmos sulphureus Cav,"Chuồn chuồn vàng, Sao nhái",Cây trồng làm cảnh,cosmos-sulphureus-cav.txt,,,Asteraceae,3098951
Anogeissus acuminata (Roxb. ex DC.) Guillaum. et Perr,"Chò nhai, Cà đăm","Hà Bắc, Ninh Bình, Thanh Hóa, Đồng Nai, Kiên Giang. Cây mọc tự nhiên trong rừng nguyên sinh, vùng núi đất, núi đá vôi, ở độ cao 700 m",anogeissus-acuminata-roxb-ex-dc-guillaum-et-perr.txt,,,Combretaceae,9357375
Alpinia chinensis (Retz.) Roscoe – Languas chinensis Koenigin Retz,"Lương khương, Riềng tàu","Lào Cai, Vĩnh Phúc (Tam Đảo), Hà Nội (Ba Vì), Hà Tĩnh, Thừa Thiên Huế, Lâm Đồng. Mọc trên sườn đồi, ven rừng, dưới tán rừng thứ sinh, ở độ cao 100-2.500 m",alpinia-chinensis-retz-roscoe.txt,,,Zingiberaceae,5302088
Aeschynanthus longicaulis Wall. ex R. Br,Má đào thân dài,"Khánh Hòa, Bà Rịa Vũng Tàu (Núi Đinh)",aeschynanthus-longicaulis-wall-ex-r-br.txt,,Tai voi – Gesneriaceae,,3825597
Reevesia pubescens Mast,"Thoa la, Trường hùng lông","Lào Cai (Sa Pa), Gia Lai, Ninh Thuận. Cây mọc tự nhiên rải rác trong rừng, ở độ cao 500-2.000 m",reevesia-pubescens-mast.txt,,,Sterculiaceae,7323104
Limnophila sessiliflora (Vahl) Blume – Hottinia sessilifolia Vahl,"Rau om không cuống,","Hà Nội, Sơn Tây tới Quảng Nam, Đà Nẵng. Cây mọc tự nhiên trong các ao hồ, ruộng nước.",limnophila-sessiliflora-vahl-blume-hottinia-sessilifolia-vahl.txt,,,Scrophulariaceae,5415001
Daucus carota L. Họthực vậtHoa tán (Apiaceae),"Cà rốt, Hồ la bặc, Băn các đanh (Thái), Cà lốt (Tày)",Cây trồng,daucus-carota-l.txt,,,,3034742
Asystasiella chinensis (S. Moore) E. Hossain,"Song biến bắc, Bạch tiếp cốt","Cây mọc tự nhiên dưới tán rừng, ở độ cao 1200 – 2400 m của các tỉnh Miền Nam Việt Nam.",asystasiella-chinensis-s-moore-e-hossain.txt,,,Acanthaceae,5574031
Rumex dentatus Campd,Chút chít răng,"Lào Cai (Sa Pa). Cây mọc tự nhiên ở ven rừng, ven suối, khe đá, khe núi, ở độ cao tới 1.600 m",rumex-dentatus-campd.txt,,,Polygonaceae,2889038
Tectaria polymorpha (Wall. ex Hook.) Copel,Ráng yểm dực có chân,Phân bố rất rộng. Cây mọc tự nhiên trong rừng rậm thường xanh.,tectaria-polymorpha-wall-ex-hook-copel.txt,,,Aspidiaceae,6055063
Salacia cochinchinensis Lour,Chóp máu nam,"Thanh Hóa, Nghệ An, Thừa Thiên Huế, Quảng Nam, Quảng Ngãi. Cây mọc tự nhiên trong rừng thưa, rừng cây bụi",salacia-cochinchinensis-lour.txt,,,Celastraceae,5579857
Ardisia ixorifolia Pit,"Cơm nguội lá trang, Trọng đũa","Quảng Trị, Thừa Thiên-Huế. Cây mọc tự nhiên rải rác trong rừng, ở độ cao 300-500 m",ardisia-ixoraefolia-pit.txt,,,Họ Đơm Nem (Myrsinaceae),5558104
Sloanea sinensis (Hance) Hemsl. – Echinocarpus sinensis Hance,Sô loan trung quốc,"Lai Châu, Lào Cai, Thanh Hóa, Lâm Đồng. Cây mọc tự nhiên rải rác trong rừng, ở độ cao 900-1500 m.",sloanea-sinensis-hance-hemsl.txt,,,Elaeocarpaceae,5651170
Torricellia angulata Oliv. var. intermedia (Harms ex Diels) Hu,Tô sơn,"Lao Cai, Lai Châu, Hà Giang, Hòa Bình (Mai ChâuPà Cò), Kon Tum (Sa Thầy). Cây mọc tự nhiên, rải rác trong rừng thưa, ở độ cao 1.500 m",orricellia-angulata-oliv-var-intermedia-harms-ex-diels-hu.txt,,,Torricelliaceae,4259120
Hypoxis aurea Lour,"Hạ trâm, Tỏi voi lùn","Lào Cai (Sa Pa), Khánh Hòa. Cây mọc tự nhiên nơi đất ẩm, nhiều mùn, dưới rừng, khe đá, hốc cây, ven sông suối.",hypoxis-aurea-lour.txt,,,Hypoxidaceae,2852790
Durio zibethinus Murr,Sầu riêng,Cây trồng ở các tỉnh phía Nam,durio-zibethinus-murr.txt,,,Bombacaceae,3152230
Hydrocotyle sibthorpioides Lam,"Rau má mỡ, Rau má chuột, Rau má họ, Thiên hồ thái","Sơn La (Mộc Châu, Sông Mã, Sốp Cộp), Quảng Ninh (Uông Bí, Lũng Van, Đầm Hà), Hà Nội, Nam Định, Hà Nam (Võ Xá), Ninh Bình (Phúc Nhạc, Đông Hàm), Thừa Thiên Huế (Huế), Đà Nẵng, Lâm Đồng (Lang Bian), Bình Dương (Thủ Dầu Một), Tp. Hồ Chí Minh",hydrocotyle-sibthorpioides-lam.txt,Hydrocotyle rotundifolia Roxb,Hoa tán – Apiaceae,,8418338
Solidago virgaurea L,Hoàng cẩm phượng,"Lai Châu, Lào Cai, Hà Giang, Cao Bằng, Tây Ninh, Đồng Nai. Cây mọc tự nhiên trên các trảng cỏ và ven rừng thưa, lùm bụi, ở độ cao 100-1.600 m.",solidago-virgaurea-l.txt,,,Asteraceae,6446462
Ficus sumatrana Miq,Đa cừa,"Quảng Bình, Quảng Trị, Thừa Thiên Huế Gia Lai. Cây trồng làm cảnh",ficus-sumatrana-miq-miq-var-sub-sumatrana-gagnep-corn.txt,,,Họ Dâu tằm (Moraceae),5569869
Ardisia primulaefolia Gardn. et Champ,"Trọng đũa anh thảo, Tử kim ngưa toà sen","Hà Nội (Ba Vì). Cây mọc tự nhiên trong rừng hỗn giao, nơi ẩm tối, khe suối, sườn đồi, ở độ cao 1000 – 1400 m",ardisia-primulaefolia-gardn-et-champ.txt,,,Myrsinaceae,5558460
Cissus astrotricha Gagnep,Hồ đằng lông sao,Lâm Đồng. Cây mọc tự nhiên,cissus-astrotricha-gagnep.txt,,,Vitaceae,4053160
Canna indica L,"Chuối hoa, Hoa dong",Cây trồng làm cảnh,canna-indica-l.txt,,,Cannaceae,8034409
Elaeagnus conferta Roxb,Nhót dại,"Lao Cai, Hà Tây, Vĩnh Phúc. Cây mọc tự nhiên rải rác ven rừng, lùm bụi",elaeagnus-conferta-roxb.txt,,,Elaeagnaceae,7293128
Trema cannabina Lour,"Trần mai cầm, Hu đay gai","Hà Nội (Ba Vì), Hà Nam (Ninh Thái), Kiên Giang (Phú Quốc). Cây mọc rải rác trên các bãi hoang, ven đồi trọc",trema-cannabina-lour.txt,,,Ulmaceae,2984507
Combretum quadrangulare Kurz,"Trâm bầu, Chưng bầu, Tim bầu, Săng kê, Song re","Cây mọc tự nhiên, phổ biến ở các tỉnh phía Nam",combretum-quadrangulare-kurz.txt,,,Combretaceae,3698705
Hygrophila phlomoides Nees,"Đình lịch lông trắng, Vô ích","Thừa Thiên Huế, Đà Nẵng, Đắk Lắk, Tiền Giang, An Giang. Cây mọc tự nhiên những nơi hoang hoá, ruộng khô.",hygrophyla-phlomoides-nees.txt,,Ô rô (Acanthaceae),,5575310
Fibraurea recisa Pierre,"Hoàng đằng không cánh hoa, Hoàng liên nam","Lào Cai, Đà Nẵng, Quảng Bình, Quảng Trị, Thừa Thiên Huế, Khánh Hòa. Cây mọc tự nhiên rải rác ven rừng còi, ở độ cao dưới 1.200 m",fibraurea-recisa-pierre.txt,,,Menispermaceae,5592701
Aeginetia indica L,"Lệ dương , Tai đất","Lào Cai (Sa Pa), Hà Giang, Sơn La (Sông Mã), Quảng Bình, Quảng Trị, Thừa Thiên Huế. Cây mọc tự nhiên, ký sinh trên rễ các cây thuộc họ Hòa thảo (tre, nứa), họ Gừng, trong môi trường ẩm, ở độ cao 700-1.000 m",aeginetia-indica-l.txt,,,Orobanchaceae,3173321
Trichodesma zeylanicum (Burm.f.) R. Br. – Borago zeylanica Burm.f,Tích lan,"Phan Rang, Quảng Ngãi, Bình Sơn. Cây mọc tự nhiên trên đất cát vùng ven biển",trichodesma-zeylanicum-burm-f-r-br.txt,,,Boraginaceae,7294697
Arenga caudata (Lour.) H. Moore – Didymosperma caudatum (Lour.) H. Wendl. et Drude,Đùng đình đất,Cây mọc tự nhiên từ Hà Nội tới Đồng Nai,arenga-caudata-lour-h-moore.txt,,,Arecaceae,2733957
Eupatorium triplinerve Vahl,"Bả dột, Yến bạch đỏ",Cây trồng trong các gia đình ở nhiều nơi,eupatorium-triplinerve-vahl.txt,,,Asteraceae,3142644
Ixora stricta Roxb. – Ixora coccinea L. var. lutea (Hutch.) Corner,"Đơn vàng, Đơn đỏ dại, Đơn hẹp","Bắc Giang, Quảng Ninh, Hải Phòng, Ninh Bình, Quảng Trị, Khánh Hòa, Đồng Nai. Cây mọc tự nhiên, còn được trồng làm cảnh",ixora-stricta-roxb.txt,,,Rubiaceae,8252974
Quisqualis conferta (Jack) Exell – Sphalanthus conferta Jack Họ Bàng (Combretaceae),Dây giun nhỏ,Từ Lâm Đồng đến đồng bằng sông Cửu Long Cây mọc tự nhiên ở bìa rừng rậm,quisqualis-conferta-jack-exell-sphalanthus-conferta-jack.txt,,,,7454619
Dendropanax chevalieri (R. Vig.) Merr. – Gilibertia chvalieri R. Vig,"Phong hà, Thụ sâm","Hà Giang, Lào Cai (Sa Pa), Sơn La (Mộc Châu), Vĩnh Phúc (Tam Đảo), Hoà Bình (Mai Châu), Gia Lai, Lâm Đồng. Cây mọc tự nhiên trong các rừng ẩm thường xanh ở độ cao 1000-1500 m",dendropanax-chevalieri-r-vig-merr.txt,,,Araliaceae,3035049
Scolopia chinensis (Lour.) Clos,Lục giác cân,Cây mọc tự nhiên phổ biến ở Việt Nam,scolopia-chinensis-lour-clos.txt,,Mùng quân (Flacourtiaceae),,3879433
Ardisia filiformis E. Walker,Trọng đũa chỉ,"Vĩnh Phúc (Tam Đảo). Cây mọc tự nhiên trong rừng hỗn giao, sườn đồi, nơi ẩm, ở độ cao 200-1000 m",ardisia-filiformis-e-walker.txt,,,Myrsinaceae,5558543
Polyalthia nemoralis DC. – P. oligogyna Merr. & Chun,"Ran rừng, Phọc đen","Lạng Sơn, Hà Bắc, Vĩnh Phúc, Hà Tây. Cây mọc tự nhiên trong rừng thưa, rừng nguyên sinh vùng núi đất, ở độ cao dưới 400 m",polyalthia-nemoralis-dc.txt,,,Annonaceae,7951385
Oberonia mucronata (D. Don) Ornerod & Seidenf. – Cymbidium iridifolium Roxb,Lan quạt lá đuôi diều,"Trung Bộ Việt Nam. Cây mọc tự nhiên, bám trên cây gỗ lớn trong rừng.",oberonia-mucronata-d-don-ornerod-seidenf.txt,,,Orchidaceae,5312847
Randia spinosa (Thunb.) Poir. – Gardenia spinosa Thunb,"Găng trâu, Găng bọt, Găng tu hú, Găng gáo, Găng ổi, Thanh dương tử, Mạy nghiên pa (Tày), Giằng ghim pẹ (Dao)","Sơn La, Lạng Sơn, Quảng Ninh, Hải Phòng, Thanh Hóa, Nghệ An, Đà Nẵng. Cây mọc tự nhiên phổ biến ở miền trung du và miền núi, còn được trồng làm hàng rào",randia-spinosa-thunb-poir.txt,,,Rubiaceae,7836019
Cyperus malaccensis Lam,"Lác nước, Cói nước","Cây mọc tự nhiên ở vùng trũng ngập nước, còn được trồng ở vùng ven biển phổ biến khắp Việt Nam",cyperus-malaccensis-lam.txt,,,Cyperaceae,2715148
Syzygium hancei Merr. et Perry,Trâm hoa nhỏ,"Miền Bắc – miền Trung. Cây mọc tự nhiên trong rừng thường xanh, ở độ cao 300-900 m",syzygium-hancei-merr-et-perry.txt,,,Myrtaceae,3182536
Litchi chinensis Sonn,"Vải, Lệ chi, Mạy chia (Tày)",Cây trồng,litchi-chinensis-sonn.txt,,,Sapindaceae,3190002
Vidalasia tonkinensis (Pitard) Tirveng – Gardenia tonkinensis Pit,Dành dành bắc bộ,"Hà Nam (Võ Xá, Ba Sao), Ninh Bình (Chợ Ghềnh), Thanh Hóa (Thường Xuân). Cây mọc tự nhiên",vidalasia-tonkinensis-pitard-tirveng.txt,,Cà phê (Rubiaceae),,2893755
Citrullus lanatus (Thunb.) Matsum. et Nakai – Momordica lanatus Thunb,"Dưa hấu, Tây qua, Lưa, Dưa đỏ, Pheng đeng (Tày)","Cây trồng, thích hợp với vùng đất cát pha",citrullus-lanatus-thunb-matsum-et-nakai.txt,,,Cucurbitaceae,2874621
Cucurbita moschata (Duch. ex Lam.) Duch. ex Poir. – Cucurbita pepoL.var. moschata Lam,"Bí ngô., Bí đỏ, Bí rợ, Nam qua, Má ứ (Thái), Phặc đeng (Tày), Plăc ropual (Kho), Nhấm (Dao)",Cây trồng lấy quả và ngọn làm rau ăn,cucurbita-moschata-duch-ex-lam-duch-ex-poir.txt,,,Bầu bí (Cucurbitaceae),7393329
Helicteres plebeja Kurz,Dó thường,"Lạng Sơn, Lai Châu, Hòa Bình, Đắk Lắk, Khánh Hòa. Cây mọc tự nhiên trên đất hoang, ven đồi",helicteres-plebeja-kurz.txt,,,Sterculiaceae,8215700
Celosia argentea L. var. cristata L,"Mào gà đỏ , Mồng gà, Mảo cáy đeng (Tày), Chày gunsi (Dao), Kê quan Hoa",Cây thường được trồng làm cảnh trong các gia đình ở nhiều địa phương,celosia-argentea-l-var-cristata-l.txt,,,Amaranthaceae,3085191
Brugmansia suaveolens (Willd.) Bercht. et Presl – Datura suaveolens Hunb. et Bonpl. ex Willd,Đại cà dược,Lâm Đồng. Cây nhập trồng làm cảnh,brugmansia-suaveolens-willd-bercht-et-presl.txt,,,Họ Cà (Solanaceae),5341758
Aralia armata (Wall.) Seem,"Đơn châu chấu, Cây răng, Cây cuồng, Đinh lăng gai, Cẩm giàng (Tày),",,don-chau-chau.txt,Panax armatum Wall. ex G. Don,Araliaceae (Nhân sâm),,3036888
Sarcolobus globusus Wall,Dây cám,"Quảng Ninh (Vịnh Hạ Long), Bình Dương (Thủ Dầu Một), Tây Ninh (Cai Cong). Cây mọc tự nhiên ven biển và sông rạch gần biển.",sarcolobus-globusus-wall.txt,,,Họ Thiên lý (Asclepiadaceae),7311731
Adiandra integerrima T. Anders. ex Dyer,"Súm nguyên, Súm lông, Ngầu nền xà",Cây mọc tự nhiên ở rừng thứ sinh miền Bắc tới Tây Nguyên,adiandra-integerrima-t-anders-ex-dyer-in-hook-f.txt,,,Theaceae,3591994
Ipomoea quamoclis L,Tóc tiên dây,"Bắc Ninh, Hà Nội, Ninh Bình, Thừa Thiên Huế, Kon Tum. Cây trồng làm cảnh, còn mọc hoang dại bên lùm bụi",ipomoea-quamoclis-l.txt,,,Convolvulaceae,2928562
Leucaena leucocephala (Lam.) De Wit – Mimosa leucocephala Lam,"Keo giậu, Bồ kết dại, Táo nhân, Bò chét, Bình linh, Phắc căn thin (Tày), Nằng dung điằng (Dao)",Cây nhập trồng khắp nơi ở Việt Nam. Nguyên sản ở vùng nhiệt đới châu Mỹ,leucaena-leucocephala-lam-de-wit.txt,,,Mimosaceae,2970418
Kibatalia laurifolia (Ridl.) Woods. – Trachelospermum laurifolia Ridl,Thần linh lá quế,"Quảng Bình, Quảng Trị, Thừa Thiên Huế, Khánh Hòa. Cây mọc tự nhiên trên trảng cây bụi, vùng trung du",kibatalia-laurifolia-ridl-woods.txt,,,Apocynaceae,3619255
Nymphoides hydrophylla (Lour.) Kuntze – Menyanthes hydrophylla Lour,"Thủy nữ nhỏ, Cang, ráng tròn lá","Cao Bằng, Lạng Sơn, Đà Nẵng, Lâm Đồng, Khánh Hòa, Tây Ninh. Cây mọc tự nhiên ở ruộng, hồ, rạch nước không chảy.",nymphoides-hydrophyllum-lour-kuntze.txt,,,Menyanthaceae,5592249
Ampelopsis heterophylla (Thunb.) Sieb. et Zucc. – Vitis heterophylla Thunb,"Dâu dây, Nho rừng, Song nho dị diệp, ích nậm","Lạng Sơn, Quảng Ninh, Tuyên Quang, Thái Nguyên, Vĩnh Phúc. Cây mọc tự nhiên trong rừng thứ sinh, tái sinh sau nương rẫy",ampelopsis-heterophylla-thunb-sieb-et-zucc.txt,,Nho (Vitaceae),,
Homalium cochinchinense (Lour.) Druce – Astranthus cochinchinensis Lour,Chè quẩy,"Quảng Ninh, Vĩnh Phúc, Hà Nam, Quảng Trị, Lâm Đồng, Ninh Thuận. Cây mọc tự nhiên trên đồi hoặc thung lũng của rừng già, ở độ cao 400 – 1500m",homalium-cochinchinense-lour-druce.txt,,,Flacourtiaceae,6135815
Mentha spicata L. – M. viridis L,Bạc hà bông,Nhập trồng,mentha-spicata-l-m-viridis-l.txt,,,Lamiaceae,2927175
Zanthoxylum myriacanthum Wall. ex Hook.f. – Zanthoxylum rhetsoides Drake,"Sẻn lá to, Hoàng mộc nhiều gai","Lao Cai, Hà Nội (Ba Vì). Cây mọc tự nhiên.",zanthoxylum-myriacanthum-wall-ex-hook-f.txt,,,Rutaceae,7859167
Sansevieria canaliculata Carr,Ngà voi,Cây trồng,sansevieria-canaliculata-carr.txt,,,Dracaenaceae,11094726
Woodwardia unigemmata (Makino) Nakai – W. radicans var. unugemmata Makino,Quán chúng,"Lai Châu, Lào Cai. Cây mọc tự nhiên ở ven rừng rậm thường xanh, rừng thưa hay trảng cây bụi thứ sinh.",woodwardia-unigemmata-mak-nak.txt,,,Blechnaceae,5665840
Merremia boisiana (Gagnep.) Ooststr. – Ipomoea boisiana Gagnep,Bìm bôi,"Lào Cai, Lạng Sơn, Quảng Ninh, Thừa Thiên Huế, Quảng Nam. Cây mọc tự nhiên ven rừng, lùm bụi, ven đường, nơi sáng, ở độ cao 300-500 m",merremia-boisiana-gagnep-ooststr.txt,,,Convolvulaceae,9590157
Actephila macrantha Gagnep,Da gà,,actephila-macrantha-gagnep.txt,,"Thầu Dầu (Euphorbiaceae) Cập nhật01/07/2019 ★ ★ ★ ★ ★ ★ 0.0 - 0 đánh giá Chia sẻ Chia sẻ Cây thuốc khác Skimmia arborescens Anders. ex Gamble ssp. nitida N.P. Taylor &Airy-Shaw Illicium defengpi B.N. Chang Strychnos umbellata (Lour.) Merr. Ophiopogon bockianus Diels Bình luận Câu hỏi của bạn Hủy X Bạn vui lòng điền thêm thông tin! Chọn tệp (Allowed file typesjpg, png , maximum file size100MB. Cây thuốc được quan tâm Ampelopsis cantoniensis (Hook. et Arn.) Planch. Chữa sưng vú (Lá giã đắp). Đau dạ dày hành tá tràng (Cành lá... Curculigo orchioides Gaertn",,3079957
Physalis alkekengi L,Thù lù cảnh,Cây trồng làm cảnh.,physalis-alkekengi-l.txt,,,Solanaceae,3797084
Desmodium elegans DC,Thóc lép quả dài,Cây mọc tự nhiên ở nhiều nơi.,desmodium-elegans-dc.txt,"Desmodium tiliaefolium G.Don , D. cinerascens Franch",Đậu – Fabaceae,,11370567
Remirea maritima Aubl,"Cói sa biển, Lác thòng","Kiên Giang (Phú Quốc, Thổ Chu). Cây mọc tự nhiên trên đất cát dọc bờ biển",remirea-maritima-aubl.txt,,,Họ Cói (Cyperaceae),2731082
Sanchezia nobilis Hook.f,"Săng xê, Lá ngũ sắc, Khôi đốm","Hà Nội, Thừa Thiên – Huế, Hòa Bình.Cây bụi trồng làm cảnh. Nguồn gốc từ Peru, Ecuador",sancheria-nobilis-hook-f.txt,,,Acanthaceae,3778854
Smilax petelotii T. Koyama,Kim cang petelot,"Lào Cai (Sa PaPhansipan). Cây mọc tự nhiên, rải rác ven rừng thứ sinh, ở độ cao 500-1.600 m. Loài hiếm, đã được đưa vào Sách Đỏ Việt Nam.",smilax-petelotii-t-koyama.txt,,,Smilacaceae,5295178
Helicteres viscida Blume,Tổ kén hoa trắng,Cây mọc tự nhiên trên đất hoang vùng đồng bằng và trung du miền Bắc tới miền Trung,helicteres-viscida-blume.txt,,,Sterculiaceae,5546340
Trachelospermum jasminoides (Lindl. ) Lem. – Rhynchospermum jasminoides Lindl,"Lạc thạch, Bạch hoa đằng, Mỏ sẻ","Lạng Sơn, Lào Cai. Cây mọc tự nhiên ở rừng núi đá vôi, ở độ cao 300-1200 m",trachelospermum-jasminoides-lindl-lem.txt,,,Apocynaceae,3169713
Cycas micholitzii Dyer,"Sâm tuế, Sâm mây, Tuế lá xẻ, Cút loà","Cây mọc tự nhiên ở rừng thưa trên đất tốt, ẩm phổ biến ở các tỉnh Nam Trung bộ. Loài đã đưa vào sách đỏ Việt Nam",cycas-micholitzii-dyer.txt,,,Cycadaceae,2683299
Parinari annamensis Hance,Cám,"Đắk Lắk, Bình Phước. Cây mọc tự nhiên rải rác trong rừng thường xanh",parinari-annamensis-hance-j-e-vidal-parinarium-annamensehance.txt,,,Chrysobalanaceae,2984952
Acalypha siamensis Oliv. ex Gage,"Chè hàng rào, Chà rị (Tày), Trà rừng","Sơn La, Lạng Sơn, Gia Lai, Khánh Hòa, Bình Phước, Bình Dương, Bà Rịa Vũng Tàu. Cây mọc tự nhiên trong rừng còi, ưa đất phù sa cổ hay đất thịt, ở độ cao tới 300m. Còn được trồng làm hàng rào",acalypha-siamensis-oliv-ex-goge.txt,,,Euphorbiaceae,3056042
Linostoma decandrum (Roxb.) Meisn. – Nectandra decandra Roxb,Dó mười nhị,"Đà Nẵng, Đắk Lắk, Lâm Đồng. Cây mọc tự nhiên, rải rác trong rừng thưa",linostoma-decandrum-roxb-meisn.txt,,,Thymelaeaceae,5523904
Schefflera leucantha R. Vig. – S. tamdaoensis Gaushv. & N. Skvorts,"Chân chim leo, Chân chim lá nhỏ","Lào Cai, Lạng Sơn (Đồng Đăng), Vĩnh Phúc (Tam Đảo). Cây mọc tự nhiên rải rác trong rừng vùng núi đá vôi, ở độ cao 300-500 m",schefflera-leucantha-r-vig.txt,,Ngũ Gia Bì (Araliaceae),,8915278
Cassia javanica L. ssp. agnes (de Wit) K. Larsen – C. agnes (De Wit) Brenan,Muồng hoa đào,"Thừa Thiên Huế, Đà Nẵng, Gia Lai, Đắk Lắk, Lâm Đồng, Tây Ninh, Đồng Nai. Cây mọc tự nhiên ở ven rừng thường xanh hoặc rụng lá, ở độ cao cho tới 1000 m. Còn được trồng ở các thành phố",cassia-javanica-l-ssp-agnes-de-wit-k-larsen-c-agnes-de-wit-brenan.txt,,,Caesalpiniaceae,5357125
Xanthium inaequilaterum DC,Nhĩ thảo,"Thừa Thiên Huế, Khánh Hoà, Tây Ninh, Long An, Đồng Tháp, An Giang. Cây mọc tự nhiên trên các bãi ven sông, bờ ruộng.",xanthium-inaequilaterum-dc.txt,,,Asteraceae,3089154
Livistona chinensis (Jacq.) R. Br . Họ Cau dừa (Arecaceae),Cọ sẻ,Cây trồng làm cảnh,livistona-chinensis-jacq-r-br.txt,,,,2733469
Ardisia crenata Sims,"Trọng đũa, Đại la tán, Cơm nguội, Đại huyết tán, Tài lồ san, Ping cháp, Châu sa cắn, Khinh chăm (Tày), Tông lông đằng (Dao)","Lào Cai, Hà Giang, Quảng Ninh, Lạng Sơn, Thanh Hoá, Hoà Bình. Cây mọc tự nhiên ở rừng thưa, rừng cây gỗ ở độ cao 100-1800 m",ardisia-crenata-sims.txt,,,Myrsinaceae,5414379
Ranunculus sceleratus L,"Mao lương, Thạch long nội","Lào Cai, Hà Tây, Hà Nội. Cây mọc tự nhiên dọc các bãi ven sông, suối, ở độ cao dưới 500m",ranunculus-sceleratus-l.txt,,,Ranunculaceae,3033374
Chrysopogon aciculatus (Retz.) Trin,"Cỏ may, Châm thảo, Nhả khoác (Tày), Hất dạ (Kho)","Cây mọc tự nhiên trên vùng đất trống, ven đường đi, ven rừng, ven đê rất phổ biến ở Việt Nam",chrysopogon-aciculatus-retz-trin.txt,,,Họ Hòa thảo (Poaceae),5290133
Senna siamea (Lam.) Irwin & Barneby – Cassia siamea Lam,"Muồng đen, Muồng xiêm",Cây mọc tự nhiên phổ biến ở Việt Nam. Còn được trồng,senna-siamea-lam-irwin-cassia-siamea-lam.txt,,,Caesalpiniaceae,2956905
Archidendron clypearia (Jack) I. Niels. – Inga clypearia Jack,"Mắn đỉa, Khét","Đồng Nai, Bảo Lộc (Lâm Đồng). Cây mọc tự nhiên, thường gặp trong rừng thường xanh, rừng đầm lầy, rừng thưa cây họ Dầu và rừng hỗn giao rụng lá trên núi, ở độ cao tới 1700 m",archidendron-clypearia-jack-i-niels.txt,,,Mimosaceae,2941309
Phyllodium longipes (Craib) Schindl. – Desmodium longipes Craib,"Đồng tiền, Chuỗi tiền , Tràng quả cọng dài","Sơn La (Mộc Châu), Lạng Sơn, Qảng Ninh, Quảng Trị, Đà Nẵng. Cây mọc tự nhiên trong rừng thưa, nơi đất khô cằn, ở độ cao tới 1500 m",phyllodium-longipes-craib-schindl.txt,,,Fabaceae,2948577
Mussaenda pubescens Ait. f,"Bướm bạc, Hoa bướm, Hồ điệp, Bứa chùa (Thái), Bươm bướm,",,buom-bac.txt,,Rubiaceae (Cà phê),,8251682
Peliosanthes humilis Andr,"Co lang địn, Sơn mộc","Lai Châu, Sơn La, Hoà Bình, Gia Lai. Cây mọc tự nhiên vùng núi phía Bắc nước ta.",peliosanthes-humilis-andr.txt,,,Convallariaceae,2774071
Ardisia virens Kurz,Cơm nguội xanh,"Lao Cai, Hòa Bình, Kon Tum, Gia Lai, Lâm Đồng. Cây mọc tự nhiên dưới tán rừng cây lá rộng thường xanh, ở độ cao 300-2700 m",ardisia-virens-kurz.txt,,,Họ Đơm Nem (Myrsinaceae),7331082
Schizophragma integrifolium Oliv. – S. hydrangeoides var. integrifolium Franch,"Bạch thư, Toàn địa phong","Lào Cai (Sa Pa). Cây bụi mọc rải rác trong rừng thứ sinh, dựa suối, ở độ cao 100-150 m",schizophragma-integrifolium-franch-oliv.txt,,,Hydrangeaceae,8637348
Stephania hainanensis H. S. Lo et Y. Tsoong,Bình vôi hải nam,"Thanh Hóa, Hải Phòng. Cây mọc tự nhiên trong vùng núi đá vôi ẩm",stephania-hainanensis-h-s-lo-et-y-tsoong.html?wpsc_do=regen_cache&nonce=15154050795ebb99225545e.txt,,Tiết dê (Menispermaceae),,5592851
Helicteres isora L,"Dó tròn, Tổ kén lá tròn, Thao kén dược","Lai Châu (Phong Thổ), Phú Thọ (Phú Hộ), Hà Nội (Ba Vì), Hòa Bình, Ninh Bình, Đắk Lắk, Ninh Thuận, An Giang. Cây mọc tự nhiên ven suối",helicteres-isora-l.txt,,,Sterculiaceae,5546922
Dipterocarpus tuberculatus Roxb,Dầu đồng,"Phan Rang. Cây mọc tự nhiên rải rác trong rừng thứ sinh, trên đất laterit, ở độ cao 800-1000 m",dipterocarpus-tuberculatus-roxb.txt,,Dầu (Dipterocarpaceae),,4097209
Mahonia nepalensis DC. – Berberis nepalensis Spreng,Mã hồ nepal,Cây mọc tự nhiên ở vùng núi Lang bian – Đà Lạt (Lâm Đồng). Loài hiếm (EN) đã đưa vào sách đỏ Việt Nam,mahonia-nepalensis-dc.txt,,,Berberidaceae,3981498
Nerium oleander L,"Trúc đào, Đào lê",Cây trồng làm cảnh,nerium-oleander-l.txt,,,Apocynaceae,3169756
Campsis grandiflora (Thunb.) Schum. – Bignonia grandiflora Thunb,Đăng tiêu,Cây nhập trồng làm cảnh.,campsis-grandiflora-thunb-schum.txt,,Núc nác ( Bignoniaceae),,4094511
Terminalia chebula Retz,"Chiêu liêu, Chiêu liêu đồng, Kha tử",Cây mọc tự nhiên trong rừng thứ sinh ở các tỉnh phía Nam nước ta,terminalia-chebula-retz.txt,,,Combretaceae,3189388
Capparis grandis L.f,Cáp to,"Ninh Thuận, Lâm Đồng, An Giang. Cây mọc tự nhiên trong rừng thứ sinh, rừng thưa, ở độ cao 600-800 m",capparis-grandis-l-f.txt,,Màn màn (Capparaceae),,7552967
Garcinia multiflora Champ. ex Benth,"Dọc, Mác bao (Tày)","Hà Giang, Bắc Cạn, Thái Nguyên, Lạng Sơn, Tuyên Quang. Cây mọc tự nhiên trong rừng già, rừng thưa",garcinia-multiflora-champ-ex-benth.txt,,,Clusiaceae,3189570
"Celastrus hindsii Benth et Hook, Xạ đen, Xạ đen châu Âu, Cây dây gối Ấn độ, Thanh giang đằng","Xạ đen châu Âu, Xạ đen, Cây dây gối Ấn độ, Thanh giang đằng",,duoc-lieu-xa-den.txt,,"Celastraceae (Dây gối) 2. Mô tả Xạ đen thuộc loại cây dây leo thân gỗ, mọc thành búi, thân cây dạng dây dài từ 3-10m, cành tròn. Lúc non có màu xám nhạt, sau chuyển sang màu nâu, về sau có màu xanh. Lá mọc so le, phiến lá bầu dục, hình xoan ngược, dài 7-12cm, rộng 3-5cm, dai, gân bên 7 đôi, mép có răng tháp, cuống lá 5-7mm. Chùm hoa ở ngọn hay nách lá, dài 5-10cm, cuống hoa 2-4mm, hoa mẫu 5 cánh, cánh hoa trắng. Hoa cái có bầu 3 ô. Quả hình trứng, dài 1cm, khi chín có màu vàng và tách ra thành 3 mảnh, hạt có áo hạt màu đỏ hồng. Mùa hoatháng 3-5, mùa quảtháng 8-12 Hình 1Hình ảnh cây Xạ đen Celastrus hindsii 3. Cây nhầm lẫn Cây Xạ đen Celastrus hindsii thường bị nhầm lẫn với cây Cùm rụm ( Ehretia dentata Courch.), và cây Dót ( Ehretia asperula Zoll. & Mor.) hay còn gọi là Xạ đen Hòa Bình. Kết quả nghiên cứu cho thấy có sự khác nhau rất rõ về thành phần hóa học giữa cây Celastrus hindsii và Ehretia asperula . Luận án tiến sĩ của học giả Nguyễn Huy Cường (2009) đã chỉ ra rất rõ các thành phần hóa học trong Ehretia asperula ( dân gian hay gọi tên là xạ đen Hòa Bình ) chưa thể hiện rõ tác dụng ức chế nào đối với các dòng tế bào ung thư gan và phổi. Do vậy chỉ duy nhất loài xạ đen châu Âu tên khoa học ( Celastrus hindsii ) có nghiên cứu trên thế giới cũng như ở Việt Nam và chứng minh tác dụng ức chế tế bào ung thư. Hình 2Hình ảnh cây xạ đen Hòa Bình (Ehretia asperula ) hay bị nhầm lẫn với cây Xạ đen châu Âu chuẩn 4. Phân bố sinh thái Cây mọc ở vùng thấp với độ cao 1000-1500m. Phân bố ở các nước Trung Quốc, Việt Nam, Myanmar. Ở Việt Nam, cây Xạ đen Châu âu ( Celastrus hindsii ) rất hiếm gặp trong tự nhiên. Phân bố rải rác ở Hà Nam, Ninh Bình, Quảng Ninh, vườn quốc gia Cúc Phương, Thừa Thiên Huế, Tây Nguyên… 5. Sử dụng và nghiên cứu về Xạ đen Trên vùng núi cao của tỉnh Hòa Bình, đồng bào dân tộc Mường thường dùng một loại cây dại mọc hoang có tên là Xạ đen (hay Xạ đen cuống, tiếng Mường gọi là Xạ cái) để chữa trị bệnh u bướu, mụn nhọt. Theo y học cổ truyềnCây Xạ đen có vị thơm mát, là vị thuốc rất đa công dụng. Cây mới chỉ được dùng theo kinh nghiệm của một số bà lang, chưa có kiểm chứng khoa học. Nhiều chục năm trước, cây Xạ đen từng được Lương y người Mường Bùi Thi Bẻn đặt tên là cây ung thư và chuyên dùng để chữa các loại u phổi nhưng chưa có nghiên cứu khoa học nào chứng minh công dụng này, mà chỉ qua lời truyền miệng sai lệch của dân gian. Đề tài NCKH do Giáo sư Lê Thế Trung (nguyên chủ tịch Hội Ung thư TP. Hà Nội) Đề tài đã công bố về cây Xạ đen Celastrus hindsii có tác dụng hạn chế sự phát triển của khối u , đặc biệt là các khối u ác tính (ung thư). Công bố của nghiên cứu này trùng khớp với các Công bố nghiên cứu trên thế giới về loài Celastrus hindsii (Xạ đen). Đã có 7 công trình nghiên cứu trên thế giới về loài cây này. Nghiên cứu cho thấy trong xạ đen có các hoạt chất Flavonoids, Quinone (có tác dụng phòng chống ung thư và làm cho tế bào ung thư hóa lỏng dễ tiêu), hợp chất Saponin Triterpenoids (có tác dụng chống nhiễm khuẩn). Đây là một trong số những hoạt chất rất quý mà ít thấy ở các cây thuốc nhưTrinh nữ hoàng cung, cây hoàn ngọc, cây thông đỏ… Năm 1999 đề tài cấp nhà nước của giáo sư Lê Thế Trung được nghiệm thu, cây Xạ đen được ghi nhận là có tiềm năng trong việc kiểm soát sự phát triển của tế bào ung thư. Cũng cần lưu ý là mọi công bố khoa học của cố GS.TS. Lê Thế Trung và thế giới về tác dụng ức chế tế bào ung thư đều nói về loài Celastrus hindsii (ảnh ở trên) chứ không phải là cây xạ đen Hòa Bình (Ehretia asperula Zoll. & Mor. ). Xem thêmNghiên cứu tác dụng ức chế tế bào ung thư và chống oxy hóa của lá xạ đen (Celastrus hindsii Benth et Hook.) 6. Thành phần 6.1. Các polyphenolLy và cộng sự đã tiến hành chiết xuất và phân lập được từ dịch chiết Methanol 50% từ lá của loài Celastrus hindsii Benth. Kết quả thu được 8 hợp chất polyphenol gồm rutin , kaempferol 3-rutinoside , axit rosmarinic , axit lithospermic và axit lithospermic B , và ba oligome mới của axit rosmarinic, một dimer và hai trimers . Đây đều là các chất có khả năng chống oxi hóa rất tốt. 6.2. Các sesquiterpene và triterpene Từ thân cây loài Celastrus hindsii Benth, Hui-Chi HUANG cùng nhóm nghiên cứu đã xác định các estar agarofuran sesquiterpene, 1b, 2b, 6a, 15b-tetracetoxy-8b, 9a-dibenzoyloxy-b-dihydroagarofuran (celahin D) , emarginatine E. Ba triterpen được xác định gồm loranthol, lupenone và friedelinol. Bốn hợp chất triterpene mới, celasdin-A (14), celasdin-C (15), celasdin-B (16) và cytotoxic maytenfolone-A, được phân lập từ Celastrus hindsii. Đánh giá sinh học cho thấy maytenfolone -A có khả năng kháng tế bào ung thư gan (HEPA-2B, EDs0 = 2.3 / zg ml – ~) và ung thư biểu mô vòm họng (KB, EDs0 = 3,8 #g ml – 1). Celasdin-B đã được tìm thấy đã thể hiện khả năng ức chế sao chép HIV hoạt động trong các tế bào lympho H9 với ECs0 là 0,8 / zg ml. [3][8] Nghiên cứu hóa học của Celastrus hindsii đang phát triển ở  Việt Nam đã dẫn đến phân lập và làm sáng tỏ cấu trúc của axit glucosyringic, lup-20 (29) -ene-3β, 11β-diol, lup-20 (29) -ene-3-one (lupenone) và lup-5,20 (29) -diene-3-one Theo Lou và cộng sự, trong loài Celastrus hindsii Benth có các triterpenoids loại oleanane (1- 2) mới và một diterpenoid loại podocarpane mới, cùng với 20 hợp chất đã biết (5 -24 ) được phân lập từ thân cây Celastrus hindsii Ngoài ra, tất cả các hợp chất được đánh giá cho các hoạt động chống vi rút in vitro của chúng chống lại vi rút hợp bào hô hấp (RSV) bằng các xét nghiệm giảm hiệu ứng tế bào (CPE). Các hợp chất 7, 10, 11, 19 và 24 thể hiện hoạt động chống RSV rõ ràng với các giá trị IC50 từ 1,55 đến 6,25 M. Một loại macrocyclic lactone mới có tên Hindsiilactone A , 5,8-quinoflavan mới có tên Hindsiiquinoflavan B và ba hợp chất đã biết (Combretastatin D-2 , Combretastatin D-3 và isocorn được phân lập từ chiết xuất ethanol 80% từ thân cây Celastrus hindsii Tất cả các hợp chất phân lập được đánh giá có độc tính tế bào chống lại bốn dòng tế bào khối u ở người gồm NCI-H187, HCT116, BC-1 và HuH7. Xem thêmPHÂN ĐOẠN TOÀN DIỆN CÁC CHẤT CHỐNG OXY HÓA VÀ BẰNG PHƯƠNG PHÁP GC-MS VÀ ESI-MS TRONG LÁ LOÀI CELASTRUS HINDSII 7. Tác dụng của cây xạ đen Tác dụng chống khối u Các hoạt chất Flavonoids, Triterpenoids, Polyphenols có tác dụng chống hình thành khối u, ức chế sự phát triển của tế bào ung thư và hạn chế sự di căn ung thư. Tác dụng chống ung thư của cây xạ đen đã được chứng minh trong đề tài “Nghiên cứu tác dụng chống ung thư của cây xạ đen” là đề tài cấp Nhà nước do giáo sư Lê Thế Trung làm chủ nhiệm, thực hiện tại Học viện Quân y giai đoạn 1987-1999. Năm 1999 đề tài được nghiệm thu và cây xạ đen được công nhận là một vị thuốc nam có tác dụng điều trị ung thư. Tác dụng chống oxy hóa Các hoạt chất của xạ đen đều có tác dụng chống gốc tự do và làm giảm tác hại của gốc tự do với các tế bào. Bài thuốc về cây Xạ đen Thông kinh, lợi tiểu, giải nhiệt15g xạ đen, 12g kim ngân hoa. Dùng các vị thuốc đã phơi khô đem sao vàng rồi hãm như nước chè. Uống hết thuốc trong ngày. Tăng cường hệ miễn dịch, giảm căng thẳng15g xạ đen, 15g giảo cổ lam và 15g nấm linh chi. Dùng tất cả nguyên liệu trong 1 thang thuốc và sắc uống hàng ngày. Hỗ trợ điều trị các bệnh về gan50g xạ đen, 30g cà gai leo và 10g mật nhân. Cho tất cả nguyên liệu trong 1 thang thuốc rồi cho vào nấu cùng với khoảng 2 lít nước trong khoảng 15 phút. Dùng uống thay nước hàng ngày. Sản phẩm có thành phần Xạ đen trên thị trường hiện nay Bệnh U xơ tuyến vú hay còn gọi là bướu sợi tuyến, là một dạng u lành tính phổ biến của tuyến vú. Bệnh u xơ vú không quá nguy hiểm, không có biến chứng và không chuyển biến thành ung thư vú. Các chuyên gia y tế hàng đầu về u vú cho biết, u xơ tuyến vú có thể chữa khỏi bằng cách phẫu thuật hoặc điều trị nội tiết. Đối với bệnh nhân có khối u nhỏ, u lành tính thường dùng thuốc điều chỉnh nội tiết để đưa tỉ lệ estradiol/progesteron về bình thường ở mức thích hợp, cân bằng nội tiết tố và điều hòa kinh nguyệt. Sản phẩm Ích phụ Tuệ Linh với công thức đột phá kết hợp 5 dược liệu chống u và ung thư hàng đầu hiện nay. Đây cũng là sản phẩm đầu tiên và duy nhất sử dụng Xạ đen châu Âu trên thị trường hiện nay",,3793742
Terminalia catappa L,"Bàng, Bàng biển, Quang lang",Cây trồng lấy bóng mát,terminalia-catappa-l.txt,,,Combretaceae,3189394
Mappianthus iodoides Hand.-Mazz,Quả ngọt,Lào Cai. Cây mọc tự nhiên trong rừng thưa,mappianthus-iodoides-hand-mazz.txt,,,Icacinaceae,3596820
Cissus subtetragona Planch,"Hồ đằng, Dây bầu rừng, Xí phóng thằng","Cao Bằng, Ninh Bình, Lâm Đồng, Kiên Giang. Cây mọc tự nhiên ở vùng núi",cissus-subtetragona-planch.txt,,,Vitaceae,3039163
Asplenium crinicaule Hance,Ráng xỉ thân có lông,"Cao Bằng, Quảng Trị, Kon Tum. Cây mọc tự nhiên, sống bám trên vỏ cây hay đá ẩm trong rừng rậm thường xanh.",asplenium-crinicaule-hance.txt,,,Aspleniaceae,4258922
Begonia rex Putz,Thu hải đường lông,Cây trồng làm cảnh nhiều nơi ở Việt Nam. Nguồn gốc có lẽ từ Ấn Độ,begonia-rex-putz.txt,,,Begoniaceae,4156721
Laportea violacea Gagnep,"Han tía, Nàng hai tía, Han lình","Lạng Sơn, Hà Nam, Thanh Hóa. Cây mọc tự nhiên ở vùng núi đá vôi",laportea-violacea-gagnep.txt,,,Urticaceae,4098419
Sedum sarmentorum Bunge,Thủy bồn thảo,"Lai Châu (Sìn Hồ), Lào Cai (Sa Pa, Mường Khương), Cao Bằng, Hà Giang. Cây mọc ở vùng chân núi đá chỗ ẩm, ở độ cao trên 1000 m. Còn được trồng làm cảnh trong các bồn, chậu",sedum-sarmentorum-bunge.txt,,Thuốc bỏng (Crassulaceae),,5362004
Siegesbeckia orientalis L,"Hy thiêm, Cỏ đĩ, Chó đẻ hoa vàng, Co boóng bo (Thái), Cỏ bà a, Cúc dính, Sơn bích, Nụ áo rìa, Cứt lợn, Lưỡi đồng, Nhả khỉ cáy (Tày)","Cây mọc tự nhiên khá phổ biến ở nước ta, từ miền núi, trung du tới đồng bằng Bắc Bộ. Cũng có ở Kon Tum, Gia Lai, Đắk Lắk, Bình Dương",siegesbeckia-orientalis-l.txt,,Cúc (Asteraceae),,3125901
Altingia siamensis Craib – Altingia gracilipes auct.non Hemsl,Tô hạp nam,"Quảng Nam, Đà Nẵng, Kon Tum, Gia Lai. Cây mọc tự nhiên ven suối trong rừng, ven suối, ở độ cao 700-1500 m",altingia-siamensis-craib.txt,,,Altingiaceae,7829872
Stephania longa Lour,Dây lõi tiền,"Cây mọc tự nhiên khá phổ biến ở cả vùng núi, trung du và đồng bằng",stephania-longa-lour.txt,,,Tiết dê (Menispermaceae),5592802
Blumea mollis (D.Don) Merr. – Erigeron molle D.Don,Kim đầu mềm,"Tuyên Quang, Bắc Kạn, Quảng Bình, Thừa Thiên Huế, Quảng Ngãi, Phú Yên, Khánh Hoà (Nha Trang), Lâm Đồng (Langbian, Đơn Dương). Cây mọc tự nhiên trên các trảng cỏ ven rừng nơi đất khô và các nương rẫy bỏ hoang, ở độ cao dưới 500 m",blumea-mollis-d-don-merr.txt,,,Asteraceae,8284768
Rhynchospermum verticillatum Reinv,"Vi bạch cúc, Mổ tu, Thu phân thảo","Lao Cai, Kon Tum. Cây mọc ở chỗ ẩm dưới tán rừng ở độ cao 1500m",rhynchospermum-verticillatum-reinv.txt,,,Asteraceae,3114400
Synedrella nodiflora (L.) Gaertn. – Verbesina nodiflora L,Bọ xít,"Cây mọc tự nhiên trên nương rẫy, ven đường khắp nơi",synedrella-nodiflora-l-gaertn-verbesina-nodiflora-l.txt,,Cúc (Asteraceae),,5404991
Gordonia axillaris (Roxb. ex Ker-Gawl.) Endl. – Camellia axillaris Roxb. ex Ker-Gawl.; Gordonia axillaris Dietr,Trâm vàng,"Lao Cai, Vĩnh Phúc (Tam Đảo), Thừa Thiên Huế, Đà Nẵng. Cây mọc tự nhiên, thường gặp trên núi đá vôi, ở độ cao 900-1.500 m.",gordonia-axillaris-roxb-ex-ker-gawl-endl.txt,,,Theaceae,7313778
Butea superba Roxb,"Huyết đằng lông, Dây máu, Dok tran (Thái), Giềng giềng đẹp","Tây Ninh, thành phố Hồ Chí Minh (trồng ở Thảo Cầm Viên). Cây mọc tự nhiên rải rác trong rừng thưa vùng đồng bằng.",butea-suberba-roxb.txt,,,Fabaceae (Đậu),2940413
Elaeagnus gonyanthes Benth,"Nhót hoa, Nhót núi",Lao Cai. Cây mọc tự nhiên rải rác ven rừng,elaeagnus-gonyanthes-benth.txt,,,Elaeagnaceae,4048068
Microtoena insuavis (Hance) Prain ex Briq. – Gomphostemma insuavis Hance,"Vi thắng, Quan thần hoa","Lạng Sơn, Bắc Giang, Sơn La. Cây mọc tự nhiên dọc đường đi, ở độ cao 500- 1000 m",microtoena-insuavis-hance-dunn.txt,,,Lamiaceae,3884900
Indigofera zollingeriana Miq,"Chàm cánh, Chàm quả tụ","Cây mọc tự nhiên trên các bãi cỏ ven đường, ven rừng rậm, trong rừng thưa, phổ biến khắp nơi của Việt Nam",indigofera-zollingeriana-miq.txt,,,Fabaceae,2972275
Punica granatum L,"Lựu, An thạch lựu, Mác lìu (Tày)",Cây trồng,punica-granatum-l.txt,,,Punicaceae,5420901
Panicum repens L,"Kê nước, Cỏ cựa gà, Cỏ ống, Cỏ gừng",Phổ biến ở nhiều nơi,panicum-repens-l.txt,Ischaemum importunum Lour,Hòa thảo – Poaceae,,2705093
Ceriops tagal (Perr.) C.B. Rob,"Dà đỏ, Dà vôi",Cây mọc tự nhiên ở vùng ngập mặn ven biển,ceriops-tagal-perr-c-b-rob.txt,,,Họ Đước (Rhizophoraceae),3086518
Loeseneriella pauciflora (DC.) A.C. Smith – Hippocratea pauciflora DC,Xàng dùng ít hoa,"Hoà Bình, Kon Tum. Cây mọc tự nhiên dưới tán rừng thưa",loeseneriella-pauciflora-dc-a-c-smith.html?wpsc_do=regen_cache&nonce=7286012225f2d488941cbb.txt,,,Celastraceae,3792345
Cleome gynandra L,"Màn màn hoa trắng , Bạch hoa thái","Cây mọc tự nhiên nơi ẩm, trong vườn, ven bãi sông. Phổ biến ở các tỉnh đồng bằng",cleome-gynandra-l.txt,,,Capparaceae,3054227
Mukia maderaspatana (L.) Roem. – Cucumis maderaspatana L,"Cầu qua ấn, Cầu qua nhám","Lạng Sơn, Bình Thuận, Lào Cai (Sa Pa). Cây mọc tự nhiên trong các trảng cỏ, trảng cây bụi, trên đất đá vỏi, đất bazan, ở độ cao 1100 m",mukia-maderaspatana-l-roem.txt,,,Cucurbitaceae,8364646
Selaginella tamariscina (P. Beauv.) Spring,"Quyển bá trường sinh, Cây chân vịt, Cây chân rết, Rong nha trang","Đà Nẵng (Đèo Hải Vân), Khánh Hòa, Ninh Thuận (Ninh Hải). Cây mọc tự nhiên trên đá hoặc đất sỏi, khô gần biển.",selaginella-tamariscina-p-beauv-spring.txt,,,Selaginellaceae,4940390
Chloris barbata (L.) Sw,"Cỏ mật lông, Cỏ bé, Cỏ chỉ chấm","Bắc Bộ, Khánh Hòa (Nha Trang), Cần Thơ. Cây mọc tự nhiên trên đất cát ven biển, chịu khô hạn",chloris-barbata-l-sw.txt,,,Họ Hòa thảo (Poacea),5289612
Begonia handelii Irmsch,Thu hải đường han-đen,Cây nhập trồng ở một số nơi. Nguồn gốc từ Trung Quốc.,begonia-handelii-irmsch.txt,,,Begoniaceae,7303268
Ixora grandifolia Zoll. & Merr. – Ixora elliptica R.Br. ex Ridl,Trang lá lớn,"Bình Dương (Thị Tính), Đồng Nai, Kiên Giang (Phú Quốc). Cây mọc tự nhiên rải rác trong rừng",ixora-grandifolia-zoll-merr.txt,,,Rubiaceae,2905416
Macropanax dispermus (Blume) Kuntze – Macropanax oreophilus Miq,"Đại đinh hai hạt., Chân chim núi đá","Lào Cai (Sa Pa), Cao Bằng (Đèo Lê A), Hoà Bình (Pà Cò, Mai Châu), Hà Nội (Ba Vì), Ninh Bình (Cúc Phương), Thừa Thiên Huế, Lâm Đồng. Cây gỗ nhỏ, mọc rải rác trong rừng thường xanh, vùng núi đá vôi, ở độ cao 300-1600 m",macropanax-oreophilum-miq.txt,,Ngũ gia bì (Araliaceae),,3037404
Zanthoxylum scabrum Guillaum,Dây khắc dung,"Hoà Bình (Chợ Bờ), Thanh Hóa (La Hán), Ninh Bình (Chợ Ghềnh), Gia Lai (An Khê). Cây mọc tự nhiên trên đồi cây bụi",zanthoxylum-scabrum-guillaum.txt,,,Họ Cam (Rutaceae),8041480
Reissantia indica (Willd.) Halle’ – Pristimera indica (Willd.) A.C. Smith,Dây húc,"Lạng Sơn, Ninh Bình, Tây Ninh, Đồng Nai. Cây mọc tự nhiên",reissantia-indica-willd-halle-pristimera-indica-willd-a-c-smith.txt,,,Họ Dây gối (Celastraceae),7265761
Allamanda cathartica L. – A. hendersonii W. Bull ex Dombr,"Dây huỳnh, Bông vàng, Hoa đai vàng, Huỳnh anh",Cây trồng làm cảnh ở nhiều gia đình,allamanda-cathartica.txt,,Trúc đào (Apocynaceae),,3169836
Celastrus gemmatus Loes. Họ Dây gối (Celastraceae),"Dây gối, Sương hồng đằng, Gối chồi","Lao Cai (Sa Pa). Cây mọc tự nhiên trong rừng vùng núi đá vôi, ở độ cao 1500 m",celastrus-gemnatus-loes.txt,,,,
Murraya paniculata (L.) Jack – Chalcas paniculata L,"Nguyệt quý, Nhâm hôi",Cây mọc tự nhiên và được trồng khá phổ biến ở Việt Nam,murraya-paniculata-l-jack.txt,,,Rutaceae,8190743
Illicium parvifolium Merr,"Hồi hoa nhỏ, Đại hồi hoa nhỏ","Cây mọc tự nhiên ở Thừa Thiên Huế (Bạch Mã), Đà Nẵng (Bà Nà), Quảng Nam (Tây GiangTrHy)",illicium-parvifolius-merr.txt,,,Illiciaceae,7314083
Corchorus aestuans L,"Đay dại, Rau nhớt",Miền Bắc. Cây mọc tự nhiên ở nhiều nơi của Việt Nam,corchorus-aestuans-l.txt,,,Họ Đay (Tiliaceae),3152092
Hibiscus surattensis L,"Vông vang gai, Búp xước, Lộn sóng, Sơn gai, Lá chua, Xương chua",Cây mọc tự nhiên trong các trảng dãi nắng khắp nước ta,hibiscus-surattensis-l.txt,,,Malvaceae,3941020
Machilus thunbergii Sieb. et Zucc. – Persea thunbergii (Sieb. et Zucc.) Kosterm,Kháo vàng,"Sơn La (Mộc Châu), Hà Giang (Đồng Văn), Vĩnh Phúc (Tam Đảo), Hoà Bình, Quảng Ninh, Ninh Bình. Cây mọc tự nhiên trong rừng lá rộng thường xanh nhiệt đới, độ cao 600 – 1400m",machilus-thunbergii-sieb-et-zucc.txt,,,Lauraceae,4177874
Xanthium strumarium L,"Ké đầu ngựa, Phắt ma, Thương nhĩ, Mác nháng (Tày)","Cây mọc tự nhiên, phổ biến khắp nước ta",xanthium-strumarium-l.txt,,Cúc (Asteraceae),,3089154
Desmodium microphyllum (Thunb. ex Murr.) DC,Tràng quả lá nhỏ,"Lai Châu, Lâm Đồng. Cây mọc tự nhiên ở ven đường, đồi cỏ, trong rừng thưa và rừng thông, ở độ cao tới 200 m",desmodium-microphyllum-thunb-ex-murr-dc.txt,,,Fabaceae,10754658
Gahnia tristis Nees,"Gành buồn, Cói gành buồn","Lào Cai (Sa Pa), Quảng Ninh (Vĩnh Phúc), Ninh Bình, Khánh Hòa. Cây mọc tự nhiên ở vùng núi; trong rừng, trảng cỏ, đầm lầy, nơi đất chua, ở độ cao tới 1.500 m",gahnia-tristis-nees.txt,,,Cyperaceae,2710209
Cocculus orbiculatus (Thunb.) DC. – Menispermum orbiculatum Thunb,Vảy sam,"Hòa Bình (Chợ Bờ), Ninh Bình. Cây mọc tự nhiên ở vùng núi",cocculus-orbiculatus-thunb-dc.txt,,Tiết dê (Menispermaceae),,3033943
Glycyrrhiza uralensis Fisch. ex DC,Cam thảo,"Nhập trồng tại một số trại cây thuốc ở Vĩnh Phúc (Tam Đảo), Hà Nội (Văn Điển), Hưng Yên",glycyrrhiza-uralensis-fisch-ex-dc.txt,,Đậu – Fabaceae,,7861283
Solanum incanum L. – Solanum coagulans Forsk,"Cà gai, Dã gia","Lạng Sơn, Hà Nội, Nghệ An, Khánh Hòa, Đồng Nai. Cây mọc tự nhiên ở các bãi hoang, ven làng, bờ rào, phổ biến ở nước ta",solanum-incanum-l.txt,,Cà (Solanaceae),,2929691
Osbeckia stellata Buch.-Ham. ex D. Don var. crinita (Benth. ex Naud.) Hansen – Osbeckia crinita Naud,Mua tép có mào,"Lafo Cai (Sa Pa), Bắc Giang, Bắc Ninh, Đắk Lắk, Lâm Đồng. Cây mọc tự nhiên ở vùng núi cao 800-2500 m",osbeckia-stellata-buch-ham-ex-d-don-var-crinita-benth-ex-naud-hansen.txt,,,Melastomaceae,7425723
Uvaria micrantha (A. DC.) Hook.f. et Thoms. – Guatteria micrantha DC,"Kỳ hương, Bồ quả","Quảng Bình, Thừa Thiên Huế, Quảng Ngãi. Cây mọc tự nhiên rải rác trong rừng nguyên sinh, rừng thứ sinh, ở độ cao dưới 300 m",uvaria-micrantha-a-dc-hook-f-et-thoms.txt,,,Annonaceae,3156914
Combretum parviflorum Reich. ex DC,Trâm bầu hoa nhỏ,Trồng ở Thảo Cầm Viên thành phố Hồ Chí Minh.,combretum-parviflorum-reich-ex-dc.txt,,,Combretaceae,3698309
"Crinum viviparum (Lam.) R.Ansari & V.J.Nair – Crinum defixum Ker-Gawl., C. ensifolium Roxb",Náng hoa đỏ,"Cây được trồng làm cảnh, làm thuốc ở nhiều gia đình",crinum-defixum-ker-gawl.txt,,,Amaryllidaceae,2853668
Hoya obovata Decne,"Ba dày, Hồ da xoan",Cây mọc phụ sinh tự nhiên ở vùng thấp hay trảng cây bụi gần đồng bằng.,hoya-obovata-decne.txt,,,Asclepiadaceae,3573084
Baliospermum montanum (Willd.) Muell.-Arg. – Jatropha montana Willd,"Khôi nước, Co tưa","Lạng Sơn, Hòa Bình, Hà Nội, Ninh Bình, Kon Tum, Bình Dương, An Giang. Cây mọc tự nhiên trên đất hoang ở ven rừng, lùm bụi, trên đất laterit, ở độ cao 100-700 m",baliospermum-montanum-willd-muell-arg.txt,,,Euphorbiaceae,3062296
Ludwigia octovalvis (Jacq.) Ravens. – Oenothera octovalvis Jacq,"Ởt ruộng, Muồng đất, Sòi đất, Rau mương đất","Cây mọc tự nhiên ở bãi đất hoang ẩm, ruộng phổ biến ở Việt Nam",ludwigia-octovalvis-jacq-ravens.txt,,,Onagraceae,5420987
Juncus effusus L,"Bấc, Đăng tâm thảo, Tim bấc, Mạy póp-kham, Cỏ bấc đèn","Nam Định, Ninh Bình, Lâm Đồng. Cây mọc tự nhiên nơi ẩm ướt ven sông, ruộng lúa.",juncus-effusus-l.txt,,,Juncaceae,2701311
Kalanchoe tubiflora (Harw.) Hamct,Trường sinh rằn,Thường gặp trên các bãi đá ven suối ở nhiều nơi,kalanchoe-tubiflora-harw-hamct.txt,,,Crassulaceae,
Cymbopogon goeringii (Steud.) A. Camus,Cát thảo,Cây mọc tự nhiên.,cymbopogon-goeringii-steud-a-camus.txt,,,Poaceae,4139011
Glochidion rubrum Blume,Sóc đỏ,"Từ Bắc tới Thành phố Hồ Chí Minh. Cây ẩm sinh, chịu bóng, mọc tự nhiên ven suối hay ven rừng thường xanh hay rụng lá, ở độ cao 1.500 m",glochidion-rubrum-blume.txt,,,Euphorbiaceae,3080882
Ochna integerrima (Lour.) Merr. – Elaeocarpus integerrimus Lour,"Hoa mai vàng, Lão mai, Huỳnh mai, Hoàng mai",Miền Nam. Cây trồng làm cảnh lấy hoa chơi vào dịp Tết Nguyên Đán,ochna-integerrima-lour-merr.txt,,,Ochnaceae,3695976
Terminalia alata Heyne ex Roth,Bằng lăng khế,Cây mọc tự nhiên ở các tỉnh phía Nam và còn được trồng,terminalia-alata-heyne-ex-roth.txt,,,Combretaceae,7810338
Crotalaria retusa L,"Lục lạc tù, Muồng một lá",Cây mọc tự nhiên ở vùng cát dựa rạch dọc bờ biển từ Hải phòng tới Côn Đảo,crotalaria-retusa-l.txt,,,Fabaceae,2942610
Grewia urenifolia (Pierre) Gagnep. – Grewia abutilifolia Juss. var. urenifolia Pierre,Cò ke lá ké,"Kon Tum, Lâm Đồng, Đồng Nai. Cây mọc tự nhiên ven rừng, rừng thứ sinh",grewia-urenifolia-pierre-gagnep.txt,,,Tiliaceae,4259825
Epaltes australis Less,"Lức bò, Thuốc mộng, Cóc mẩn, Nam hoàng cầm, Cây trăm chân, Cóc nồi, Co the, Cúc ma","Bắc Giang, Hà Nội, Hoà Bình tới Long An. Cây mọc tự nhiên ở các ruộng bỏ hoang, đất nghèo, gò đồi, ở độ cao dưới 1500 m",epaltes-australis-less.txt,,,Asteraceae,3125384
Apluda mutica L,"Rếp, Thuỷ giả, Cỏ hoa tre, Trấu thảo","Lạng Sơn, Thanh Hóa, Thừa Thiên Huế. Cây mọc tự nhiên ở lùm bụi, vườn khắp nơi",apluda-mutica-l.txt,,,Poaceae,5289910
Rhus succedanea L,"Sơn , Mạy rặc (Tày)","Lào Cai, Hà Giang, Thái Nguyên, Cao Bằng tới Tây Nguyên",toxicodendron-succedanea-l-mold-rhus-succedanea-l.txt,,,Anacardiaceae,3190624
Antidesma gracile Hemsl,"Chòi mòi mảnh, Chòi mòi trắng","Bình Thuận, Ninh Thuận (Cà Ná), An Giang. Cây mọc tự nhiên dưới tán rừng, ở độ cao 100-800 m",antidesma-gracile-hemsl.txt,,,Euphorbiaceae,3076491
Markhamia stipulata (Wall.) Seem. – Markhamia stipulata var. pierrei (Dop) Santisuk,"Đinh thiết lá bẹ, So đo","Phú Thọ, Hoà Bình, Hà Nội. Cây mọc tự nhiên trong rừng thưa, rừng thay lá, ở độ cao 800-1200 m",markhamia-spitulata-wall-seem-ex-schum-var-pierrei-dop-santisuk.txt,,Núc nác (Bignoniaceae),,7298701
Cinnamomum cassia J. Presl,"Quế, Quế thanh, Quế bì, Quế đơn, Mạy quế (Tày), Kía (Dao)","Lao Cai, Yên Bái, Thanh Hóa, Quảng Nam. Cây mọc tự nhiên, còn được trồng ở nhiều nơi, ở độ cao dưới 800 m",cinnamomum-cassia-presl.txt,,,Lauraceae,4180148
Pandanus humilis Lour,Dứa gỗ nhỏ,"Ninh Bình, Quảng Bình, Thừa Thiên Huế, Tây Ninh, Khánh Hòa, Lâm Đồng. Cây mọc tự nhiên ở ven suối độ cao đến 1.500 m",pandanus-humilis-lour.txt,,,Pandanaceae,9179088
Hibiscus syriacus L,"Râm bụt tím, Bụp hồng cận, Mộc cận, Hồng cận biếc","Cây trồng làm cảnh, làm hàng rào, khá phổ biến ở vùng núi cao",hibiscus-syriacus-l.txt,,,Malvaceae,3152583
Disporopsis aspera (Hua) Engl,Ngọc trúc hoàng tinh,"Lào Cai, Hà Giang. Cây mọc tự nhiên trong các hốc đá, khe suối, ở độ cao 1000 – 1800m",disporopsis-aspera-hua-engl.txt,,,Convallariaceae,8110071
Trapa bicornis Osbeck var. cochinchinensis (Lour.) Gluck. ex Steen. – Trapa natans L,"Củ ấu, Lăng mác, Mác coóc (Tày)",Cây mọc tự nhiên và trồng trong các ao hồ,trapa-bicornis-osbeck-var-cochinchinensis-lour-gluck-ex-steen.txt,,,Ấu (Trapaceae),3188757
Alangium chinense (Lour.) Harms – Stylidium chinense Lour,Thôi chanh,"Lào Cai, Hà Giang, Cao Bằng, Lạng Sơn, Nghệ An. Cây mọc tự nhiên",alangium-chinense-lour-harms.txt,,,Alangiaceae,7326263
Rhynchospora rubra (Lour.) Makino – Schoenus ruber Lour. Họ Cói (Cyperaceae),Cói đầu hồng,"Cây mọc tự nhiên khắp nơi từ miền núi, trung du tới đồng bằng, trong các trảng cỏ, ven đường, nơi khô ráo",rhynchospora-rubra-lour-makino.txt,,,,2720668
Trionyx sinensis Wegmann,"Mai con ba ba, Thủy ngư xác, Giáp ngư, Miết xác, Miết giáp",,miet-giap.txt,,Trionychidae,,
Lycopodium clavatum L,"Thông đá, Thạch tùng, Thăng kim thảo","Gặp ở khắp các vùng núi thấp và trung bình, từ Lào Cai tới Lâm Đồng. Cây mọc tự nhiên thành từng đám ngoài cửa rừng rậm thường xanh, trong các trảng cây bụi thưa, hay các trảng cỏ thứ sinh, ở độ cao 900-2000 m",lycopodium-clavatum-l.txt,,,Lycopodiaceae,2688393
Caladium bicolor (Ait.) Vent – Arum bicolor Ait,"Môn đốm, Môn cảnh, Môn lưỡng sắc",Cây nhập trồng làm cảnh. Nguồn gốc Nam Mỹ,caladium-bicolor-ait-vent.txt,,,Araceae,2868390
Paeonia suffruticosa Andr,"Mẫu đơn, Đơn bì, Bạch thược, Màu đàn (Tày)",Lào Cai. Cây nhập trồng. Nguồn gốc từ Trung Quốc,paeonia-suffruticosa-andr.txt,,,Paeoniaceae,7155259
Rotala indica (Willd.) Koehne – Peplis indica Willd,"Vảy ốc, Luân thảo ấn","Lạng Sơn, Quảng Ninh, Bắc Giang, Hà Nội, Ninh Bình, Khánh Hòa, Bà Rịa Vũng Tàu. Cây mọc tự nhiên nơi ẩm lầy trên các ruộng hoang",rotala-indica-willd-koehne.txt,,,Lythraceae,3188674
Fragraea auriculata Jack,"Trai tai, Tắng than, Lậu Bình, Ngứa","Hà Giang (Bắc Quang), Quảng Bình, Quảng Trị, Thừa Thiên Huế, Lâm Đồng. Cây mọc tự nhiên",fragraea-auriculata-jack.txt,,,Loganiaceae,
Sindora siamensis Teijsm. ex Miq,Gõ mật,"Kon Tum, Gia Lai, Đắk Lắk, Sông Bé. Cây mọc tự nhiên trong rừng rậm thường xanh và nửa rụng lá, rừng thưa cây họ Dầu, ở độ cao tới 900 m. Loài quý hiếm (EN) đã được đưa vào Sách Đỏ Việt Nam",sindora-siamensis-teijsm-ex-miq.txt,,,Caesalpiniaceae,2943376
Maesa balansae Mez,"Đơn răng cưa, Bách nha, Đơn ăn gỏi, Đơn núi, Đơn trâu, Đơn lộc ớt, Co táp, Tạp lượt (Tày), Ka dơ loang (Kdong), Địa phan (Dao)","Lao Cai, Hà Giang, Lạng Sơn, Quảng Ninh, Vĩnh Phúc (Tam Đảo), Kon Tum. Cây mọc tự nhiên trong rừng thứ sinh, ở độ cao 300-1500 m",maesa-balansae-mez.txt,,,Myrsinaceae,3719671
Hibiscus mutabilis L,"Phù dung, Mộc phù dung, Mộc liên, Boóc đao (Tày)",Trồng làm cảnh khá phổ biến ở Việt Nam,hibiscus-mutabilis-l.txt,,,Malvaceae,3152555
Artocarpus gomezianus Wall. ex Trec,Mít chay,"Khánh Hòa, Tây Ninh. Cây mọc tự nhiên",artocarpus-gomezianus-wall-ex-trec.txt,,,Moraceae,3764819
Selaginella picta A. Br. ex Baker,Quyển bá đốm,"Lào Cai, Lai Châu, Cao Bằng, Lạng Sơn, Thái Nguyên, Hòa Bình, Thanh Hóa, Lâm Đồng. Cây mọc tự nhiên ở ven suối hay dưới tán rừng rậm thường xanh, ở độ cao 600-1.600 m.",selaginella-picta-a-br-ex-baker.txt,,,Selaginellaceae,7456426
Selaginella intermedia (Blume) Spring,"Quyển bá thường, Quyển bá trung gian","Khánh Hòa (giữa Cascade và Sông Tan). Cây mọc tự nhiên trong rừng rậm thường xanh, ở độ cao dưới 1.000 m.",selaginella-intermedia-blume-spring.txt,,,Selaginellaceae,7329855
Elsholtzia penduliflora W. W. Smith,"Chùa dù , Kinh giới rủ, Kinh giới hoa rủ","Lai Châu (Sìn Hồ), Lào Cai (SaPa)",elsholtzia-penduliflora-w-w-smith.txt,Aphanochilus penduliflorus (W. W. Smith) Kudo,Bạc hà – Lamiaceae,,3900253
Dregea volubilis (L.f.) Benth. ex Hook.f. – Dregea formosana T. Yamasaki,Bù ốc leo,"Lạng Sơn (Hữu Liên), Ninh Bình (Cúc Phương), Ninh Thuận (Phan Rang). Cây mọc tự nhiên ở các trảng cây bụi, thường gặp ở các bờ nước",dregea-volubilis-l-f-benth-ex-hook-f.txt,,,Asclepiadaceae,12202584
Viburnum odoratissimum Ker-Gawl,"Mạy chỉ chăm , Vót thơm, răng cưa thơm","Thanh Hoá tới Kon Tum, Lâm Đồng. Cây mọc tự nhiên trên đồi cây bụi ven rừng",viburnum-odoratissimum-ker-gawl.txt,,,Caprifoliaceae,2888626
Patrinia scabiosaefolia Fisch. ex Link,"Bại tượng, Trạch bại","Lao Cai (Sa Pa), Lai Châu (Sìn Hồ), Cao Bằng (Trùng Khánh). Cây mọc tự nhiên trong các trảng cỏ, ở độ cao tới 1.500 m",patrinia-scabiosaefolia-fisch.txt,,Nữ lang (Valerianaceae),,6058841
Aeschynomene indica L,"Rút nước, Điền ma ấn","Cây mọc tự nhiên phổ biến ở Việt Nam. Cây thường mọc nơi ẩm ướt, ruộng nước, ao hồ, ở độ cao tới 1000 m",aeschynomene-indica-l.txt,,,Fabaceae,2949250
Calamitas Urinae hominis,"Nhân niệu bạch, Thiên niên băng, Vạn niên sương, Thu bạch sương, Niệu bạch đảm, Đạm thu thạch",,nhan-trung-bach.txt,,,,
Hymenodictyon orixense (Roxb.) Mabb. – Hymenodictyon excelsum (Roxb.) Wall. ex Roxb,"Vỏ dụt, Cây tai nghé, Bàn nước","Lao Cai, Hà Giang, Bắc Cạn, Lạng Sơn, Thái Nguyên. Cây mọc tự nhiên rải rác trong rừng thứ sinh, ở độ cao tới 1.500 m",hymenodictyon-orixense-roxb-mabb.txt,,,Rubiaceae,2904440
Cleghornia malaccensis (Hook.f.) King et Gamble – Baissea malaccensis Hook.f,"Giả đỗ trọng, Gia đỏ trong","Đồng Nai, Kon Tum, Gia Lai, Đắk Lắk. Loài đặc hữu của miền Nam Việt Nam",cleghornia-malaccensis-hook-f-king-et-gamble.txt,,,Apocynaceae,3616545
Platycerium coronarium (Koenig) Desv. – Osmunda coronaria Koenig,"Tổ phượng, Bổ cốt toái giả, Ráng long cước, Địa noãn, Tổ rồng","Lào Cai, Hà Nội, Lạng Sơn, Thừa Thiên – Huế, Kon Tum, Đồng Nai. Thường sống bám trên cây gỗ, ở ven rừng rậm thường xanh, độ cao từ 100 – 800m",platycerium-coronarium-koenig-desv.txt,,,Polypodiaceae,4024927
"Medinilla septentrionalis (W.W. Sm.) H.L. Li – Pseudodissocheta septentrionalis (W.W. Smith) Nayar, Oritrephes septentrionalis W.W. Smith",Nó pí oỏng (Tày),"Bắc Cạn, Lâm Đồng (Lang Bian). Cây bụi, mọc tự nhiên rải rác trong rừng, ở độ cao dưới 2000m",pseudodissocheta-septentrionalis-w-w-smith-nayar.txt,,,Melastomaceae,3867968
Atalantia buxifolia (Poir.) Oliv. – Citrus buxifolia Poir,"Quýt gai, Cúc keo, Quýt hôi, Gai tầm xoọng, Độc lực",Mọc hoang khắp nơi ở Miền Bắc và Miền Trung.,atalantia-buxifolia-poir-oliv.txt,,,Rutaceae,5593924
Derris elliptica (Roxb.) Benth,"Dây mật, Cổ rùa, Dây cóc, (dây) Duốc cá","Từ miền Trung đến Đông Nam Bộ và cây trồng nhiều ở vùng đồng bằng sông Cửu Long, đặc biệt là ở Sóc Trăng",derris-elliptica-roxb-benth.txt,"Galedupa elliptica Roxb., Pongamia elliptica (Roxb.) Wall",Đậu – Fabaceae,,5350305
Asplenium ensiforme Wall. ex Hook.f. et Grev,Ráng xỉ hình gươm,"Lao Cai (Sa Pa), Lâm Đồng (Đà Lạt). Cây mọc tự nhiên, thường sống bám trên vỏ cây trong rừng rậm thường xanh.",asplenium-ensiforme-wall-ex-hook-f-et-grev.txt,,,Aspleniaceae,7535658
Trichosanthes ovigera Blume,Qua lâu trứng,"Lào Cai, Hoà Bình, Gia Lai, Lâm Đồng. Cây mọc trong rừng thứ sinh",trichosanthes-ovigera-blume.txt,,,Cucurbitaceae,7317673
Senna hirsuta (L.) Irwin & Barneby – Cassia hirsuta L,"Muồng hôi , Muồng lông, Vệ hôi","Cây mọc tự nhiên ở ven đường, phổ biến ở Việt Nam",senna-hirsuta-l-irwin-cassia-hirsuta-l.txt,,,Caesalpiniaceae,2958100
Cayratia japonica (Thunb.) Gagnep. – Vitis japonica Thunb,"Ngũ trảo, Mẫu kinh, Ô liên mẫu","Cây mọc tự nhiên, phổ biến khắp Việt Nam",cayratia-japonica-thunb-gagnep.txt,,,Vitaceae,4055350
Calophyllum membranaceum Gardn. et Champ,"Cồng da, Cồng xương cá","Quảng Ninh (xã Dân Chủ, Hoành Bồ). Cây mọc tự nhiên.",calophyllum-membranaceum-gardn-et-champ.txt,,Bứa (Clusiaceae),,8374262
Benkara depauperata (Drake) Ridsdale – Fagerlindia depauperata (Drake) Tirveng,"Găng ấn, Găng nghèo","Sơn La, Quảng Ninh, Thừa Thiên Huế, Kon Tum, Gia Lai, Lâm Đồng. Cây mọc tự nhiên rải rác nơi đất khô cằn",fagerlindia-depauperata-drake-tirveng-2.txt,,,Rubiaceae,3846147
Oxalis barrelieri L,Khế đất,"Quảng Nam (Tiên Phước). Cây cỏ mọc tự nhiên trên đường đi ven rừng, bãi hoang, nương rẫy",oxalis-barrelieri-l.txt,,Chua me đất (Oxalidaceae),,2891750
"Scadoxus multiflorus (Martyn) Raf.  – Haemanthus multiflorum Martyn , Amaryllis multiflora Tratt","Cẩm tú cầu, Huyết hoa",Cây trồng trong chậu làm cảnh,haemanthus-multiflorum-martyn.txt,,Náng (Amaryllidaceae),,2860677
Laurus nobilis L,Nguyệt quế,Miền Nam. Cây trồng. Nguồn gốc từ Địa Trung Hải,laurus-nobilis-l.txt,,,Lauraceae,3034015
Tylophora ovata (Lindl.) Hook. et Steud. – Diplolepis ovata Lindl,Đầu dài xoan,"Hà Nội (Ba Vì), Ninh Bình (Chợ Ghềnh), Gia Lai (Kon Hà Nừng). Cây mọc tự nhiên ở các rừng thưa, đồi cây bụi, ở độ cao 1000-1500 m.",tylophora-ovata-lindl-hook-et-steud.txt,,,Asclepiadaceae,8315348
Tamaridus indica L,Me,Cây thường được trồng để lấy quả làm mứt và nấu canh chua ở khắp nơi của Việt Nam. Nguyên sản từ vùng nhiệt đới châu Phi,tamaridus-indica-l.txt,,,Caesalpiniaceae,2975768
Launaea sarmentosa (Willd.) Alston – Prenanthas sarmentosa Willd,"Nam sa sâm , Hải cúc trườn, Xà lách biển","Quảng Ninh, Hải Phòng, Thanh Hóa, Nghệ An, Quảng Bình, Quảng Trị, Kiên Giang. Cây mọc tự nhiên, phổ biến trên các bãi cát ven biển ở nước ta",launaea-sarmentosa-willd-alston-in-trimen.txt,,,Asteraceae,3144718
Setaria viridis (L.) Beauv . Họ Hòa thảo (Poaceae),"Cỏ sâu róm, Hát xu (Kho), Cỏ đuôi chó",Cây mọc tự nhiên khá phổ biến ở các tỉnh miền núi của Việt Nam.,setaria-viridis-l-beauv.txt,,,,5289684
Anemone chapaensis Gagnep,Phong quỳ sa pa,"Lao Cai, Hà Giang. Cây mọc tự nhiên trong rừng thứ sinh, ở độ cao 1500 – 1700m",anemone-chapaensis-gagnep.txt,,,Ranunculaceae,3925910
Tectaria decurrens (C. Presl) Copel,Ráng yểm dực cánh,"Cao Bằng, Bắc Kạn, Lạng Sơn, Phú Thọ, Quảng Bình, Đà Nẵng, Kon Tum, Lâm Đồng. Cây mọc tự nhiên trong rừng rậm thường xanh cây lá rộng, cả nguyên sinh lẫn thứ sinh.",tectaria-decurrens-c-presl-copel.txt,,,Aspidiaceae,5654301
Ainsliaea latifolia (D.Don) Sch.-Bip. – Liatris latifolia D.Don,Ánh lệ lá rộng,"Tam Đảo, Đà lạt. Cây mọc tự nhiên ở ven rừng thưa và sườn núi đá granit, trên độ cao 800-1700 m",ainsliaea-latifolia-d-don-sch-bip.txt,,,Asteraceae,3133830
Euphorbia parviflora L . Họ Thầu dầu (Euphorbiaceae),"Cỏ vú sữa, Vú sữa","Lạng Sơn, Tuyên Quang, Hòa Bình, Hà Nội, Ninh Bình, Nam Bộ. Cây mọc tự nhiên trên các bãi cỏ, nơi đất nhiều màu, ở độ cao dưới 1000 m.",euphorbia-parviflora-l.txt,,,,3069046
Glochidion littorale Blume,"Bọt ếch biển, Trâm bột","Cây mọc tự nhiên dọc theo kênh rạch, suối từ Bắc tới Nam Việt Nam",glochidion-littorale-blume.txt,,,Euphorbiaceae,3080367
Capparis cantoniensis Lour,Dây lùng bung,"Sơn La, Hòa Bình, Hà Nội, Hải Dương, Kon Tum, Gia Lai, Bà Rịa Vũng Tàu. Cây mọc tự nhiên ở ven rừng, rừng thưa ở độ cao đến 1200 m.",capparis-cantoniensis-lour.txt,,,Họ Màn màn (Capparaceae),5601806
Rhus chinensis Mill. – Rhus semialata Murr,"Muối, Ngũ bội tử , Diêm phù mộc, Bầu bí, Chu môi, Đìu khụi, Bơ pật (Thái), Mạy piệt (Tày), Dã sơn, Sơn bút","Lào Cai, Hà Giang, Cao Bằng tới các tỉnh miền Nam. Cây mọc tự nhiên",rhus-chinensis-muell.txt,,,Anacardiaceae,3190553
Stachys kouyangensis (Vaniot) Dunn – Lamium kouyangensis Vaniot,"Tầm mạ quý châu, Gié quý châu","Lào Cai (Sa Pa). Cây mọc tự nhiên nơi sáng và ẩm, ở độ cao trên 900 m",stachys-kouyangensis-vaniot-dunn.txt,,,Lamiaceae,7585974
Podophyllum tonkinense Gagnep,"Bát giác liên, Pha mỏ (Tày), Độc cước liên, Quỷ cữu, Lá vung Nồi, Đa khao","Hà Nội (Ba Vì), Lai Châu, Lào Cai, Yên Bái, Hà Giang, Lạng Sơn, Hoà Bình (Mai Châu). Cỏ nhiều năm, mọc rải rác ở vùng rừng ẩm, ven suối, ở độ cao từ thấp đến 1800 m. Loài hiếm, đã đưa vào Sách Đỏ Việt Nam",podophyllum-tonkinense-gagnep.txt,,Hoàng mộc (Berberidaceae),,7875312
Polygonatum multiflorum (L.) All. – Convallaria multiflora L,"Hoàng tinh nhiều hoa, Hoàng tinh hoa trắng","Lai Châu, Lào Cai (Sa Pa), Hòa Bình (Mai Châu), Sơn La (Mộc Châu). Cây mọc dưới rừng cây lá rộng thường xanh",polygonatum-multiflorum-l-all.txt,,,Convallariaceae,2770022
Caesalpinia hymenocarpa (Prain) Hattink,"Lép mèo, Vang cánh màng, Đồng tiền","Nghệ An (Tương Dương), Khánh Hòa, Đồng Nai, Cà Mau. Cây bụi trườn hoặc dây leo gỗ. Mọc tự nhiên ở lúm bụi bên đường, rừng phục hồi",caesalpinia-hymenocarpa-prain-hattink.txt,,,Caesalpiniaceae,5354753
Chukrasia tabularis A. Juss,"Lát hoa, Mạy dằm (Tày), Chua khét","Lai Châu, Sơn La, Hà Giang, Tuyên Quang, Vĩnh Phúc, Hoà Bình, Lạng Sơn, Thanh Hóa. Cây mọc tự nhiên, còn được trồng lấy gỗ",chukrasia-tabularis-a-juss.txt,,,Meliaceae,4934732
Dioscorea poilanei Prain et Burk,Củ từ,"Lai Châu, Quảng Trị, Quảng Nam, Sông Bé. Cây mọc tự nhiên ở rừng trong rừng lá rộng thường xanh, rừng tre nứa, trảng cây bụi, khe núi đá.",dioscorea-poilanei-prain-et-burk.txt,,Củ nâu (Dioscoreaceae),,2755059
Luffa cylindrica (L.) M. Roem. – Momordica cylindrica L,"Mướp , Ty qua, Ve (Tày)",Cây trồng,luffa-cylindrica-l-m-roem.txt,,,Cucurbitaceae,
Leea manillensis Walp,"Gối hạc có mũi, Trúc vòng","Lào Cai, Lạng Sơn, Quảng Ninh, Hoà Bình, Khánh Hoà, Lâm Đồng. Cây mọc tự nhiên rải rác trong rừng thưa, ở độ cao 1.300-1.700 m",leea-manillensis-walp.txt,,,Leeaceae,4160417
Niebuhria siamensis Kurz,"Thạch long, Chan chan","Quảng Ngãi (Bình Sơn), Phan Rang. Cây mọc tự nhiên trong rừng còi",niebuhria-siamensis-kurz.txt,,,Capparaceae,3873399
Eupatorium lindleyanum DC,"Bội lan, Yến bạch","Hà Giang (Đồng Văn), Ninh Bình, Nghệ An, Hà Tĩnh. Cây mọc tự nhiên",eupatorium-lindleyanum-dc.txt,,Cúc (Asteraceae),,5402831
Lycoris radiata (L’. H’er.) Herb,"Tỏi trời tỏa, Thạch toán",Cây được trồng ở các tỉnh phía Nam để làm cảnh.,lycoris-radiata-l-her-herb.txt,,,Amaryllidaceae,7920353
Artabotrys hexapetalus (L.f.) Bhand. – Annona hexapetala L.f,"Móng rồng, hoa móng rồng","Cây mọc tự nhiên, còn được trồng trong các đền chùa, nhất là ở Miền Bắc Việt Nam",artabotrys-hexapetalus-l-f-bhand.txt,,Na (Annonaceae),,3154909
Clerodendrum philippinum Schauer var. symplex Wu et Fang,"Mò mâm xôi , Mò trắng, Vậy trắng, Bấn trắng, Ngọc nữ thơm, Phuồng pỉ (Tày), Búng súi mía (Dao)","Cây ưa sáng và ưa ẩm, mọc rải rác ở ven đường, ven rừng, lùm bụi, ở độ cao tới 1.500 m, khá phổ biến ở Việt Nam",clerodendrum-philippinum-schauer-var-symplex-wu-et-fang.txt,,,Verbenaceae,2925357
Eupatorium coelestinum L,"Tỏ mạ, Cỏ lào tím","Lào Cai, Hà Giang, Hòa Bình (Mộc Châu). Cây mọc tự nhiên ở ven đường, bãi hoang, trên độ cao 800-1600 m",eupatorium-coelestinum-l.txt,,Cúc (Asteraceae),,3090343
Phaius flavus (Blume) Lindl. – Limodorum flavum Blume,Hạc đính vàng,"Thừa Thiên Huế (Bạch Mã), Lâm Đồng, Ninh Thuận. Cây mọc tự nhiên trong rừng nguyên sinh, nơi ẩm, ở độ cao 900-1.800 m",phaius-flavus-blume-lindl.txt,,,Orchidaceae,12184376
Ipomoea pes-tigridis L,"Bìm chân cọp, Cây chân chó","Ninh Bình, Thừa Thiên Huế, Khánh Hòa (Nha Trang), Bến Tre (Ba Tri, Tân Thủy), Bà Rịa Vũng Tàu (Côn Đảo). Cây mọc tự nhiên rải rác ven rừng, dựa lộ, bãi hoang, ở độ cao đến 1000 m.",ipomoea-pes-tigridis-l.txt,,,Convolvulaceae,2928524
Pueraria phaseoloides (Roxb.) Benth. – Dolichos phaseoloides Roxb,"Đậu ma, Sắn dây dại",Cây mọc tự nhiên,pueraria-phaseoloides-roxb-benth.txt,,Đậu (Fabaceae),,2977687
Limnocitrus littoralis (Miq.) Sw. – Pleiospermum littorale (Miq.) Tanaka; Paramignya littaralis Miq,Cam đường,Trung và Nam Bộ Việt Nam. Cây mọc tự nhiên ở vùng ven biển,limnocitrus-littoralis-miq-sw.txt,,Cam quýt (Rutaceae),,3836683
Tanacetum cinerariifolium (Trevir.) Sch.Bip. – Pyrethrum cinerariifolium Trevir,"Cúc trừ trùng, Cúc trừ sâu",Cây nhập trồng,pyrethrum-cineraciifolium-trev.txt,,,Họ Cúc (Asteraceae),3118284
Blighia sapida Koenig,A kê,"Đồng Nai. Cây trồng, nguồn gốc từ Trung Phi.",blighia-sapida-koenig.txt,,,Sapindaceae,3189955
Cratoxylum pruniflorum (Kurz) Kurz,"Đỏ ngọn, Thành ngạnh, Lành ngạnh, Mạy tiên, Ti u",Phổ biến ở vùng trung du và miền núi,cratoxylum-pruniflorum-kurz-kurz.txt,"Tridesmis pruniflorum Kurz, Cratoxylum formosum var. pruniflorum (Kurz) Gogelein, C. prunifolium Deyr",Ban – Hypericaceae,,7330024
Ardisia villosa Roxb,Trọng đũa lông,"Lao Cai, Quảng Nam, Đà Nẵng, Khánh Hoà, Tây Nguyên. Cây mọc tự nhiên trong rừng cây lá rộng thường xanh, sườn đồi, ven rừng, khe đá, ở độ cao 500-1500 m",ardisia-villosa-roxb.html?nonce=10036166985f3fb5a837707.txt,,,Myrsinaceae,7331183
Teramnus labialis (L.f.) Spreng. – Glycine labialis L.f,"Đậu chỉ, Nam bạch chỉ","Đắk Lắk (Buôn Ma Thuột), Ninh Thuận, Bình Dương, Đông Nai. Cây mọc tự nhiên trên các đồn điền trồng cây lâu năm, lùm bụi ven đường, trong rừng thưa.",teramnus-labialis-l-f-spreng.txt,,Đậu (Fabaceae),,8777864
Scleria scrobiculata Nees et Mayen ex Nees,Đưng tổ ong,"Ninh Bình, Đồng Nai. Cây mọc tự nhiên ở vùng núi",scleria-scrobiculata-nees-et-mayen-ex-nees.txt,,,Cyperaceae,2712367
Kalanchoe laciniata (L.) DC. – Cotyledon laciniata L,"Trường sinh lá rách, Sừng hươu, Cà kheo","Khánh Hoà, Ninh Thuận. Cây mọc tự nhiên, còn được trồng làm cảnh",kalanchoe-laciniata-l-dc.txt,,,Crassulaceae,2985933
Illigera parviflora Dunn Họ Liên đằng (Hernandiaceae),"Đáp hy, Liên đằng hoa nhỏ, Khâu tai","Lao Cai, Quảng Ninh, Bắc Giang, Tuyên Quang, Bắc Kạn, Hòa Bình, Hà Nội, Kon Tum. Cây mọc tự nhiên rải rác trong rừng thứ sinh, ở độ cao 500-1400 m",illigera-parviflora-dunn.txt,,,,5549962
Scirpus subcapitatus Thwaites & Hook,Cói dùi đầu,Hà Nội (Ba Vì). Cây mọc tự nhiên ở vùng núi và đồng bằng,scirpus-subcapitatus-thwaites.txt,,,Họ Cói (Cyperaceae),2710575
Ocimum basilicum L. var. pilosum (Willd.) Benth. – Ocimum pilosum Willd,Húng trắng,"Hà Giang, Hoà Bình, Đà Nẵng, Kon Tum, Khánh Hòa. Cây mọc tự nhiên nơi ẩm",ocimum-basilicum-l-var-pilosum-willd-benth.txt,,,Lamiaceae,3898584
Luvunga scandens (Roxb.) Buch.-Ham. – LImonia scandens Roxb,"Thần xạ hương, Cam rừng","Vĩnh Phúc, Hoà Bình, Ninh Bình, An Giang. Cây mọc tự nhiên rải rác trong rừng, ven rừng",luvunga-scandens-roxb-buch.txt,,,Rutaceae,3834730
Acalypha hispida Burm.f,"Tai tượng đuôi chồn, Tai tượng xanh","Cây mọc tự nhiên, còn được trồng làm cảnh",acalypha-hispida-burm-f.txt,,,Euphorbiaceae,3056375
Duabanga grandiflora (Roxb. ex DC.) Walp,"Phay, Bần bằng lăng, Mía tương, Trâm đĩ, Phay vi","Lai Châu Phong Thổ), Sơn La, Lào Cai (Sa Pa), Cao Bằng, Vĩnh Phúc (Tam Đảo), Nghệ An, Quảng Trị, Thừa Thiên Huế, Kon Tum (Sa Thầy, Đắk Pook), Gia Lai (Chư Păh, Mang Yang, Chư Prông), Lâm Đồng (Đà Lạt, Di Linh, Bảo Lộc), Tp. Hồ Chí Minh, An Giang (Châu Đốc)",duabanga-grandiflora-roxb-ex-dc-walp.txt,"Lagerstroemia grandiflora Roxb. ex DC., Duabanga sonneratioides Buch.-Ham",Bần – Sonneratiaceae,,3989330
Amomum aromaticum Roxb. – Cardamomum aromaticum (Roxb.) Kuntze; Amomum tsaoko Crevost & Lemarie,"Thảo quả, Mác hầu (Tày). đò ho, thảo đậu khấu","Lao Cai, Hà Giang. Cây trồng",amomum-aromaticum-roxb.txt,,,Zingiberaceae,10958923
Crateva roxburghii R. Br. – C. religinosa Forst.f. var. roxburghii (R. Br.) Hook.f. & Thoms,"Ngư mộc, Mấm núi","Quảng Ninh (Quảng Yên), Ninh Bình. Cây gỗ lớn, mọc tự nhiên.",crateva-roxburghii-r-br.txt,,,Capparaceae,3871686
Ardisia crispa (Thunb.) A. DC,Trọng đũa nhăn,"Lào Cai (Sa Pa), Vĩnh Phúc (Tam Đảo), Hà Nội (Ba Vì), Quảng Trị, Kon Tum, Lâm Đồng, Khánh Hòa. Cây mọc tự nhiên trong rừng hỗn giao và rừng lá rộng, ở độ cao 100-2400 m",ardisia-crispa-thunb-a-dc.txt,,,Myrsinaceae,7169429
Ficus stenophylla Hemsl,"Sung cọng, Rè hia","Lào Cai, Quảng Ninh. Cây mọc tự nhiên ở trên cát ẩm",ficus-stenophylla-hemsl.txt,,,Moraceae,5571722
"Alpinia mutica Roxb. ( Languas mutica (Roxb.) Merr., L. korthalsii (K. Schum.) Merr., Alpinia korthalsii K. Schum.)","Riềng không mũi, Riềng hoa thưa","Đồng Nai, Tp. Hồ Chí Minh.",alpinia-mutica-roxb.txt,,Gừng – Zingiberaceae,,5302190
Paederia foetida L,"Mơ lông, Dây thối địt, Dắm chó, Ngưu bì đống, Cẩu xú đằng, Khau tất ma (Tày), Co tốt ma (Thái)",Cây trồng,paederia-foetida-l.txt,,,Rubiaceae,2909527
Smilax megacarpa A. DC,Tỳ giải quả to,"Quảng Bình, Quảng Trị, Thừa Thiên Huế, Khánh Hòa. Cây mọc tự nhiên ven rừng thứ sinh, ở độ cao 500-1.000 m.",smilax-megacarpa-a-dc.txt,,,Smilacaceae,5295300
Rhynchosia volubilis Lour,Đậu mỏ leo,"Cao Bằng, Lạng Sơn, Quảng Ninh, Ninh Bình, Thừa Thiên Huế. Cây mọc tự nhiên trong các lùm bụi ven đường, ven rừng thứ sinh",rhynchosia-volubilis-lour.txt,,Đậu (Fabaceae),,5350625
Euonymus cochinchinensis Pierre,Chân danh nam,"Quảng Ngãi (Trà Bồng), Đắk Lắk, Ninh Thuận. Cây mọc tự nhiên rải rác trongrừng thứ sinh, ở độ cao 600 m",euonymus-cochinchinensis-pierre.txt,,,Celastraceae,3793714
Crotalaria montana Heyne ex Roth,"Lục lạc lá hẹp, Sục sạc núi, Điều diệp trự thi đậu",Nhiều nơi trên cả nước,crotalaria-montana-heyne-ex-roth.txt,Crotalaria linifolia Auct,Đậu – Fabaceae,,2942058
Callerya reticulata (Benth.) Schot – Millettia reticulata Benth,"Dây máu gà, Kê huyết đằng, Mát mạng","Lạng Sơn, Quảng Ninh. Cây mọc tự nhiên trong rừng rậm thường xanh, ở độ cao tới 1000 m",callerya-reticulata-benth-schot-millettia-reticulata-benth.txt,,,Họ Đậu (Fabaceae),10514274
Trifolium repens L,"Chẽ ba bò, Cỏ ba lá, Cỏ chĩa ba",Lào Cai (Sa Pa). Cây nhập trồng. Nguyên sản ở vùng ôn đới châu Âu,trifolium-repens-l.txt,,,Fabaceae,5358748
Avicennia marina (Forssk.) Vierh. – Avicennia marina var. intermedia (Griff.) Bakh,Mắm đen,"Cây mọc tự nhiên phổ biến ở vùng nước lợ, nước mặn của tỉnh Cà Mau (Minh Hải)",avicennia-marina-forssk-vierh-var-intermedia-griff-bakh.txt,,,Verbenaceae,2925403
Isodon coetsa (D.Don) Kudo – Plectranthus coetsa D.Don,"Nhị rối, Tô ma dại","Lao Cai, Sơn La. Cây mọc tự nhiên ở các bãi hoang, ven rừng, nương rẫy cũ, ven đường, ở độ cao 600-1600 m",isodon-coetsa-d-don-kudo.txt,,,Lamiaceae,7308656
Renanthera coccinea Lour,"Khô mộc, Huyết nhung, Lan phượng vĩ, Mộc hộc, Lan xương cá, Phi công thiên","Vĩnh Phú, Ninh Bình, Hoà Bình, Thừa Thiên Huế đến Khánh Hoà. Cây mọc tự nhiên, bám vào vách đá hoặc cây gỗ lớn, nơi nhiều ánh sáng, ở độ cao 100-1.200 m",renanthera-coccinea-lour.txt,,,Orchidaceae,2786221
Tetrastigma lanceolarium (Roxb.) Planch. – Vitis lanceolarium Roxb,Tứ thư thon,Lâm Đồng. Cây mọc tự nhiên.,tetrastigma-lanceolarium-roxb-planch.txt,,,Vitaceae,8249935
Plantago asiatica L,Mã đề á,Lào Cai. Cây mọc tự nhiên,plantago-asiatica-l.txt,,,Plantaginaceae,9118978
Pyrrosia lingua (Thunb.) Farw. – Pyrrosia lingua (Thunb.) Farw. var. lingua,Thạch vi,"Lao Cai (Sa Pa), Cao Bằng, Lạng Sơn, Hà Giang, Vĩnh Phúc (Tam Đảo), Hoà Bình. Cây mọc tự nhiên ở vùng núi đá vôi.",pyrrosia-lingua-thunb-farw-var-lingua.txt,,,Polypodiaceae,7290072
Fraxinus floribundus Wall,Tu chanh,"Lạng Sơn, Lâm Đồng. Cây mọc tự nhiên trong rừng",fraxinus-floribundus-wall-in-roxb.txt,,,Oleaceae,7326078
Kopsia fruticosa (Ker-Gawl.) A. DC. – Cerbera fruticosa Ker-Gawl,"Trang tây, Cốp bụi",Cây trồng ở Thảo Cầm Viên thành phố Hồ Chí Minh,kopsia-fruticosa-ker-gawl-a-dc.txt,,,Apocynaceae,5536025
Fortunella japonica (Thunb.) Swingle – Citrus japonica Thunb,"Quất, Kim quất",Cây trồng,fortunella-japonica-thunb-swingle.txt,,,Rutaceae,3831801
Asparagus setaceus (Kunth) Jessop. ( Asparagopsis setacea Kunth),"Thùy tùng, Măng leo, Măng bàn tay",Miền Bắc và Nam Việt Nam,asparagus-setaceus-kunth-jessop.txt,,Thiên môn – Asparagaceae,,2768686
Crotalaria assamica Benth,Lục lạc lá ổi dài,"Lào Cai tới Đắk Lắk. Cây mọc tự nhiên trên các nương rẫy bỏ hoang, ven rừng rậm thường xanh, nơi ẩm và ven sông suối, ở độ cao tới 1500 m",crotalaria-assamica-benth.txt,,,Fabaceae,8128829
Althaea rosea (L.) Cav. – Alcea rosea L,Thục quỳ,"Cây nhập trồng làm cảnh ở Lâm Đồng (Đà Lạt), thành phố Hồ Chí Minh",althaea-rosea-l-cav.txt,,,Malvaceae,7786241
Ardisia maclurei Merr,Cơm nguội lông,"Lạng Sơn (Mẫu Sơn). Cây mọc tự nhiên trong rừng cây lá rộng, sườn đồi, thung lũng, khe suối, nơi đất ẩm tơi, ở độ cao 200-900 m",ardisia-maclurei-merr.txt,,,Họ Đơm Nem (Myrsinaceae),5557613
Bambusa beecheyana Munro,Tre beechay,"Đắk Lắk (Buôn Ma Thuột), Lâm Đồng (Đà Lạt). Cây mọc tự nhiên trên bờ cát, ven rừng, ven đồi, ở độ cao 500-1.500 m.",bambusa-beecheyana-munro.txt,,,Poaceae,2705753
Triticum aestivum L,"Lúa mì, Lúa miến, Mọc cảng (Tày)","Cao Bằng, Lạng Sơn. Cây nhập trồng.",triticum-aestivum-l.txt,,,Poaceae,7795888
Laggera pterodonta (DC.) Benth. – Blumea pterodonta DC,Cúc thơm,"Lai Châu, Lào Cai, Kon Tum, Đắk Lắk. Cây thảo nhiều năm, mọc trên các trảng cỏ và ven rừng thưa.",laggera-pterodonta-dc-benth.txt,,,Họ Cúc (Asteraceae),3098694
Thunbergia grandiflora (Roxb. ex Rottl.) Roxb. var. cordifolia Benoist,Dây bông mật,"Sơn La (Bắc Yên), Hoà Bình (Mai Châu), Ninh Bình (Chợ Ghềnh). Cây mọc tự nhiên ven rừng.",thunbergia-grandiflora-roxb-ex-rottl-roxb-var-cordiflora-benoist.txt,,,Ô rô (Acanthaceae),5415456
Homalomena pierreana Engl. & K. Krause,"Tầm phục, Sơn thục cảnh, Thiên niên kiện lá to","Quảng Nam, Đà Nẵng. Cây mọc tự nhiên trong rừng ẩm",homalomena-pierreana-engl-k-krause.txt,,,Araceae,4933187
Pteris multifida Poir . Họ Gạc nai (Pteridaceae),Cỏ seo gà,"Cây mọc tự nhiên trên đất, vách đá.",pteris-multifida-poir.txt,,,,5275415
Michelia balansae (DC.) Dandy – Magnolia balansae DC,"Giổi lông, Giổi ba vì, Giổi ăn hạt","Yên Bái, Hà Giang, Tuyên Quang, Hà Nội (Ba Vì), Thanh Hóa, Nghệ An, Quảng Bình. Cây mọc tự nhiên trong rừng rậm thường xanh",michelia-balansae-dc-dandy.txt,,,Magnoliaceae,7631076
Mangifera camptosperma Pierre,Xoài bui,"Cây trồng ở Sông Bé, Sài Gòn, Tây Ninh",mangifera-camptosperma-pierre.txt,,,Anacardiaceae,3659592
Tamarix chinensis Lour,Liễu bách trung quốc,Cây trồng làm cảnh ở Việt Nam.,tamarix-chinensis-lour.txt,,,Tamaricaceae,2874696
Alectra arvensis (Benth.) Merr. – Glossostylus arvensis Benth,Ô núi,"Lào Cai, Lâm Đồng. Cây mọc tự nhiên trong các rừng thông, đồng cỏ, các bãi hoang, ở độ cao 1.000-1.700 m",alectra-arvensis-benth-merr.txt,,,Scrophulariaceae,3724900
Houttuynia cordata Thunb,"Diếp cá, Lá giấp, Co vầy mèo (Thái), Ngư tinh thảo, Tập thái, Rau vẹn, Phiăc hoảy (Tày), Cù mua mín (Dao)",Cây mọc tự nhiên và còn được trồng,houttuynia-cordata-thunb.txt,,Giấp cá (Saururaceae),,5384931
Strophioblachia fimbricalyx var. galandulosa (Pax) Thin et Duc,"Mồng sa, Bơ khí cáy, Cây mòn, Mí mắt","Lạng Sơn, Quảng Ninh, Bắc Kạn, Ninh Bình, Thanh Hóa, Khánh Hòa, Nam Bộ. Cây mọc tự nhiên dưới tán rừng thường xanh và đồi cây bụi, ở độ cao 100-500 m",strophioblachia-fimbricalyx-var-galandulosa-pax-thin-et-duc.txt,,,Euphorbiaceae,3063337
Mussaenda frondosa L,Bướm bạc vàng,"Quảng Ninh, Hải Phòng, Khánh Hòa (Nha Trang), Lâm Đồng (Đà Lạt). Cây mọc tự nhiên. VII-XI",mussaenda-frondosa-l.txt,,,Rubiaceae,2892470
Symplocos poilanei Guillaum,"Dung lụa, Nhóc","Quảng Ninh, Hà Nội (Ba Vì), Ninh Bình, Lâm Đồng, Khánh Hòa . Cây mọc tự nhiên, rải rác trong rừng thứ sinh, các sa van cây bụi, ở độ cao từ thấp đến 1.500 m",symplocos-poilanei-guillaum.txt,,Dung (Symplocaceae),,11043902
Clerodendrum cyrtophyllum Turcz,"Bọ mẩy Tên gọi khác Đại thanh, Nữ trinh bọ nẹt, Đắng cẩy, Lẹo đực, Mạy kì cáy(Tày), Co khỉ cáy (Thái)",Cây mọc tự nhiên trên đất hoang khắp nơi từ đồng bằng tới miền núi,clerodendrum-cyrtophyllum-turcz.txt,,,Verbenaceae,7308161
Siliquamomum tonkinense Baill,"Sa nhân giác, Sa nhân cải","Tuyên Quang, Vĩnh Phúc (Tam Đảo), Hoà Bình (Mai Châu), Hà Nội (Ba Vì). Cây mọc tự nhiên ở ven suối, dưới tán rừng, ở độ cao 800-1500 m",siliquamomum-tonkinense-baill.txt,,,Zingiberaceae,2758446
Aphananthe aspera (Thunb.) Planch. – Prunus aspera Thunb,"Lát ruối, U hoa nhám","Hoà Bình, Nghệ An (Quế Phong). Cây gỗ lớn, mọc rải rác trong rừng.",aphananthe-aspera-thunb-planch-in-dc.txt,,,Ulmaceae,4159921
Ailanthus triphysa (Dennst.) Alston – Adenanthera triphysa Dennst,"Càng cua thơm, Thanh thất, Xú xuân, Hom thơm (Thái), Cam tòng hương","Sơn La (Thuận Châu, Sông Mã), Vĩnh Phúc, Thanh Hóa, Nghệ An, Ninh Thuận, Gia Lai. Cây mọc tự nhiên, rải rác trong rừng, ở độ cao đến 1.000 m",ailanthus-triphysa-dennst-alston.txt,,,Simarubaceae,3708775
Ruellia macrosiphon Kurz,Nổ ống,"Thừa Thiên Huế, Nam Bộ. Cây mọc tự nhiên nơi ẩm, sáng",ruellia-macrosiphon-kurz.txt,,,Acanthaceae,7836393
Annona squamosa L,"Na, Mãng cầu, Mác kiếp Tày), Phan lệ chi, Salê",Cây trồng,annona-squamosa-l.txt,,,Annonaceae,5407099
Aglaonema modestum Schott ex Engl,"Minh ty khiêm, Vạn niên thanh lá to","Lào Cai, Tuyên Quang, Cao Bằng, Sơn La, Hoà Bình. Cây mọc tự nhiên dưới tán rừng thường xanh, ẩm.",aglaonema-modestum-schott-ex-engl.txt,,,Araceae,2866488
Stephania pierrei Diels,"Bình vôi lá nhỏ, Cây đồng tiền","Quảng Ngãi, Bình Định. Cây mọc tự nhiên trên núi đất pha cát",stephania-pierrei-diels.txt,,Tiết dê (Menispermaceae),,5592774
Prunus phaeosticta (Hance) Maxim. – Pygeum phaeosticta Hance,Vàng nương đốm nâu,"Lao Cai. Cây mọc tự nhiên ở rừng thưa, ở độ cao 900-1.600 m",prunus-phaeosticta-hance-maxim.txt,,,Rosaceae,3022290
Amorphophallus yunnanensis Engl. & Gehrm. ( Amorphophallus kerrii N.E. Br.),Khoai nưa vân nam,"Lai Châu (Tuần Giáo), Lào Cai (Lao Chải), Hoà Bình.",amorphophallus-yunnanensis-engl-gehrm.txt,,Ráy – Araceae,,2871513
Hypobathrum racemosum (Roxb.) Kurz – Randia racemosa Roxb,"Sứa, Nhàu rừng, Sứa cá","Cần Thơ, Kiên Giang, Bà Rịa – Vũng Tàu. Cây mọc tự nhiên dựa rạch",hypobathrum-racemosum-roxb-kurz.txt,,,Rubiaceae,2900122
Corium stomachichum Galli A,"Kê nội kim, Kê hoàng bì, Kê chuẩn bì, Màng mề gà",,ke-noi-kim.txt,,Phasianidae ( Trĩ ),,
Epipremnum pinnatum (L.) Engl. & K. Krause,"Ráy leo lá xẻ, Thượng cán lá lông chim, Ráy ngót","Hà Nội, Thừa Thiên Huế, Tp. Hồ Chí Minh",epipremnum-pinnatum-l-engl-k-krause.txt,"Pothos pinnatus L., Scindapsus pinnatus (L.) Schott, Rhaphidophora pinnata (L.) Schott",Ráy – Araceae,,2868272
Guajacum officinale L,"Dũ sang, Gai ác",Cây nhập trồng ở Thảo Cầm Viên (Thành phố Hồ Chí Minh).,guajacum-officinale-l.txt,,,Zygophyllaceae,3986813
Plantago major L,"Mã đề, Xa tiền, Xu ma, Nhã én dứt (Thái), Su mà (Tày), Nằng chấy mía (Dao)",Cây mọc tự nhiên nơi ẩm phổ biến ở nước ta,plantago-major-l.txt,,,Plantaginaceae,3189767
Zingiber eberhardtii Gagnep,"Gừng dại , Gừng tía",Lâm Đồng (Đà Lạt). Cây mọc tự nhiên dưới tán rừng.,zingiber-eberhardtii-gagnep.txt,,,Zingiberaceae,2757155
Thespesia lampas (Cav.) Dalzell et Gibson – Hibiscus lampas Cav,"Hoàng quỳ, Cây van rừng, Tra nhỏ, Tra làm thừng","Cao Bằng, Lạng Sơn. Cây mọc tự nhiên trên đất trống, trảng cỏ",thespesia-lampas-cav-dalzell-et-gibson.txt,,,Malvaceae,7279053
Tupistra wattii (C.B.Clarke) Hook.f. – Compylandra wattii C.B.Clarke,Khai khẩu tiễn,"Hà Tây (Ba Vì). Cây mọc tự nhiên dưới rừng thưa, ẩm, dọc theo suối, trong rừng cây lá rộng thường xanh.",tupistra-wattii-c-b-clarke-hook-f.txt,,,Convallariaceae,5303903
Mucuna gigantea (Willd.) DC. – Dolichos giganteus Willd,"Mắt mèo to, Móc mèo lớn","Lâm Đồng (Langbian), Bình Dương, Bà Rịa Vũng Tàu (Côn Đảo). Cây mọc tự nhiên trong rừng còi, ven rừng thứ sinh, các bãi cát ven biển, ở độ cao tới 1200 m",mucuna-gigantea-willd-dc.txt,,,Fabaceae,2951381
Lepidagathis incurva Buch.-Ham. ex D. Don,Lân chuỳ thấu quang,Cây mọc tự nhiên phổ biến khắp nơi ở Việt Nam.,lepidagathis-hyalina-nees.txt,,,Acanthaceae,7263961
Rhapis cochinchinensis (Lour.) Merr. – Chamaerops cochinchinensis Lour,"Lụi, Mật cật nam bộ","Lai Châu, Hoà Bình, Vĩnh Phúc, Ninh Bình. Cây mọc tự nhiên rải rác trong rừng rậm nhiệt đới thường xanh.",rhapis-cochinchinensis-lour-merr.txt,,,Arecaceae,2733400
Smilax ferox Wall. ex Kunth,Kim cang gai,"Lào Cai, Hà Giang, Cao Bằng, Quảng Ninh, Ninh Bình, Kon Tum, Khánh Hòa, Ninh Thuận. Cây mọc tự nhiên, rải rác ven rừng thứ sinh, ở độ cao 500-1.000 m.",smilax-ferox-wall-ex-kunth.txt,,,Smilacaceae,5295764
Chonemorpha eriostylis Pitard,Quặn hoa vòi lông,"Phú Thọ, Ninh Bình (Cúc Phương). Cây mọc tự nhiên ở ven rừng",chonemorpha-eriostylis-pitard.txt,,,Apocynaceae,3616970
Polyalthia suberosa (Roxb.) Thwaites,Quần đầu vỏ xốp,"Quảng Nam, Đà Nẵng, Khánh Hòa, Ninh Thuận. Cây mọc tự nhiên trong rừng thứ sinh, nơi sáng",polyalthia-suberosa-roxb-benth-et-hook-f-ex-thwaites.txt,,,Annonaceae,3156325
Angelica dahurica (Fisch. ex Hoffm.) Maxim. – Callisace dahurica Fisch. ex Hoffm,"Bạch chỉ, Hương bạch chỉ, Hoàng châu bạch chỉ",Cây nhập trồng,angelica-dahurica-fisch-ex-hoffm-maxim.txt,,,Apiaceae,5537813
Pseuderanthemum atropurpureum Radlk. – Siphoneran – themum atropurpureum Kuntze,"Hoa điểm hồng, Xuân hoa đỏ thẫm",Khánh Hoà (Nha Trang). Cây mọc tự nhiên,pseuderanthemum-atropurpureum-radlk.txt,,,Acanthaceae,9450473
Pimpinella diversifolia DC. – P. cambodgiana Boiss,"Cần hôi, Băng biên","Lao Cai (Sa Pa). Cây mọc tự nhiên rải rác trong rừng thưa, ở độ cao 900-1500 m",pimpinella-diversifolia-dc.txt,,,Apiaceae,6027010
Jasminum multiflorum (Burm. f.) Andr. – Jasminum amplexicaule Buch.-Ham. ex G. Don,Vằng nhiều hoa,"Bắc Giang, Ninh Bình, Đà Nẵng, Đắk Lắk. Cây mọc tự nhiên ở bìa rừng hay trảng cây bụi",jasminum-multiflorum-burm-f-andr.txt,,,Oleaceae,3172267
Cornus controversa Hemsl. – Bothrocaryum controversum (Hemsl.) Pojark,"Giác mộc, Thù du quả đen",Lào Cai (Sa Pa). Cây mọc tự nhiên rải rác trong rừng,cornus-controversa-hemsl.txt,,,Cornaceae,7846556
Pisonia umbellifera (Forst. et Forst.f.) Seem. – Ceodes umbellifera Forst. & Forst.f,Bì sơn tán,An Giang (Núi Cấm). Cây mọc tự nhiên rải rác trong rừng.,pisonia-umbellifera-forst-et-forst-f-seem.txt,,,Hoa phấn (Nyctaginaceae),3086267
Zanthoxylum nitidum (Roxb.) DC.  – Fagara nitida Roxb,"Xuyên tiêu, Sâng, Hạt sẻn, Mác khén (Thái), Hoàng lực, Sưng, Lưỡng diện châm, Chứ xá (Hmông), Sơn tiêu, Sẻng vàng, Chiêu khạt (Tày)","Cây mọc tự nhiên, phổ biến ở các tỉnh vùng trung du và miền núi nước ta",zanthoxylum-nitidum-roxb-dc.txt,,,Rutaceae,7269365
Ephedra sinica Stapf,Ma hoàng,Lào Cai. Cây nhập trồng.,ephedra-sinica-stapf.txt,,,Ephedraceae,2653377
Anomianthus dulcis (Dunn) Sincl. – Uvaria duncis Dunn,"Dủ dẻ trâu, Dây trái lông, Nhị tuyến, Vô danh hoa","Các tỉnh miền Nam Trung Bộ và Tây Nguyên. Cây mọc tự nhiên rải rác trong rừng thứ sinh, ven rừng",anomianthus-dulcis-dunn-sincl.txt,,,Annonaceae,3156537
Gomphia serrata (Gaertn.) Kanis – Meesia serrata Gaertn,"Hoa mai cánh lõm, Mai cánh lõm, Cây đũa bếp","Quảng Trị, Thừa Thiên Huế, Đà Nẵng, Quảng Nam, Gia Lai, Lâm Đồng, Tây Ninh. Cây mọc tự nhiên trong rừng nguyên sinh hoặc rừng thứ sinh ở vùng thấp",gomphia-serrata-gaertn-kanis.txt,,,Ochnaceae,3694784
Miliusa sinensis Fin. et Gagnep,Song môi tàu,"Lạng Sơn (Đồng Mỏ), Hoà Bình, Sơn La. Cây mọc tự nhiên trong rừng thưa, rừng thứ sinh",miliusa-sinensis-fin-et-gagnep.txt,,,Annonaceae,3156594
Ipomoea triloba L,Bìm ba thuỳ,"Hà Nội, Hải Phòng, Đắk Lắk, thành phố Hồ Chí Minh. Cây mọc tự nhiên ở bờ rào, lùm bụi ven đường, nơi khô và sáng, ở độ cao đến 700 m",ipomoea-triloba-l.txt,,Bìm bìm (Convolvulaceae),,2928547
Berberis julianae C.K.Schneid,"Hoàng liên gai, Hoàng mù, Hoàng mộc, Tiểu la tán, Tiểu nghiệt",Lao Cai (Sa Pa). Cây mọc tự nhiên ở vùng núi đá ở độ cao 1.500 – 2.500m. Loài hiếm (EN) đã đưa vào sách đỏ Việt Nam,berberis-julianae-schmeid.txt,,,Berberidaceae,3981543
Litsea monopetala (Roxb.) Pers. – Tetranthera monopetala Roxb,"Nhè nhẹn, Mò giấy, Bời lời bao hoa đơn","Sơn La, Vĩnh Phúc, Ninh Bình, Thừa Thiên Huế, các tỉnh vùng Tây Nguyên. Cây mọc tự nhiên rải rác trong rừng thứ sinh dựa suối, ven đường, nơi sáng, ở độ cao dưới 500 m",litsea-monopetala-roxb-pers.txt,,,Lauraceae,4182444
Gironniera subaequalis Planch,"Ngát vàng, Ki gần bằng","Sơn La (Thuận Châu, Sông Mã, Mai Sơn, Mộc Châu), Yên Bái, Vĩnh Phúc, Quảng Ninh (Ba Mùn), Hải Phòng (Cát Bà), Thanh Hóa, Nghệ An, Quảng Bình, Quảng Trị, Thừa Thiên Huế, Đà Nẵng (Hải Vân), Kon Tum (Đắk Tô, Đắk Tơ Kan, Gia Lai (Kon Hà Nùng), Khánh Hòa (Nha Trang), Ninh Thuận (Phan Rang)",gironniera-subaequalis-planch.txt,Gironniera nervosa var. subaequalis Kurz,Du – Ulmaceae,,4159324
Minium,"Hoàng đơn, Hồng đơn, Duyên hoàng, Đơn phấn, Tùng đơn, Châu đơn, Châu phấn",,duyen-don.txt,,,,
Nymphaea tetragona Georgi,Súng vuông,"Lâm Đồng, Cần Thơ. Cây nhập trồng",nymphaea-tetragona-georgi.txt,,,Nymphaeaceae,2882422
Eucalyptus tereticornis Sm,Bạch đàn lá liễu,Cây nhập trồng ở nhiều địa phương,eucalyptus-tereticornis-sm.txt,,,Myrtaceae,3176719
Dolichandrone spathacea (L.f.) Schum. – Bignonia spathacea L.f,Quao nước,"Quảng Nam, Đà Nẵng tới Long An. Cây mọc tự nhiên dựa rạch có thuỷ triều",dolichandrone-spathacea-l-f-schum.txt,,,Bignoniaceae,3172487
Hopea odorata Roxb,"Sao đen, Cây sao, Mạy khèn (Tày)","Hà Nội (trồng ở đường phố), Thanh Hóa, Quảng Trị, Thừa Thiên Huế, Quảng Nam, Kon Tum, Bình Dương, thành phố Hồ Chí Minh. Cây mọc tự nhiên, còn được trồng",hopea-odorata-roxb.txt,,,Dipterocarpaceae,5669231
Bauhinia scandens L. var. horsfieldii (Miq.) K. & S. Larsen,Mấu chàm,"Sơn La, Lạng Sơn (Hữu Lũng), Gia Lai, Đắk Lắk, Khánh Hòa, Ninh Thuận. Cây mọc tự nhiên trong rừng rậm thường xanh và nửa rụng lá, ven sông suối, ở độ cao tới 700 m",bauhinia-scandens-l-var-horsfieldii-miq-k-s-larsen.txt,,,Caesalpiniaceae,2953321
Ficus abelii Miq,"Sung chè, Rù rì bãi, Cánh nỏ","Lạng Sơn, Hà Tây, Thanh Hóa. Cây mọc tự nhiên dựa rạch, suối",ficus-abelii-miq.txt,,,Moraceae,5570171
Symphytum officinale L,"Cây se, Công phi, cây B12",Lào Cai (Sa Pa). Cây nhập trồng,symphytum-offcinale-l.txt,,,Boraginaceae,7558421
Docynia indica (Wall.) Decne. – Pyrus indica Wall,"Táo mèo, Chua chát","Điện Biên, Lai Châu, Lao Cai, Hà Giang, Sơn La (Mộc Châu). Cây mọc tự nhiên, còn được trồng",docynia-indica-wall-decne.txt,,,Rosaceae,3025448
Leea asiatica (L.) Ridsdale – Leea crispa L,"Củ rối nhăn, Gối hạc nhăn",Đồng Nai (Biên Hòa). Cây mọc tự nhiên rải rác trong rừng thứ sinh,leea-crispa-l.txt,,Gối hạc (Leeaceae),,4160376
Derris scandens (Roxb.) Benth. – Dalbergia scandens Roxb,Cốc kèn leo,"Đồng Nai, Tây Ninh. Cây mọc tự nhiên dựa rạch.",derris-scandens-roxb-benth.txt,,,Họ Đậu (Fabaceae),10779326
Microlepia strigosa (Thunb.) C. Presl. – Trichomanes strigosa Thunb,Vi lân nhám,"Hẹp. Vĩnh Phúc (Tam Đảo), Lâm Đồng (Cát TiênCát Lộc). Cây mọc tự nhiên trong rừng rậm thường xanh, nguyên sinh hay thứ sinh.",microlepia-strigosa-thunb-c-presl.txt,,,Dennstaedtiaceae,2650725
Korthasella opuntia (Thunb.) Merr. – Korthasella japonica (Thunb.) Engl,Cốt tân,Ký sinh trên cây gỗ.,korthasella-opuntia-thunb-merr-korthasella-japonica-thunb-engl.txt,,,Ghi (Viscaceae),
Ardisia humilis Vahl,"Cơm nguội nhỏ, Cây dang dang, Lục chột","Thanh Hóa, Thừa Thiên Huế, Khánh Hòa, Kon Tum, Lâm Đồng. Cây mọc tự nhiên rải rác trong rừng hỗn giao, sườn đồi, ở độ cao tới 1000 m",ardisia-humilis-vahl.txt,,,Họ Đơm nem (Myrsinaceae),5558193
Mallotus poilanei Gagnep,Si ta,"Khánh Hòa, Quảng Trị. Cây mọc tự nhiên trong rừng thường xanh, ở độ cao 100-500 m. Loài đặc hữu của Việt Nam.",mallotus-poilanei-gagnep.txt,,,Euphorbiaceae,5378668
Saxifraga stolonifera Curtis – Saxifraga sarmentosa L.f,"Hổ nhĩ thảo, Tai hùm, Sách trườn",Lào Cai (Sa PaBản Khoang). Cây mọc tự nhiên,saxifraga-sarmentosa-l-f.txt,,,Saxifragaceae,3032762
Gardenia stenophylla Merr,"Dành dành lá hẹp, Thủy hoàng chi","Quảng Ninh, Vĩnh Phúc (Tam Đảo), Nghệ An (Quế Phong). Cây mọc tự nhiên dọc suối đá",gardenia-stenophylla-merr.txt,,Cà phê (Rubiaceae),,5335109
Phyllanthus elegans Wall. ex Muell.-Arg,"Diệp hạ châu lá to, Bồ ngót rừng",Kiên Giang. Cây thường được trồng làm rau ăn,phyllanthus-elegans-wall-ex-muell-arg.txt,,Thầu dầu (Euphorbiaceae),,5381789
Cinnamomum mairei Levl,Quế bạc,"Quảng Bình, Quảng Trị, Thừa Thiên Huế, Gia Lai. Cây mọc tự nhiên trong rừng thường xanh, ở độ cao trên 900 m",cinnamomum-mairei-levl.txt,,,Lauraceae,4182397
Acacia megaladena Desv,"Keo tuyến to, Sống rắn","Lai Châu (Pù Nhung, Phong Thổ), Gia Lai (Cheo Reo), Đắk Lắk (Lắk), Đồng Nai (Biên Hòa). Cây mọc tự nhiên trong các lùm bụi, rừng hỗn giao rụng lá, ở độ cao tới 1000 m",acacia-megaladena-desv.txt,,,Mimosaceae,7521523
Ficus pandurata Hance,"Sung tỳ bà, Sung lá đàn","Hải Phòng, Ninh Bình, Quảng Bình, Quảng Trị, Thừa Thiên Huế. Cây mọc tự nhiên ở nơi đất ẩm lầy",ficus-pandurata-hance.txt,,,Moraceae,8037208
Premna corymbosa (Burm.f.) Rottb. et Willd. – Cornutia corymbosa Burm.f,"Vọng cách, Cách núi, Cây cách","Cây mọc tự nhiên, còn được trồng",premna-corymbosa-burm-f-rottb-et-willd.txt,,,Verbenaceae,7713954
Ipomoea obscura (L.) Ker-Gawl. – Convolvulus obscurus L,Bìm mờ,"Vĩnh Phúc (Tam Đảo), Hà Nội, Hải Dương, Khánh Hòa, Đồng Nai. Cây mọc tự nhiên trên các bãi hoang, ven rừng, lùm bụi, nơi khô và sáng",ipomoea-obscura-l-ker-gawl.txt,,Bìm bìm (Convolvulaceae),,2928565
Bauhinia acuminata L. ( Bauhinia linnaaei Ali),Móng bò trắng,"Cây nhập trồng ở Hà Nội, Hải Phòng, Nam Định, Nghệ An (Vinh), Đà Nẵng, Khánh Hòa (Nha Trang), Đồng Nai (Biên Hòa), Tp. Hồ Chí Minh",bauhinia-acuminata-l.txt,,Đậu – Fabaceae,,2953747
Sacciolepis indica (L.) A. Chase,"Bấc nhỏ, Cỏ vảy túi","Lào Cai, Bắc Giang, Hà Nội, Ninh Bình, Lâm Đồng, Khánh Hòa, Nam Bộ. Cây mọc tự nhiên ở bãi cỏ ven đường, ven rừng, sườn đồi, rừng thưa",sacciolepis-indica-l-a-chase.txt,,,Poaceae,2703626
Dieffenbachia seguine (Jacq.) Schott,"Môn trường sinh, Môn trường sanh",Cây trồng ở miền Nam,dieffenbachia-seguine-jacq-schott.txt,Arum seguine Jacq,Ráy – Araceae,,2869345
Muntingia calabura L,Mật sâm,"Cây trồng phổ biến ở các thành phố, thị xã của Việt Nam",muntigia-calabura-l.txt,,Trứng cá (Muntingiaceae),,3152036
Bauhinia glauca subsp. tenuiflora (C.B.Clarke) K.Larsen & S.S.Lar,Móng bò mốc,"Lào Cai (Sa Pa), Nghệ An (Vinh), Ninh Thuận (Phan Rang), Lâm Đồng (Đơn Dương). Cây mọc tự nhiên ở ven rừng, ở độ cao tới 1500 m",bauhinia-glauca-wall-ex-benth-benth-subsp-tenuiflora-watt-ex-c-b-clarke-k-et-s-larsen.txt,,,Caesalpiniaceae,8850913
Syzygium laosense (Gagnep.) Merr. et Perry – Euginia laosensis Gagnep,"Trâm sè, Trâm lào","Kiên Giang (Đảo Phú Quốc). Cây mọc tự nhiên trong rừng thường xanh, ven đường, ven suối, nơi ẩm, ở độ cao từ thấp đến 1000 m.",syzygium-laosense-gagnep-merr-et-perry.txt,,,Myrtaceae,7370452
Helwingia japonica (Thunb.) F. G. Diet,"Lá dâng hoa, Cây hoa trên lá, Hen vinh nhật","Lào Cai (Bắc Hà), Hà Giang (Đồng Văn), Hòa Bình (Mai Châu, Pà Cò).",helwingia-japonica-thunb-f-g-diet.txt,"Cornus japonica Thunb., Helwingia japonica (Thunb.) Morr. & Decne",Hen vinh – Helwingiaceae,,7326897
Smilax aberrans Gagnep,Kim cang lạc,"Lào Cai (Sa Pa). Cây mọc tự nhiên, rải rác ven rừng thứ sinh, ở độ cao 500-1.600 m",smilax-aberrans-gagnep.txt,,,Smilacaceae,5295393
Tectaria subtriphylla (Hook. et Arn.) Copel,Ráng yểm dực ba thuỳ,"Cao Bằng, Bắc Giang, Thừa Thiên Huế. Cây mọc tự nhiên trên sườn núi đá vôi, trên vách đất bờ tre quanh làng vùng đồng bằng.",tectaria-subtriphylla-hook-et-arn-copel.txt,,,Aspidiaceae,7347153
Erythroxylum coca Lam,Cô ca,Cây nhập trồng làm cảnh ở các tỉnh phía Nam,erythroxylum-coca-lam.txt,"Erythroxylum bolivianum Burck, E. chilpei E.Machado",Cô ca – Erythroxylaceae,,2873939
Ophiopogon chingii F.T. Wang et T. Tang,Cao cẳng lá nhỏ,"Lào Cai, hà Giang, Lai Châu. Cây mọc tự nhiên ở vùng núi, trong rừng cây lá rộng thường xanh ở độ cao 1000 – 1600m",ophiopogon-chingii-f-t-wang-et-t-tang.txt,,,Convallariaceae,2774199
Strobilanthes dalzielii T. Anders. ex C.B. Clarke. – Pteroptychia dalzielii (W. W. Smith) H.S. Lo; Acanthopale dalzielii W.W.Sm,Cây đan,Lào Cai (Sa Pa). Cây mọc tự nhiên vùng núi cao,strobilanthes-dalzielii-t-anders-ex-c-b-clarke.txt,,,Acanthaceae,3781335
Hypodematium crenatum (Forsk.) Kuhn,"Ráng hạ răng, Quyết chân phù","Phân bố rộng ở Quảng Ninh, Cao Bằng, Hải Phòng, Hà Nam, Ninh Bình. Cây ưa ẩm, mọc tự nhiên trên các sườn núi đá vôi, dưới rừng rậm thường xanh.",hypodematium-crenatum-forsk-kuhn.txt,,,Aspidiaceae,11373987
Averrhoa bilimbi L,"Khế tàu, Khế ngọt, Khế đường",Nam Bộ. Cây trồng,averrhoa-bilimbi-l.txt,,,Oxalidaceae,2891640
Equisetum ramosissimum Desf . – E. debile Roxb. ex Vauch Họ Cỏ tháp bút (Equisetaceae),"Cỏ tháp bút, Mộc tặc, Búa lọ phì nọi (Thái)","Rất rộng. Cây mọc tự nhiên ven suối, trảng cỏ và cây bụi ở đầm lầy hay bãi cát ven sông, từ đồng bằng đến đồi núi thấp khắp cả nước",equisetum-ramosissimum-desf.txt,,,,2687940
Melastoma normale D.Don,Mua thường,"Tuyên Quang, Vĩnh Phú. Cây mọc tự nhiên.",melastoma-normale-d-don.txt,,,Melastomaceae,3188511
Pterocarpus indicus Willd,"Giáng hương , Giao bát, Mắt chim","Phú Thọ, Thừa Thiên Huế, Khánh Hòa , Đà Nẵng. Cây mọc tự nhiên trong rừng rậm thường xanh",pterocarpus-indicus-willd.txt,,,Fabaceae,5349242
Parietaria micrantha Ledeb,Tường anh,Thừa Thiên Huế,parietaria-micrantha-ledeb.txt,Parietaria debilis Forst. f. var. micrantha (Ledeb.) Wedd. in DC,Gai – Urticaceae,,5669693
Paulownia fortunei (Seem.) Hemsl,"Hông, (cây) Chõ xôi, Bông lơn fortune","Lào Cai (SaPa), Cao Bằng, Bắc Kạn, Thái Nguyên, Lạng Sơn.",paulownia-fortunei-seem-hemsl-2.txt,"Campis fortunei Seem., Paulownia meridionalis Dode",Hoa mõm chó – Scrophulariaceae,,3727077
Itea chinensis Hook. et Arn,"Ba thưa, Lưỡi nai trung quốc, Thử thích","Lạng Sơn, Cao Bằng, Vĩnh Phúc (Tam Đảo), Kon Tum (Đăk Glei), Lâm Đồng. Cây mọc tự nhiên rải rác trong rừng, ở độ cao 900-1700 m",itea-chinensis-hook-et-arn.txt,,,Iteaceae,5617095
Artabotrys intermedius Hassk. – A. odoratissimus var. intermedius (Hassk.) Boerl,Móng rồng hoa nhỏ,"Khánh Hoà, Ninh Thuận, Đồng Nai tới Tây Ninh. Cây mọc tự nhiên rải rác dưới tán rừng thứ sinh",artabotrys-intermedius-hassk.txt,,,Annonaceae,3154948
Tetrastigma erubescens Planch,"Mùi tử quả, Tứ thư hồng","Lao Cai, Thái nguyên, Vĩnh Phú, Kon Tum, Lâm Đồng. Cây mọc tự nhiên trong rừng ẩm",tetrastigma-erubescens-planch.txt,,,Vitaceae,5658487
Entada glandulosa Pierre ex Gagnep. – E. tamarindifolia Pierre ex Gagnep,"Bàm bám tuyến, Bàm bàm lá me","Kon Tum, Gia Lai, Đắk Lắk, Lâm Đồng, Ninh Thuận, Bình Thuận. Dây leo gỗ, mọc tự nhiên rải rác trong rừng khô rụng lá, rừng hỗn giao cây họ Dầu",entada-glandulosa-pierre-ex-gagnep.txt,,,Mimosaceae,2976195
Artemisia lactiflora Wall. ex DC,"Ngải chân vịt , Tăng ky, Rau bốn mùa, Tan qui","Lai Châu, Lào Cai, Sơn La, Cao Bằng, Lạng Sơn, Hòa Bình. Cây mọc tự nhiên ở ven rừng, trên các trảng cỏ ẩm, ở độ cao 200-1600 m, còn được trồng",artemisia-lactiflora-wall-ex-dc.txt,,,Asteraceae,3121137
Aegle marmelos (L.) Correa et Bobrow – Crataeva marmelos L,"Bầu nâu, Co mác tum, Trái nấm, Chùm hum",Cây trồng ở các tỉnh miền Nam.,aegle-marmelos-l-correa-et-bobrow.txt,,,Cam (Rutaceae),5421195
Floscopa scandens Lour,Đầu rìu leo,"Lào Cai, Lạng Sơn, Hà Tây, Đà Nẵng. Cây mọc tự nhiên ven rừng, ven đường, khe núi.",floscopa-scandens-lour.txt,,,Họ Thài lài (Commelinaceae),2765559
Indigofera linifolia (L.f.) Retz,Chàm lá lanh,"Ninh Thuận (Cà Ná), Bà Rịa-Vũng Tàu",indigofera-linifolia-l-f-retz-2.txt,Hedysarum linifolium L.f,Đậu – Fabaceae,,2971525
Nymphaea pubescens Willd,Súng hoa trắng,Khá phổ biến ở Việt Nam,nymphaea-pubescens-willd.txt,,,Nymphaeaceae,3697240
Usnea diffracta Vain,"Tùng la, Râu cây","Lao Cai, Hà Tây. Cây mọc tự nhiên ở vung núi cao.",usnea-diffracta-vain.txt,,,Usneaceae,3407874
Wedelia prostrata (Hook. et Arn.) Hemsl. – Verbesina prostrata Hook. et Arn,Sài gục,"Hải Phòng (Đồ Sơn), Thanh Hóa, Nghệ An, Quảng Bình, Thừa Thiên – Huế, Khánh Hòa. Cây mọc tự nhiên ở các đồi cát ven biển",wedelia-prostrata-hook-et-arn-hemsl.txt,,,Asteraceae,3092303
Woodfordia fruticosa (L.) Kurz – Lythrum fruticosum L,Lâm phát,"Lào Cai, Lâm Đồng, Đồng Nai. Cây mọc tự nhiên rải rác ven sông suối.",woodfordia-fruticosa-l-kurz.txt,,,Lythraceae,5635525
Perilla frutescens (L.) Britt. var. crispa (Thunb.) Deane ex Bailey,"Tía tô nhăn, Tía tô quăn",Cây trồng ở vùng Hà Nội làm rau thơm,perilla-frutescens-l-britt-var-crispa-thunb-deane-ex-bailey.txt,,,Lamiaceae,5341394
Canavalia gladiata (Jacq.) DC. – Dolichos gladiatus Jacq,"Đậu dự, Đậu kiến, Đậu ngự, Thuỷ lưu đậu",Cây nhập trồng ở hầu hết các tỉnh thành của Việt Nam,canavalia-gladiata-jacq-dc.txt,,Đậu (Fabaceae),,2962057
Abelmoschus moschatus Medik. ssp. quinquelobus (Gagnep.) Ban,"Báo sâm,","Thanh Hoá (Hậu Lộc, Cẩm Thuỷ). Cây có nguy cơ bị tuyệt chủng cần bảo vệ",abelmoschus-moschatus-medik-ssp-quinquelobus-gagnep-ban.txt,,Bông (Malvaceae),,3940600
Sterculia populifolia Roxb. – Hildegardia populifolia (Roxb.) Schott. et Endl,"Bài cành, Trôm bài cành","Tây Ninh, Sông Bé, Lâm Đồng, Đồng Nai. Cây mọc tự nhiên trong rừng nguyên sinh, rừng thứ sinh",sterculia-populifolia-roxb-in-wall.txt,,,Sterculiaceae,5547750
Sesbania sesban (L.) Merr. – Aeschynomene sesban L,"Điên điển, Điềng điễng",Phổ biến ở các tỉnh phía Bắc. Còn được trồng,sesbania-sesban-l-merr.txt,,Đậu (Fabaceae),,2970648
Sanicula elata Ham. ex D. Don,"Sanh cần cao, Cần núi","Lai Châu, Sơn La (Mộc Châu), Lao Cai (Sapa), Cao Bằng (Pia Oắc), Kontum. Cây mọc tự nhiên rải rác trong rừng thứ sinh, ven rừng, ở độ cao 1000 – 2000m",sanicula-elata-ham-ex-d-don.txt,,,Apiaceae,3639353
Nopalea cochenillifera (L.) Lyons – Opuntia cochenillifera L,Xương rồng bà không gai,Cây mọc tự nhiên ở vùng đồi cát ven biển miền Trung nước ta,nopalea-cochenillifera-l-lyons.txt,,,Cactaceae,5384050
"Asarum glabrum Merr. – A. maximum auct. (CTVT, CCI, TĐCT, SĐVN), non Hemsl","Hoa tiên, Dầu tiên, Trầu tiên, Đại hoa tế tân","Lai Châu (Phong Thổ), Lào Cai (Sa Pa), Hà Giang (Đồng Văn), Vĩnh Phúc (Tam Đảo). Cây mọc tự nhiên dưới tán rừng thường xanh, ẩm, ở độ cao 1.000-1.500 m. Cây có nguồn gen hiếm (VU) đã đưa vào sách đỏ Việt Nam",asarum-glabrum-merr.txt,,,Aristolochiaceae,3588628
Pittosporum tobira (Thunb.) Ait,Hải đồng,"Ninh Thuận, Kon Tum (Ngọc Linh). Cây mọc tự nhiên rải rác trong rừng thứ sinh, ở độ cao 200-500 m.",pittosporum-tobira-thunb-ait.txt,,,Pittosporaceae,8677924
Cissus hexangularis Thorel ex Planch,"Hồ đằng sáu cạnh, Chìa vôi sáu cạnh","Thanh Hóa, Quảng Trị, Thừa Thiên Huế tới Đồng Nai, Kiên Giang. Cây mọc tự nhiên",cissus-hexangularis-thorel-ex-planch.txt,,,Vitaceae,4053324
Fissistigma acuminatissimum Merr,Lãnh công lá nhọn,"Sơn La ( Mộc Châu), Nghệ An (Tương Dương), Hà Giang (Phó Bảng), Lào Cai (Sa Pa). Cây bụi trườn mọc rải rác trong rừng nguyên sinh, ở độ cao 1200-1800m",fissistigma-acuminatissimum-merr.txt,,Na (Annonaceae),,3157332
Memecylon caeruleum Jack,Sầm lam,"Đồng Nai (Biên Hòa), Bà Rịa-Vũng Tàu (Bà Rịa, Côn Đảo)",memecylon-caeruleum-jack.txt,Memecylon floribundum Blume,Mua – Melastomataceae,,3867900
Cinnamomum tetragonum A. Chev,"Quế đỏ, Rè đỏ","Lào Cai, Vĩnh Phúc (Tam Đảo), Nghệ An. Cây mọc tự nhiên trong rừng thường xanh, ở độ cao 500-1500 m",cinnamomum-tetragonum-a-chev.txt,,,Lauraceae,4179665
Cinnamomum bejolghota (Buch.-Ham. ex Nees) Sweet – Laurus bejolghota Buch.-Ham. ex Nees,"Quế lợn, Quế hương, Quế rừng","Hà Giang (Vị Xuyên), Lạng Sơn (Hữu Lũng), Bắc Kạn, Bình Dương (Thủ Dầu Một). Cây mọc tự nhiên trong rừng thường xanh núi đất hoặc núi đá, ở độ cao 500-800 m",cinnamomum-bejolghota-buch-ham-ex-nees-sweet.txt,,,Lauraceae,7304259
Carica papaya L,"Đu đủ, Phiên qua thụ, Mác rẩu, Mác vá (Tày), Bẳn cà lài (Thái), Má hống, Blơ hơng (Kho), Điảng nhấm (Dao)",Cây trồng,carica-papaya-l.txt,,,Caricaceae,2874484
Eucheuma gelatinae (Esp.) Agardh,"Rong hồng vân, Rong đỏ","Khánh Hoà, Ninh Thuận. Cây mọc bám trên đá san hô chết, nơi cớ sóng, nước trong, ở độ sâu 1 – 3m.",eucheuma-gelatinae-esp-agardh.txt,,,Solieriaceae,6452649
Artocarpus rigidus Blume ssp. asperulus (Gagnep.) Jarr,Mít nài,"Đà Nẵng, Kon Tum, Khánh Hòa, Tây Ninh. Cây mọc tự nhiên rải rác trong rừng thường xanh",artocarpus-rigidus-blume-ssp-asperulus-gagnep-jarr.txt,,Dâu Tằm (Moraceae),,3765088
Lagerstroemia speciosa (L.) Pers. – L. ﬂos-reginae Retz. ; Munchausia speciosa L,"Bằng lăng nước, Tử vi tàu, Săng lẻ","Cây trồng ở Hà Nội, Hải Phòng, Lâm Đồng, Đồng Nai. Còn mọc tự nhiên trong rừng hoặc trảng cây bụi",lagerstroemia-speciosa-l-pers.txt,,,Lythraceae,3188724
Rotula aquatica Lour,Rì rì cát,Ninh Bình (Cúc Phương). Cây mọc tự nhiên ven sông suối,rotula-aquatica-lour.txt,,,Boraginaceae,4067141
Peziza vesiculosa Fr,Nấm chén nâu nhạt,"Vĩnh Phúc, Hà Nội, Bắc Ninh, Bắc Giang, Ninh Bình, Thanh Hóa, Nghệ An.",peziza-vesiculosa-fr.txt,,Nấm chén – Pezizaceae,,7387256
Haplocladium microphyllum (Hedw.) Broth,Rêu lá vẩy,"Lào Cai (Sa Pa), Thái Nguyên (Đại Từ), Lạng Sơn (thành phố Lạng Sơn), Vĩnh Phúc (Tam Đảo), Hà Nội, Hà Nam (Võ Xá), Ninh Bình (Cúc Phương).",haplocladium-microphyllum-hedw-broth.txt,Hypnum microphyllum Hedw,Rêu lông chim – Thuidiaceae,,2679386
Indigofera suffruticosa Mill,Chàm bụi,"Phổ biến khắp nơi. Cây mọc tự nhiên trên các bãi đất hoang, trảng cỏ và cây bụi; còn được trồng trên nương rẫy của đồng bào dân tộc người H’Mông, ở độ cao 700-2400 m",indigofera-suffruticosa-mill.txt,,,Fabaceae,2971774
Polygonum minus Huds. var. micranthum (Meisn.) Dans,"Nghể tăm, Nghể bé","Phú Thọ, Hà Nội. Cây mọc tự nhiên nơi ẩm ướt, mương rạch, ao hồ, ruộng nước bỏ hoang",polygonum-minus-huds-var-micranthum-meisn-dans.txt,,,Polygonaceae,7291547
Crotalaria chinensis L,Lục lạc trung quốc,"Cây mọc tự nhiên dọc đường, trong rừng thưa, rừng thông, rừng thay lá, phổ biến ở nước ta.",crotalaria-chinensis-l.txt,,,Fabaceae,2942208
Gomphandra mollis Merr,"Bổ béo, Tiết hùng, Lô nội, Mao hùng mềm, Bùi béo, Trai đắng,Béo trắng","Vĩnh Phúc, Phú Thọ, Hà Giang và các tỉnh miền Trung. Cây mọc tự nhiên trong rừng thường xanh, rừng nửa rụng lá",gomphandra-mollis-merr.txt,,Thụ đào (Icacinaceae),,3596656
Tithonia diversifolia (Hemsl.) A. Gray – Mirasolia diversifolia Hemsl,"Hoa mặt trời , Hướng dương dại, Giả quỳ, Quỳ dại, Hoa cúc quỳ","Lào Cai, Sơn La, Hà Giang, Tuyên Quang, Cao Bằng, Lạng Sơn tới Kon Tum, Gia Lai, Đắk Lắk. Cây trồng và mọc hoang dại hoá",tithonia-diversifolia-hemsl-a-gray.txt,,,Asteraceae,5396557
Fagerlindia depauperata (Drake) Tirveng. – Randia depauperata Drake,"Găng ấn, Găng nghèo","Sơn La, Quảng Ninh, Thừa Thiên Huế, Kon Tum, Gia Lai, Lâm Đồng. Cây mọc tự nhiên rải rác nơi đất khô cằn",fagerlindia-depauperata-drake-tirveng.txt,,Cà Phê (Rubiaceae),,3846147
Kadsura coccinea (Lem.) A. C. Sm. – Cosbaea coccinea Lem.; Kadsura chinensis Hance ex Benth,"Dây răng ngựa , Nắm cơm, Ngũ vị tử nam","Lào Cai, Thái Nguyên, Hà Tây, Lâm Đồng. Cây mọc tự nhiên rải rác trong rừng thường xanh, ở độ cao 400-800 m",kadsura-coccinea-lem-a-c-sm-cosbaea-coccinea-lem-kadsura-chinensis-hance-ex-benth.txt,,,Họ Ngũ vị tử (Schisandraceae),7335142
Premna tomentosa Willd. var. pierreana Dop,"Cách lông mềm, Cách nam bộ","Nam Bộ. Cây mọc tự nhiên, rải rác trong rừng ẩm.",premna-tomentosa-willd-var-pierreana-dop.txt,,,Verbenaceae,2925346
Grewia astropetala Pierre,Cò ke cánh sao,"Quảng Nam, Đà Nẵng tới đồng bằng sông Cửu Long. Cây mọc tự nhiên",grewia-astropetala-pierre.txt,,,Tiliaceae,4261208
Afzelia xylocarpa (Kurz) Craib,"Cà te, Gõ đỏ","Thừa Thiên Huế, Phú Yên, Khánh Hòa, Đắk Lắk (VQG Yor Đôn), Tây Ninh. Cây mọc tự nhiên trong rừng rậm thường xanh và rừng thưa cây họ Dầu, ở độ cao dưới 900 m. Loài hiếm (EN) đã được đưa vào Sách Đỏ Việt Nam",afzelia-xylocarpa-kurz-craib.txt,,,Họ Vang (Caesalpiniaceae),5358297
Sterculia pexa Pierre,"Trôm hoe, Trôm lá gạo",An Giang (Châu Đốc). Cây mọc tự nhiên rải rác trong rừng,sterculia-pexa-pierre.txt,,,Sterculiaceae,8039569
Dasymaschalon lomentaceum Fin. et Gagnep,"Nhãn chày, Mao quả mốc, Na chuỗi hạt, Ngẵng chày","Khánh Hoà, Đồng Nai, Long An. Cây mọc tự nhiên ở ven rừng, ven suối, nơi ẩm",dasymaschalon-lomentaceum-fin-et-gagnep.txt,,,Annonaceae,3155584
Cotoneaster glaucophyllus Franch,"Lê hình, Tuân tử lá mốc","Hà Giang. Cây mọc tự nhiên, ở độ cao 1200 – 2800m",cotoneaster-glaucophyllus-franch.txt,,,Rosaceae,3025781
Camellia oleifera C. Abel,"Sở dầu, Du trà, Chè dầu",Cây trồng ở Bắc và Trung bộ,camellia-oleifera-c-abel.txt,,,Theaceae,8307542
Phragmites karka (Retz) Trin. ex Steud,Sậy lớn,"Bắc Bộ, Trung Bộ và Nam Bộ. Cây mọc tự nhiên nơi đất trống, bờ đường, chân đồi, sườn núi thấp khắp nước ta",phragmites-karka-retz-trin-ex-steud.txt,,,Poaceae,5290154
Euodia lepta (Spreng.) Merr,"Ba chạc, Chè đắng, Chè cỏ, Dầu dấu, Hủ nậm, Thùa kheo, Bí ái đực, Chãng bax, Chung chơ lui (Bana), Ba gạc tắm ghẻ, Bẩu khôm, Lạc toọc (Tày), Co sam véng (Thái)",Cây mọc tự nhiên khắp vùng trung du và miền núi của nước ta,euodia-lepta-spreng-merr-ilex-lepta-spreng.txt,,,Rutaceae,3831820
Lysionotus pauciflorus Maxim,Thạch trạch lan,"Lao Cai, Hoà Bình, Lạng Sơn, Cao Bằng. Cây mọc tự nhiên ở vùng núi đá vôi",lysionotus-pauciflorus-maxim.txt,,,Gesneriaceae,6365649
Cassia fistula L,"Bọ cạp nước, Muồng bọ cạp, Muồng hoàng yến","Kon Tum (Sa Thầy), Gia Lai (Ayunpa, Cheo Reo). Cây mọc tự nhiên trong rừng hỗn giao rụng lá, đôi khi trong rừng thưa cây họ Dầu",cassia-fistula-l.txt,,Vang (Caesalpiniaceae),,5357108
Amaranthus tricolor L,"Rau giền tía, Xích hiện, Giền canh",Cây trồng ở khắp các địa phương,amaranthus-tricolor-l.txt,,,Amaranthaceae,5384397
Diplazium esculentum (Retz.) Sw. – Hemionitis esculenta Retz,Rau dớn,"Cây mọc tự nhiên, phổ biến nơi ẩm ướt ở các trảng cỏ, ven rừng, ven suối vùng núi.",diplazium-esculentum-retz-sw.txt,,,Woodsiaceae,2650858
Goodyera schlechtendaliana Rchb.f,Lan gấm đất,"Lào Cai (Sa Pa), Hà Giang (Quản Bạ), Vĩnh Phúc (Tam Đảo), Thừa Thiên Huế. Cây mọc tự nhiên rải rác trong rừng, ở độ cao 1.500-2.300 m",goodyera-schlechtendaliana-reichb-f.txt,,,Orchidaceae,2840611
Ficus esquiroliana Lévl,Sung esquirol,"Yên Bái. Cây mọc tự nhiên rải rác trong rừng thường xanh, hay rừng thứ sinh",ficus-esquiroliana-levl.txt,,,Moraceae,8715736
Coscinium fenestratum (Gaertn.) Colebr. – Menispermum fenestratum Gaertn,Vàng đắng,"Thùa Thiên Huế (Nam Đông), Đà Nẵng, Quảng Nam, Bình Định, Khánh Hòa, Kon Tum, Gia Lai, Đắk Lắk, Lâm Đồng, Tây Ninh, Đồng Nai. Cây mọc tự nhiên trong rừng nguyên sinh, dựa theo các cây gỗ lớn, ở độ cao 200-1000 m",coscinium-fenestratum-gaertn-colebr.txt,,tiết dê (Menispermaceae),,5592750
Homalium bhamoense Cubitt et W.W. Sm. – Homalium tomentosum (Vent.) Benth,"Chà ran lông dày, Thiên liệu",Bà Rịa – Vũng Tàu (Núi Đinh). Cây mọc tự nhiên trong rừng thưa phục hồi sau nương rẫy.,homalium-tomentosum-vent-benth.txt,,,Flacourtiaceae,7572503
Acacia leucophloea (Roxb.) Willd. – Mimosa leucophloea Roxb,Keo trắng,"Ninh Thuận, Bình Thuận (Phan Rí, Sông Mao). Cây mọc tự nhiên trong rừng hỗn giao rụng lá và trảng cây gỗ, ở vùng thấp.",acacia-leucophloea-roxb-willd.txt,,,Mimosaceae,7769517
Polygonum orientale L,"Nghể bà, Nghể đông, Nghể hoa trắng, Co linh ly (Thái)","Lào Cai, Hải Phòng, Ninh Bình, Thừa Thiên Huế, Đắk Lắk, Lâm Đồng. Cây mọc tự nhiên, phổ biến ở ruộng, đất hoang",polygonum-orientale-l.txt,,,Polygonaceae,2889229
Perilla frutescens (L.) Britt. – Ocimum frutescens L,"Tía tô, Tử tô, Hom tô (Thái), Phiắc hom đeng, Fằn cưa (Tày), Cẩn phân (Dao)",Cây trồng phổ biến ở Việt Nam,perilla-frutescens-l-britt.txt,,,Lamiaceae,5341394
Rubus corchorifolius L.f,Ngấy lá đay,"Lào Cai, Hà Giang. Cây mọc tự nhiên ở độ cao 1000-1500m",rubus-corchorifolius-l-f.txt,,,Rosaceae,8108495
Eria pannea Lindl,Lan len rách,"Cao Bằng (Trà Lĩnh), Vĩnh Phúc (Tam Đảo), Kon Tum, Gia Lai, Lâm Đồng. Cây mọc tự nhiên bám trên cây gỗ hoặc trên đá, trong rừng, ở độ cao 500-1.500 m",eria-pannea-lindl.txt,,,Orchidaceae,11110207
Arctium lappa L,Ngưu bàng,Lào Cai. Cây nhập trồng,arctium-lappa-l.txt,,,Asteraceae,7353729
Mangifera duperreana Pierre,"Muỗm, Xoài hôi, Mạy muỗng (Tày)","Cây trồng ở Lâm Đồng, Ninh Thuận, Tây Ninh, Bình Dương",mangifera-duperreana-pierre.txt,,,Anacardiaceae,3662866
Clematis granulata (Fin. & Gagnep.) Ohwi,"Dây vằng trắng Sơn mục, Dây rơm","Quảng Nam, Đà Nẵng đến Khánh Hòa. Cây mọc tự nhiên dọc theo bờ suối, ở độ cao 300 – 1200m",clematis-granulata-fin-gagnep-ohwi.txt,,,Họ Mao lương (Ranunculaceae),7278156
Melanteritum,"Tạo phàn, Thủy lục phàn, Phèn đen, Lục phàn",,luc-phan.txt,,"Công dụng Tác dụng táo thấp hóa đờm, tiêu tích sát trùng, giải độc, tiêu tích sát trùng, giải độc. Nguồn gốc và tính chất Trước đây ta vẫn phải nhập lục phàn từ Trung Quốc để dùng trong đông y; từ năm 1958 ta đã tự chế lấy để dùng. Ngay tại Trung Quốc, trước kia chủ yếu cũng dùng lục phàn thiên nhiên, nay phần lớn cũng đã tự chế lấy. Lục phàn có tinh thể trong mờ, hay trong màu xanh nhạt, để lâu ra không khí sẽ thường bị oxy hóa cho màu vàng nhạt, ròn dễ vỡ vụn, vị sáp. Thành phần hóa học Trong lục phàn thiên nhiên chủ yếu có sắt sunfat (Fe2SO4.7H2O). Tạp chất gồm magiê (Mg), mangan (Mn), canxi (Ca). Lục phàn tự chế lấy không có các tạp chất. Khi đun sắt sunfat trong ống nghiệm sẽ có mùi SO2 bay ra. Hòa tan lục phàn trong nước,dung dịch sẽ cho các phản ứng của sắt và gốc sunfat. Công dụng và liều dùng Lục phàn là một vị thuốc được dùng trong cả đông y và tây y. Tây y thường dùng nguyên chất, còn đông y thường dùng lục phàn thiên nhiên. Theo đông y tính chất của lục phàn chua mát và không độc, vào 2 kinh can và tỳ, có tác dụng táo thấp hóa đờm, tiêu tích sát trùng, giải độc. Dùng gây nôn và cầm máu, chữa những trường hợp dạ dày, ruột chảy máu, cổ họng sưng đau, loét miệng. Những người tì vị hư nhược và không tích trệ không nên dùng. Dùng liều nhỏ có tác dụng bổ máu chữa vàng da, thũng trướng thiếu máu và dạ dày, ruột chảy máu. Dùng dưới hình thức thuốc bột hay thuốc viên, dùng riêng hay phối hợp với các vị thuốc khác. Nhưng nếu dùng nhiều quá thì hay bị táo bón. Dùng liều cao một lần thì hay bị gây nôn, nhưng dạ dày và ruột bị viêm cho nên cẩn thận trọng khi dùng lục phàn để gây nôn. Liều dùngNgày uống 0,10-0,25g để bổ máu. Muốn gây nôn thì mỗi lần dùng 1- 2g, cách 20 phút sau nếu chưa thấy nôn thì lại uống nữa. Dùng ngoài không kể liều lượng. Đơn thuốc có lục phàn Chữa cam tẩu mãLục phàn cho vào nồi đất nung đỏ, thêm dấm vào khuấy lên, lại nung nữa, và đổ dấm làm như vậy 3 lần; cuối cùng cho ít xạ hương tán nhỏ, trộn đều. Súc miệng cho sạch, bôi thuốc này vào. Thuốc bổ huyếtLục phàn 12g, lô hội 12g, nhục quế 32g. Tất cả tán nhỏ, trộn đều, làm thành viên 0,25. Ngày uống 3 lần, mỗi lần 1 viên. Dùng nước lã đun sôi để chiêu thuốc. Không dùng nước chè vì chất tanin trong chè sẽ làm đen và hỏng thuốc. Chữa sâu bọ vào taiLục phàn tán nhỏ, cho vào tai. Thuốc nhuộm tócLục phàn, vỏ quả lựu , 2vị bằng nhau, ngâm với nước, dùng nước này chải tóc hàng ngày (kinh nghiệm ghi trong các sách cổ). Chú thíchLục là xanh lục, phàn là phèn vì lục phàn có màu xanh lục. Cần chú ý tránh nhầm với vị đảm phàn màu xanh da trời có thành phần chủ yếu là đồng sunfat không dùng làm thuốc bổ huyết như vị lục phàn này. Xem vị đảm phàn đã giới thiệu ở trên. Cập nhật01/12/2023 ★ ★ ★ ★ ★ ★ 0.0 - 0 đánh giá Chia sẻ Chia sẻ Dược liệu khác Hoạt thạch Phèn chua Duyên đơn Chu sa thần sa Bình luận Câu hỏi của bạn Hủy X Bạn vui lòng điền thêm thông tin! Chọn tệp (Allowed file typesjpg, png , maximum file size100MB. Dược liệu được quan tâm Anh thảo Oenothera biennis L. (Hoa anh thảo) là một loài thực vật có ... Sâm tố nữ Sâm tố nữ lần đầu tiên được tìm thấy ở phía Bắc Thái Lan, My... Giảo cổ lam Giảo cổ lam là cây thảo mọc leo, sống hằng năm. Thân mảnh, h... Sâm cau Sâm cau được dùng chữa nam giới tinh lạnh, liệt dương, người... Cà gai leo Cây nhỏ leo, sống nhiều năm, dài khoảng 1 m hay hơn. Thân hó... Cơ quan chủ quảnCông ty TNHH Tuệ Linh Trụ sở chínhTầng 5, Tòa nhà 29T1, Hoàng Đạo Thúy, Hà Nội. Emailcontact@tuelinh.com Số điện thoại1800 1190 Trang chủ Giới thiệu Bản tin dược liệu Nghiên cứu khoa học Phát triển dược liệu Tra cứu dược liệu Danh lục cây thuốc Tra cứu theo bệnh Tra cứu bài thuốc Tra Cứu Dược Liệu - Chữa Bệnh Bằng Thuốc Nam Kênh thông tin khácChat messenger Các thông tin trên Website được dựa trên Cuốn Danh lục cây thuốc Việt Nam, cây thuốc và động vật làm thuốc Trang chủ Giới thiệu Danh sách dược liệu Danh lục cây thuốc Tra cứu dược liệu Tra cứu theo bệnh Tra cứu bài thuốc Tin tức Bản tin dược liệu Nghiên cứu khoa học Phát triển dược liệu Video Chuyên gia dược liệu",,
Leea rubra Blume ex Spreng,"Gối hạc , Bí dại, Mũn, Phỉ tử, Kim lê, Mạy chia (Tày), Củ rối, Co còn ma (Thái), Trúc vòng, Mìa xẻng (Dao)","Lào Cai, Hà Tây, Hoà Bình, Kon Tum, Đồng Nai, Kiên Giang. Cây mọc tự nhiên rải rác trên đồi, ven rừng",leea-rubra-blume-ex-spreng.txt,,,Leeaceae,8338112
Dipterocarpus alatus Roxb. ex G.Don,"Dầu rái, Dầu nước, dầu trai, dầu rái trắng","Hà Nội (Vườn Bách thảo), Kon Tum, Gia Lai, Đắk Lắk, Lâm Đồng. Cây mọc tự nhiên ở tầng cao nhất trong rừng thường xanh, ở độ cao 200-500 m",dipterocarpus-alatus-roxb-ex-g-do.txt,,,Họ Dầu (Dipterocarpaceae),7804561
Syzygium sterrophyllum Merr. et L.M. Perry,"Rè nước, Trâm lá cứng","Yên Bái, Quảng Ninh, Quảng Nam, Đà Nẵng, Yên Bái. Cây mọc tự nhiên dọc sông suối vùng núi",syzygium-sterrophyllum-merr-et-perry.txt,,,Myrtaceae,3183714
Alangium kurzii Craib,"Thôi chanh lông, Co loọc toọc, Lang vang, Trè","Lào Cai, Hà Tây, Quảng Trị, Kon Tum. Cây mọc tự nhiên trong rừng thường xanh, ở độ cao tới 1500 m",alangium-kurzii-craib.txt,,,Alangiaceae,7326260
Trichosanthes rubiflos Thorel et Cayla,"Tơ nua, Qua lâu hoa đỏ, Hồng bì","Cao Bằng, Lạng Sơn, Hòa Bình. Cây mọc tự nhiên rải rác ven rừng, ở độ cao đến 1000 m",trichosanthes-rubiflos-thorel-et-cayla.txt,,Bầu bí (Cucurbitaceae),,7317608
Adenostemma lavenia (L.) Kuntze. – Verbesina lavenia L,"Cỏ mịch, Cúc dính","Lai Châu, Lào Cai, Sơn La, Yên Bái, Tuyên Quang, Hà Nội, Đắk Lắk, Lâm Đồng. Cây mọc tự nhiên ở ven suối và các ruộng ẩm ven rừng, trên độ cao 200-800 m",adenostemma-lavenia-l-kuntze.txt,,,Họ Cúc (Asteraceae),3132228
Clematis fasciculiflosa Franch,Dây ông lão hoa chụm,"Lào Cai (Sa Pa). Cây mọc tự nhiên rải rác ven rừng, ở độ cao 1500m",clematis-fasciculiflosa-franch.txt,,,Họ Mao lương (Ranunculaceae.),3921745
Gaultheria fragrantissima Wall,"Châu thụ, Lão quan thảo, Thạch nam","Hà Giang (Đồng Văn), Lào Cai (Than Uyên). Cây mọc tự nhiên. Đã đưa vào sách đỏ Việt Nam ở khung phân hạng (VU)",gaultheria-fragrantissma-wall.txt,,Đỗ quyên (Ericaceae),,7328504
Pyrus pyrifolia (Burm. f.) Nakai – Ficus pyrifolia Burm. f,Lê,"Lào Cai, Lạng Sơn, Cao Bằng. Cây trồng",pyrus-pyrifolia-burm-f-nakai.txt,,,Rosaceae,5362786
Blumea clarkei Hook. f,Kim đầu ông,"Ninh Bình, Kon Tum, Đắk Lắk, Lâm Đồng (Đà Lạt). Cây mọc tự nhiên trên các bãi ven rừng, ở độ cao dưới 1500 m.",blumea-clarkei-hook-f.txt,,,Asteraceae,7429460
Angelica acutiloba (Sieb. et Zucc.) Kitagawa,Đương quy Nhật,Cây nhập trồng ở Trại thuốc Sa Pa tỉnh Lào Cai. Nguồn gốc từ Nhật Bản,angelica-acutiloba-sieb-et-zucc-kitagawa.txt,,,Apiaceae,5537879
Aster albescens (DC.) Hand.-Mazz.( Amphirhapis albescens DC.),Các sao trắng,"Lai Châu, Lào Cai (Sa Pa)",aster-albescens-dc-hand-mazz.txt,,Cúc – Asteraceae,,10738346
Croton poilanei Gagnep,"Ba đậu răng cưa, Ba đậu mập, Cù đèn","Lạng Sơn, Quảng Bình, Quảng Trị, Kon Tum, Gia Lai, Đắk Lắk. Cây ưa sáng, mọc tự nhiên trên các trảng cây bụi, trên đất nhiều đá khô cằn, ở độ cao 100-500 m",croton-poilanei-gagnep.txt,,,Euphorbiaceae,3059877
Achyranthes bidentata Blume,Ngưu tất,Cây nhập trồng,achysanthes-bidentata-blume.txt,,,Amaranthaceae,3085175
Cichorium intybus L,Bồ công anh hoa tím,Lâm Đồng (Đà Lạt). Cây nhập trồng,cichorium-intybus-l.txt,,Cúc (Asteraceae),,5392252
Flemingia strobilifera (L.) Ait.f. – Hedysarum strobiliferum L,"Tóp mỡ suối, Tóp mỡ có chồi","Lai Châu (ven Sông Đà, Phong Thổ), Sơn La, Hoà Bình tới Kiên Giang. Cây mọc tự nhiên ven sông suối, ở độ cao tới 500 m, trên đất cát, đất sét, đá vôi",flemingia-strobilifera-l-ait-f.txt,,,Fabaceae,5359843
Lagenaria siceraria (Molina) Standl. – Cucurbita lagenaria L,"Bầu rượu, Bầu, Hồ lô",,lagenaria-siceraria-molina-standl.txt,,,Bầu bí (Cucurbitaceae),2874672
Gracilaria textorii (Sur.) J. Agardh,Rau câu dẹp,"Từ Quảng Ninh tới Kiên Giang. Cây mọc bám trên đá, trên cả động vật thân mềm và trên các thực vật khác, ở vùng triều giữa, triều thấp. Còn được trồng.",gracilaria-textorii-sur-j-agardh.txt,,,Gracilariaceae,5278856
Scutellaria sessilifolia Hemsl,Thuẫn không cuống,Lào Cai (Sa Pa). Cây mọc tự nhiên nơi ẩm trong rừng ở độ cao trên 1000 m,scutellaria-sessilifolia-hemsl.txt,,,Lamiaceae,7308178
Kalanchoe pinnata (Lam.) Pers. – Cotyledon pinnata Lam,"Thuốc bỏng, Sống đời, Trường sinh, Diệp sinh căn, Dã bất tử, Tầu púa sung (Dao)","Cây mọc tự nhiên ở nơi vách đá, ven suối, cũng được trồng làm cảnh ở nhiều nơi",kalanchoe-pinnata-lam-pers.txt,,,Crassulaceae,2985930
Kopsia harmandiana Pierre ex Pit,Kốp harmand,,kopsia-harmandiana-pierse-ex-pit.txt,,"Trúc Đào (Apocyaceae) Cập nhật01/07/2019 ★ ★ ★ ★ ★ ★ 0.0 - 0 đánh giá Chia sẻ Chia sẻ Cây thuốc khác Bridelia retusa (L.) Spreng. Rumex dentatus Campd. Vallaris solanacea (Roth) Kuntze Harpullia cupanioides Roxb. Bình luận Câu hỏi của bạn Hủy X Bạn vui lòng điền thêm thông tin! Chọn tệp (Allowed file typesjpg, png , maximum file size100MB. Cây thuốc được quan tâm Ampelopsis cantoniensis (Hook. et Arn.) Planch. Chữa sưng vú (Lá giã đắp). Đau dạ dày hành tá tràng (Cành lá... Curculigo orchioides Gaertn",,8129521
Scleria sumatrensis Retz. Họ Cói (Cyperaceae),Cói ba gân,Cây mọc tự nhiên trong rừng tràm U Minh,scleria-sumatrensis-retz.txt,,,,2712569
Pentapetes phoenicea L,"Tí ngọ, Hoa tí ngọ","Thừa Thiên Huế, Đồng Nai, Đồng Tháp. Cây mọc tự nhiên, còn được trồng trên ruộng nước vùng đồng bằng",pentapetes-phoenicea-l.txt,,,Sterculiaceae,3152140
Scutellaria barbata D. Don – S. rivularis Benth,"Bán chi liên, Hoàng cầm râu","Thái Nguyên, Bắc Giang, Hà Nội, Hòa Bình, Thanh Hóa. Cây mọc tự nhiên nơi sáng, ẩm, ruộng hoang, ven đồi, ven sông suối",scutellaria-barbata-d-don.txt,,,Lamiaceae,5609933
Argyreia seguinii (Lev.) Vaniot & Levl. ( Lettsomia seguinii Lev.),Bạc thau seguin,"Lai Châu (Điện Biên, Mường Phăng)",argyreia-seguinii-lev-vaniot-levl.txt,,Khoai lang – Convolvulaceae,,3678206
Codariocalyx motorius (Houtt.) Chashi – Hedysarum motorium Houtt.; Desmodium gyrans (L.f.) DC,Thóc lép động,Cây mọc tự nhiên rải rác khắp nước ta,codariocalyx-motorius-houtt-chashi.txt,,,Fabaceae,2968949
Helicia obovatifolia Merr. et Chun,Quắn hoa lá trứng ngược,"Nghệ An, Hà Tĩnh, Thừa Thiên Huế (Bạch Mã). Cây mọc tự nhiên trong rừng thường xanh",helicia-obovatifolia-merr-et-chun.txt,,,Proteaceae,5637345
Phragmites australis (Cav.) Trin. ex Steud,"Sậy, Sậy nam, O (Tày), Lô đót","Quảng Ninh, Thái Nguyên, Bắc Cạn, Ninh Bình. Cây mọc tự nhiên ở bờ nước, đầm lầy",phragmites-australis-cav-trin-ex-steud.txt,,,Poaceae,5290149
Antrophyum obovatum Baker,Ráng bèo,"Lào Cai (Sa Pa). Cây mọc tự nhiên, phụ sinh trên cây gỗ có rêu.",antrophyum-obovatum-baker.txt,,,Antrophyaceae,4047850
Papilionanthe teres (Roxb.) Schltr. – Vanda teres (Roxb.) Lindl,"Hồ điệp, Vân lan, Vân đa cành giao","Cây mọc tự nhiên, còn được trồng ở Đà Lạt (Lâm Đồng)",papilionanthe-teres-roxb-schltr.txt,,,Orchidaceae,2833897
Rosa multiflora Thunb,"Hồng nhiều hoa, Tầm xuân","Lào Cai, Hoà Bình. Cây mọc tự nhiên, còn được trồng làm cảnh",rosa-multiflora-thunb.txt,,,Rosaceae,3003244
Trigonostemon rubescens Gagnep,"Tam hùng đỏ, Nam xích thược","Kiên Giang (Phú Quốc). Cây mọc tự nhiên trên đất có cát, ở độ cao 100-500 m.",trigonostemon-rubescens-gagnep.txt,,,Euphorbiaceae,3063407
"Schefflera heptaphylla (L.) Frodin – Vitis heptaphylla L.; Aralia octophylla Lour.; S. octophylla (Lour.) Harms in Engl. & Prantl. , họ Ngũ Gia Bì (Araliaceae)",Ngũ gia bì chân chim,"Cây gỗ nhỏ, mọc tự nhiên rải rác trong rừng ẩm thường xanh ở hầu hết các tỉnh phía Bắc tới Bà Rịa Vũng Tàu",acanthopanax-trifoliatus-var-setosus-h-l-li.txt,,,,11047823
Polygala persicariaefolia DC,"Kích nhũ lá hẹp, Viễn chí lá liễu","Lâm Đồng (Di Linh). Cây mọc tự nhiên trên đường đi, đất hoang, ở độ cao 500-1.000 m.",polygala-persicariaefolia-dc.txt,,,Polygalaceae,4051511
Rhynchotechum ellipticum (Wall. ex Dietr.) A. DC. – Rhynchotechum obovatum (Griff.) Burtt,Mỏ bạc,"Hà Tây, Vĩnh Phú. Cây mọc tự nhiên nơi ẩm, ven suối, ở độ cao 200 – 1000m",rhynchotechum-ellipticum-wall-ex-dietr-a-dc.txt,,,Gesneriaceae,6365525
Mucuna macrocarpa Wall,Mắt mèo quả to,"Lào Cai, Bắc Giang, Lâm Đồng, Bà Rịa Vũng Tàu. Cây mọc tự nhiên ở ven rừng và các khoảng trống trong rừng, ở độ cao 600-1600 m.",mucuna-macrocarpa-wall.txt,,,Fabaceae,2951365
Senecio chrysanthemoides DC,"Thiên cúc, Vi hoàng cúc","Lao Cai (Sa Pa), Hà Giang (Phó Bảng). Cây mọc tự nhiên trên vách núi, trảng cỏ, ở độ cao 1000-2000 m",senecio-chrysanthemoides-dc.txt,,,Asteraceae,5392375
Morinda citrifolia L,"Nhàu, Cây ngao, Nhàu rừng",Khá phổ biến ở Miền Nam Việt Nam,morinda-citrifolia-l.txt,,,Rubiaceae,5339879
Trewia nudiflora L,Thiều bươu,"Lào Cai, Yên Bái, Hoà Bình. Cây mọc tự nhiên nơi ẩm hoặc gần khe suối, ở độ cao 100-500 m",trewia-nudiflora-l.txt,,,Euphorbiaceae,5378648
Chirita anachoreta Hance,Ẩn dật,"Lào Cai (Sapa). Cây mọc tự nhiên. Ở nơi sáng, ẩm vùng núi đá lởm chởm, ở độ cao 900-1500m",chirita-anachoreta-hance.txt,,,Gesneriaceae,7685885
"Caesalpinia crista L. ( Guilandina nuga L., G. paniculata Lam., Caesalpinia panic (Lam.) Roxb.)","Chiên chiến, Chiêng chiếng, Vang xoan, Giềng giềng, Móc mèo, Múi biển","Hà Nội, Hải Phòng, Ninh Bình, Nghệ An, Quảng Trị, Đà Nẵng, Khánh Hòa, Đồng Nai, Tp. Hồ Chí Minh, Long An, Kiên Giang",caesalpinia-crista-l.txt,,Vang – Caesalpiniaceae,,
Cochlospermum religiosum (L.) Alston – Bombax religiosum L,Ốc tử,Lâm Đồng (Đà Lạt). Cây mọc tự nhiên ở núi cao.,cochlospermum-religiosum-l-alston.txt,,,Cochlospermaceae,2874867
Buddleja asiatica Lour,"Bọ chó., Búp lệ á","Cây mọc tự nhiên trên các bãi hoang, dọc đường đi ở miền núi",buddleja-asiatica-lour.txt,,Hoàng dương (Buddlejaceae),,3173333
Ailanthus altissima (Mill.) Swingle – Toxicodendron altissima Mill,Thanh thất cao,Lao Cai (Sa Pa). Cây mọc tự nhiên trong các rừng thưa ở độ cao 1500m.,ailanthus-altissima-mill-swingle.txt,,,Simaroubaceae,3190653
Thladiantha nudiflora Hemsl,"Khố áo trần, Xích bào hoa trần",Cây mọc tự nhiên trong rừng thưa ở độ cao 1500 – 1800m vùng núi Sa Pa tỉnh Lào Cai,thladiantha-nudiflora-hemsl-ex-forbes-et-hemsl.txt,,,Cucurbitaceae,7317471
Cissus javaca DC. – Cissus discolor Blume,"Hồ đằng java, Hồ đắng hai màu","Lâm Đồng, Tây Ninh, Đồng Nai, Kiên Giang, Cà Mau. Cây mọc tự nhiên trong các rừng ẩm, độ cao khoảng 1.000 m",cissus-javanica-dc.txt,,,Vitaceae,4054691
Dichrocephala benthamii C.B. Clarke,"Cúc mắt cá nhỏ, Cúc dùi trống","Lao Cai (Sa Pa), Hà Giang. Cây mọc tự nhiên ở chân núi, ven suối, ruộng ẩm",dichrocephala-benthamii-c-b-clarke.txt,,,Họ Cúc (Asteraceae),3115614
Aeginetia acaulis (Roxb.) Walp. – Orobanche acaulis Roxb,Lệ dương cuống,"Lâm Đồng (Lạc Dương). Cỏ không diệp lục, ký sinh trên các cây thuộc họ Hòa thảo (tre, nứa), họ Gừng, ở độ cao dưới 200 m",aeginetia-acaulis-roxb-walp.txt,,,Orobanchaceae,3728218
Hedychium forrestii Diels var. latelabracteatum K. Larsen,Ngải tiên lá bắc rộng,Mới gặp ở Lào Cai (Sa Pa).,hedychium-forrestii-diels-var-latelabracteatum-k-larsen.txt,,Gừng – Zingiberaceae,,2758665
Chonemorpha grandieriana Pierre ex Spire,Quặn hoa leo,"Nghệ An (Cửa Rào), Quảng Nam (Bà Nà, Tourane), Đắk Lắk. Cây mọc tự nhiên ở ven rừng",chonemorpha-grandieriana-pierre-ex-spire.txt,,Trúc Đào (Apocynaceae),,3616952
Curcuma pierreana Gagnep,Nghệ pierre,"Cây mọc tự nhiên dưới tán cây khác, đôi khi còn được trồng ở Trung và Nam Bộ Việt Nam.",curcuma-pierreana-gagnep.txt,,,Zingiberaceae,2757653
Belamcanda chinensis (L.) DC. ( Ixia chinensis L.),"Rẻ quạt, Xạ can , Lưỡi đòng","Lào Cai, Lạng Sơn, Vĩnh Phúc, Hà Nội, Hòa Bình, Ninh Bình, Thanh Hóa, Nghệ An, Thừa Thiên Huế, Tp. Hồ Chí Minh, Cần Thơ",belamcanda-chinensis-l-dc.txt,,La đơn – Iridaceae,,5298546
Begonia semperflorens Link et Otto,Hải đường trường xuân,Cây trồng làm cảnh phổ biến ở Việt Nam. Nguồn gốc từ Brazin,begonia-semperflorens-link-et-otto.txt,,,Begoniaceae,2874718
Enydra fluctuans Lour,"Rau ngổ trâu, Rau ngổ tía, Ngổ nước, Ngổ đất, Ngổ hương","Các tỉnh đồng bằng Bắc Bộ, Trung Bộ và Nam Bộ",enydra-fluctuans-lour.txt,,Cúc – Asteraceae,,5402447
Xanthocyparis vietnamensis Hiep et Loc,"Thông vàng, Bách vàng, Ché",Hà Giang (Quản Bạ). Cây mọc tự nhiên ở vùng núi đá cao. Loài hiếm (CR) đã đưa vào sách đỏ Việt Nam,xanthocyparis-vietnamensis-hiep-et-loc.txt,,,Cupressaceae,2683904
Cephalotaxus mannii Hook.f. – C. hainanensis H.L. Li,"Phi lược, Đỉnh tùng","Hà Nội (Ba Vì), Nghệ An (Mường Lống), Quảng Bình, Quảng Trị, Thừa Thiên Huế, Quảng Ngãi (Trà Bồng). Cây mọc tự nhiên ở sườn núi dọc khe ẩm trong rừng rậm thường xanh cây lá rộng, trong đó có rừng mây mù, ở độ cao 600- 1500m",cephalotaxus-mannii-hook-f.txt,,,Cephalotaxaceae,2685261
Hypolepis tenuifolia (G. Forst.) Bernh. – Lonchitis tenuifolia Forst,Hạ lân lá nhỏ,Cây mọc tự nhiên.,hypolepis-tenuifolia-forst-bernhard.txt,,,Dennstaedtiaceae,5275022
Scindapsus officinalis (Roxb.) Schott,Ráy thân to,"Sài Gòn, Côn Đảo. Cây mọc tự nhiên, leo bám trên cây gỗ, trong rừng thường xanh",scindapsus-officinalis-roxb-schott.txt,,,Araceae,2873716
Aeschynanthus bracteatus Wall. ex A. DC,Má đào lá hoa,"Cao Bằng (Nguyên Bình, Phia Oắc, Nam Kep), Kon Tum (Đắk Glei, Măng Cành)",aeschynanthus-bracteatus-wall-ex-a-dc.txt,,Tai voi – Gesneriaceae,,6365136
Gossypium hirsutum L. (theo Index Kewensis thì là Syn. của loài G. herbaceum L.),Bông luồi,Cây trồng lấy sợi dệt vài. Nguồn gốc từ châu Phi,gossypium-hirsutum-l.txt,,,Malvaceae,3152661
Epiphyllum oxypetalum (DC.) Haw. – Cereus oxypetalus DC,"Quỳnh , Hoa quỳnh",Cây trồng làm cảnh ở nhiều gia đình,epiphyllum-oxypetalum-dc-haw.txt,,,Cactaceae,5384031
Saliva,"Nước dãi, Nước miếng, Thần thuỷ (nước thần), Quỳnh dịch (nước ngọc), Ngọc tương (nước ngọc), Kim tân ngọc dịch, Quỳnh dịch dưỡng sinh pháp (phép dưỡng sinh bằng nước bọt)",,nuoc-bot.txt,,,,
Ampelocissus martini Planch,Nho rừng,"Khánh Hòa, Phan Rang. Cây mọc tự nhiên, rải rác ven rừng",ampelocissus-martini-planch.txt,,,Vitaceae,4053648
Harrisonia perforata (Blanco) Merr. – Paliurus perforatus Blanco,"Đa đa, Dây hải sơn, Xâm, Dây săng, Cò cưa, Loong cơ đa (Bana)","Sơn La (Sông Mã, Mai Sơn), Hòa Bình (Mai Châu), Quảng Ngãi, Kon Tum, Đắk Lắk, Lâm Đồng, Khánh Hòa, Đồng Nai. Cây mọc tự nhiên rải rác trong rừng thứ sinh, ven rừng, ở độ cao đến 900 m",harrisonia-perforata-blanco-merr.txt,,,Họ thanh thất (Simaroubaceae),3708966
Capparis micracantha DC,"Mấm, Cáp gai nhỏ, Búng chè, Say son","Bắc Kạn, Hà Nội, Quảng Trị, Thừa Thiên Huế. Cây mọc tự nhiên rải rác trong rừng thưa",capparis-micracantha-dc.txt,,,Capparaceae,5601856
Trigonella foenum-graecum L,"Hồ lô ba, Khổ đậu","Cây nhập trồng, nguyên sản ở vùng ôn đới châu Âu",trigonella-foenum-graecum-l.txt,,,Fabaceae,5360475
Justicia curviflora Wall. – Phlogacanthus curviflorus (Wall.) Nees,"Xuân tiết hoa cong, Ô rô lửa hoa cong","Hoà Bình (Mai Châu), Sơn La (Mộc Châu), Điện Biên (Điện Biên Đông). Cây mọc tự nhiên dưới tán rừng",justicia-curviflora-wall.txt,,,Acanthaceae,3781690
Clematis leschenaultiana DC,"Ông lão leschenault, Hoa ông lão java","Lào Cai (Sa Pa, Mông Xến), Lạng Sơn (Đồng Đăng, Vạn Linh, Cai Kinh), Quảng Ninh, Thanh Hóa",clematis-leschenaultiana-dc.txt,,Mao lương – Ranunculaceae,,7278221
Achillea wilsoniana (Heimerl) Hand.-Mazz,"Cỏ xương cá, Nan tụ",Trại thuốc Sa Pa (Lao Cai). Cây trồng,achillea-wilsoniana-heimerl-hand-mazz.txt,,,Họ Cúc (Asteraceae),9598742
Scleria pergracilis (Nees) Kunth – Hypoporum pergracilis Nees,Đưng mảnh,Lào Cai. Cây mọc tự nhiên ở vùng núi,scleria-pergracilis-nees-kunth.txt,,,Cyperaceae,2712571
Pholidota articulata Lindl,"Lan tục đoạn, Tục đoạn khế","Lào Cai, Lai Châu, Cao Bằng, Hà Giang, Nghệ An, Kon Tum. Cây mọc tự nhiên, bán vào cây gỗ lớn trong rừng thưa, ở độ cao 400-1.500 m",pholidota-articulata-lindl.txt,,,Orchidaceae,2838675
Piper boehmeriaefolium Wall. ex Miq. var. tonkinense C. DC,Tiêu lá gai,Hà Tây. Cây mọc tự nhiên ở vùng núi,piper-boehmeriaefolium-wall-ex-miq-var-tonkinense-c-dc.txt,,,Piperaceae,8411176
Ficus semicordata Buch.-Ham. ex Smith,Đa lá lệch,"Lào Cai, Tuyên Quang, Lạng Sơn, Hà Nội, Hoà Bình. Cây mọc tự nhiên rải rác trong rừng thưa, nơi ẩm, ở độ cao 200-1500 m",ficus-semicordata-buch-ham-ex-smith.txt,,,Họ Dâu tằm  (Moraceae),7422755
Lasianthus tonkinensis (Drake) Pit. – Mepphitidia tonkenensis Drake,"Mới mày, Xú hương bắc bộ","Hà Nội (Ba Vì), Quảng Trị, Thừa Thiên Huế. Cây mọc tự nhiên trong rừng thưa, ở độ cao 200-900 m",lasianthus-tonkinensis-drake-pit.txt,,,Rubiaceae,5336863
Rhinacanthus nasutus (L.) Kurz – Justicia nasuta L,"Bạch hạc, Kiến cò, Chóm phòn (Tày), Uy linh tiên nam, Cây lác, Cỏ linh chi",Cây mọc tự nhiên và đựơc trồng ở nhiều gia đình,rhinacanthus-nasutus-l-kurz-justicia-nasuta-l.txt,,,Acanthaceae,7263230
Picrasma javanica Blume,Khổ diệp,"Lào Cai, Sơn La, Tuyên Quang, Thanh Hóa, Kon Tum. Cây mọc tự nhiên ở vùng núi đá vôi",picrasma-javanica-blume.txt,,,Simarubaceae,3708935
Kadsura heteroclida (Roxb.) Craib – Kadsura roxburghiana Arn.; Uvaria heteroclida Roxb,"Na rừng , Na leo, Nắm cơm, Chua cùm, Đại toán, Dây răng ngựa, Pàn mạ (Tày), Đại phạn bế","Lào Cai, Hà Giang, Hoà Bình tới các tỉnh miền Trung. Cây mọc tự nhiên ở rừng ven suối",kadsura-heteroclida-roxb-craib.txt,,,Schisandraceae,3745235
Symplocos paniculata (Thunb.) Wall. ex D. Don – Prunus paniculata Thunb,"Dung hoa chuỳ, Dung lá táo","Miền Bắc miền Trung. Cây mọc tự nhiên, rải rác trong rừng thứ sinh, ven rừng, đồi hoang",symplocos-paniculata-thunb-wall-ex-d-don.txt,,,Symplocaceae,7157705
Lespedeza juncea var. sericea (Thunb.) Lace & Hauech,"Mã biên thảo, Đơn châu, Hồ chi sợi","Cây mọc tự nhiên nơi đất hoang khô, ven đường, ven rừng, khá phổ biến ở các tỉnh vùng núi nước taSơn La, Cao Bằng, Lạng Sơn, Ninh Bình, Kon Tum",lespedeza-juncea-l-pers-var-sericea-thunb-lace-et-hemsl.txt,,,Fabaceae,8114276
Actinidia coriacea (Finet & Gagnep.) Dunn ( Actinidia callosa Lindl. var. coriacea Finet& Gagnep.),Dương đào dai,Lào Cai (Sa Pa),actinidia-coriacea-finet-gagnep-dunn.txt,,Dương đào – Actinidiaceae,,7270767
Podocarpus macrophyllus (Thunb.) Sw. – Podocarpus chinensis (Roxb.) Wall. ex Forbes,"Tùng la hán, Thông la hán",Cây nhập trồng làm cảnh. Nguồn gốc từ Nhật Bản và Trung Quốc,podocarpus-macrophyllus-thumb-sweet.txt,,,Podocarpaceae,5285930
Asplenium prolongatum Hook,"Ráng xỉ nối dài, Tổ điểu nối dài","Cây phân bố rất rộng. Thường mọc tự nhiên, bám trên cây gỗ, đôi khi trên đá ẩm giàu mùn trong rừng rậm thường xanh, trong đó có rừng mây mù.",asplenium-prolongatum-hook.txt,,,Aspleniaceae,4256698
Merremia bimbim (Gagnep.) Ooststr. – Ipomoea bimbim Gagnep,Bìm bìm,"Hà Nam (Võ Xá), Ninh Bình (Cúc Phương). Dây leo to, mọc rải rác ven rừng, ven đường, nơi khô và sáng",merremia-bimbim-gagnep-ooststr.txt,,Bìm bìm (Convolvulaceae),,9270166
Goniothalamus vietnamensis Ban,Bổ béo đen,"Hải Dương (Chí Linh), Quảng Ninh, Thanh Hóa (Cẩm Thuỷ). Cây mọc tự nhiên rải rác trong rừng thứ sinh",goniothalamus-vietnamensis-ban.txt,,Na (Annonaceae),,3648645
Hydrolea zeylanica Vahl,"Thủy lệ, Lá nước, Lan tiên","Quảng Bình, Quảng Trị, Thừa Thiên Huế. Cây mọc tự nhiên ở ruộng ẩm, đất hoang ẩm, lầy sụt",hydrolea-zeylanica-vahl.txt,,,Hymenophyllaceae,3612749
Gnaphalium luteo-album L,"Rau khúc vàng, Thử cúc thảo","Từ Miền Bắc tới Miền Trung và Tây Nguyên. Cây mọc tự nhiên, phổ biến ven rừng thưa ẩm và vách núi, ở độ cao 400-2000 m",gnaphalium-luteo-album-l.txt,,,Asteraceae,3131229
Glochidion daltonii (Muell.-Arg.) Kurz – Phyllanthus daltonii Muell.-Arg,"Dấn mật, Sóc, Giềng mật","Lạng Sơn, Bắc Giang, Thanh Hóa, Kon Tum, Đắk Lắk, Thanh Hóa. Cây mọc tự nhiên trong rừng rụng lá (rừng thông, cọ dầu…), ở độ cao 100-1000 m",glochidion-daltonii-muell-arg-kurz.txt,,Thầu Dầu (Euphorbiaceae),,3080669
Eranthemum pulchellum Andr. – E. nervosum R.Br,Tinh hoa,"Lạng Sơn, Thái Nguyên (Đình Cả), Hà Nội (Thủ Pháp), Thanh Hoá (Sông Mã). Cây mọc tự nhiên và được trồng làm cảnh",eranthemum-pulchellum-andr.txt,,,Acanthaceae,3172936
Illicium majus Hook. f. & Thoms,"Hồi đại, Hồi lớn, Đại hồi to","Lào Cai (Sa Pa, Phan Xi Păng)",illicium-majus-hook-f-thoms.txt,"Glochidion cavaleriei Levl., Illicium cavaleriei (Levl.) Levl",Hồi – Illiciaceae,,3592300
Clerodendrum serratum (L.) Moon – Volkameria serrata L,"Ngọc nữ răng, Mò răng cưa","Lào Cai, Lai Châu, Sơn La, Hòa Bình, Đắk Lắk, Kon Tum. Cây mọc tự nhiên ở ven rừng, trảng cây bụi ở độ cao 1.500 m",clerodendrum-serratum-l-moon.txt,,,Verbenaceae,8355397
Dioscorea zingiberensis C.H.Wright,Củ mài gừng,"Quảng Ngãi, Bình Định, Phú Yên. Cây mọc tự nhiên trong rừng mưa mùa, rừng lá rộng thường xanh. Loài hiếm đã được ghi vào sách đỏ Việt Nam. Khung phân hạng (VU)",dioscorea-zingiberensis-c-h-wright.txt,,Củ nâu (Dioscoreaceae),,2754595
Kleinhovia hospita L,"Tra đỏ, Cây trạc",Miền Trung và miền Nam. Cây mọc tự nhiên ở bờ biển,kleinhovia-hospita-l.txt,,,Sterculiaceae,3152102
Patrinia villosa (Thunb.) Juss. – Valeriana villosa Thunb,Cỏ bồng Bại tượng hoa trắng,"Cao Bằng, Lạng Sơn (Đồng Đăng). Cây mọc tự nhiên trên các trảng cỏ",patrinia-villosa-thunb-juss.txt,,,Valerianaceae,6058838
Boerhavia chinensis (L.) Rottb. – Valeriana chinensis L,Nam sâm tàu,"Ninh Bình, Thanh Hóa, Ninh Thuận. Cây mọc tự nhiên rải rác ở các bãi hoang, sân, vườn, ven đường.",boerhavia-chinensis-l-rottb.txt,,,Nyctaginaceae,7327348
Themeda villosa (Poir.) Hack. – Anthistiria villosa Poir,"Lô lông, Lô mía, Cỏ đễ","Miền Bắc và Nam Việt Nam. Cỏ hàng năm, mọc ở ven bờ nương rạch, ven rừng, ven suối, trảng cây bụi, rừng thưa.",themeda-villosa-poir-hack-in-dc.txt,,,Poaceae,2703473
Ilex cymosa Blume – I. thorelii Pierre,"Cây bùi, Nhựa ruồi","Cây mọc tự nhiên, ưa ẩm, mọc ở ven rừng, dựa suối, ở độ cao 100-500 m",ilex-cynosa-blume-i-chorelii-pierre.txt,,,Aquifoliaceae,5533710
Remusatia vivipara (Roxb.) Schott; Arum viviparum Roxb,Ráy mô,"Kon Tum, Đồng Nai. Cây mọc tự nhiên ở ven suối ẩm, ở độ cao 700-1200 m.",remusatia-vivipara-roxb-schott-arum-viviparum-roxb.txt,,,Araceae,2871956
Skimmia laureola (DC.) Walp. ssp. multinervia (C. C. Huang) N.P. Taylor & Airy-Shaw,Chu tràng,Lào Cai (Fan-Si-Pan). Cây mọc tự nhiên ở độ cao 2.900-3.100 m,skimmia-laureola-dc-walp-ssp-multinervia-c-c-huang-n-p-taylor-airy-shaw.txt,,,Rutaceae,3837950
Sabina chinensis (L.) Antonie – Juniperus chinensis L,Tùng sà,Cây nhập trồng trong chậu làm cảnh.,sabina-chinensis-l-antonie.txt,,,Cupressaceae,2684363
Prunus armeniaca L,"Mơ, Hạnh, Mai, Má pheng (Thái), Mạy phung, Mác mòi (Tày)",Cây trồng nhiều nơi ở Việt Nam,prunus-armeniaca-l.txt,,,Rosaceae,7818643
Canthium dicoccum (Gaertn.) Teysm. & Binn. – Canthium dicoccum (Gaertn.) Merr,Găng hai hạt,"Đà Nẵng, Khánh Hòa. Cây mọc tự nhiên rải rác trong rừng thưa, các bãi cát ven biển",canthium-dicoccum-gaertn-teysm-binn.txt,,,Rubiaceae,2893147
Asplenium pseudolaserpitiifolium Ching,Tổ điểu lá giả thìa là,"Lào Cai (Sa Pa), Khánh Hoà (Nha Trang). Cây mọc tự nhiên, thường bám trên cây gỗ trong rừng rậm thường xanh, đôi khi trong hốc đá chứa nhiều mùn.",asplenium-pseudolaserpitiifolium-ching-ex-tardieu.txt,,,Aspleniaceae,4256516
Albizia kalkora Prain,Hợp hoang kalkor,"Hoà Bình, Ninh Bình. Cây mọc tự nhiên dọc theo sông suối, trong rừng rậm thường xanh, ở độ cao 500 – 2.000 m",albizia-kalkora-prain.txt,,,Mimosaceae,2973038
Chorella ellipsoidea Garneck,"Rong tiểu cầu, Tảo hạt lục",Cây mọc tự nhiên trên các ao hồ dưới dạng phù phiêu.,chorella-ellipsoidea-garneck.txt,,,Oocystaceae,
Aglaia odorata Lour. – A. dupperreana Pierre,Ngâu,"Sơn La (Mộc Châu), Ninh Bình (Cúc Phương), Nghệ An, Quảng Trị, Gia Lai, Kon Tum, Kiên Giang. Cây thường được trồng",aglaia-odorata-lour.txt,,,Meliaceae,5597349
Lysimachia lobelioides Wall,Trân châu nhị dài,"Lao Cai (Sa Pa). Cây mọc tự nhiên, rải rác trong rừng, ven rừng, ở độ cao 1500m",lysimachia-lobelioides-wall-in-roxle.txt,,,Primulaceae,4007652
Aralidium pinnatifidum Miq,"Cuông châu, Trân",Đồng Nai. Cây mọc tự nhiên trong rừng nguyên sinh ở trên núi độ cao dưới 200 m.,aralidium-pinnatifidum-miq.txt,,,Họ nhân sâm  (Aralidiaceae),3838835
Hibiscus tiliaceus L,"Tra làm chiếu, Bụp tra, Hữu nạp","Cây mọc tự nhiên ở vùng biển, ven sông vùng ngập mặn",hibiscus-tiliaceus-l.txt,,,Malvaceae,7115794
Gigantochloa albociliata (Munro) Kurz – Pseudoxytenanthera albociliata (Munro) T.Q.Nguyen,"Mạy lai, Le lông trắng","Kon Tum (Đắk Glei), Bình Phước (An Lộc). Cây mọc tự nhiên trong rừng hỗn giao nhiệt đới, còn được trồng.",pseudoxytenanthera-albo-ciliata.txt,,,Poaceae,4108097
Lycianthes lysimachioides (Wall. ex Roxb.) Bitter,Cà ngủ dạng trân châu,Hà Nội (Ba Vì).,lycianthes-lysimachioides-wall-ex-roxb-bitter.txt,"Solanum lysimachioides Wall. in Roxb., S. macrodon var. lysimachioides (Wall.) C. B. Clarke, Lycianthes biflora (Lour.) Bitter ssp. lysimachoides (Wall. in Roxb.) D. B. Deb)",Cà – Solanaceae,,7299573
Pennisetum glaucum R.Br,Lúa miếu,Miền Nam Việt Nam.,pennisetum-glaucum-r-br.txt,Phleum africanum Lour,Hòa thảo – Poaceae,,5828197
Gymnema tingens (Roxb.) Spreng,"Lõa ti nhuộm, Dây mỏ, Dây thìa canh lá to","Bắc Kạn, Thái Nguyên, Hòa Bình, Ninh Bình, Khánh Hòa.",gymnema-tingens-roxb-spreng.txt,Asclepias tingens Roxb,Thiên lý – Asclepiadaceae,,3577704
Ophioglossum pendulum L,"Xà thiệt thòng, Cây dải lụa","Cây mọc bám trên các cây gỗ hay các bụi cây sống bám khác như dương xỉ, lan… trong rừng rậm thường xanh, trong đó có rừng mây mù, ở độ cao 200-1.900 m",ophioglossum-pendulum-l.txt,,,Ophioglossaceae,7321401
Teucrium quadrifarium Buch.-Ham,Thiết trụ thảo,"Lâm Đồng (Lạc Dương). Cây mọc tự nhiên ở lùm bụi nơi đất khô, đồi trọc, rừng thưa, ở độ cao 800-1500 m",teucrium-quadrifarium-buch.txt,,,Lamiaceae,7308137
Mazus pumilus (Burm.f.) Steen. – Mazus japonicus (Thunb.) Kuntze; Lobelia pumila Burm.f,Rau đắng lá lớn,Cây mọc tự nhiên phổ biến ở nước ta,mazus-pumilus-burm-f-steen.txt,,,Scrophulariaceae,3171304
Triumfetta pseudocana Sprague et Craib,Ké lông,"Cây mọc tự nhiên trên đất hoang, phổ biến ở nước ta",triumfetta-pseudocana-sprague-et-craib.txt,,Đay (Tiliaceae),,3152068
Amorphophallus konjac K. Koch. – Brachyspatha konjac (Koch) Koch ex Ender,Nưa,Cây mọc tự nhiên ở nơi sáng của các tỉnh Miền Bắc Việt Nam.,amorphophallus-konjac-k-koch.txt,,,Araceae,2871520
Crepis rigescens Diels,Hoàng nương cứng,"Lai Châu, Lào Cai, Sơn La, Kon Tum, Lâm Đồng. Cây mọc tự nhiên trên các bãi sườn núi ẩm, ở độ cao 600-1.500 m.",crepis-rigescens-diels.txt,,,Asteraceae,5403378
Rhaphidophora decursiva (Roxb.) Schott – Pothos decursivus Roxb;Scindapsus decursivus Schott,"Lân tơ uyn, Ráy rách lá, Chuối hương, Đuôi phượng","Lào Cai, Hà Giang, Hoà Bình tới Tây Nguyên. Cây mọc tự nhiên, leo bám trên cây gỗ lớn hoặc trên đá trong rừng thường xanh ẩm",rhaphidophora-decursiva-roxb-schott.txt,,Ráy (Araceae),,5329707
Merremia umbellata (L.) Hall.f. – Convolvulus umbellatus L,"Bìm tán, Bìm bắc bộ","Sơn La (Sông Mã, Sốp Cộp), Hà Nội (Sóc Sơn), Thanh Hoá, Quảng Bình, Đồng Nai, An Giang, Bà Rịa Vũng Tàu, Kiên Giang. Dây leo quấn, mọc rải rác ven rừng, lùm bụi, nơi sáng vùng núi đá vôi, ở độ cao 100-800 m",merremia-umbellata-l-hallier-f.txt,,Bìm bìm (Convolvulaceae),,9452352
Memecylon edule Roxb,"Sầm bù, Sầm, Sầm núi, Trâm đất",Hầu khắp vùng đồi núi Việt Nam,memecylon-edule-roxb.txt,,Mua – Melastomataceae,,3866993
Tinomiscium petiolare Miers ex Hook.f. et Thoms,Vác can,"Lai Châu, Ninh Bình, Thanh Hóa, Quảng Trị, Gia Lai (Kon Hà Nừng). Cây mọc tự nhiên rải rác trong rừng, ở độ cao 200-600 m.",tinomiscium-petiolare-miers-ex-hook-f-et-thoms.txt,,,Menispermaceae,3830965
Trichilia connaroides (Wight & Arn.) Bentv. – Heyne trijuga Roxb,"Trường nát, Sang nước, Hải mộc, Mác thỏ (Tày)","Cao Bằng, Lạng Sơn, Đồng Nai. Cây mọc tự nhiên.",trichilia-connaroides-wight-arn-bentv.txt,,,Meliaceae,3852273
Leea indica (Burm.f.) Merr. – Staphylea indica Burm.f,"Gối hạc đen, Củ gối ấn","Hà Giang, Hoà Bình, Hà Nội, Ninh Bình, Thừa Thiên Huế, Đồng Nai, Kiên Giang. Cây mọc tự nhiên rải rác trong rừng thứ sinh, nơi sáng",leea-indica-burm-f-merr.txt,,,Leeaceae,4160336
Cremastra appendiculata (D.Don) Makino,Kem tra,Lào Cai (SaPa).,cremastra-appendiculata-d-don-makino.txt,,Lan – Orchidaceae,,2789676
Gelidium amansii (Lamour.) Lamour,"Rong thạch, Thạch hoa thái",Cây mọc bám trên đá ngầm sâu 3 – 10m ở biển nước ta.,gelidium-amansii-lamour-lamour.txt,,,Gelidiaceae,2662801
Exbucklandia populnea (R. Br. ex Griff.) R. W. Br,"Chắp tay tra, Mộc hương","Lào Cai (Sa Pa, Phan Xi Păng), Sơn La (Thuận Châu, Sông Mã), Cao Bằng (Khao Sơn), Đà Nẵng (Bà Nà), Kon Tum (Đắk Glei, Đắk Chong), Lâm Đồng (Đà Lạt, Lang Bian)",exbucklandia-populnea-r-br-ex-griff-r-w-br.txt,"Bucklandia populnea R. Br. ex Griff., Symingtonia populnea (R. Br. ex Griff.) Steen",Hồng Quang – Hamamelidaceae,,3702513
Pinanga baviensis Becc,"Cau rừng, Cau dại, Cau chuột ba vì, Sơn binh lang, Cau núi, Mạy làng đông (Tày), Pơ mảng (Kho)","Hà Nội (Ba Vì), Ninh Bình (Cúc Phương), Thanh Hóa, Nghệ An. Cây mọc tự nhiên rải rác trong rừng thứ sinh chân núi đá vôi",pinanga-baviensis-becc.txt,,,Arecaceae,2739424
Cordyceps sinensis (Berk.) Sacc,Đông trùng hạ thảo (Nấm),"Lai Châu, Lào Cai, Yên Bái, Tuyên Quang, Bắc Kạn, Thái Nguyên, Lạng Sơn, Quảng Ninh, Bắc Giang, Ninh Bình, Thanh Hóa, Nghệ An, Hà Tĩnh, Đà Nẵng, Quảng Nam, Lâm Đồng, Khánh Hòa, Ninh Thuận, Bình Thuận.",cordyceps-sinensis-berk-sacc.txt,,Nấm cựa gà – Clavicipitaceae,,2560562
Elettaria cardamomum Maton,"Tiểu đậu khấu, Trúc sa","Lào Cai, Cao Bằng, Hà Giang. Cây trồng ở vùng núi cao.",elettaria-cardamomum-maton.txt,,,Zingiberaceae,2759871
Urophyllum chinense Merr. & Chun,Vĩ diệp trung quốc,"Quảng Ninh (Tiên Yên),. Cây bụi cao 1-1,5m. Mọc tự nhiên rải rác dưới tán rừng thưa",urophyllum-chinense-merr-chun.txt,,,Rubiaceae,5340263
Saraca dives Pierre,Vàng anh,"Gặp phổ biến hầu khắp các tỉnh miền Bắc Việt Nam, thường tập trung ở vùng núi đất, núi đá vôi xen nhauLai Châu, Lào Cai, Sơn La, Tuyên Quang, Nghệ An, Đà Nẵng,… Cây mọc tự nhiên gần suối trong rừng rậm thường xanh",saraca-dives-pierre.txt,,,Fabaceae,9671576
Limnophila rugosa (Roth) Merr. – Herpestis rugosa Roth,"Hồi nước, Hom hồm (Thái), Hồi đất","Lào Cai, Hà Giang, Sơn La (Sông Mã), Hoà Bình (Mai Châu), Nghệ An, Quảng Nam, Quảng Ngãi. Cây mọc tự nhiên ở nơi ẩm, lầy vùng núi. Loài hiếm đã đưa vào Sách Đỏ Việt Nam",hila-rugosa-roth-merr.txt,,,Scrophulariaceae,5563114
Spinacia oleracea L,"Rau nhà chùa, Bi na, Bối xôi",Đà Lạt. Cây nhập trồng,spinacia-oleracea-l.txt,,,Chenopodiaceae,3083647
Dracaena cochinchinensis (Lour.) S.C. Chen – Aletris cochinchinensis Lour,"Giáng ông, Bồng bồng, Huyết giác nam bộ","Quảng Ninh, Hà Nam, Nghệ An, Đà Nẵng, Quảng Trị, Bình Định. Cây mọc tự nhiên trên núi đá vôi",dracaena-cochinchinensis-lour-s-c-chen.txt,,,Dracaenaceae,5304529
Salvia multiorrhiza Bunge,"Đan sâm, Tử sâm, Xích sâm, Huyết sâm, Đơn sâm","Lao Cai (Sa Pa), Vĩnh Phúc (Tam Đảo). Cây nhập trồng",salvia-multiorrhiza-bunge.txt,,Hoa môi (Lamiaceae),,7308369
Chrysanthemum vestitum (Hemsl.) Stapf,Bạch cúc,"Lào Cai, Lâm Đồng. Cây mọc tự nhiên ở độ cao 1400-1800 m.",chrysanthemum-vestitum-hemsl-stapf.txt,,,Asteraceae,3150798
Diospyros morrisiana Hance,"Thị mo, La phù thị, Thị núi","Quảng Ninh (Móng Cái, Hà Cối, Tiên Yên, Đầm Hà). Cây mọc tự nhiên rải rác trong rừng thưa.",diospyros-morrisiana-hance-in-walp.txt,,,Ebenaceae,4070710
Scutellaria cochinchinensis Briq,"Hoàng cầm nam bộ, Thuẫn Nam bộ","Lào Cai (Sa Pa), Ninh Bình (Chợ Ghềnh), Quảng Bình, Quảng Trị, Thừa Thiên Huế , Đà Nẵng, Lâm Đồng. Cây mọc tự nhiên trong rừng, ven suối",scutellaria-cochinchinensis-briq.txt,,,Lamiaceae,5609736
Artocarpus integer (Thunb.) Merr. – Rademachia integra Thunb,Mít tố nữ,Cây trồng phổ biến ở các tỉnh Miền Nam Việt Nam,artocarpus-integer-thunb-merr.txt,,,Moraceae,2984566
Buxus latistyla Gagnep,Cà mà vòi to,"Nam Định, Thanh Hóa, Quảng Trị (Mai Lãnh). Cây mọc tự nhiên rải rác trong rừng",buxus-latistyla-gagnep.txt,,Hoàng dương (Buxaceae),,3987987
Artemisia maritima L,"Ngải biển, Ngải","Bà Rịa Vũng Tàu, thành phố Hồ Chí Minh. Cây nhập trồng",artemisia-maritima.txt,,,Asteraceae,3121650
Macrosolen robinsonii (Gamble) Dans. – Elytranthe robinsonii Gamble,"Tầm gửi rôbinsơn, Đại quản hoa Robinson","Quảng Trị, Khánh Hoà. Cây bụi bán ký sinh trên cành các cây gỗ, trong rừng thưa, ở độ cao 600-800 m.",macrosolen-robinsonii-gamble-dans.txt,,,Loranthaceae,5638948
Cyperus flabelliformis Rottb,"Thủy trúc, Cói quạt",Cây trồng làm cảnh,cyperus-flabelliformis-rottb.txt,,,Cyperaceae,2714156
Canarium tramdenum Dai et Yakovl,"Trám đen, Ô lâm, Cây bùi, Uy tử, Mác bây (Tày)","Bắc và Trung bộ. Cây mọc tự nhiên trong rừng nửa rụng lá, còn được trồng",canarium-tramdenum-dai-et-yakovl.txt,,,Burseraceae,5421347
Coptis chinensis Franch,"Hoàng liên Trung Quốc, Phàng lĩnh (Hmông)","Lào Cai, Hà Giang (Quản Bạ – xã Thái An). Cây mọc tự nhiên trên núi đá cao từ 1.500m trở lên",coptis-chinensis-franch.txt,,,Ranunculaceae,7277323
Xenostegia tridentata (L.) Austin & Staples – Covolvulus tridentatus L.; Merremia tridentata (L.) Hall. f,"Bìm ba răng,","Cao Bằng, Lạng Sơn, Thái Nguyên, Quảng Ngãi. Cây mọc tự nhiên ven đường, ven rừng, nương rẫy nơi khô và sáng",xenostegia-tridentata-l-austin-staples.txt,,Bìm bìm (Convolvulaceae),,2928381
Glyptostrobus pensilis (Staunton ex D.Don) K.Koch – Thuja pensilis Staunt. ex D. Don,Thông nước,"Đắk Lắk (Krong Pắc, Ea Hleo, Buôn Hồ). Cây mọc tự nhiên.",glyptostrobus-pensilis-staunt-k-koch.txt,,,Taxodiaceae,2684155
Vernonia villosa (Blume) W. Wight – Cyanthillium villosum Blume,"Nụ áo hoa tím, Cúc bạc đầu, Bạc đầu hoa to, Bạch đàu nhỏ",Cây mọc tự nhiên trên đất hoang khắp nơi,vernonia-villosa-blume-w-wight.txt,,,Asteraceae,6445734
Zingiber zerumbet (L.) Roscoe ex Sm. – Amomum zerumbet L,"Gừng gió, Gừng rừng, Phong khương, Thinh kèng (Tày), Ngải xanh, Ngải mặt trời",Bắc Việt Nam. Cây mọc tự nhiên dưới tán rừng ẩm,zingiber-zezumbet-l-smith.txt,,,Zingiberaceae,2757108
Callicarpa erioclona Schauer,Tử châu cành lông,"Gia Lai (An Khê), Ninh Thuận (Phan Rang), Khánh Hòa, Đồng Nai. Cây mọc tự nhiên trong rừng thứ sinh, sa van bụi, ở độ cao đến 1.500 m.",callicarpa-erioclona-schauer-in-dc.txt,,,Verbenaceae,5609783
Scirpus mucronatus L,Cói dùi mũi,"Cây mọc tự nhiên ở vùng núi, trung du, đồng bằng, khá phổ biến ở Việt Nam",scirpus-mucronatus-l.txt,,,Họ Cói (Cyperaceae),5827389
Canavalia ensiformis (L.) DC. – Dolichos ensiformis L,"Đậu dao, Đậu kiếm, Đậu tiệp, Đậu rựa, Đậu mèo ngòi, Đậu mèo trắng, Phắc đáp (Tày)","Cây nhập trồng ở một số tỉnh như Cao Bằng, Thái Nguyên, Bắc Giang, Vĩnh Phúc, Hà Nội, Kon Tum, Đắk Lắk",canavalia-ensiformis-l-dc.txt,,Đậu (Fabaceae),,7799711
Dendrophthoe pentandra (L.) Blume – Loranthus pentandrus L,Tầm gửi năm nhị,"Sơn La, Hà Nội, Quảng Bình, Quảng Trị, Thừa Thiên Huế, Khánh Hòa, Lâm Đồng, tới Bà Rịa Vũng Tàu, Kiên Giang. Cây bụi bán ký sinh, thường trên cành cây trám trắng hay cây dâu.",dendrophthoe-pentandra-l-blume-in-schult-f.txt,,,Loranthaceae,4001649
Asplenium normale D.Don,"Ráng thường, Ráng can xỉ thường",Phân bố rất rộng. Cây mọc tự nhiên ở các tỉnh vùng núi các tỉnh miền Bắc tới Lâm Đồng dưới rừng cây lá rộng thường xanh.,asplenium-normale-d-don.txt,,,Aspleniaceae,2650655
Stachyurus chinensis Franch,Tinh tiết,"Lao Cai, Lai Châu. Cây mọc tự nhiên, rải rác trong rừng ven suối, dựa thác, ở độ cao 1.600-2.000 m",stachyurus-chinensis-franch.txt,,,Stachyuraceae,7303923
Bletilla striata (Thunb.) Reichb.f. – Limodorum striatum Thunb,"Bạch cập, Liên cập thảo","Lào Cai (Sa Pa), Vĩnh Phúc (Tam Đảo), Trung Bộ. Cây mọc tự nhiên rải rác trong rừng thứ sinh, ở độ cao 800-1.500 m",bletilla-striata-thunb-reichb-f.txt,,,Orchidaceae,2808791
Acacia pennata (L.) Willd. ssp. hainanensis (Hayata) I. Nielsen,"Xống rắn, Xương rắn, Mắt mèo gai, Cam thảo dây, Cam thảo rừng","Sơn La (Mộc Châu), Tuyên Quang, Thái Nguyên, Đà Nẵng, Kon Tum. Cây mọc tự nhiên trong rừng rậm tái sinh, ở độ cao tới 1200 m",acacia-pennata-l-willd-ssp-hainanensis-hayata-i-nielsen.txt,,,Mimosaceae,10892173
Cycas inermis Lour,"Sơn tuế, Thiên tuế không gai","Khánh Hòa, Đồng Nai, Côn Đảo. Cây mọc tự nhiên rải rác dưới tán rừng rậm nửa rụng lá bằng lăng nguyên sinh, rừng và trảng cây bụi rậm thứ sinh phục hồi sau nương rẫy, ở độ cao 100-300 m. Loài đặc hữu hẹp. Đã đưa vào sách đỏ Việt Nam.",cycas-inermis-lour.txt,,,Cycadaceae,2683234
Cissampelos pareira var. hirsuta (Buch.-Ham. ex DC.) Forman,"Tiết dê lông, Mối trơn, Co khau y tom (Thái), Thắc thẻ (Tày)","Tuyên Quang, Hà Nội, Khánh Hòa, Ninh Thuận. Cây mọc tự nhiên ở vùng đồi trung du",cissampelos-pareira-var-hirsuta-buch-ham-ex-dc-forman.txt,,,Menispermaceae,3033937
Argyreia capitata (Vahl) Choisy – Convolvulus capitatus Vahl,"Bạc thau hoa đầu, Thau bủng (Tày)","Sơn La, Lào Cai, Tuyên Quang, Lạng Sơn, Hòa Bình, Hà Nội. Cây mọc tự nhiên ven rừng, lùm bụi nơi khô và sáng, ở độ cao tới 1700 m",argyreia-capitata-vahl-choisy.txt,,,Convolvulaceae,
Ziziphus calophylla Wall,Móc diều hâu,Lạng Sơn. Cây mọc tự nhiên,ziziphus-calophylla-wall.txt,,,Rhamnaceae,3876846
Prunus cerasoides D. Don,Anh đào,"Lai Châu (Phong Thổ), Lào Cai (Sa Pa), Hà Giang (Đồng Văn), Cao Bằng, Sơn La (Thuận Châu), Lâm Đồng. Cây mọc tự nhiên rải rác trong rừng thưa, rừng thường xanh, ở độ cao 100 – 1800m.Cũng được trồng nhiều ở Đà Lạt",prunus-cerasoides-d-don.txt,,,Rosaceae,3021409
Lycianthes lysimachioides (Wall.) Bitter. – Solanum lysimachioides Wall,"Cà bò, Cà ngủ dạng trân châu",Hà Nội (Ba Vì). Cây mọc tự nhiên. ở độ cao 1.000 – 2.000 m,lycianthes-lysimachioides-wall-bitter.txt,,Cà (Solanaceae),,7299573
Eberhardtia tonkinensis Lecomte,"Mác niễng, Cồng sữa bắc bộ, Bà na bắc bộ","Yên Bái, Tuyên Quang, Bắc Giang, Vĩnh Phúc (Tam Đảo), Hà Tĩnh (Hương Sơn). Cây mọc tự nhiên trong rừng thường xanh, ở độ cao 100-1.800 m",eberhardtia-tonkinensis-lecomte.txt,,,Sapotaceae,2886793
Drosera indica L,Gọng vó,"Gia Lai, Lâm Đồng. Cây mọc tự nhiên ở nơi đất lầy",drosera-indica-l.txt,,,Droseraceae,3190722
Ardisia corymbifera Mez,Trọng đũa ngù,"Lào Cai, Kon Tum, Đắc Lắc, Lâm Đồng. Cây mọc tự nhiên trong rừng cây lá rộng thường xanh, nơi đất ẩm ướt, ở độ cao 300-1800 m",ardisia-corymbifera-mez.txt,,,Myrsinaceae,7331177
Canarium subulatum Guillaum,Trám kên,Miền Trung tới Đồng Nai. Cây mọc tự nhiên trong rừng thường xanh,canarium-subulatum-guillaum.txt,,,Burseraceae,5635838
"Acampe papillosa (Lindl.) Lindl., Saccolabium papillosum Lindl",A cam vú,"Đắk Lắk (Ea Súp, Krông Na), Lâm Đồng (thác Gougah).",acampe-papillosa-lindl-lindl.txt,,Lan – Orchidaceae,,2781961
Strychnos wallichiana Steud. ex DC,"Hoàng nàn, Vỏ doãn, Mã tiền lá quế","Hải Phòng, Hòa Bình, Thanh Hóa. Cây mọc tự nhiên trong rừng rậm vùng núi đá vôi",strychnos-wallichiana-steud-ex-dc.txt,,,Loganiaceae,5645841
Cinnamomum bonii Lecomte,"Quế bon, Re bông","Lao Cai, Hoà Bình, Ninh Bình. Cây mọc tự nhiên trong rừng nguyên sinh, ven rừng, ở độ cao 500-900 m",cinnamomum-bonii-lecomte.txt,,,Lauraceae,4177515
Aucuba japonica Thunb,Ki ba,Lạng Sơn (Mẫu Sơn). Cây mọc tự nhiên trong rừng rậm nhiệt đới mưa mùa ẩm.,aucuba-japonica-thunb.txt,,,Aucubaceae,3033077
Hedyotis auricularia L,Bòi ngòi tai,"Sơn La, Lạng Sơn, Hà Nội (Ba Vì), Hải Dương, Tây Ninh, Đồng Nai. Cây mọc tự nhiên rải rác trong rừng thứ sinh",hedyotis-auricularia-l.txt,,,Cà phê (Rubiaceae),2916058
Uncaria sessilifructus Roxb,"Quáu, Câu đằng quả không cuống","Kon Tum (Đắk Glei), Bình Thuận, Tây Ninh. Cây mọc tự nhiên rải rác trong rừng thưa",uncaria-sessilifructus-roxb.txt,,,Rubiaceae,5338285
Citrus medica L. var. sarcodactylis (Sieb.) Swingle,"Phật thủ, Hương duyên, Pục thủ (Tày), Ràng chum piếu (Dao)",Cây trồng,citrus-medica-l-var-sarcodactylis-sieb-swingle.txt,,,Rutaceae,3190157
Cynodon dactylon (L.) Pers,"Cỏ gà, Cỏ chỉ trắng",Phổ biến ở nhiều nơi,cynodon-dactylon-l-pers.txt,,Hòa thảo – Poaceae,,6109637
Gymnema sylvestre (Retz.) R.Br.ex Schult. – Periploca sylvertris Retz,"Lõa ty rừng, Dây thìa canh","Bắc Giang, Hải Phòng, Hải Dương, Ninh Bình, Thanh Hoá, Kon Tum. Cây mọc tự nhiên quanh lùm bụi, hàng rào.",gymnema-sylvestre-retz-r-br-ex-schult.txt,,,Asclepiadaceae,8040540
Alangium salviifolium ( L.f.) Wangerin,"Quăng lông, Thôi chanh lá xôn","Ninh Thuận (Phan Rang), Đồng Nai (Biên Hoà). Cây mọc rải rác trong rừng thường xanh, có 2 mùa mưa và khô rõ rệt, ở độ cao dưới 200 m",alangium-salviifolium-l-f-wangerin-in-engl.txt,,,Alangiaceae,3701897
Croton tonkinensis Gagnep,"Khổ sâm bắc bộ, Cù đèn bắc, Co chạy đón (Thái), Dã hòe, Khổ sâm cho Rễ","Cây trồng phổ biến trong các gia đình, khắp nơi ở Việt Nam",croton-tonkinensis-gagnep.txt,,,Euphorbiaceae,3060155
Wrightia dubia (Sims) Spreng. – Wrightia rubriflora Pitard; Cameraria dubia Sims,"Lòng mức hoa đỏ, Chao, Xo cho","Thừa Thiên Huế, Kon Tum. Cây mọc rải rác trong rừng thường xanh",wrightia-dubia-sims-spreng.txt,,,Apocynaceae,7316559
Hanguana malayana (Jak) Merr. – Veratrum malayanum Jack,"Hắc ga, Thuốc giun, Háng vân","Đồng Nai, Thành phố Hồ Chí Minh. Cây mọc tự nhiên ở bờ nước, đất lầy, bờ kênh rạch, rừng lầy.",hanguana-malayana-jak-merr.txt,,,Hanguanaceae,2763181
Apium graveolens L,Rau cần tây,Cây nhập trồng. Nguồn gốc từ Địa Trung Hải,apium-graveolens-l.txt,,,Apiaceae,5371879
Hemidesmus indicus (Willd.) R. Br. – Periploca indica Willd,Bấn tràng,Cây mọc tự nhiên.,hemidesmus-indicus-willd-r-br.txt,,,Asclepiadaceae,8125676
Abrus pulchellus Wall. ex Thwaites ssp. cantoniensis (Hance) Verdc.; A. cantoniensis Hance,"Cườm thảo chồi, Kê cốt thảo",Đắk Lắk. Cây mọc tự nhiên ở độ cao tới 500 m,cuom-thao-choi.txt,,Đậu (Fabaceae),,3980200
Pegia sarmentosa (Lecomte) Hand.-Mazz. – Phlebochiton sarmentosum Lecomte,Muỗm leo,"Lào Cai (Sa Pa), Bắc Kạn (Chợ Mới), Hoà Bình (Mai Châu), Hà Nội (Ba Vì, Thủ Pháp). Cây mọc tự nhiên ven rừng vùng núi đá vôi",pegia-sarmentosa-lecomte-hand-mazz-3.txt,,,Anacardiaceae,3662411
Beta vulgaris L,"Củ cải đường, Củ cải đỏ, Củ dền",Cây nhập trồng.,beta-vulgaris-l.txt,,,Họ Rau muối (Chenopodiaceae),8971274
Toxocarpus wightianus Hook. et Arn,"Tiền quả, Dây quả cong","Hải Phòng, Ninh Bình, Khánh Hòa. Cây mọc tự nhiên trong lùm bụi.",toxocarpus-wightianus-hook-et-arn.txt,,,Asclepiadaceae,3581786
Elatostemma rupestre (Buch.-Ham.) Wedd. – Procris rupestre Buch.- Ham,"Giá co, Giá","Lào Cai, Thái Nguyên, Ninh Bình. Cây mọc tự nhiên ven suối nơi nhiều ánh sáng",elatostemma-rupestre-buch-ham-wedd.txt,,,Urticaceae,4100361
Cyperus stoloniferus Retz,Củ gấu biển,Từ Quảng Ninh đến Cà Mau. Cây mọc tự nhiên ở vùng cát ven biển,cyperus-stoloniferus-retz.txt,,,Họ Cói (Cyperaceae),2714571
Peltophorum pterocarpum (DC.) Bak. ex K. Heyne,"Lim sẹt, Trắc vàng","Cây trồng, còn có mọc tự nhiên trong rừng thưa, vùng ven biển và vùng sau ngập mặn",peltophorum-pterocarpum-dc-bak-ex-k-heyne.txt,,,Caesalpiniaceae,2952775
Viola inconspicua Blume,Hoa tím ẩn,"Hà Giang, Lào Cai, Hà Nội (Ba Vì), Ninh Bình, Lâm Đồng. Cây mọc tự nhiên ven rừng, trảng cỏ tranh, ở độ cao 500-1.700 m",viola-inconspicua-blume.txt,,,Violaceae,7296357
Merremia vitifolia (Burm.f.) Hall.f. – Convolvulus vitifolius Burm.f,Bìm nho,"Tuyên Quang, Lạng Sơn, Hà Nội, Khánh Hòa, Đồng Nai. Cây mọc tự nhiên trong rừng thưa, bãi hoang, lùm bụi, ở độ cao dưới 500 m",merremia-vitifolia-burm-f-hall-f.txt,,,Convolvulaceae,9619573
Cerbera odollam Gaertn,"Mướp sác, Hải qua tử, Mướp sác vàng, Mướp sát","Hải Phòng, Quảng Ninh, Thừa Thiên Huế, Quảng Nam, Quảng Ngãi, Bình Định, Khánh Hoà. Cây mọc tự nhiên vùng bờ biển vùng nước lợ",cerbera-odollam-gaertn.txt,,,Apocynaceae,7155753
Trifolium pratense L,Chẽ ba đỏ,Cây mọc tự nhiên ở vùng núi cao các tỉnh phía Bắc.,trifolium-pratense-l.txt,,,Fabaceae,8324121
Waltheria americana L,"Ké rừng, Hoàng tiên, Xà bà","Cây mọc tự nhiên trên đất hoang khô, phổ biến ở các tỉnh Miền Trung và nhiều tỉnh của Việt Nam",waltheria-americana-l.txt,,Trôm (Sterculiaceae),,5406665
Ricinus communis L,"Thầu dầu, Đu đủ tía, Tỳ ma, Co húng hom (Thái), Dù xủng,Slùng đeng (Tày), Mạ puông sí (Dao), Dầu ve","Cây trồng, còn mọc tự nhiên trên bãi bồi ven sông suối, trên đất sa phiến thạch,độ cao 100-800 m",ricinus-communis-l.txt,,Thầu Dầu (Euphorbiaceae),,5380041
Eriocaulon australe R. Br,Dùi trống nam,"Lâm Đồng (Lạc DươngLangbian). Cây mọc tự nhiên nơi đất ẩm, ruộng lúa, khe núi, khe suối",eriocaulon-australe-r-br.txt,,,Eriocaulonaceae,2690666
Passiflora caerulea L,Lạc tiên cảnh,"Quảng Nam, thành phố Hồ Chí Minh. Mọc rải rác nơi ẩm và vùng đồng bằng đến rừng rậm.",passiflora-caerulea-l.txt,,,Passifloraceae,2874199
Plectranthus amboinicus (Lour.) Spreng. – Coleus amboinicus Lour,"Húng chanh, Rau tần dày lá, Rau thơm lông, Dương tử tô",Cây trồng,plectranthus-amboinicus-lour-spreng.txt,,,Lamiaceae,5341313
Allium porrum L,Tỏi tây,Cây trồng.,allium-porrum-l.txt,,,Alliaceae,2856037
Desmos pedunculosus var. tonkinensis Ban,"Nối côi, Thau ả mai","Lào Cai (Nam Cường), Yên Bái (Đồng Tâm), Lạng Sơn, Tuyên Quang, Hoà Bình, Nghệ An (Quỳ Châu), Thừa Thiên Huế (Phú Lộc). Cây mọc tự nhiên ở ven rừng, đồi cây bụi nơi sáng",desmos-pedunculosus-var-tonkinensis-ban.txt,,,Annonaceae,3155195
Eryngium foetidum L. – Eryngium antihystericum Rottler,"Mùi tàu , Hồ truy, Ngò gai, Ngò tàu, Phiắc hom nam","Cây trồng, còn mọc hoang dại ở ven rừng, trên các bãi hoang ở miền núi khắp nơi",eryngium-foetidum-l.txt,,,Apiaceae,3034425
Myrsine seguinii Levl. – Rapanea nerriifolia (Sieb. et Zucc.) Mez,"Xay trúc đà, Mặt cắt","Quảng Ninh (Bãi Cháy), Bắc Kạn, Thái Nguyên, Nghệ An (Cửa Lò), Đà Nẵng, Khánh Hòa, Ninh Thuận. Cây mọc tự nhiên trong rừng hỗn giao, ở độ cao 600-2400 m",myrsine-seguinii-levl.txt,,,Myrsinaceae,3719723
Clematis smilacifolia Wall,"Dây ông lão, Linh tiên, Mộc thông, Khau kau slan (Tày)","Lào Cai, Lai Châu, Hà Giang, Cao Bằng, Tuyên Quang, Quảng Bình, Kiên Giang. Cây mọc tự nhiên rải rác ven rừng, dọc bờ suối",clematis-smilacifolia-wall.txt,,,Họ Mao lương (Ranunculaceae),7277742
Cyclea bicristata (Griff.) Diels – Lophophyllum bicristatum Griff,"Sâm hai sóng, Hoàng đằng chân vịt","Lâm Đồng, Bình Thuận (Đức Linh). Cây mọc tự nhiên rải rác ven rừng.",cyclea-bicristata-griff-diels.txt,,,Menispermaceae,3830070
Chrysopogon fulvus (Spreng.) Chiov,Cỏ may vàng,"Gia Lai (Pleiku), Lâm Đồng (Bảo Lộc)",chrysopogon-fulvus-spreng-chiov.txt,"Pollinia fulva Spreng., P. fulva Benth., Chrysopogon montanus Trin. in Spreng",Hòa thảo – Poaceae,,5290136
Costus tonkinensis Gagnep,Mía dò hoa gốc,"Lào Cai, Hà Giang, Hoà Bình. Cây mọc tự nhiên rải rác ven rừng, suối đá trong rừng",cosrus-tonkinensis-gagnep.txt,,,Costaceae,2756921
Polygonum chinense L,"Thồm lồm, Đuôi tôm, Mía bẹm, Hoả mẫu thảo, Lá lồm, Xôm cúng (Thái), Nú mí, Cổ đơ (kho), Xích địa lợi , Cơm cháy",Cây mọc tự nhiên ở nhiều nơi ở Việt Nam,polygonum-chinense-l.txt,,,Polygonaceae,4036385
Hymenocardia punctata Wall. ex Lindl,"Quả mỏng, Mạc tâm, Cây giây nổ","Kon Tum, Gia Lai, Bình Dương, Đồng Nai, An Giang, Đồng Tháp. Cây ẩm sinh, chịu dòng chảy mạnh, mọc ven khe suối trong rừng thường xanh, ở độ cao 100-500m",hymenocardia-punctata-wall-ex-lindl.txt,,,Euphorbiaceae,3082062
Cardiopteris quinqueloba (Hassk.) Hassk. – Peripterygium quinquelobum Hassk,"Mướp rừng, Sâu răng, Mai rùa, Cây sâu răng, Rau bát","Lao Cai, Hoà Bình, Hà Giang. Cây mọc tự nhiên ở bìa rừng",peripterygium-quinquelobum-hassk.txt,,,Cardiopteridaceae,6030808
Elaeocarpus lanceifolius Roxb,Côm lá thon,"Lào Cai, Quảng Ninh, Đồng Nai, Châu Đốc. Cây mọc tự nhiên ở gần nước",elaeocarpus-lanceifolius-roxb.txt,,,Họ Côm (Elaeocarpaceae),4940407
Rhodamnia dumentorum (Poir.) Merr. et Perry – Myrtus dumentorum Poir,"Sim rừng, Sim rú, Trâm sết, Sim ba gân","Quảng Nam, Đà Nẵng, Thanh Hóa, Quảng Bình, Quảng Trị, Thừa Thiên Huế, Đà Nẵng. Cây mọc tự nhiên trong rừng thứ sinh",rhodamnia-dumentorum-poir-merr-et-perry.txt,,,Myrtaceae,3185961
Oreocnide frutescens (Thunb.) Miq. – Urtica frutescens Thunb,"Cây nai, Ná nang sợi, Mạy quang (Tày)","Thanh Hóa đến Đồng Nai, An Giang. Cây mọc tự nhiên",oreocnide-frutescens-thunb-miq.txt,,,Urticaceae,7300629
Elephantopus scaber L,"Chỉ thiên, Cỏ lưỡi mèo, Cây thổi lửa, Khổ địa đảm, Chân voi nhám, Tiền hồ nam, Co tát nai (Thái), Nhả đảm (Tày), Rnếp lạy (Kho), Cỏ chỉ thiên",,tien-ho-nam.txt,,Asteraceae (Cúc),,5395925
Fissistigma bicolor (Roxb.) Merr. – Uvaria bicolor Roxb,Lãnh công (có) lông,"(Tam Đảo Vĩnh Phúc), Thừa Thiên Huế (Phú Lộc, Nam Đông), Kon Tum, Gia Lai, Đắk Lắk. Bụi trườn, mọc rải rác trong rừng nguyên sinh, vùng thấp, nơi ẩm",fissistigma-bicolor-roxb-merr.txt,,Na (Annonaceae),,3157303
Swietenia macrophylla King  – S. mahagoni Jacq,"Dái ngựa, Chẹo",Cây được trồng trong thôn bản. Nguồn gốc từ Nam Mỹ,swietenia-macrophylla-king-in-hook.txt,,Xoan (Meliaceae),,3190484
Arthrocnemum indicum (Willd.) Moq,Diêm giác,Ninh Thuận (Phan Rang). Cây mọc tự nhiên vùng ngập mặn ven biển.,arthrocnemum-indicum-willd-moq.txt,,Rau muối (Chenopodiaceae),,7340130
Lobelia heyniana Roem. & Schult. – Lobelia zeylanica L,"Lổ bình, Tích lan","Vĩnh Phú, Quảng Bình, Quảng Trị, Thừa Thiên Huế. Cây mọc tự nhiên rải rác trên các bãi hoang, nơi ẩm, độ cao tới 1500 m",lobelia-heyniana-roem-schult.txt,,,Lobeliaceae,8204376
Nemacystus decipiens (Sur.) Kuck,Rong nái,"Cây mọc bám vào vỏ động vật thân mềm và trên các rong khác ở vùng dưới triều vào mùa xuân và mùa hạ thuộc tỉnh Quảng Ninh, Hải Phòng.",nemacystus-decipiens-sur-kuck.txt,,,Spermatochnaceae,
Osbeckia chinensis L,"Mua đất, Mua tép, Mạy nát héo","Quảng Bình, Quảng Trị, Thừa Thiên Huế. Mọc rải rác ven rừng thứ sinh, đồi cỏ, ruộng hoang, nơi ẩm lầy",osbeckia-chinensis-l.txt,,,Melastomaceae,3866460
Gossypium barbadense L,Bông hải đảo,Trồng ở nhiều nơi,gossypium-barbadense-l.txt,Neogossypium barbadense (L.) Roberty,Bông – Malvaceae,,3152666
Mollugo pentaphylla L,"Bình cu, Rau túc me","Thái Nguyên, Phú Thọ, Thanh Hóa, Quảng Nam, Đồng Nai. Cây mọc tự nhiên trên đất cát, bãi bồi ven sông, biển",mollugo-pentaphylla-l.txt,,Cỏ bình cu (Mollugiaceae),,9381433
Dioecrescis erythroclada (Kurz) Tirveng. – Gardenia erythroclada Kurz,"Nanh heo, Đàn dành lóng đỏ, Mùi đeng, Da hươu","Kon Tum, Gia Lai, Đắc Lắc, Tây Ninh. Cây gỗ nhỏ, cao 4-10m, mọc rải rác trong rừng thưa",diocrescis-erythroclada-kurf-tirveng.txt,,,Rubiaceae,2904954
Ehretia asperula Zoll. & Mor. – E. hanceana Hemsl,Dót,"Quảng Ninh (Vịnh Hạ Long), Hoà Bình (Mai Châu), Thanh Hoá (Ngọc Lặc), Nghệ An (Con Cuông)",ehretia-asperula-zoll-mor.txt,,Vòi voi (Boraginaceae),,4067113
Tetrastigma yunnanensis Gagnep,"Tứ thư vân nam, Thạch bồ đào","Lào Cai. Cây mọc tự nhiên, ở độ cao 1.200-2.500 m.",tetrastigma-yunnanensis-gagnep.txt,,,Vitaceae,7293896
"Borreria alata (Aubl.) DC. ( Spermacoce alata Aubl., S. latifolia Aubl.)","Ruột gà cánh, Cỏ vừng, Nhứ slậy lồm","Thái Nguyên, Nghệ An.",borreria-alata-aubl-dc.txt,,Cà phê – Rubiaceae,,2918871
Cyclea barbata Miers,"Dây sâm, Dây sương sâm, Sâm nam leo","Lào Cai, Khánh Hòa (Nha Trang), Đồng Nai (Biên Hòa). Cây mọc tự nhiên ở ven nương rẫy, ven rừng",cyclea-barbata-miers.txt,,,Ho Tiết dê (Menispermaceae),3830078
Scleria lithosperma (L.) Sw. – Scirpus lithospermus L,"Đưng hạt cứng, Cương trái đá","Cây mọc tự nhiên ở các đảo thuộc tỉnh Khánh Hoà, Bà Riạ Vũng Tàu và Kiên Giang",scleria-lithosperma-l-sw.txt,,,Cyperaceae,2712534
Angiopteris caudatiformis Hieron,Móng ngựa lá có đuôi,"Kon Tum (núi Ngọc Linh), Lâm Đồng (Cát Tiên). Cây mọc tự nhiên chủ yếu ở ven suối trong rừng rậm thường xanh, ở độ cao 200-1600 m",angiopteris-caudatiformis-hieron.txt,,,Marattiaceae,5615587
Talcum,"Hoạt thạch, Hoạt thạch phấn, Nguyên hoạt thạch,",,hoat-thach.txt,,,,
Clematis buchaniana DC,"Mang plầu, Ông lão đuôi ngắn","Lào Cai, Lạng Sơn, Cao Bằng, Yên Bái. Cây mọc tự nhiên rải rác ven rừng, rừng thưa, ở độ cao 600 – 1700m",clematis-buchaniana-dc.txt,,,Ranunculaceae,3923474
Guazuma ulmifolia Lam,Thục địa,Cây trồng. Nguồn gốc từ vùng nhiệt đới châu Mỹ,guazuma-ulmifolia-lam.txt,,,Sterculiaceae,3152195
Mussaenda erosa Champ. ex Benth,Bướm bạc môn,"Quảng Ninh, Vĩnh Phúc (Tam Đảo), Kon Tum. Cây mọc tự nhiên",mussaenda-erosa-champ-ex-benth.txt,,,Rubiaceae,2892654
Desmodium oblongum Wall. ex Benth,"Thóc lép lá thuôn, Thóc lép bầu dục, Tràng quả tròn dài","Cao Bằng (Bảo Lạc, Đèo Lê A, Phía Đén), Lạng Sơn (Đồng Đăng), Kon Tum (Đắk Tô, Kon Plông), Lâm Đồng (Đà Lạt, Lang Bian, Đơn Dương, Bì Đúp, Lang Hanh)",desmodium-oblongum-wall-ex-benth.txt,Meibomia oblonga (Wall. ex Benth.) Kuntze,Đậu – Fabaceae,,10685285
"Bolboschoenus yagara (Ohwi) Y.C.Yang & M.Zhan ( Scirpus yagara Ohwi, Bolbos desoulavii (Drobow) A.E.Kozhevn.)",Cỏ cói,"Nam Định, Ninh Bình, Thanh Hóa.",bolboschoenus-yagara-ohwi-y-c-yang-m-zhan.txt,,Cói – Cyperaceae,,2718302
Amomum villosum Lour,"Sa nhân, Co néng, Sa súc, Mè tré bà",Cây mọc tự nhiên trong rừng thưa ở nhiều địa phương của Việt Nam,amomum-villosum-lour.txt,,,Zingiberaceae,11082522
Barringtonia asiatica (L.) Kurz – Mammea asiatica L,"Chiếc bàng, Bàng bi, Bàng quả vuông","Nha Trang, Côn Đảo. Cây mọc tự nhiên ven biển",barringtonia-asiatica-l-kurz.txt,,,Lecythidaceae,3082920
Platycladus orientalis (L.) Franco  – Thuja orientalis L,"Trắc bá, Bá tử, Trắc bách diệp, Co tổng péc (Thái)",Cây trồng làm cảnh,platycladus-orientalis-l-franco.html?wpsc_do=regen_cache&nonce=13534814015fa26de010054.txt,,,Cupressaceae,2684855
Dianella ensifolia (L.) DC,"Hương bài, Lưỡi đòng,",,huong-bai.txt,,Phormiaceae,,8365251
Archidendron lucidum (Benth.) I. Nielsen – Pithecellobium lucidum Benth,"Cổ ôm, Mắn đỉa trâu","Yên Bái, Tuyên Quang, Quảng Ninh, Thanh Hóa, Nghệ An, Quảng Trị. Cây mọc tự nhiên trong rừng thường xanh, ở độ cao tới 1300 m",archidendron-lucidum-benth-i-nielsen.txt,,,Họ Trinh nữ (Mimosaceae),2941456
Claoxylon hainanense Pax et K. Hoffm,"Lộc mại nhỏ, Lộc mại răng","Hà Giang, Thái Nguyên, Thanh Hóa, Quảng Bình, Thừa Thiên Huế, Đà Nẵng, Quảng Nam",claoxylon-hainanense-pax-et-hoffm.txt,,,Euphorbiaceae,3060599
Lobelia inflata L,Lô bê li,Cây nhập trồng ở Trại thuốc Sa Pa – Viện Dược liệu,lobelia-inflata-l.txt,,,Lobeliaceae,5408737
Grevillea robusta A. Cunn. ex R.Br,"Ngân hoa, Trãi bàn","Lâm Đồng, Sài Gòn. Cây trồng (gốc Tân- Caledonia)",grevillea-robusta-a-cunn-ex-r-br.txt,,,Proteaceae,2891791
Commelina obliqua Buch.-Ham. ex D. Don,Thài lài nước,Cây mọc tự nhiên trên đất ẩm lầy nhiều nơi.,commelina-obliqua-bunch.txt,,,Commelinaceae,2764435
Alleizettella rubra Pitard,"Ái lợi, A lây đỏ, Pa rịu","Thừa Thiên – Huế (VQG Bạch Mã), Lâm Đồng (Lang Bian), Cây bụi nhỏ, mọc rải rác trong rừng, ở độ cao tới 1400m",alleizettella-rubra-pitard.txt,,,Rubiaceae,2909606
Entada rheedii Spreng. – E. pursaetha DC,"Bàm bàm lá nhỏ, Bàm bàm nam",Cây mọc tự nhiên trong các rừng thứ sinh thường xanh và rụng lá trên đất có đá,entada-rheedii-spreng.txt,,,Mimosaceae,2976236
Dendrocnide sinuata (Blume) Chew. – Urtica sinuata Blume,Nàng hai,"Thanh Hóa, Quảng Bình, Quảng Trị, Thừa Thiên Huế, Bình Thuận. Mọc tự nhiên ven rừng, ven suối",dendrocnide-sinuata-blume-chew.txt,,,Urticaceae,4098506
Schismatoglottis calyptrata (Roxb.) Zoll. et Mor. – Calla calyptrata Roxb,Đoạn thiệt nắp,"Khánh Hòa, Gia Lai (An Khê), Đắk Lắk (Krông Pắc). Cây mọc tự nhiên nơi ẩm.",schismatoglottis-calyptrata-roxb-zoll-et-mor.txt,,,Araceae,2867982
Diospyros venosa Wall. ex DC,Săng đen,"Kon Tum (Sa Thầy), Đắk Lắk, Vũng Tàu, Tây Ninh. Cây mọc tự nhiên trong rừng thưa",diospyros-venosa-wall-ex-dc.txt,,,Ebenaceae,7588254
Ophiopogon intermedus D. Don,Mạch môn cảnh,"Lai Châu (Bình Lư), Đà Nẵng (Bà Nà), Lâm Đồng (Đà Lạt). Cây mọc tự nhiên trong rừng cây lá rộng thường xanh.",ophiopogon-intermedus-d-don.txt,,,Convallariaceae,2774251
Typhonium blumei Nicol. & Sivad,Củ chóc,"Lào Cai, Vĩnh Phúc, Hà Nội, Ninh Bình, thành phố Hồ Chí Minh. Cây mọc tự nhiên nơi đất ẩm bãi ven sông ở nhiều nơi",typhonium-blumei-nicol-sivad.txt,,Ráy (Araceae),,2869495
Astragalus propinquus Schischkin – Astragalus membranaceus (Fisch.) Bunge,"Hoàng kỳ, Co nấm mò (Thái)",Lào Cai. Cây nhập trồng.,astragalus-membranaceus-fisch-bunge.txt,,,Fabaceae,5345341
Fimbristylis miliacea (L.) Vahl – Scirpus miliaceus L,Cỏ lác,"Cây mọc tự nhiên nơi ẩm, ruộng, ven đường nơi đất chua từ miền núi, trung du và đồng bằng",fimbristylis-miliacea-l-vahl.txt,,,Cyperaceae,2709171
Pilea microphylla (L.) Liebm. – Parietaria microphylla L,Lăn tăn,"Cây mọc tự nhiên trên đất ẩm, chân tường, phổ biến ở Việt Nam",pilea-microphylla-l-liebm.txt,,,Urticaceae,5361841
Azadirachta indica A. Juss,"Sầu đâu, Xoan đào, Xoan chịu hạn","Hà Tiên, Côn Đảo, Bình Thuận. Cây mọc tự nhiên, còn được trồng.",azadirachta-indica-a-juss.txt,,,Meliaceae,3190474
Sapium discolor (Champ. ex Benth.) Muell.-Arg. – Styllingia discolor Champ. ex Benth,"Sòi tía, Sòi bạc, Mạy cu đeng (Tày)","Lào Cai, Hà Tây, Hoà Bình, Hà Tĩnh. Cây mọc tự nhiên trong rừng thường xanh, ven rừng hay trảng cây bụi, trên đát sa phiến thạch, ở độ cao 100-700 m",sapium-discolor-champ-ex-benth-muell-arg.txt,,,Euphorbiaceae,3054385
Burmannia coelestis D. Don,Cào cào lam,"Lai Châu, Hà Giang, Ninh Bình (Kẻ Bao), Đồng Nai (Biên Hòa), Bà Rịa Vũng Tàu. Cây mọc tự nhiên trên bãi cỏ ven đường, bãi cỏ tranh, ven suối",burmannia-coelestis-d-don.txt,,,Burmanniaceae,5301026
Habenaria linguella Lindl,Hà biện môi nhỏ,"Quảng Ninh, Quảng Nam, Đà Nẵng. Cây mọc tự nhiên rải rác trong rừng thưa, ở độ cao 300-400 m.",habenaria-linguella-lindl.txt,,,Orchidaceae,2829357
Abelmoschus moschatus Medik. ssp. tuberosus (Span.) Borss,Sâm bố chính,"Ninh Bình (Chợ Ghềnh), Nghệ An, Hà Tĩnh, Quảng Trị, Phú Yên, Khánh Hòa, Kon Tum, Gia Lai, Lâm Đồng, Ninh Thuận, Đồng Nai. Cây mọc tự nhiên rải rác trong rừng thưa, ven rừng, nơi ẩm, ở độ cao 900 m",abelmoschus-moschatus-medik-ssp-tuberosus-span-borss.txt,,Bông (Malvaceae),,3940600
Funaria hygrometrica Hedw,"Hồ lô dài, Rêu than","Cây mọc tự nhiên nơi ẩm từ độ cao 900m trở lên đến 1.100m, phổ biến trong các rừng Thông ở Tam Đảo (Vĩnh Phúc), Đà Lạt (Lâm Đồng).",funaria-hygrometrica-hedw.txt,,,Funariaceae,5281229
Cardamine hirsuta L,Rau tề tấm,"Cao Bằng, Lào Cai, Hà Giang, Lạng Sơn. Cây mọc tự nhiên trong sân vườn, đất hoang ẩm",cardamine-hirsuta-l.txt,,,Brassicaceae,3046258
Pericarpium granati,Vỏ lựu,,vo-luu.txt,,Lựu Punicaceae,,
Herminium lanceum (Thunb. ex Sw.) Vuijk. – Ophrys lancea Thunb,Lan trứng,"Lào Cai (Sa Pa), Hà Giang (Quản Bạ), Lâm Đồng (Đà Lạt). Cây mọc tự nhiên rải rác trong rừng, ở độ cao 1.200-1.500 m.",herminium-lanceum-thunb-ex-sw-vuijk.txt,,,Orchidaceae,5310564
Momordica cochinchinensis (Lour.) Spreng. – Muricia cochinchinensis Lour,"Gấc, Mộc miết tử",Cây trồng ở nhiều nơi,momordica-cochinchinensis-lour-spreng.txt,,,Cucurbitaceae,2874580
Angelica sinensis (Oliv.) Diels – A. polymorpha Maxim . var. sinensis Oliv,"Đương quy tàu , Vân quy, Tần quy",Lao Cai. Cây nhập trồng. Nguồn gốc từ Trung Quốc,angelica-sinensis-oliv-diels.txt,,,Apiaceae,6027415
Phallus indusiatus VerPes,Nấm lưới,"Lai Châu, Lào Cai, Yên Bái, Tuyên Quang, Bắc Kạn, Thái Nguyên, Lạng Sơn, Quảng Ninh, Bắc Giang, Hà Nội, Ninh Bình, Thanh Hóa, Nghệ An, Hà Tĩnh, Quảng Bình, Thừa Thiên Huế, Đà Nẵng.",phallus-indusiatus-ver-pes.txt,,Nấm lưới – Phallaceae,,2524108
Carex maubertiana Boott,Kiết mau-be,"Hà Giang, Tuyên Quang. Cây mọc tự nhiên ở vùng núi, trung du; trong rừng, trảng cỏ, ở độ cao 600-1500 m",carex-maubertiana-bott.txt,,,Cyperaceae,2728493
Ammi visnaga (L.) Lam,Ami gai,Sa Pa. Cây nhập trồng,ammi-visnaga-l-lam.txt,,,Apiaceae,5371753
Dunbaria rotundifolia (Lour.) Merr. – Indigofera rotundifolia Lour,Đậu cò que,"Hoà Bình, Quảng Nam, Đà Nẵng, Sài Gòn. Cây mọc tự nhiên trong các lùm bụi, trảng cỏ và cây bụi, ven rừng ở vùng thấp, trên đất cát.",dunbaria-rotundifolia-lour-merr.txt,,Đậu (Fabaceae),,5356335
Liparis distans C.B. Clarke,"Nhẵn điệp cách, Tỏi tai dê hoa lớn","Cao Bằng (Trà Lĩnh), Hải Phòng (Cát Bà), Hoà Bình, Vĩnh Phúc, Ninh Bình, Lâm Đồng. Cây mọc tự nhiên, bám trên cây gỗ lớn trong rừng, ở độ cao 500-1.300 m",liparis-distans-c-b-clarke.txt,,,Orchidaceae,5306098
Pyrostegia venusta (Ker-Gawl.) Miers. – Bignonia venusta Ker-Gawl,Dây rạng đông,Lâm Đồng. Cây nhập trồng làm cảnh,pyrostegia-venusta-ker-gawl-miers-bignonia-venusta-ker-gawl.txt,,,Họ Chùm ớt (Bignoniaceae),3172569
Arundinella nepalensis Trin,Trúc thảo,"Lao Cai, Lạng Sơn, Quảng Nam, Đà Nẵng. Cây mọc tự nhiên",arundinella-nepalensis-trin.txt,,,Poaceae,5673346
Callicarpa longifolia Lam,Tử châu lá dài,"Lào Cai (Sa Pa), Hoà Bình, Vĩnh Phúc, Quảng Nam, Gia Lai, Đồng Nai. Cây mọc tự nhiên, rải rác trong rừng thứ sinh, ở độ cao tới 1.500 m",callicarpa-longifolia-lam.txt,,,Verbenaceae,7307835
Ardisia depressa C.B. Clarke,Cơm nguội bẹp,"Thừa Thiên-Huế, Kon Tum. Cây mọc tự nhiên trong rừng thưa, ở độ cao 300-1300 m",ardisia-depressa-c-b-clarke.txt,,,Đơn nem (Myrsinaceae),7618793
Angelica decursiva (Miq.) Franch. et Sav. – Peucedanum decursivum (Miq.) Maxim,"Tiền hồ , Quy nam, Tử hoa tiền hồ, Thổ đương quy, Phiéc cần đeng (Tày)","Lạng Sơn (Đồng Đăng, núi Mẫu Sơn), Hà Giang, Quảng Ninh. Cây trồng, còn có mọc tự nhiên rải rác ở ven rừng",angelica-decursiva-miq-franch-et-sav.txt,,,Apiaceae,8120502
Chelidonium majus L,Bạch khuất thái,Cây nhập trồng ở Trại thuốc Sa Pa tỉnh Lai Cai,chelidonium-majus-l.txt,,,Papaveraceae,5334186
Knoxia stricta Gaertn. – Knoxia mollis Wight et Arn,"Thạch côn, Cỏ trạch, Lồng cẩu quấn","Quảng Ninh, Đồng Nai. Cây mọc tự nhiên ở rừng thứ sinh vùng trung du hay ven rừng nơi bãi trống",knoxia-stricta-gaertn.txt,,,Rubiaceae,2901155
Sansevieria trifasciata Prain,"Hổ vĩ mép lá vàng, Đuôi hổ mép vàng, Lưỡi cọp sọc, Lịn slư (Tày)","Cây nhập trồng, nay đã trở nên hoang dại hoá",sansevieria-trifasciata-prain.txt,,,Dracaenaceae,11041822
Mentha arvensis L,"Bạc hà, Nạt nặm, Bạc hà nam, Chạ phiăc chom (Tày)",Cây trồng,mentha-arvensis-l.txt,,,Lamiaceae,2927192
Parthenium hysterophorus L,Cúc liên chi dại,"Cây mọc tự nhiên trên đất ẩm ven đường, bãi hoang khắp nơi ở nước ta",parthenium-hysterophorus-l.txt,,Cúc (Asteraceae),,3086784
Vetiveria zizanioides (L.) Nash,"Hương bài, Lưỡi đòng","Hoà Bình, Thanh Hóa, Thái Nguyên, Bắc Cạn. Cây mọc tự nhiên và còn được trồng",vetiveria-zizanioides-l-nash.txt,,,Poaceae,5677150
Hydnocarpus macrocarpa (Bedd.) Warb. ssp. burmanica Sleum,Lọ nồi quả to,"Đà Nẵng, Quảng Nam. Cây mọc tự nhiên.",hydnocarpus-onacrocarpa-bedd-warb-ssp-burmanica-sleum.txt,,,Flacourtiaceae,3878048
Illicium defengpi B.N. Chang – I. griffithii Hook.f. et Thoms,"Hồi núi, Mu bu, Đại hồi núi, Hồi đá vôi, Cẳng tó","Lào Cai, Hà Giang, Lạng Sơn (Chi Lăng), Cao Bằng, Tuyên Quang, Hòa Bình, Ninh Bình. Cây mọc tự nhiên trên đường đỉnh núi đá vôi thấp, khoảng 200-650 m; còn được trồng",illicium-defengpi-b-n-chang.txt,,,Illiciaceae,8066939
Sesamum orientale L. – Sesamum indicum L,"Vừng , Mè, Kén ma nga (Thái), Hồ ma, Ngà (Tày)",Cây trồng phổ biến ở Việt Nam. Nguồn gốc từ Ấn Độ,sesamum-orientale-l.txt,,,Pedaliaceae,8344965
Salvia scapiformis Hance,Xôn cuống dài,"Hà Giang. Cây mọc tự nhiên ở vùng núi đá vôi, ở độ cao 500-1100 m",salvia-scapiformis-hance.txt,,,Lamiaceae,3888263
Boletus erythropus (Fr.Fr.) Krombh,Nấm gan bò cuống đỏ,Lâm Đồng.,boletus-erythropus-fr-fr-krombh.txt,,Nấm ống – Boletaceae,,7601434
Antirrhiunm majus L,Hoa mõm chó,Cây nhập trồng ở Đà Lạt,antirrhium-majus-l.txt,,,Scrophulariaceae,3172001
Horsfieldia irya (Gaertn.) Warb. – Myristica irya Gaertn,Sang máu rạch,"Quảng Bình, Quảng Trị, Thừa Thiên Huế, Lâm Đồng. Cây mọc gần sông rạch",horsfieldia-irya-gaertn-warb.txt,,,Myristicaceae,5564667
Lactuca sativa L. var. longifolia Lam,"Rau diếp, Xà lách",Cây trồng khắp nơi,lactuca-sativa-l-var-longifolia-lam.txt,,,Asteraceae,7403263
Canscora diffusa (Vahl) R.Br. – Gentiana diffusa Vahl,Can tràn,Cây mọc tự nhiên ở ruộng vào mùa khô của các tỉnh Nam bộ,canscora-diffusa-vahl-r-br.txt,,,Gentianaceae,7270041
Maclura cochinchinensis (Lour.) Corn. – Vanieria cochinchinensis Lour,"Mỏ quạ, Hoàng lồ, Cây bướm, Sọng vàng, Gai vàng lồ, Gai mang, Móc câu, Nam phịt (Tày)","Lạng Sơn, Vĩnh Phúc, Sơn La, Hòa Bình, Ninh Bình, Thanh Hóa, Quảng Bình, Quảng Trị, Thừa Thiên Huế. Cây mọc tự nhiên",maclura-cochinchinensis-lour-corn.txt,,Dâu Tằm(Moraceae.),,7262552
Polygonum lapathifolium L,"Nghể điểm, Nghể bột","Lào Cai (Sa Pa), Hà Giang (Phó Bảng), Ninh Bình, Lâm Đồng. Cây mọc nơi ẩm ven rừng, ven suối, ao hồ, ruộng hoang.",polygonum-lapathifolium-l.txt,,,Polygonaceae,2889262
Helicteres hirsuta Lour,"Tổ kén, Dó lông, Dó tròn, Đuôi chồn, Thau kén (Tày), Hất exus (Kho), Thao kén cái, An xoa","Cây mọc tự nhiên, phổ biến trên đồi cây bụi từ Bắc vào Nam ở Việt Nam",helicteres-hirsuta-lour.txt,,,Sterculiaceae,8217389
Xerospermum noronhianum (Blume) Blume – Euphoria noronhiana Blume,"Vải guốc, Trường, Trường quánh","Lai Châu, Sơn La, Cao Bằng, Thanh Hoá, Nghệ An, Bình Định, Kon Tum, Đồng Nai. Cây gỗ nhỏ, mọc rải rác trong rừng vùng núi đá vôi, thường ở độ cao 500 m.",xerospermum-noronhianum-blume-blume.txt,,,Sapindaceae,9209685
Gomphrena globosa L,"Bách nhật, Cúc bách nhật, Bách nhật hồng",Cây trồng làm cảnh phổ biến ở Việt Nam. Nguồn gốc từ Ấn Độ,gomphrena-globosa-l.txt,,,Amaranthaceae,3084908
Mimusops elengi L,"Sến cát, Sến xanh","Kon Tum, Gia Lai, Lâm Đồng, thành phố Hồ Chí Minh. Cây mọc tự nhiên trong rừng thường xanh, ở độ cao dưới 700 m; còn được trồng lấy gỗ và bóng mát",mimusops-elengi-l.txt,,,Sapotaceae,2883768
Acer fabri Hance,"Thích thụ nghệ, Thích cánh hồng",Vĩnh Phúc (Tam Đảo). Cây mọc tự nhiên trong rừng thường xanh.,acer-fabri-hance.txt,,,Aceraceae,7263046
Blumea balsamifera (L.) DC. – Conyza balsamifera L,"Đại bi, Từ bi xanh, Bơ nạt, Đại ngải, Băng phiến, Co nát (Thái), Phặc phà (Tày)","Cây mọc tự nhiên, còn được trồng",blumea-balsamifera-l-dc.txt,,,Họ Cúc (Asteraceae),5395786
Morinda cochinchinensis DC,Ba kích lông *,"Kon Tum, Gia Lai, Đắk Lắk, Lâm Đồng, Kiên Giang. Cây mọc tự nhiên trong rừng ẩm, nơi sáng",morinda-cochinchinensis-dc.txt,,,Rubiaceae,7735510
Tarphochlamys affinis (Griff.) Bremek. – Adenosma affinis Griff,"Cơm nếp, Chuỗi sò","Lào Cai (Sa Pa), Hà Giang (Đồng Văn). Cây mọc tự nhiên dưới tán rừng thưa, chỗ ẩm mát ở thung lũng gần suối trong rừng ẩm",tarphochlamys-affinis-griff-bremek.txt,,,Ô Rô (Acanthaceae),7486344
Rubus rosaefolius Smith,Ngấy lá hồng,"Lào Cai, Lạng Sơn, Cao Bằng, Thái Nguyên",rubus-rosaefolius-smith.txt,,,Rosaceae,8234521
Pedilanthus tithymaloides (L.) Poit. var. variegatus Hort,Cẩm thạch,Cây trồng làm cảnh và làm thuốc phổ biến khắp nơi ở Việt Nam.,pedilanthus-tithymaloides-l-poit-var-variegatus-hort.txt,,,Euphorbiaceae,3069168
Toona sinensis (A. Juss.) Roem. – Cedrela sinensis A.Juss,"Tông dù, Lát khét","Lai Châu, Lào Cai, Sơn La, Yên Bái, Hà Giang. Cây mọc tự nhiên ở vùng núi cao 800-2000 m",toona-sinensis-a-juss-roem.txt,,,Meliaceae,7271504
Rosa odorata (Andr.) Sweet – R. indica L. var. odorata Andr,"Hồng bạch, Hồng hoa trắng",Cây trồng phổ biến ở Việt Nam,rosa-odorata-andr-sweet.txt,,,Rosaceae,3009087
Goniotholamus macrocalyse Ban,Giác đế đài to,,goniotholamus-macrocalyse-ban.txt,,"Na (Annonaceae) Cập nhật01/07/2019 ★ ★ ★ ★ ★ ★ 0.0 - 0 đánh giá Chia sẻ Chia sẻ Cây thuốc khác Gynura bicolor (Willd.) DC Derris ferruginea (Roxb.) Benth. Ficus ischnopoda Miq. Ludwigia octovalvis (Jacq.) Ravens Bình luận Câu hỏi của bạn Hủy X Bạn vui lòng điền thêm thông tin! Chọn tệp (Allowed file typesjpg, png , maximum file size100MB. Cây thuốc được quan tâm Ampelopsis cantoniensis (Hook. et Arn.) Planch. Chữa sưng vú (Lá giã đắp). Đau dạ dày hành tá tràng (Cành lá... Curculigo orchioides Gaertn",,
Senna sulfurea (Colladon) Irwin & Barneby; Cassia glauca Lam,"Muồng biển, Muồng hoa vàng, Muồng cúng","Lạng Sơn, Thừa Thiên Huế, Đồng Nai, thành phố Hồ Chí Minh. Cây mọc tự nhiên, còn được trồng làm cảnh",senna-sulfurea-colladon-irwin-cassia-glauca-lam.txt,,,Caesalpiniaceae,2957247
Hyptis suaveolens (L.) Poit. – Ballota suaveolens L,"Tía tô dại, Hoắc hương núi, É lớn hồng, É rừng, Sơn hương, É lớn tròng, É hoang","Lào Cai, Hà Giang, Cao Bằng, Lạng Sơn tới các tỉnh Miền Trung. Cây mọc tự nhiên ở nơi sáng và ẩm, phổ biến ở Việt Nam",hyptis-suaveolens-l-poit.txt,,,Lamiaceae,3889017
Monochoria vaginalis (Burm. f.) Presl,Rau mác bao,Miền Bắc và Nam Việt Nam,monochoria-vaginalis-burm-f-presl.txt,"Pontederia vaginalis Burm. f., Monochoria loureirii Kunth, M. vaginalis var. plantaginea (Roxb.) Solms",Lục bình – Pontederiaceae,,8238520
Parochetus communis Buch. Ham ex D. Don,Sơn đậu,"Lâm Đồng (Lang Bian, Bì Đúp)",parochetus-communis-buch-ham-ex-d-don.txt,"Parochetus major D. Don, P. maculata R. Br",Đậu – Fabaceae,,2981777
Epimedium macranthum Morr. & Decne,Dâm dương hoắc,Lao Cai (Sa Pa). Cây nhập trồng,epimedium-macranthum-morr-decne.txt,,,Họ Hoàng liên gai (Berberidaceae),7300218
Cissus hastata Miq. – Vitis hastata (Miq.) Miq,"Hồ đằng mũi giáo, Chìa vôi mũi giáo",Bà Rịa Vũng Tàu. Cây mọc tự nhiên trong các rừng thưa,cissus-hastata-miq.txt,,,Vitaceae,7596599
Spatholobus pottingeri Prain – S. spirei Gagnep,Huyết đằng lá nhỏ,"Lai Châu (Bình Lư), Hòa Bình (Mai Châu), Hà Giang (Quản Bạ). Cây mọc tự nhiên trong rừng rậm thường xanh và rừng thưa, ở độ cao tới 800 m.",spatholobus-pottingeri-prain.txt,,,Fabaceae,2977064
Coreopsis lanceolata L,"Cúc nghệ nâu, Duyên cúc",Trồng làm cảnh. Nguồn gốc từ Bắc Mỹ.,coreopsis-lanceolata-l.txt,,,Họ Cúc (Asteraceae),3133938
Canna warszewiczii A. Dietr,"Dong riềng đỏ, Ngải hoa đỏ","Ở Việt Nam, hiện mới thấy phân bố tự nhiên và được trồng tại Mộc Châu – Sơn La. Ngoài ra, cây cũng được trồng tại huyện Võ Nhai – Thái Nguyên và Bắc Sơn – Lạng Sơn (nhưng không rõ nguồn gốc, có người nói trước đây mọc tự nhiên trong rừng)",canna-warszewiczii-a-dietr.txt,Canna indica var.warszewiczi (A.Dietr.) Nb. Tanaka,,Dong riềng (Cannaceae),8034409
Uncaria macrophylla Wall. ex Roxb,Câu đằng lá to,"Lào Cai, Lạng Sơn, Hòa Bình, Ninh Bình, Kon Tum. Cây mọc tự nhiên rải rác ven rừng",uncaria-macrophylla-wall-ex-roxb.txt,,,Rubiaceae,5338193
Vallisneria natans (Lour.) H. Hara – Physkium natans Lour,"Rong mái chèo, Tóc tiên nước","Ninh Bình, đồng bằng Nam Bộ. Cây mọc tự nhiên, phổ biến trong ruộng lúa, hồ dọc duyên hải.",wallisneria-natans-lour-hara-physkium-natans-lour.txt,,,Hydrocharitaceae,2865504
Callicarpa formosana Rolfe,"Đỗ hồng hoa, Tử châu Đài Loan,","Quảng Ninh (Hà Cối). Mọc rải rác trong rừng thứ sinh, ở độ cao 100-1.000 m",callicarpa-formosana-rolfe.txt,,Cỏ đuôi ngựa (Verbenaceae),,7308776
Erythrina fusca Lour,Vông đồng,"Quảng Nam (Trà My), Đà Nẵng. Cây mọc tự nhiên ở các vùng sình lầy ven biển",erythrina-fusca-lour.txt,,,Fabaceae,5349620
Limonium bicolor (Bunge) Kuntze – Statice bicolor Bunge,Hải anh,Ninh Thuận. Cây mọc tự nhiên.,statice-bicolor-bunge.txt,,,Plumbaginaceae,4090155
Ophiopogon tonkinensis Rodr,Xà bì bắc bộ,"Lao Cai, Hà Giang, Lạng Sơn, Quảng Ninh, Thái Nguyên. Cây mọc tự nhiên nơi đất ẩm, râm mát, trong rừng cây lá rộng thường xanh",ophiopogon-tonkinensis-rodr.txt,,,Convallariaceae,2774146
Eclipta prostrata (L.) L. – Verbesina prostrata L.; V. alla L,"Cỏ nhọ nồi, Cỏ mực",Cây mọc tự nhiên nơi đất ẩm ở khắp nơi từ vùng núi tới vùng đồng bằng của nước ta,eclipta-prostrata-l-l.txt,,,Họ Cúc (Asteraceae),5384950
Ziziphus rugosa Lam,"Táo rừng, Táo nhám","Ninh Bình, Gia Lai. Cây mọc tự nhiên rải rác trong rừng thưa",ziziphus-rugosa-lam-k.txt,,,Rhamnaceae,7273665
Humulus lupulus L,"Húp lông, Hương bia, Hoa bia",Cây nhập trồng,humulus-lupulus-l.txt,,,Canabaceae,2984535
Dichondria repens Forst. et Forst.f,Mã đề kim,"Lâm Đồng (Đà Lạt). Cây mọc tự nhiên rải rác trên đèo, dốc, ven đường, ở độ cao trên 1300 m",dichondria-repens-forst-et-forst-f.txt,,,Convolvulaceae,2928667
Diospyros mollis Griff,Mặc nưa,"Cây mọc tự nhiên trong rừng tỉnh Ninh Thuận, còn được trồng. Đã được đưa vào sách đỏ Việt Nam. Khung phân hạng (EN)",diospyros-mollis-griff.txt,,,Ebenaceae,4070936
Coffea arabica L,Cà phê chè,Nhập trồng. Nguồn gốc từ Bắc Phi.,coffea-arabica-l.txt,,,Cà phê (Rubiaceae),2895345
Balanophora latisepala (Tiegh.) Lecomte – Balaniella latisepala Tiegh,"Toả dương, Dó đất hình cầu","Khánh Hoà, Minh Hải, An Giang. Loài đặc hữu của Việt Nam. Cây thường ký sinh trên cây gỗ của một số loài cây khác",balanophora-latisepala-tiegh-lecomte.txt,,Balanophoraceae,,4927572
Hyptis brevipes Poit,"É dùi trống, É cuống ngắn","Thừa Thiên Huế, Bình Dương, Long An. Cây mọc tự nhiên ở nơi sáng và ẩm, trong các bãi hoang, ven đường",hyptis-brevipes-poit.txt,,,Lamiaceae,7306536
Trema orientalis (L.) Blume – Celtis orientalis L,Hu đay lá nhỏ,"Lai Châu, Hòa Bình, Thanh Hóa, Nghệ An, Đắk Lắk, Lâm Đồng. Mọc rải rác ven rừng thứ sinh, trên các trảng cây bụi, ở độ cao đến 1.700 m",trema-orientalis-l-blume.txt,,,Ulmaceae,2984508
Brassica oleracea L. var. botrylis L,"Súp lơ, Cải hoa",Cây nhập trồng,brassica-oleracea-l-var-botrylis-l.txt,,,Brassicaceae,3042837
Dicerma biarticulatum (L.) DC. – Hedysarum biarticulatum L,"Tràng quả hai đốt, Hàn the cây",Bà Rịa. Cây mọc tự nhiên trên đồi cát dựa biển.,dicerma-biarticulatum-l-dc.txt,,,Fabaceae,2959543
Osmunda japonica Thunb,Rau vi,"Lào Cai, Lạng Sơn, Hà Giang. Cây mọc tự nhiên trong các thảm và trảng cỏ – cây bụi thưa thứ sinh, ở độ cao 800-1.600 m.",osmunda-japonica-thunb.txt,,,Osmundaceae,3645928
Mimosa pudica L,"Xấu hổ, Trinh nữ, Cỏ thẹn, Mắc cỡ, Hàm tu thảo, Nhả nã nhẻn (Tày), La tép (Bana), Mìa nhau (Dao)","Cây du nhập, mọc tự nhiên ở ven đường, bãi hoang, phổ biến khắp nơi của Việt Nam",mimosa-pudica-l-var-hispida-brenan.txt,,,Mimosaceae,2969284
Bulbophyllum andersonii (Hook.f.) J. J. Sm. – C irrhopetalum andersonii Hook.f,"Cầu diệp, Thạch đậu lan","Lào Cai (Sa Pa). Cây mọc tự nhiên, sống bám trên các cây gỗ lớn trong rừng, ở độ cao 1.400-1.600 m.",cirrhopetalum-andersonii-hook-f.txt,,,Orchidaceae,2844811
Randia uliginosa (Retz.) Poir,"Tô, Găng nước","Đồng Nai (Xuân Lộc, Trị An, Giá Ray)",randia-uliginosa-retz-poir-2.txt,"Gardenia uliginosa Retz., Tamilnadia uliginosa (Retz.) Tirveng & Sastre, Catunaregam uliginosa (Retz.) Sivarajan",Cà phê – Rubiaceae,,2891981
Paspalum conjugatum Berg,"Cỏ công viên, San cặp, Cỏ lá, Cỏ đắng đôi",Trồng khắp nơi ở nhiều nơi.,paspalum-conjugatum-berg.txt,"Paspalum hirsutum Poir., P. ciliatifolium Trin",Hòa thảo – Poaceae,,2705656
Willughbeia edulis Roxb. – W. martabanica Wall.; W. cochinchinensis (Pierre) Schumann,"Gùi, Guồi nam bộ","Bình Dương (Hớn Quản), Đồng Nai (Biên Hoà, Bảo Chánh), Bà Rịa Vũng Tàu (Núi Đinh). Cây mọc tự nhiên rải rác trong rừng thưa hay trảng cây bụi",willughbeia-edulis-roxb.txt,,,Apocynaceae,3615322
Melodorum fruticosum Lour,Du dê,"Quảng Nam (Hội AnCù Lao Chàm), Quảng Ngãi, Tây Nguyên . Cây mọc tự nhiên",melodorum-fruticosum-lour.txt,Fissistigma fruticosum (Lour.) Sincl,Na (Annonaceae),,5407492
Dendrobium fimbriatum Hook,"Kim điệp, Mã tiên thạch hộc","Lào Cai (Sa Pa), Bắc Kạn (Ba Bể), Lâm Đồng (Đà Lạt). Cây mọc tự nhiên, bám trên cây gỗ lớn trong rừng, ở độ cao 200-1.400 m.",dendrobium-fimbriatum-hook.txt,,,Orchidaceae,5308651
Bridelia penangiana Hook.f,Thổ mật hoa nhỏ,"Cây mọc tự nhiên, phổ biến trong rừng, trên đất laterit, ở độ cao 100-500 m khắp nơi ở Việt Nam.",bridelia-penangiana-hook-f.txt,,,Euphorbiaceae,3076180
Stenochlaena palustris (Burm.f.) Bedd. – Polypodium palustris Burm.f,Choại,"Phân bố rất rộng. Cây mọc tự nhiên ở đầm lầy, ẩm, dựa suối trong nhiều loại rừng rậm, rừng thưa và trảng cây bụi, nguyên sinh hay thứ sinh.",stenochlaena-palustris-burm-f-bedd.txt,,,Blechnaceae,4079023
Oudemansiella radicata (Relh.Fr.) Sing,"Nấm nhày cỏ rễ, Nấm Oudeman rễ dài","Lai Châu, Lào Cai, Yên Bái, Tuyên Quang, Bắc Kạn, Thái Nguyên, Lạng Sơn, Quảng Ninh, Bắc Giang, Hà Nội, Ninh Bình, Thanh Hóa, Nghệ An, Hà Tĩnh.",oudemansiella-radicata-relh-fr-sing.txt,,Nấm trắng – Tricholomataceae,,8031042
Prunus salicina Lindl. var. salicina,"Mận, Lý tử, Mác măn (Tày)","Lào Cai, Sơn La, Hoà Bình. Cây mọc tự nhiên, thường được trồng",prunus-salicina-lindl-var-salicina.txt,,,Rosaceae,3021120
Bruguiera gymnorhiza (L.) Lam. – Rhizophora gymnorrhiza L,Vẹt rễ lồi,Phổ biển ở vùng ven biển từ Bắc vào Nam của Việt Nam. Cây sống trong rừng ngập mặn,bruguiera-gymnorrhiza-l-savigny-in-lamk.txt,,,Rhizophoraceae,7583876
Breynia rostrata Merr,Dé mũi,"Vĩnh Phúc, Phú Thọ, Tuyên Quang. Cây mọc tự nhiên ở rừng hay trên đồi, nơi đất nhiều mùn, ở độ cao 100-500 m",breynia-rostrata-merr.txt,,Thầu dầu (Euphorbiaceae),,5383021
Crepis lignea (Vaniot) Babcock – Lactuta lignea Vaniot,Hoàng nương đẹp,"Đắk Lắk, Lâm Đồng (Đà Lạt, Đức Trọng). Cây mọc tự nhiên trên nương rẫy ẩm và sườn núi nhiều ánh sáng, ở độ cao 900-1.600 m.",crepis-lignea-vaniot-babcock.txt,,,Asteraceae,5403351
Erythrophloeum fordii Oliv,"Lim, Lim xanh","Tuyên Quang, Lạng Sơn, Quảng Ninh, Thái Nguyên, Ninh Bình, Thanh Hoá, Nghệ An, Quảng Bình, Quảng Trị, Lâm Đồng. Cây thường được trồng",erythrophloeum-fordii-oliv.txt,,,Caesalpiniaceae,2971186
Osmanthus fragrans (Thunb.) Lour. – Olea fragrans Thunb,Hoa mộc,"Quảng Bình, Quảng Trị, Thừa Thiên Huế. Cây trồng",osmanthus-fragrans-thunb-lour.txt,,,Oleaceae,3172278
Platycarya strobilacea Sieb. et Zucc,"Hồ đào núi, Hoá hương, Hương núi","Lào Cai, Hà Giang, Lạng Sơn, Cao Bằng, Sơn La, Thanh Hóa, Nghệ An. Cây mọc tự nhiên trong rừng núi đá vôi ở độ cao từ 500m trở lên đến 2.000m",platycarya-strobilacea-sieb-et-zucc.txt,,,Juglandaceae,7148630
Vigna unguiculata (L.) Walp. ssp. unguiculata – V. sinensis (L.) Hassk,"Đậu đũa, Thúa slai slửa (Tày)",Cây trồng phổ biến ở Việt Nam,vigna-unguiculata-l-walp-ssp-unguiculata.txt,,Đậu (Fabaceae),,2982583
Raphistemma pulchellum (Roxb.) Wall. – Asclepias pulchella Roxb,Trâm hùng đẹp,"Ninh Thuận, Đồng Nai, Sài Gòn. Cây mọc tự nhiên ở ven đường rừng, trảng cây bụi",raphistemma-pulchellum-roxb-wall.txt,,,Asclepiadaceae,9622801
Actephila excelsa (Dalz.) Muell.-Arg. – Anomospermum excelsum Dalz,"Chè dại, Chà mu (Tày), Da gà","Lạng Sơn, Quảng Ninh, Hòa Bình, Ninh Bình, Nghệ An. Cây chịu bóng, mọc tự nhiên dưới tán hay hai bên bờ khe suối, trên đất cuội kết, ở độ cao tới 700 m",actephila-excelsa-dalz-muell-arg.txt,,,Euphorbiaceae,3079985
Alocasia odora (Lind.) K. Koch – Arum odorum Roxb,"Dọc mùng , Bạc hà môn, Ráy dại, Ráy bắc bộ, Ráy bạc hà, Dã vu, Ráy nằm","Cây mọc tự nhiên dưới tán rừng ẩm ướt, ở vùng núi nhiều nơi.",alocasia-odora-roxb-c-koch.txt,,,Araceae,9506227
Citrus hystrix DC,"Trấp, Cam khẹc, Chỉ xác",Cây trồng và mọc tự nhiên khá phổ biến ở các tỉnh miền Trung,citrus-hystrix-dc.txt,,,Rutaceae,6433679
Stereospermum neuranthum Kurz,"Quao núi, Ké quao vàng","Nghệ An, Thanh Hóa. Cây mọc tự nhiên rải rác trong rừng thưa, rừng thứ sinh, hoặc rừng nguyên sinh, ở độ cao 1200m trở xuống",stereospermum-neuranthum-kurz.txt,,,Bignoniaceae,4092069
Sambucus javanica Blume,"Cơm cháy, Thiết đả, Sóc dịch, Thuốc mọi",Cây mọc tự nhiên và trồng làm hàng rào,sambucus-javanica-reinw-ex-blume.txt,,,Họ Kim ngân (Caprifoliaceae),3856236
Vitex peduncularis Wall. ex Schauer,"San trắng, Cây chân vịt","Quảng Trị, Quảng Nam, Đà Nẵng, Khánh Hoà, Kon Tum, Lâm Đồng, Đồng Nai. Cây mọc tự nhiên trong rừng hỗn giao, ở độ cao 200-1.000 m",vitex-peduncularis-wall-ex-schauer.txt,,,Verbenaceae,8188339
Cyperus pilosus Vahl,"Cỏ gấu rừng, Cỏ gấu lông, Cỏ bát, Cói lông","Cây mọc tự nhiên gần suối, mương máng, khá phổ biến ở Việt Nam",cyperus-pilosus-vahl.txt,,,Cyperaceae,2715089
Dendrobium williamsonii Day et Rchb.f,Thạch hộc lông đen,"Quảng Bình, Quảng Trị, Thừa Thiên Huế, Khánh Hoà, Lâm Đồng. Cây mọc tự nhiên, bám trên các cây gỗ lớn trong rừng, ở độ cao 1.200-1.500 m",dendrobium-williamsonii-day-et-reichb-f.txt,,,Orchidaceae,5316585
Fagraea fragrans Roxb,"Trai, Trai lý, Trai nam bộ","Sơn La (Mộc Châu, Xuân Nha), Bắc Giang, Quảng Trị, Đà Nẵng (Bà Nà), Đắk Lắk (Buôn Ma Thuột), Lâm Đồng (Đà Lạt), Tây Ninh, Đồng Nai (Biên Hòa, Bảo Chánh), Bà Rịa-Vũng Tàu (Côn Đảo), Kiên Giang (Phú Quốc)",fagraea-fragrans-roxb.txt,Fagraea cochinchinensis A. Chev,Lậu bình – Potaliaceae,,7863745
Chirita hamosa R. Br,Tai voi lông móc câu,"Miền Bắc tới Hà Tiên. Cây mọc tự nhiên trên núi đá vôi, ở độ cao 300-1.000m",chirita-hamosa-r-br.txt,,,Gesneriaceae,7540467
Altingia chinensis (Champ. ex Benth.) Oliv. ex Hance,An tiên Trung Quốc,"Lai Châu (Mường Tè), Lào Cai (Sa Pa), Quảng Ninh (Hoành Bồ), Khánh Hoà (Nha Trang). Cây mọc tự nhiên rải rác trong rừng thường xanh, ở độ cao tới 2000 m",altingia-chinensis-champ-ex-benth-oliv-ex-hance.txt,,Tô tạp – Altingiaceae,,3702567
Clerodendrum thomsonae Balf,"Ngọc nữ cảnh, Rồng nhả ngọc, Tố nữ",Cây nhập trồng. Nguồn gốc từ châu Phi,clerodendrum-thomsonae-balf.txt,,,Verbenaceae,3889087
Anodendron manubriatum (Wall.) Merr. – Echites manubriata Wall,"Tốc thằng cáng, Ngà voi",Khánh Hoà tới Kiên Giang. Cây mọc tự nhiên ở rừng đồng bằng,anodendron-manubriatum-wall-merr.txt,,,Apocynaceae,9483249
Mikania cordata (Burm.f.) B.L.Rob. – Eupatorium cordatum Burm.f,Cúc leo,"Lao Cai (Sa Pa), Vĩnh Phúc, Hoà Bình, Hà Nội, Đắk Lắk, Lâm Đồng, Bình Dương. Cây mọc tự nhiên ở ven rừng thưa, độ cao dưới 800 m",mikania-cordata-burm-f-b-l-robinson.txt,,,Cúc (Asteraceae),5398634
Breynia vitis-idaea (Burm.f.) C.Fisch,Cù đề,"Cây ưa sáng, mọc tự nhiên ở bờ ruộng, lùm bụi vùng thấp đến các rừng rụng lá ở độ cao đến 1000 m, khắp Trung Bộ và Nam Bộ tới đảo Phú Quốc ở nước ta.",breynia-vitis-idaea-burm-f-c-fisch-rhamnus-vitis-idaea-burm-f.txt,,,Họ Thầu dầu ( Euphorbiaceae),5382985
Amorphophallus rivieri Dur. ex Riviere – Proteinophallus rivieri ( Dur. ex Riviere) Hook.f,"Khoai nưa , Khoai na, Củ nưa, Củ nhược, Quỉ cậu",Nam Bộ Việt Nam. Cây mọc tự nhiên và còn được trồng,amorphophallus-rivieri-dur-ex-riviere.txt,,,Araceae,8688557
Chloris virgata Sw,"Lục cong, Cỏ đuôi hổ, Cỏ mật nhẵn",Hải Phòng. Cây mọc tự nhiên,chloris-virgata-sw.txt,,,Poaceae,5289624
Tradescantia spathacea SW. – Rhoeo discolor (L’. He’r.) Hance,Lẻ bạn,"Hà Nội, Hòa Bình, Lâm Đồng. Mọc nơi đất ẩm ven rừng, ven suối",tradescantia-spathacea-sw.txt,,Thài lài (Commelinaceae),,2765230
Plumeria obtusa L. – P. acutifolia Poir,"Đại, Bông sứ, Đại hoa trắng, Hoa chămpa, Sứ cùi, Đại lá tù",Cây trồng làm cảnh,plumeria-obtusa-l.txt,,,Họ Trúc đào (Apocynaceae),3169677
Bauhinia bracteata (Benth.) Baker – Phanera bracteata Benth,Dây mấu,"Lạng Sơn, Quảng Ngãi, An Giang, Kiên Giang. Cây mọc tự nhiên trong rừng thưa, ven đường đi và quanh bản làng..",bauhinia-bracteata-benth-baker-phanera-bracteata-benth.txt,,Vang (Caesalpiniaceae),,3978268
Polygonum plebeium R.Br. – Polygonum aviculare Lour,"Rau đắng, Biển súc, Mụ khuyết, Cây càng tôm, Biển biện, Phiắc khôm (Tày)","Cây mọc tự nhiên trên đất ruộng trồng màu, trên các bãi hoang ven sông, phổ biến ở Việt Nam",polygonum-plebejum-r-br.txt,,,Polygonaceae,5334440
Streblus ilicifolius (Vidal) Corn. – Taxotrophis ilicifolius Vidal,"Ô rô núi, Duối ô rô","Lao Cai, Hoà Bình, Ninh Bình và các tỉnh phía Nam. Cây mọc tự nhiên, còn được trồng",streblus-ilicifolius-vidal-corn.txt,,,Moraceae,3767205
Eria corneri Reichb.f,Nỉ lan,"Lào Cai, Kon Tum, Lâm Đồng. Cây mọc tự nhiên, bám trên cây gỗ lớn trong rừng, ở độ cao 300-1.300 m",eria-corneri-reichb-f.txt,,,Orchidaceae,2815284
Justicia gendarussa Burm.f,"Thanh táo , Thuốc trặc, Tu huýt, Tần giao, Tần lông, Tần cửu, Bơ chầm phòn (Thái)","Cây mọc tự nhiên, còn được trồng ở nhiều nơi làm hàng rào",justicia-gendarussa-burm-f.txt,,,Acanthaceae,7447231
Hygroryza aristata (Retz.) Nees,"Thia lia, Cỏ phao, Cỏ pheo, Cỏ chân vịt","Cây mọc tự nhiên trong các ao hồ, mương rạch vả vùng đồng bằng và vùng núi.",hygroryza-aristata-retz-nees.txt,,,Poaceae,8069897
Dalbergia yunnanensis Franch,Trắc lải,"Ninh Thuận, Bình Thuận.",dalbergia-yunnanensis-franch.txt,Dalbergia collettii Prain,Đậu – Fabaceae,,2968657
Aralia vietnamensis Ha,Pặc thông sét,"Hà Giang, Thái Nguyên, Sơn La (Mường Khoa), Vĩnh Phúc (Tam Đảo), Ninh Bình (Cúc Phương), . Cây mọc tự nhiên rải rác trong rừng",aralia-vietnamensis-ha.txt,,,Araliaceae,3037040
Polygonum hydropiper L. – Persica hydropiper (L.) Spach,"Nghể răm, Răm nước, Thủy liễu, Rau nghể, Mã liễu, Phiắc phíe (Tày)","Cây mọc tự nhiên gần nước, phổ biến ở nước ta",polygonum-hydropiper-l.txt,,,Polygonaceae,
Caryota mitis Lour,Đùng đình,"Cây mọc tự nhiên trong các thung lũng đá vôi, chân núi phổ biến ở nước ta",caryota-mitis-lour.txt,,Cau dừa (Arecaceae),,2738902
Smithia sensitiva Aiton,"Miết mắc cỡ, Rút roi","Cây mọc tự nhiên ở nơi đất trống, đất lầy, bãi cỏ, savan cỏ và trảng cây bụi, phổ biến khắp Việt Nam",smithia-sensitiva-ait.txt,,,Fabaceae,5351153
Lindenbergia philippinensis (Champ.) Benth. – Stemodia phipippinensis Champ,Mến,"Cao Bằng, Thái Nguyên, Bắc Cạn, Hà Nam. Cây mọc tự nhiên trong vùng núi đá vôi, tường cũ ẩm, ở độ cao tới 600 m",lindenbergia-philippinensis-champ-benth.txt,,,Scrophulariaceae,8394552
Terminalia citrina (Gaertn.) Roxb. ex Flem. – Myrobalanus citrina Gaertn,Chiêu liêu lông,"Biên Hòa, Bà Rịa. Cây mọc tự nhiên trong rừng nguyên sinh, rừng thứ sinh.",terminalia-citrina-gaertn-roxb-ex-flem.txt,,,Combretaceae,3698427
Memexylon ligustrinum Champ. ex Benth. et Hook,"Sầm râm, Sầm lưỡi","Vĩnh Phúc (Tam Đảo). Cây mọc tự nhiên ở ven rừng hoặc trên đồi núi thấp, ở độ cao 500-900 m",memexylon-ligustrinum-champ-ex-benth-et-hook.txt,,,Melastomaceae,
Bulbostylis barbata (Rottb.) C.B. Clarke – Scirpus barbatus Rottb. Họ Cói ( Cyperaceae),Cói chát râu,Cây mọc tự nhiên trên đất phèn khắp từ Bắc tới Nam Bộ,bulbostylis-barbata-rottb-c-b-clarke.txt,,,,5292372
Casearia flexuosa Craib,Nuốt dịu,"Lâm Đồng, Đồng Nai đến Tây Ninh. Cây mọc tự nhiên dưới tán rừng rậm và rừng thứ sinh, ở độ cao tới 1100m",casearia-flexuosa-craib.txt,,,Flacourtiaceae,7767724
Narcissus tazetta L,Thuỷ tiên,Cây trồng lấy hoa chơi vào dịp Tết. Nguồn gốc từ vùng ấm ven biển Đông Á,narcissus-tazetta-l.txt,,,Amaryllidaceae,2858963
Pterospermum truncatolobatum Gagnep,Màng kiêng,"Quảng Bình, Quảng Trị, Thừa Thiên Huế. Cây mọc tự nhiên trong rừng, ở độ cao tới 700 m.",pterospermum-truncatolobatum-gagnep.txt,,,Sterculiaceae,8186593
Strychnos cathayensis Merr,"Gio, Mã tiền trung quốc","Bắc Giang, Quảng Ninh, Quảng Nam, Đà Nẵng. Cây mọc tự nhiên rải rác trong rừng rậm hoặc rừng thứ sinh, trên đất sét hay đất cát pha.",strychnos-cathayensis-merr.txt,,,Loganiaceae,5645598
Garcinia cochinchinensis (Lour.) Choisy – Oxycarpus cochinchinensis Lour,"Bứa, Bứa nhà, Trơ nả (Kho)","Sơn La, Lai Châu, Hòa Bình, Quảng Trị, Đà Nẵng. Cây mọc tự nhiên trong rừng thưa, ở bình và trung nguyên",garcinia-cochinchinensis-lour-choisy.txt,,,Clusiaceae,3715113
Caloglossa leprieurii (Mont.) J. Agardh,Rong thuốc giun sần,Cây mọc bám trên đá hoặc trên các loài thực vật khác ở vùng triều giữa và vùng triều thấp vào mùa xuân và mùa hè.,caloglossa-leprieurii-mont-j-agardh.txt,,,Delesseritaceae,2662161
Mesona chinensis Benth,"Thủy cẩm, Sương sáo","Cao Bằng (Nguyên Bình), Lâm Đồng (Đà Lạt). Cây mọc tự nhiên ở nơi sáng và ẩm",mesona-chinensis-benth.txt,,,Lamiaceae,3881888
Manilkara kauki (L.) Dubard,Viết,An Giang (Châu Đốc).,manilkara-kauki-l-dubard-2.txt,Mimusops kauki L,Hồng xiêm – Sapotaceae,,2885150
Grewia abutilifolia Vent ex Juss,Giam lá rộng,"Bình Thuận. Cây mọc tự nhiên, rải rác ven đường",grewia-abutilifolia-vent-ex-juss.txt,,,Tiliaceae,4260812
Inula nervosa Wall. ex DC,"Nu gân, Thảo uy linh, Uy linh tiên",Cây mọc tự nhiên ở vùng núi Langbian tỉnh Lâm Đồng.,inula-nervosa-wall-ex-dc.txt,,,Asteraceae,3126670
Erythrorchis ochobiensis (Hayata) Garay,Galeola ochobiense Hayata,"Hải Phòng (Cát Bà), Quảng Nam (Phước Sơn, Làng Hồi), Khánh Hòa (Nha Trang, Hòn Hèo, Ninh Hòa), Bà Rịa-Vũng Tàu (Mù Xoài), Kiên Giang (Phú Quốc)",erythrorchis-ochobiensis-hayata-garay.txt,,Lan – Orchidaceae,,2781885
Agrimonia viscidula Bunge,Mãn bụi,"Lào Cai, Hà Giang. Cây mọc tự nhiên",agrimonia-viscidula-bunge.txt,,,Rosaceae,3002003
Lindera myrrha (Lour.) Merr. – Laurus myrraha Lour,"Ô dược nam, Thiên thai ô dược, Dầu đắng, Ô dược","Thừa Thiên Huế, Quảng Nam, Đà Nẵng. Cây mọc tự nhiên rải rác trong rừng phục hồi sau khai thác, ở độ cao dưới 500 m",lindera-myrrha-lour-merr.txt,,,Lauraceae,5685604
Pemphis acidula Forst. & Forst.f,Bằng phi,"Quảng Bình, Quảng Trị, Thừa Thiên Huế, Kiên Giang. Cây mọc tự nhiên rải rác ở vùng ven biển.",pemphis-acidula-forst-forst-f.txt,,,Lythraceae,3188706
Callerya cinerea (Benth.) Schot – Millettia cinerea Benth,"Khâu hương, Dây đậu dại, Thàn mát to","Lai Châu (Phong Thổ), Lào Cai (Sa Pa), Cao Bằng (Trùng Khánh), Nghệ An, Ninh Bình. Cây mọc tự nhiên ven rừng, trong rừng rậm thường xanh hay trong rừng hỗn giao rụng lá, dọc suối, ở độ cao tới 1800 m",callerya-cinerea-benth-schot.txt,,,Fabaceae,2952284
Knema globularia (Lam.) Warb. – Myristica globularia Lam,"Máu chó, Máu chó lá nhỏ, Co lướt (Thái)","Quảng Bình, Quảng Trị, Thừa Thiên Huế. Cây mọc tự nhiên vùng rừng núi",knema-globularia-lam-warb.txt,,,Myristicaceae,3743505
Mitrasacme pygmaea R. Br,Cắng,"Quảng Ninh (Móng Cái, Hà Cối), Hải Phòng, Hải Dương, Đà Nẵng, Bình Dương (Bến Cát). Cây mọc tự nhiên rải rác ven rừng vùng cát duyên hải",mitrasacme-pygmaea-r-br.txt,,,Loganiaceae,7289342
Grewia oligandra Pierre,Giam tiểu hùng,"Bình Thuận, Bà Rịa Vũng Tàu. Cây mọc tự nhiên, rải rác trong rừng",grewia-oligandra-pierre.txt,,,Tiliaceae,4261363
Achillea millefolium L . Họ Cúc (Asteraceae),"Cỏ thi, Dương kỳ thảo","Lao Cai (Sa Pa), Lai Châu, Sơn La (Mộc Châu, Mường La). Cây mọc tự nhiên trong các trảng cỏ và chân núi, ở độ cao 800-2000 m",achillea-millefolium-l.txt,,,,3120060
Gleditsia australis Hemsl. ex Forbes et Hemsl,"Bồ kết, Tạo giác, Phắc kết (Tày), Chùm kết, Co kết (Thái)",Cây trồng,gleditsia-australis-hemsl-ex-forbes-et-hemsl.txt,,,Caesalpiniaceae,2959479
Walsura robusta Roxb,"Lòng tong mạnh, Lông tòng","Ninh Bình (Cúc Phương), Quảng Trị, Kon Tum, Tây Ninh, Đồng Nai, An Giang. Cây mọc tự nhiên trong rừng rậm thường xanh, ở độ cao dưới 1000 m",walsura-robusta-roxb.txt,,,Meliaceae,3851341
Psychotria serpens L,"Lấu bò, Hến thằng, Bồ bặc","Vĩnh Phúc (Tam Đảo), Hà Nội (Ba Vì), Ninh Bình, Nghệ An. Cây mọc tự nhiên, bám sát vào đá, vào thân cây",psychotria-serpens-l.txt,,,Rubiaceae,2923582
Carex commixta Steud. – C. spatiosa Bott,Kiết rộng,"Hoà Bình (Chợ Bờ), Thừa Thiên Huế, Đà Nẵng. Cây mọc tự nhiên ở vùng núi, trung du; trong rừng, trảng cỏ, ven sông suối; độ cao dưới 700 m",carex-commixta-steud.txt,,,Cyperaceae,2723567
Hordeum sativum Jess. var. vulgare Hack,"Mạch nha, Đại mạch",,mach-nha.txt,,Poaceae (Lúa),,2706056
Staurogyne malaccensis C. B. Clarke,Nhụy thập,"Bình Dương (Bến Cát), Bà Rịa Vũng Tàu, Kiên Giang (Phú Quốc). Cây mọc tự nhiên ở độ cao 600-800 m.",staurogyne-malaccensis-c-b-clarke.txt,,,Acanthaceae,3773847
Aporosa dioica (Roxb.) Muell.-Arg. – Alnus dioica Roxb,"Thàu táu đài nhỏ, Ngăm, Chi hờ cung (KHo)","Hà Giang, Vĩnh Phúc (Tam Đảo), Cao Bằng, Lạng Sơn. Cây mọc tự nhiên trên các đồi cây bụi",aporosa-dioica-roxb-muell.txt,,,Euphorbiaceae,5383369
Carpesium abrotanoides L,"Thiên danh tinh, Cẩu nhi thái",Lao Cai. Cây mọc tự nhiên,carpesium-abrotanoides-l.txt,,,Asteraceae,3094849
Homo sapiens L,"Tóc rối, Huyết dư, Đầu phát, Nhân phát, Loạn phát",,toc-roi.txt,,Hominidae,,2436436
Araucaria columnaris (G. Forst.) Hook,"Bách tán, Vương tùng",Cây nhập trồng ở Lâm Đồng (Đà Lạt),araucaria-columnaris-g-forst-hook.txt,,,Araucariaceae,2684921
Paeonia lactiﬂora Pall,"Bạch thược, Mẫu đơn",Cây nhập trồng ở Trại thuốc Sa Pa tỉnh Lào Cai. Nguồn gốc từ Trung Quốc,paeonia-lactiflora-pall.txt,,,Paeoniaceae,
Drypetes perreticulata Gagnep,"Sang trắng mạng, Cây trá","Ninh Bình, Ninh Thuận. Cây mọc tự nhiên trong rừng thường xanh, hay thung lũng đá vôi, ở độ cao 100-500 m",drypetes-perreticulata-gagnep.txt,,,Euphorbiaceae,3075715
Myxopyrum nervosum Blume,Nhương lê gân,"Hải Dương (Chí Linh), Thừa Thiên Huế, Đồng Nai. Cây mọc tự nhiên ven suối đá hoặc trên đất nhiều đá",myxopyrum-nervosum-blume.txt,,,Oleaceae,7326135
Ampelopsis japonica (Thunb.) Mak. – Paullinia japonica Thunb,Bạch liễm,"Vĩnh Phúc (Tam Đảo), Hà Giang. Cây mọc tự nhiên, rải rác trong rừng",ampelopsis-japonica-thunb-mak.txt,,,Vitaceae,7394232
Nageia wallichiana (Presl.) Kuntze,"Kim giao cuống phình, Kim giao núi đất","Ninh Bình, Hà Giang, Nghệ An, Kiên Giang. Cây mọc tự nhiên trong rừng thường xanh mưa ẩm, trên núi đất, trên núi đá vôi, ở độ cao 400-1.300 m. Đã đưa vào Sách Đỏ Việt Nam",nageia-wallichiana-presl-kuntze.txt,,,Podocarpaceae,2687771
Microsorum punctatum (L.) Copel. – Acrostichum Punctatum L,Ổ sao,"Rất rộng. Khánh Hoà tới Đồng Nai. Cây mọc tự nhiên ở rừng thứ sinh, thường sống bám trên thân cành cây gỗ, trong rừng rậm hay rừng thưa thường xanh, ven suối, ở độ cao 0 – 1500m",microsorum-punctatum-l-copel.txt,,,Polypodiaceae,2650536
Adinandra hainanensis Hayata,Súm đỏ,"Quảng Ninh, Quảng Trị, Kon Tum, Gia Lai. Cây mọc rải rác trong rừng thưa, ở độ cao 900-1.400 m",adinandra-hainanensis-hayata.txt,,,Theaceae,7952143
Fragaria nilgerrensis Schltdl. ex J.Gay,Dâu tây dại,"Lào Cai (Sa Pa), Lai Châu. Cây mọc tự nhiên ven đường ở độ cao 1600 – 1800m",fragaria-nilgerensis-schlecht-ex-j-gray.txt,,,Hoa hồng (Rosaceae),3029934
Cyperus iria L,"Cói gạo, Lác rận, Fục (Tày)",Miền Trung. Cây mọc tự nhiên ở gần nước,cyperus-iria-l.txt,,,Cói (Cyperaceae),2715729
Curculigo disticha Gagnep,"Rau bao rừng, Cồ nốc song dính","Lao Cai, Quảng Bình, Quảng Trị, Thừa Thiên Huế. Cây mọc tự nhiên nơi đất ẩm, dưới rừng, trong rừng tre nứa, ven sông suối",curculigo-disticha-gagnep.txt,,,Hypoxidaceae,2853017
Bauhinia pyrrhoclada Drake,"Cây bướm, Móng bò lửa","Quảng Ninh, Lạng Sơn, Phú Thọ, Ninh Bình. Cây mọc tự nhiên trong rừng thưa, ven rừng, ven suối",bauhinia-pyrrhoclada-drake.txt,,,Caesalpiniaceae,2953594
Dioscorea bulbifera L,"Củ mỡ, Củ dại, Hoàng dược, Khoai trời, Mằn rườn (Tày), Li kam pua (Hmông)","Lào Cai, Sơn La, Lạng Sơn, Quảng Ninh, Hòa Bình, Bình Thuận, Đồng Nai. Cây mọc tự nhiên còn được trồng rải rác ở độ cao 500 – 1600m",dioscorea-bulbifera-l.txt,,Củ nâu (Dioscoreaceae),,2755489
Sphaenomeris chinensis (L.) Max. – Trichomanes chinense L,"Hành đen, Ô phỉ, Ráng hành đen, Cây lá dẹt","Cây mọc tự nhiên thành từng đám trên các vách đất đá ven rừng rậm thường xanh nguyên sinh hay trong một số loại rừng thưa, trảng cây bụi và trảng cỏ",sphaenomeris-chinensis-l-max.txt,,,Dennstaedtiaceae,2650747
Caesalpinia mimosoides Lam,"Vang trinh nữ, Điệp trinh nữ, Móc mèo","Ninh Bình, Thanh Hóa, Gia Lai, Đắk Lắk, Lâm Đồng, Bình Dương, Đồng Nai",caesalpinia-mimosoides-lam.txt,Caesalpinia simora Ham. ex Roxb,Đậu – Fabaceae,,9362258
Phyllostachys nigra (Lodd. ex Loud.) Munro,Trúc đen,"Hà Giang. Cây mọc tự nhiên, còn được trồng làm cảnh.",phyllostachys-nigra-lodd-ex-loud-munro.txt,,,Poaceae,5290171
Artocarpus communis Forst. et Forst.f,"Xa kê , Cây bánh mỳ",Miền Nam. Cây nhập trồng.,artocarpus-communis-forst-et-forst-f.txt,,,Moraceae,2984573
Elaeagnus sarmentosa Rehd,Nhót trườn,"Lạng Sơn (Mẫu Sơn), Vĩnh Phúc. Cây mọc tự nhiên trên các trảng cây gỗ",elaeagnus-sarmentosa-rehd.txt,,,Elaeagnaceae,4048108
Magnolia braianensis (Gagnep.) Figlar – Paramichelia braianensis (Gagnep.) Dandy,Giổi nhung,"Gia Lai (Kon Hà Nừng), Đắk Nông, Lâm Đồng (Di Linh). Cây mọc tự nhiên rải rác trong rừng nguyên sinh cây lá rộng hoặc rừng hỗn giao với cây lá kim, ở độ cao 600-1.000 m",paramichelia-braianensis-gagnep-dandy-in-s-nilson.txt,,,Magnoliaceae,3153413
Mallotus nanus Airy- Shaw – Coelodiscus thorelii Gagnep,Ba bét lùn,"Đắc Lắc (Bản Đôn). Cây bụi nhỏ mọc tự nhiên trên các bãi hoang, ven đường, nương rẫy, ven đồi cây bụi trên đất sa phiến thạch, ở độ cao 100-500m",mallotus-nanus-airy-shaw.txt,,,Euphorbiaceae,5378700
Hymenopogon parasiticus Wall. ex Roxb,Vân mạc,"Lào Cai (Sa Pa), Lâm Đồng (Đà Lạt). Cây mọc tự nhiên rải rác trong rừng thường xanh",hymenopogon-parasiticus-wall-ex-roxb.txt,,,Rubiaceae,2907324
Dahlia pinnata Cav,Thược dược,Cây trồng,dahlia-pinnata-cav.txt,,,Asteraceae,5387142
Ancistrocladus tectorius (Lour.) Merr. – Bembix tectoria Lour,"Trương quân hoa nhỏ, Trung quân lợp nhà","Đắk Lắk (Đắk Mil), Đắk Nông, Đồng Nai (Biên Hoà), Kiên Giang (Phú Quốc). Cây mọc tự nhiên trong rừng thường xanh",ancistrocladus-tectorius-lour-merr.txt,,,Ancistrocladaceae,3659000
Ficus stenophylla Hemsl. var. macrocarpa (Le’vl. et Vant.) Corn,Sung cọng dài,"Khánh Hòa (Vọng Phu). Cây mọc tự nhiên ở vùng núi nhiều đá, ở độ cao tới 1200 m",ficus-stenophylla-hemsl-var-macrocarpa-levl-et-vant-corn.txt,,,Moraceae,5571722
Thespesia populnea (L.) Soland. ex Correa – Hibiscus populneus L,Tra bứa,"Cây mọc tự nhiên, sống dựa rạch, phổ biến ở các tỉnh phía Nam",thespesia-populnea-l-soland-ex-correa.txt,,Bông (Malvaceae),,3152795
Aglaonema tenuipes Engl.- A. pierreanum Engl,"Thuốc rắn, Vạn niên thanh nam","Lâm Đồng, Tây Ninh. Cây mọc tự nhiên dưới tán rừng thường xanh, ẩm, ở độ cao 1000 m",aglaonema-tenuipes-engl-a-pierreanum-engl.txt,,,Araceae,2866378
Myrioneuron tonkinense Pitard,Vạn kinh bắc bộ,"Bắc Cạn ( Chợ Đồn), Hòa Bình, Nam Hà. Cây bụi nhỏ cao 1m. Mọc tự nhiên ở vùng núi đá",myrioneuron-tonkinense-pitard.txt,,,Rubiaceae,9504985
Cestrum nocturnum L,"Dạ hương., Dạ lý hương",C ây trồng làm cảnh,cestrum-nocturnum-l.txt,,,Họ Cà (Solanaceae),2928791
Cymbidium ensifolium (L.) Sw,"Lan kiếm, Thanh ngọc, Mạc lan","Lào Cai (Sa Pa), Kon Tum, Lâm Đồng, Ninh Thuận. Cây mọc tự nhiên trong rừng thưa, thường trên các ổ mối, ở độ cao 1.500 m",cymbidium-ensifolium-l-sw.txt,,,Orchidaceae,5305481
Nepenthes annamensis Macfarl,Nắp ấm trung bộ,"Quảng Bình, Quảng Trị, Thừa Thiên Huế, Lâm Đồng (Đà Lạt). Cây mọc rải rác trong rừng thưa, rừng thông, ven rừng, nơi đất lầy.",nepenthes-annamensis-macfarl.txt,,,Nepenthaceae,3702171
Phaius tankervilleae (Banks ex L.Her.) Blume – Limodorum tankervilleae Bank ex L.Her,Hạc đính,"Cây mọc tự nhiên, còn được trồng làm cảnh",phaius-tankervilleae-banks-ex-l-her-blume.txt,,,Orchidaceae,12246654
Amomum repoeense Pierre ex Gagnep,Sa nhân miên,"Quảng Nam (Hiên). Cây mọc tự nhiên nơi ẩm, ven suối, dưới tán rừng",amomum-repoeense-pierre-ex-gagnep.txt,,,Zingiberaceae,5301695
Persicaria capitata (Buch.-Ham. ex D.Don) H.Gross – Polygonum capitatum Buch.-Ham. ex D.Don,Nghể đầu,"Lào Cai, Hà Giang, Cao Bằng, Ninh Bình, Kon Tum, Hải Phòng. Cây mọc tự nhiên trên vách đá có rêu, bờ tường ẩm vùng núi, khe đá, ven suối, ở độ cao 500-1.600 m",polygonum-capitatum-buch.txt,,,Polygonaceae,2889304
Zanthoxylum armatum DC. – Zanthoxylum planispinum Sieb. & Zucc,"Sẻn gai, Đắng cay","Lao Cai (Sa Pa), Cao Bằng. Cây mọc tự nhiên, thường gặp ở ven suối, độ cao khoảng 1.300 m",zanthoxylum-armatum-dc.txt,,,Rutaceae,7716390
Psychotria balansae Pitard,"Lấu bà, Bồ chát","Vĩnh Phúc (Tam Đảo), Hà Nội (Ba Vì), Ninh Bình, Kon Tum. Cây mọc tự nhiên rải rác dưới tán rừng, ở độ cao 500-700 m",psychotria-balansae-pitard.txt,,,Rubiaceae,2920379
Disporum trabeculatum Gagnep,Song bào đá,"Lào Cai, Cao Bằng, Hà Nội, Quảng Trị, Đà Nẵng, Quảng Nam. Cây mọc tự nhiên trong rừng thường xanh, ở độ cao 500 – 1600m.",disporum-trabeculatum-gagnep.txt,,,Convallariaceae,2770769
Kadsura longipedunculata Fin. et Gagnep,Ngũ vị tử nam,Miền Bắc. Cây mọc tự nhiên ở vùng núi,kadsura-longipedunculata-finet-et-gagnep.txt,,,Schisandraceae,7604003
Acacia nilotica (L.) Delile – Mimosa nilotica L,"Cam đục, Keo ả rập",Cây trồng ở thành phố Hồ Chí Minh. Nguồn gốc có lẽ từ vùng Trung Cận Đông,acacia-nilotica-l-delile.txt,,,Mimosaceae,3974744
Ipomoea muricata (L.) Jacq. – Convolvulus muricatus L,Bìm mụt,"Khánh Hòa, Đắk Lắk, Bà Rịa Vũng Tàu. Cây mọc tự nhiên ven đường, ven rừng, hoặc trồng làm cảnh.",ipomoea-muricata-l-jacq.txt,,Bìm bìm (Convolvulaceae),,8227635
Codariocalyx gyroides (Roxb. ex Link) Hassk. – Desmodium gyroides ( Roxb. ex Link.) DC,Thóc lép lay,"Lào Cai, Sơn La, Cao Bằng, Lạng Sơn, Ninh Bình, Nghệ An, Kon Tum, Lâm Đồng. Cây mọc tự nhiên trên các trảng cây bụi, ven rừng thứ sinh, trong rừng thưa, dọc sông suối và nơi sình lầy, ở độ cao tới 1600 m",codariocalyx-gyroides-roxb-ex-link-hassk.txt,,,Fabaceae,2968942
Argyreia osyrensis (Roth) Choisy – Ipomoea osyrensis Roth,Thảo bạc nhóm,"Lào Cai, Kon Tum, Lâm Đồng. Cây mọc tự nhiên rải rác ven rừng, lùm bụi, trong rừng thứ sinh.",argyreia-osyrensis-roth-choisy-in-dc.txt,,,Convolvulaceae,7324107
Gaultheria leucocarpa Blume forma cumingiana (J.E. Vidal) Sleum,Gan tiền trái trắng,"Cây mọc tự nhiên ở miền núi cao các tỉnh Hà Giang, Lào Cai, Lạng Sơn, Cao Bằng",gaultheria-leucocarpa-blume-forma-cumingiana-j-e-vidal-sleum.txt,,,Ericaceae,7328427
Murraya glabra (Guillaum.) Guillaum. – Micromelum glabrum Guillaum,Vương tùng,"Hải Phòng (Cát Bà), Quảng Ninh, Hòa Bình (Mai Châu), Ninh Bình (Tam Điệp), Thanh Hóa (Hà Trung, Đông Sơn, Nga Sơn), Quảng Trị (Làng Khoai). Cây mọc tự nhiên trên núi đá vôi",murraya-glabra-guillaum-guillaum.txt,,Cam quýtRutaceae,,5594616
Wedelia biflora (L.) DC. – Verbesina biflora L,"Sơn cúc, Rau mui, Cỏ mui, Sài đất hai hoa","Quảng Ninh tới Tây Nguyên và Cà Mau. Cây mọc tự nhiên, thường gặp ở vùng ven biển",wedelia-biflora-l-dc-in-wight.txt,,,Asteraceae,5386813
Galium rotundifolium L,Vấn vương lá tròn,Kon Tum (Đắk Glei). Cây mọc tự nhiên ở núi Ngọc Linh,galium-rotundifolium-l.txt,,Rubiaceae,,2914110
Melilotus suaveolens Ledeb,"Nhãn hương, Thảo mộc tên, Kiều đậu","Lao Cai, Phú Thọ (ven sông Hồng), Hòa Bình (ven sông Đà), Ninh Bình (ven sông Đáy). Cây ưa ẩm, mọc tự nhiên trên các bãi cát ven sông, suối, ven hồ, ở vùng thấp và vùng trung du",melilotus-suaveolens-ledeb.txt,,,Fabaceae,2971041
Rauvolfia sumatrana Jack – Rauvolfia reﬂexa Teijsm. et Binn,Ba gạc đại mộc,Bà Rịa Vũng Tàu (Côn Đảo). Cây mọc tự nhiên .,rauvolfa-sumatrana-jack.txt,,,Apocynaceae,3616339
Borreria stricta (L.f.) K. Schum. – Borreria pusilla Wall. in Roxb,Ruột gà nhỏ,"Khánh Hòa. Cây mọc tự nhiên, thường gặp ở vùng duyên hải",borreria-stricta-l-f-k-schum.txt,,,Rubiaceae,
Antidesma paxii Mect. – A. henryi Pax et Hoffm ( Antidesma montanum Blume),Chòi mòi henry,"Hà Nội (Ba Vì), Thừa Thiên Huế, Đà Nẵng, Quảng Nam, Gia Lai, Kon Tum, Đắk Lắk. Cây mọc tự nhiên dưới tán rừng, ở độ cao 100-500 m",antidesma-paxii-mect.txt,,,Euphorbiaceae,3076595
Alternanthera bettzickiana (Regel) Nichols. – Telanthera bettzickiana Regel,"Dệu đỏ, Dệu cảnh","Cây trồng làm cảnh ở các vườn hoa, trong gia đình",alternanthera-bettzickiana-regel-nichols.txt,,Rau Dền (Amaranthaceae),,8189919
Schisandra sphenothera Rehder & E.H.Wilson,Ngũ vị tử ngọc linh,"Quảng Nam (Nam Trà MyNgọc Linh), Kon Tum (Tu Mơ Rông, Đắk Glei). Cây mọc tự nhiên ở rừng rậm thường xanh, ở độ cao khoảng 1800 m",schizandra-sphaenothera.txt,,,Schisandraceae,3745294
Baccaurea oxycarpa Gagnep,"Giâu gia quả nhọn, Gạt nai, Săng vé, Săng ớt mốc","Cây mọc tự nhiên nơi ẩm dọc các sông suối tỉnh Quảng Bình, Quảng Trị, Thừa Thiên Huế",baccaurea-oxycarpa-gagnep.txt,,,Euphorbiaceae,3082142
Callicarpa arborea Roxb,"Phà ha, Tu hú gỗ","Lào Cai, Hà Nội (Ba Vì), Ninh Bình, Thanh Hóa, Nghệ An, Kon Tum. Cây mọc tự nhiên trong rừng thứ sinh, rừng hỗn giao, ở độ cao 1.500 m",callicarpa-arborea-roxb.txt,,,Verbenaceae,5609976
"Agaricus campestris L. Fr. ( Agaricus campester (L.) Fr., Psalliota campestris Quel.)","Nấm gô, Nấm cỏ","Lạng Sơn, Bắc Giang, Hà Nội, Hà Nam.",agaricus-campestris-l-fr.txt,,Nấm cỏ – Agariaceae,,5243458
Aphanamixis polystachya (Wall.) R.N. Parker – Aglaia polystachya Wall,Gội nước,"Thanh Hóa, Nghệ An, Kon Tum, Gia Lai, Đắk Lắk, Đồng Nai. Cây mọc tự nhiên trong rừng rậm thường xanh, ở độ cao tới 700 m",aphanamixis-polystachya-wall-r-n-parker.txt,,,Meliaceae,5597304
Cheilanthes velutina Tardieu & C. Chr. – Notholaena velutina Tardieu & C. Chr,Xương vị,"Khánh Hòa, Đồng Nai. Cây mọc tự nhiên, thường sống bám trên đá ẩm trong rừng hay trảng cây bụi rậm thường xanh.",cheilanthes-velutina-tardieu-c-chr.txt,,,Adiantaceae,10455303
Cinnamomum glaucescens (Nees) Drury – Cecicodaphne glaucescens Nees,"De xanh phấn, De mốc, Kháo mềm, Re hương","Nghệ An, Quảng Trị. Cây mọc tự nhiên rải rác ven rừng, ven suối, nơi sáng, ở độ cao 500-1500 m",cinnamomum-glaucescens-nees-drury.txt,,Long não (Lauraceae),,4175703
Breynia fruticosa (L.) Hook.f. – Andrachne fruticosa L,"Bồ cu vẽ, Sâu vẽ, Cứt cu, Cù đề, Bạch địa dương, Đỏ đọt, Dé bụi, Mạy hồ vài (Tày), Rỡ liêu (KHo), Loong tơ uý (Kdong), Co mạy chỉa, Co khí lệch (Thái)",Cây mọc tự nhiên ở hầu hết các nơi từ đồng bằng tới miền núi ở Việt Nam. – Mùa hoa quảVII – IX,breynia-fruticosa-l-hook-f.txt,,Thầu dầu (Euphorbiaceae),,5383016
Leonurus japonicus Houtt. – L. artemisia (Lour.) S.Y.Hu; L. heterophyllus Sweet,Ích mẫu,"Cây mọc tự nhiên ở vùng đồng bằng và trung du, còn được trồng",leonurus-japonicus-houtt.txt,,Hoa môi (Lamiaceae),,6410563
Blainvillea acmella (L.) Philipps. – Verbesina acmella L,"Núc vàng, Sơn hoàng, Sơn cúc","Lai Châu, Sơn La, Lao Cai (Sa Pa). Cây mọc tự nhiên trong rừng ẩm ở độ cao 400-1600 m.",blainvillea-acmella-l-philipps.txt,,,Asteraceae,5385687
Cleisostoma williamsonii (Reichb.f.) Garay – Sarcanthus williamsonii Reichb.f,Mật khẩu,"Cao Bằng (Trà Lĩnh), Quảng Bình (Kẻ Bàng), Thừa Thiên Huế, Kon Tum, Đắk Lắk, Lâm Đồng, Đồng Nai. Cây mọc tự nhiên, bám trên các cây gỗ lớn trong rừng, ở độ cao 200-1.400 m",cleisostoma-williamsonii-reichb-f-garay.txt,,,Orchidaceae,2785542
Psychotria montana Blume – Chasalia montana (Blume) Miq,"Lấu núi, Mạy cán cân","Hà Giang, Hà Nội (Ba Vì), Quảng Trị (Mai Lãnh). Cây mọc tự nhiên rải rác trong rừng, ở độ cao 600-700 m",psychotria-montana-blume.txt,,,Rubiaceae,10762800
Alpinia zerumbet (Pers.) Burtt et Smith – Costus zerumbet Pers,"Riềng ấm, Gừng ấm, Thảo đậu khấu, Riềng đẹp","Cây mọc tự nhiên ven suối, dưới tán rừng khá phổ biến ở Việt Nam.",alpinia-zerumbet-pers-burtt-et-smith.txt,,,Zingiberaceae,5301979
Diospyros castanea (Craib) Fletch,Thị dẻ,Kon Tum (Đắc Tô). Cây mọc tự nhiên trong rừng thứ sinh,diospyros-castanea-craib-fletch.txt,,,Ebenaceae,4069805
Areca triandra Roxb. ex Buch.-Ham,"Cau rừng, Cau tam hùng","Kon Tum (Đắk Glei, Đắk Long), Đắk Lắk, Khánh Hòa (Nha Trang), Bình Thị (Phan Thiết, núi Polnglu), Đồng Nai (Biên Hòa), Bà Rịa-Vũng Tàu (Núi Đinh), Kiên Giang (Phú Quốc), Bạc Liêu (Giá Rai)",areca-triandra-roxb-ex-buch-ham.txt,,Cau – Arecaceae,,2736565
Artemisia dracunculus L,"Ngải thơm, Thanh cao rồng","Lào Cai (Sa Pa), Sơn La (Sông Mã, Mộc Châu), Lâm Đồng (Đà Lạt). Cây mọc tự nhiên trên các trảng cỏ có tầng đất lầy dày, ở độ cao 600 -1000 m.",artemisia-dracunculus-l.txt,,,Asteraceae,3121581
Lilium longiflorum Thunb,"Loa kèn trắng, Bạch huệ",Cây trồng lấy hoa ở nhiều nơi.,lilium-longiflorum-thunb.txt,,,Liliaceae,2753336
Pellionia scabra Benth. – Polychroa scabra (Benth.) Hu,Sam đá ráp,"Vĩnh Phúc (Tam Đảo), Hà Nội (Ba Vì), Quảng Trị, Lâm Đồng. Cây mọc tự nhiên rải rác trong rừng",pellionia-scabra-benth-polychroa-scabra-benth-hu.txt,,,Urticaceae,7740279
Combretum tetralophum C. B. Clarke,Chưng bầu bốn cánh,Nam Bộ. Cây mọc tự nhiên,combretum-tetralophum-c-b-clarke.txt,,,Combretaceae,3189403
Crateva magna (Lour.) DC. – Capparis magna Lour.; C. nurvala Buch.-Ham,Bún to,"Cây ưa sáng, mọc tự nhiên ở ven suối từ miền Trung trở vào.",crateva-magna-lour-dc.txt,,,Capparaceae,3871487
Ipomoea alba L,Bìm trắng,"Hòa Bình, Đắk Lắk, Bình Thuận, thành phố Hồ Chí Minh. Cây mọc tự nhiên nơi khô và sáng.",ipomoea-alba-l.txt,,Bìm bìm  (Convolvulaceae),,2928631
Nephenium lappaceum L,"Chôm chôm, Vải thiều rừng",Cây mọc tự nhiên và trồng ở các tỉnh từ miền Trung trở vào,nephenium-lappaceum-l.txt,,,Sapindaceae,5421126
Patrinia hispida Bunge,"Bại tượng lông ráp, Địa hoa thái","Cao Bằng, Lạng Sơn. Mọc rải rác trên các bãi hoang, chân đồi, nơi nhiều cát",patrinia-hispida-bunge.txt,,,Valerianaceae,7820439
Sphaeranthus africanus L,"Cỏ chân vịt, Bò xít, Duyên giao, Cúc chân vịt, Cây trứng vịt","Hải Phòng, Bắc Ninh, Hà Tây, Hà Nội, Nam Định, Ninh Bình tới Đồng Tháp. Cây mọc tự nhiên trên các ruộng đất bạc màu, chua phèn, ở độ cao dưới 100 m",sphaeranthus-africanus-l.txt,,,Asteraceae,7729020
Cupressus duclouxiana Hickel,"Tùng mốc, Tùng ngấn",Nhập trồng làm cảnh ở Lâm Đồng (Đà Lạt).,cupressus-duclouxiana-hickel.txt,"Cupressus lusitanica auct. Non Mill.P. H. Hô, C. torulosa auct. Non D. DonHickel",Hoàng đàn – Cupressaceae,,2684044
Eriosema chinense Vogel,"Mao tử tàu, Củ đậu dại","Cây mọc tự nhiên, thường ở các rừng thưa, các savan, dọc đường đi trên đất cát từ vùng thấp tới vùng cao, phổ biến ở Việt Nam",eriosema-chinense-vogel.txt,,,Fabaceae,5348930
Freesia refracta (Jacq.) Klatt,Hương tuyết lan,Lâm Đồng (Đà Lạt),freesia-refracta-jacq-klatt.txt,,La đơn – Iridaceae,,2747084
Cephalanthus angustifolius Lour. – Cephalanthus stellatus Lour,"Vảy lá hẹp, Rì rì lớn Lá","Thừa Thiên Huế, Khánh Hòa. Cây mọc tự nhiên theo các rạch, suối",cephalanthus-angustifolius-lour.txt,,,Rubiaceae,2923933
Ligustrum sinense Lour,"Râm tàu, Lệch trung quốc","Bắc Bộ, Lâm Đồng (Bảo Lộc). Cây mọc tự nhiên rải rác trong rừng, ở độ cao dưới 2.000 m",ligustrum-sinense-lour.txt,,,Oleaceae,3172294
Dendrobium cariniferum Rchb.f,Rạng vàng,"Kon Tum, Lâm Đồng. Cây mọc tự nhiên, bám trên các cây gỗ lớn trong rừng, ở độ cao 1.400-1.500 m",dendrobium-cariniferum-reichb-f.txt,,,Orchidaceae,5317143
Lens culinaris Medik,Thiết đậu,"Cây nhập trồng ở Lâm Đồng (Đan Kia, Liang Bian).",lens-culinaris-medik.txt,"Ervum lens L., Lens esculenta Moench",,,3973001
Scleria levis Retz. – Họ Cói( Cyperaceae.),"Đưng láng, Cương láng","Lao Cai (Sa Pa), Tuyên Quang, Hải Dương, Ninh Bình, Nam Bộ. Cây mọc tự nhiên",scleria-levis-retz.txt,,,,2712752
Thunia alba (Lindl.) Rchb.f. – Phaius albus Lindl,"Hạc đính trắng, Lan bạch hạc","Hà Giang, Lâm Đồng, Đồng Nai. Cây mọc tự nhiên, phụ sinh hay địa sinh, rải rác trong rừng thưa, ở độ cao 600-1.500 m",thunia-alba-lindl-reichb-f.txt,,,Orchidaceae,2816952
Cyperus michelianus (L.) Delile – Scirpus michelianus L,Cói vảy xoắn,"Quảng Ninh, Hà Nội. Cây mọc tự nhiên ở vùng đồng bằng, trong các trảng cỏ",cyperus-michelianus-l-link.txt,,,Họ Cói (Cyperaceae),2714056
Holarrhena crassifolia Pierre ex Spire – H. curtisii King & Gamble,"Hồ liên, Mức hoa trắng nhỏ","Quảng Trị, Gia Lai, Bình Dương, Bà Rịa Vũng Tàu. Cây mọc tự nhiên ven rừng thưa, trảng cây bụi",holarrhena-crassifolia-pierre-ex-spire.txt,,,Apocynaceae,3621199
Trichosanthes tricuspidata Lour,"Lâu xác, cứt quạ lớn, Re to, Ổ quạ","Cao Bằng, Lạng Sơn, Hòa Bình. Cây mọc tự nhiên ở bìa rừng, ở các cao độ lên đến 1000 m",trichosanthes-tricuspidata-lour.txt,,Bầu Bí(Cucurbitaceae),,7317567
"Guioa diplopetala (Hassk.) Radlk. – Guioa cambodiana Pierre, Cupania diplopetala Hassk",Gùi da,Lâm Đồng (Bảo Lộc). Cây đặc hữu của Nam Việt Nam,guioa-diplopetala-hassk-radlk.txt,,,Sapindaceae,3787614
Aglaonema marantifolium Blume,Minh ty rằn,Trồng làm cảnh ở miền Nam Việt Nam.,aglaonema-marantifolium-blume.txt,,Ráy – Araceae,,2866415
Asclepias curassavica L,"Bông tai, Ngô thi",Nhập trồng và nay mọc hoang dại hóa ở nhiều nơi,asclepias-curassavica-l.txt,,Thiên lý – Asclepiadaceae,,3170241
Anoectochilus setaceus Blume – Anoectochilus roxburghii (Wall.) Wall. ex Lindl,"Cỏ nhung, Sứa hồng, Lan kim tuiyến","Yên Bái, Lao Cai, Vĩnh Phúc, Quảng Trị, Quảng Ngãi, Quảng Nam, Gia Lai, Lâm Đồng. Cây mọc tự nhiên dưới tán rừng kín, ẩm, ở độ cao 400-3.000 m",anoectochilus-setaceus-blume.txt,,,Họ Lan (Orchidaceae),5308550
Asarum caudigerum Hance,"Thổ tế tân, Biến hóa, Đỗ hành, Quán chì (H’Mông)","Hà Giang, Cao Bằng, Lai Châu. Cây mọc tự nhiên rải rác trong vùng núi đá vôi, ở độ cao 1000 – 1800m. Cây có nguồn gen hiếm (VU), đã đưa vào sách đỏ Việt Nam",asarum-caudigerum-hance.txt,,Mộc hương nam (Aristolochiaceae),,7313620
Sansevieria hyacinthoides (L.) Druce – Aloe hyacoithoides.; S. zeylanica (L.) Willd,"Hổ vĩ, Lưỡi cọp xanh, Hổ vĩ xám",Cây nhập trồng,sansevieria-hyacinthoides-l-druce.txt,,,Dracaenaceae,10754273
Avicennia marina (Forsk.) Vierh. var. rumphiana (Hall.f.) Bakh,Mắm vàng,"Kiên Giang (Hà Tiên), Cà Mau (Minh Hải). Cây mọc ở rừng sác, nơi nước mặn",avicennia-marina-forsk-vierh-var-rumphiana-hall-f-bakh.txt,,,Verbenaceae,2925403
Claoxylon longifolium (Blume) Endl. ex Hassk. – Erychrochilus longifolius Blume,Lộc mại lá dài,"Hà Giang, Bắc Kạn, Thái Nguyên, Hòa Bình, Thanh Hóa, Quảng Nam. Cây mọc tự nhiên dưới tán rừng, nơi đất nhiều mùn, ẩm, ở độ cao 100-500 m",claoxylon-longifolium-blume-endl-ex-hassk.txt,,,Euphorbiaceae,3060557
Alpinia breviligulata (Gagnep.) Gagnep,"Riềng lưỡi ngắn, Ngải hoang","Thanh Hoá, Quảng Trị, Thừa Thiên Huế. Cây mọc tự nhiên trong lùm bụi, ẩm vùng đồng bằng",alpinia-breviligulata-gagnep-gagnep.txt,,,Zingiberaceae,5302180
Ficus heterophylla L.f,"Ba ngạc, Tam ngũ gia bì, Vú bò, Ngưu nhũ mộc","Hà Tây, Thanh Hóa, Quảng Trị. Cây mọc tự nhiên rải rác quanh lùm bụi, nơi ẩm hoặc rừng ngập nước theo mùa",ficus-heterophylla-l-f.txt,,,Moraceae,8418037
"Tarenna asiatica (L.) Kuntze – Rondeletia asiatica L., T. zeylanica Gaertn.; Webera corymbosa Willd",Trén á châu,"Quảng Ninh, Hà Nội (Ba Vì), Hà Nam (Kiên Khê), Bà Rịa – Vũng Tàu. Cây bụi 1-3m, mọc tự nhiên dưới tán rừng thường xanh, ẩm",tarenna-asiatica-l-kuntze.txt,,,Rubiaceae,2896287
Myrica esculenta (Buch.-Hamrs ex Don) var. chevalieri (Dode) Phamh,"Thanh mai, Dâu rượu, Mác thé (Tày)","Lâm Đồng (Đà Lạt, Langbian, Dran). Cây mọc tự nhiên",myrica-esculenta-buch-hamrs-ex-don-var-chevalieri-dode-phamh.txt,,,Myricaceae,3745012
Tephrosia purpurea (L.) Pers. – Cracca purpurea L,"Cốt khí thân tím, Đoàn kiếm đỏ, Ve ve cái, Sơn thanh","Cây mọc tự nhiên và trồng làm phân xanh (cây nhập trồng, nguồn gốc ở Ấn Độ)",tephrosia-purpurea-l-pers-cracca-purpurea-l.txt,,,Đậu (Fabaceae),5342239
Alstonia macrophylla Wall. ex G. Don,"Sữa lá to, So đũa nước",Đảo Phú Quốc. Cây mọc tự nhiên ở ven rừng,alstonia-macrophylla-wall-ex-g-don.txt,,,Apocynaceae,5414411
Trachelospermum asiaticum (Sieb. et Zucc.) Nakai – Malouetia asiatica Sieb. et Zucc,Cổ quả cọng mảnh,"Phú Thọ, Lâm Đồng (Đức Trọng). Cây mọc tự nhiên.",trachelospermum-asiaticum-sieb-et-zucc-nakai.txt,,,Họ Trúc đào (Apocynaceae),7317060
Huperzia squarrosa (G. Forst.) Trevis,"Râu rồng, Chân sói, Thạch tùng vảy","Khá hẹp ở một số vùng núi thấp thuộc tỉnh Lào Cai, Hà Giang, Cao Bằng, Lạng Sơn. Cây sống bám trên cây gỗ, trên tảng đá ẩm, trong rừng rậm thường xanh, ở độ cao 800-1800 m.",huperzia-squarrosa-g-forst-trevis.txt,,,Lycopodiaceae,7383551
Tachypleus tridentatus Leach,Sam,,sam.txt,,"Thuộc ngành Chân khớp (Arthropoda), lớp Giáp cổ (Nerostoma)",,1010608
Hoya obovata var. kerrii (W. G. Craib) Costantin,Hoya kerrii Craib,Rải rác ở các tỉnh miền núi,hoya-kerrii-craib.txt,,Thiên lý – Asclepiadaceae,,3573959
Chirita pumila D. Don,Tai voi nhỏ,Lào Cai (Sa Pa). Cây mọc dưới tán rừng ở độ cao 1.000 – 2.500m,chirita-pumila-d-don.txt,,,Gesneriaceae,3823358
Myrmecodia tuberosa Jack – Myrmecodia armata DC,"Kỳ nam gai, Ổ kiến gai","Quảng Ngãi (Trà Bồng), Kon Tum, Gia Lai, Đắk Lắk. Cây phụ sinh trong rừng thưa, ở Bình Nguyên và Trung Nguyên",myrmecodia-tuberosa-jack.txt,,,Rubiaceae,2902953
Curculigo gracilis (Kurz) Wall. ex Hook.f. – Moliniera gracilis Kurz,"Tam lăng, Lòng thuyền","Lào Cai, Hà Tây, Thanh Hóa. Cây mọc tự nhiên dưới tán rừng",curculigo-gracilis-kurz-wall-ex-hook-f.txt,,,Hypoxidaceae,2852580
Gossypium herbaceum L,"Bông cỏ, Bông vải, Thảo miên",Cây trồng lấy sợi dệt vải. Nguồn gốc từ các nước nhiệt đới châu Á,gossypium-herbaceum-l.txt,,,Malvaceae,3152658
Mariscus umbellatus Vahl,Cói dù,Cây mọc tự nhiên khá phổ biến ở Việt Nam,mariscus-umbellatus-vahl.txt,,,Họ Cói (Cyperaceae),2714453
Litsea glutinosa (Lour.) C.B. Robins. – Sebifera glutinosa Lour,"Bời lời nhớt, Bời lời dầu, Sơn kê tiên, Nhớt mèo, Mò nhớt, Sàn cảo thụ, Mạy khảo khinh (Tày), Co khảo kheo (Thái)",Cây mọc tự nhiên rải rác ở hầu hết các tỉnh thành của Việt Nam. – Mùa hoa quảVI-VII; 8-12.,litsea-glutinosa-lour-c-b-robins-sebifera-glutinosa-lour.txt,,Long não (Lauraceae),,7304140
Desmodium diffusum DC. – Hedysarum diffusum Roxb. ex DC,"Thóc lép rải, Tràng quả trãi","Lào Cai (Sa Pa, Bắc Hà), Sơn La (Mộc Châu), Lạng Sơn (Đèo Sài Hồ), Hà Nội, Hòa Bình (Chợ Bờ). Cây mọc tự nhiên ở ven đường, trảng cỏ và cây bụi, ven rừng, ở độ cao tới 2000 m.",desmodium-diffusum-dc.txt,,,Fabaceae,10854344
Uraria lagopodioides (L.) Desv. – Hedysarum lagopodioides L,"Đuôi chồn, Đuôi chó, Co hàng ma, Huyên thảo chân thỏ, Đuôi chồn thân thỏ","Cây mọc tự nhiên trong các bãi cỏ hoang, trảng cỏ và cây bụi, ven rừng rậm thường xanh, trong rừng tre nứa, rừng thưa cây họ Dầu và rừng thông, ở độ cao tới 2000 m",uraria-lagopodioides-l-desv.txt,,,Fabaceae,2956550
Pyrus calleryana Decne,Mắc coọp,"Lào Cai, Lai Châu, Hà Giang. Cây mọc tự nhiên, còn được trồng",pyrus-calleryana-decne.txt,,Hoa hồng (Rosaceae),,5363119
Hydnophytum formicarum Jack,"Bí kỳ nam, Kỳ nam kiến, Củ tự nhiên","Thừa Thiên Huế (Nam Đông), Kon Tum, Gia Lai, Đắk Lắk, Đồng Nai, Bà Rịa – Vũng Tàu, Kiên Giang. Cây sống phụ sinh, thường gặp trong rừng ẩm thường xanh, rừng thứ sinh",hydnophytum-formicarum-jack.txt,,Cà Phê (Rubiaceae),,2895700
Suregada multiflora (A. Juss.) Baill. – Gelodium multiflorum A. Juss,"Nút áo, Kén, Cứt ngựa, Mần mây, Săng ớt, Cây cổ ngỗng","Vĩnh Phúc, Thanh Hoá tới Quảng Ngãi. Cây mọc tự nhiên trong rừng thường xanh hay trảng cây bụi, trên đất sa phiến thạch, ở độ cao 100-500 m",suregada-multiflora-a-juss-baill.txt,,,Euphorbiaceae,3054898
Scutellaria yunnanensis H.Lév,Thuẫn vân nam,Lào Cai (Sa Pa). Cây mọc tự nhiên,scutellaria-yunnaensis-levl.txt,,,Lamiaceae,7307981
Melia azedarach L,"Xoan, Sầu đông, Khổ luyện, Xoan trắng, Sầu đâu, Mạy riển (Tày)",Cây trồng khá phổ biến ở Việt Nam,melia-azedarach-l.txt,,,Meliaceae,5914287
Malvastrum coromandelinum (L.) Garcke – Malva coromandelina L,Hoàng manh,"Cây mọc tự nhiên nơi ẩm, rải rác khắp Việt Nam",malvastrum-coromandelinum-l-garcke.txt,,,Malvaceae,3152268
Pogostemon glaber Benth,"Tu hùng nhẵn, Hoắc hương nhẵn","Sơn La (Sông Mã). Cây mọc tự nhiên ở nơi sáng và ẩm trong rừng, ở độ cao trên 900 m",pogostemon-glaber-benth.txt,,,Lamiaceae,3900110
Artemisia japonica Thunb,"Ngải nhật, Mẫu cao, Co chả ao (Thái)","Lào Cai (Sa Pa), Lạng Sơn, Hoà Bình, Kon Tum, Lâm Đồng. Cây mọc tự nhiên ven rừng thưa trên núi đá granit, ở độ cao 300-1600 m",artemisia-japonica-thunb.txt,,,Asteraceae,3121058
"Alpinia galanga (L.) Willd. ( Maranta galanga L., Languas galanga (L.) Merr., Amomum medium Lour.)","Riềng nếp, Hồng đậu khấu, Sơn nại, Sơn khương tử",Cây trồng và mọc hoang ở nhiều nơi,alpinia-galanga-l-willd.txt,,Gừng – Zingiberaceae,,5302225
Indoroucheria griffthiana (Planch.) Hall.f.; Roucheria griffthianaPlanch,Vusa,"Bình Dương (Thủ Dầu Một), Đồng Nai (Biên Hoà), Thành phố Hồ Chí Minh. Cây mọc rải rác trong rừng, nơi ẩm.",indoroucheria-griffthiana-planch-hall-f.txt,,,Hugoniaceae,5833714
Lonicera hypoglauca Miq,Kim ngân mốc,"Bắc Kạn, Thái Nguyên, Phú Thọ, Hà Nội, Ninh Bình, Kon Tum. Cây mọc tự nhiên nơi ẩm ở ven rừng gần sông suối",lonicera-hypoglauca-miq.txt,,,Caprifoliaceae,7272715
Thunbergia eberhardtii Benoist,"Uy linh tiên, Cát đằng vàng",Cây mọc tự nhiên ở bìa rừng vùng núi cao ở Hoà Bình (Mai Hà),thunbergia-eberhardtii-benoist.txt,,,Acanthaceae,7791058
Habenaria ciliolaris (L.) Kraenzel,Hà biện lông,"Hải Phòng, Nghệ An, Hà Tây, Đắk Lắk. Cây mọc tự nhiên rải rác trong rừng, ở độ cao 200-500 m",habenaria-ciliolaris-l-kraenzel.txt,,,Orchidaceae,2829531
Amomum biﬂorum Jack – Cardamomum biﬂorum (Jack) Kuntze; Amomum elettarioides Baker,"Riềng hai hoa, Sa nhân hồi","Lai Châu, Sơn La, Ninh Bình. Cỏ cao đến 1 m, mọc tự nhiên dưới tán rừng ẩm, núi đá vôi. Còn được trồng ở một số nơi",amomum-biflorum-jack.txt,,,Zingiberaceae,
Cissus repens Lam,"Dây chìa vôi, Bạch phấn đằng, Bạch liễm, Hồ đằng, Vét phông, Khau lích (Tày)","Cao Bằng, Lạng Sơn, Ninh Bình, Lâm Đồng, Ninh Thuận. Cây mọc tự nhiên ở nơi ẩm ven rừng, ven suối",cissus-repens-lam.txt,,Nho (Vitaceae),,3039164
Miscanthus floridulus (Labill.) Warb. ex Schum. et Lauterb,Lô sáng,"Quảng Bình, Quảng Trị, Thừa Thiên Huế, Khánh Hòa, Lâm Đồng. Cây mọc tự nhiên ở ven đồi, ven sông suối, ven đầm, hồ, rừng thưa",miscanthus-floridulus-labill-warb-ex-schum-et-lauterb.txt,,,Poaceae,2706022
Uncaria laevigata Wall. ex G. Don,"Câu đằng bóng, Vuốt bóng","Cao Bằng, Thái Nguyên, Hòa Bình, Ninh Bình, Nghệ An. Cây mọc tự nhiên rải rác ven rừng",uncaria-laevigata-wall-ex-g-don.txt,,Cà Phê (Rubiaceae),,5338199
Dischidia major (Vahl) Merr. – Collysis major Vahl,"Trái mỏ quạ, Mộc tiền bầu, Mộc tiền to",Cây mọc tự nhiên trong rừng thưa ở các tỉnh phía Nam nước ta.,dischidia-major-vahl-merr.txt,,,Asclepiadaceae,3582258
"Alpinia malaccensis (Burm. f.) Rosc. ( Maranta malaccensis Burm. f., Languas malaccensis (Burm. f.) Merr., Catimbium malaccense (Burm. f.) Holtt.)","Riềng malacca, Mắc ca lông, Đậu khấu nam","Hà Giang, Cao Bằng, Lạng Sơn, Hà Nội (Ba Vì), Bà Rịa-Vũng Tàu",alpinia-malaccensis-burm-f-rosc.txt,,Gừng – Zingiberaceae,,5302216
Combretum sundaicum Miq,Sơn đa,"Kon Tum. Cây mọc tự nhiên, rải rác ven rừng, ở độ cao khoảng 250 m.",combretum-sundaicum-miq.txt,,,Combretaceae,3699706
Rhodamnia maideniana C. T. Weite,Sim rừng nhẵn,"Quảng Nam, Đà Nẵng, Thanh Hóa, Quảng Bình, Quảng Trị, Thừa Thiên Huế. Cây mọc tự nhiên trong rừng thứ sinh",rhodamnia-maideniana-c-t-weite.txt,,,Myrtaceae,3185980
Betula luminifera H.J.P.Winkl,Co lim,Cây mọc tự nhiên ở nhiều nơi,betula-luminifera-h-j-p-winkl.txt,,Cáng lò – Betulaceae,,5332182
Impatiens claviger Hook.f,Móng tai chìa,Cây mọc tự nhiên,impatiens-claviger-hook-f.txt,,,Balsaminaceae,7309696
Guettarda speciosa L,Lâm bòng,"Khánh Hòa, Bà Rịa Vũng Tàu, Kiên Giang. Cây mọc tự nhiên rải rác ở vùng cát ven biển",guettarda-speciosa-l.txt,,,Rubiaceae,2894828
Lindera aggregata (Sims) Kosterm. – Laurus aggregata Sims,"Ô dược, Dầu đắng, Sim rừng, Ô dước","Thừa Thiên Huế, Tây Nguyên. Cây mọc tự nhiên rải rác trong rừng thứ sinh, ở độ cao 200-1000 m",lindera-aggregata-sims-kosterm.txt,,,Lauraceae,7304587
Manglietia insignis (Wall.) Blume,Giổi đá,"Lai Châu (Tả Phình), Lào Cai (SaPa)",manglietia-insignis-wall-blume.txt,,Mộc lan – Magnoliaceae,,3153629
Trachyspermum roxburghianum (DC.) H. Wolff – Ptychotis roxburghiana DC,Khồm,"Cây trồng và mọc tự nhiên ở Lạng Sơn, Cao Bằng, Quảng Trị",trachyspermum-roxburghianum-dc-h-wolff.txt,,,Apiaceae,11442972
Muehlenbeckia platyclada (F.Muell. ex Hook.) Meisn,"Vương long tu, Lân bách, Trúc bách, Trúc tiết","Nam Định, Ninh Bình. Cây mọc tự nhiên ở rừng thưa, rừng còi ven biển",muehlenbeckia-platyclada-f-muell-ex-hook-meisn.txt,,,Polygonaceae,8160440
Elsholtzia rugulosa Hemsl,Kinh giới nhăn,"Lào Cai, Hà Giang. Cây mọc tự nhiên ở vùng núi cao từ 1.300 – 2.800m",elsholtzia-rugulosa-hemsl.txt,,,Lamiaceae,3899997
Bidens bipinnata L,"Cúc áo, Vạn thọ tây, Cỏ the, Nụ áo vàng, ích lép (Bana), Mạy nẩu slửa (Tày)","Sơn La, Lạng Sơn, Lâm Đồng. Cây mọc tự nhiên trên các trảng cỏ, ở độ cao 200-1500 m",bidens-bipinnata-l.txt,,Cúc (Asteraceae),,5389402
Torenia concolor Lindl,Tô liên cùng màu,"Vĩnh Phú, Nghệ An. Cây mọc tự nhiên nơi ẩm ven rừng, ven đường, bãi hoang, ở độ cao 300-1.800 m.",orenia-concolor-lindl.txt,,,Scrophulariaceae,7331731
Ficus glaberrima Blume,"Đa nhẵn, Đa rễ, Sung rễ","Hà Nội, Hòa Bình, Đồng Nai, Kiên Giang. Cây mọc tự nhiên rải rác trong rừng thường xanh hay rừng rụng lá, nơi sáng",ficus-glaberrima-blume.txt,,,Họ Dâu tằm (Moraceae),7733052
Artemisia vulgaris L,"Ngải cứu , Cây thuốc cứu, Ngải diệp, Quả sú (Hmông ), Nhả ngải (Tày), Ngỏi (Dao)","Cây mọc tự nhiên ở khắp nơi, từ miền núi trung du, đồng bằng từ Bắc Bộ đến Nam Bộ. Còn được trồng",artemisia-vulgaris-l.txt,,,Asteraceae,3120946
Tacca plantaginea (Hance) Drenth – Schizocapsa plantaginea Hance,"Hồi đầu thảo , Cỏ vùi đầu, Củ điền thất, Vạn bốc, Vùi sầu, Bơ pỉa mển (Thái), Mằn tảo láy, Hổi thẩu (Tày), Thủy điền thất","Cao Bằng, Lạng Sơn, Hòa Bình, Ninh Bình, Thanh Hóa, Nghệ An, Thừa Thiên Huế (Nam Đông). Cây mọc tự nhiên gần nước dọc các suối vùng núi",tacca-plantaginea-hance-drenth.txt,,,Taccaceae,2755849
Polygala karensium Kurz,Ba kích lùn,"Kon Tum (Đắk Glei), Khánh Hòa (Nha Trang). Cây mọc tự nhiên rải rác trong rừng, ở độ cao tới 1.500 m",polygala-karensium-kurz.txt,,,Polygalaceae,7293419
Asplenium polyodon G. Forst. – A. falcatum Lam,"Ráng phẳng, Tổ điểu nhiều răng","Quảng Nam, Đà Nẵng, Khánh Hoà, Côn Đảo. Cây mọc tự nhiên bám trên thân cây gỗ trong rừng.",asplenium-polyodon-g-forst.txt,,,Aspleniaceae,2650600
Chloranthus japonicus Sieb,"Sói nhật, Hom sam mường (Thái), Kim túc lan, Tứ khôi ngoã","Vĩnh Phúc (Tam Đảo), Kon Tum (Măng Giang), Gia Lai, Lâm Đồng (Đà Lạt). Cây mọc tự nhiên trong rừng thường xanh",chloranthus-japonicus-sieb.txt,,,Chloranthaceae,3750475
Drynaria bonii H. Christ,"Tắc kè đá, Cốt toái bổ","Rất rộng. Lào Cai, Cao Bằng, Quảng Bình, Quảng Trị, Thừa Thiên Huế. Cây mọc tự nhiên, thường bám trên đá, chủ yếu đá vôi, đôi khi trên cây gỗ trong rừng rậm thường xanh, nửa rụng lá và rụng lá",drynaria-bonii-h-christ.txt,,,Polypodiaceae,4025506
Canthium parvifolium Roxb. – Canthium horridum Benth,"Găng cơm, Găng lá nhỏ, Cẩm xà lặc, Găng cốm, Găng hoa nhỏ, Căng cườm, Nam càng","Quảng Trị, Thừa Thiên Huế, Quảng Nam, Đà Nẵng, Khánh Hòa, Đồng Nai. Cây mọc tự nhiên ở ven rừng, bãi hoang, thường dựa biển",canthium-parvifolium-roxb.txt,,,Rubiaceae,2917463
Indigofera galegoides DC,"Xà chàm, Chàm phụng, Chàm lá nhỏ, Chàm dại","Từ Cao Bằng, Lạng Sơn tới Đồng Nai, An Giang. Cây mọc tự nhiên trong các rừng thưa, đất trống",indigofera-galegoides-dc.txt,,,Fabaceae,2971494
Osmunda cinnamomea L,Tử ky hai dạng lá; Ráng ất minh quế,"Khá hẹp, chỉ mới gặp ở một số vùng núi thấp của Điện Biên (Điện Biên), Yên Bái (Phù Yên), Gia Lai (M ang Yang) và Lâm Đồng (Đà Lạt, núi Lang Bian, núi Bì Đúp).",osmunda-cinnamomea-l.txt,,Ráng ất minh – Osmundaceae,,7319895
Maesa montana A. DC,"Đơn núi, Hoàng dược, Hoàng dược tử","Lai Châu, Lào Cai, Sơn La, Hà Giang, Hà Nội (Ba Vì), Kon Tum, Gia Lai. Cây mọc tự nhiên trong rừng hỗn giao, ở độ cao 600-2000 m",maesa-montana-a-dc.txt,,,Myrsinaceae,7330858
Actephila albidula Gagnep,Háo duyên tái,"Bà Rịa Vũng Tàu. Cây mọc tự nhiên trên đất cuội kết, ở độ cao dưới 100 m. Loài đặc hữu của Việt Nam.",actephila-albidula-gagnep.txt,,,Euphorbiaceae,3079949
Elaeocarpus petiolatus (Jack) Wall,Côm có cuống dài,Từ Lào Cai đến Phú Quốc. Cây mọc tự nhiên trong rừng thưa,elaeocarpus-petiolatus-jack-wall.txt,,,Họ Côm (Elaeocarpaceae),7851195
Clausena harmandiana (Pierre) Pierre ex Guilaum. – Glycosmis harmandiana Pierre,Giối harmand,"Vĩnh Phúc (Tam Đảo), Hoà Bình, Thừa Thiên Huế",clausena-harmandiana-pierre-pierre-ex-guilaum.txt,,,Rutaceae,3836925
Ostryopsis davidiana Decne,Dầu nóng,"Tây Nguyên. Cây mọc tự nhiên vùng núi cao, ở độ cao 2200 m",ostryopsis-davidiana-decne.txt,,Cáng lò (Betulaceae),,2876094
Catharanthus roseus (L.) G. Don – Vinca rosea L,Dừa cạn,"Than Hoá, Nghệ An, Hà Tĩnh, Thừa Thiên Huế, Khánh Hoà. Cây mọc tự nhiên bãi cát ven biển",catharanthus-roseus-l-g-don.txt,,Trúc Đào (Apocynaceae),,3169830
Pycnospora lutescens (Poir.) Schindl. – Hedysarum lutescens Poir,"Quần châu, Đậu nhiều hạt","Hà Giang, Tuyên Quang, Lâm Đồng. Cây mọc tự nhiên nơi ẩm, lầy dựa đường, ở độ cao tới 2000 m.",pycnospora-lutescens-poir-schindl.txt,,,Fabaceae,2984241
Pometia pinnata Forst. & Forst.f,"Trường mật, Trường, Bầu mít","Lạng Sơn, Sơn La, Tuyên Quang. Cây mọc tự nhiên trong rừng nửa rụng lá, nơi ẩm nhưng thoát nước như chân núi đá vôi",pometia-pinnata-forst-forst-f.txt,,,Sapindaceae,5577338
Bambusa textilis Mc Clure,Tre sợi,Bắc Bộ Việt Nam. Cây mọc tự nhiên.,bambusa-textilis-mc-clure.txt,,,Poaceae,2705761
Ventilago leiocarpa Benth,"Dây cốt khí, Thanh cân đằng, Dực hạch quả","Thái Nguyên, Hoà Bình, Quảng Trị. Cây mọc rải rác trong rừng thứ sinh, trên các trảng cây bụi",ventilago-leiocarpa-benth.txt,,,Họ Táo ta (Rhamnaceae),7274033
Taxillus parasitica (L.) Ban – Scurrula parasitica L,"Tang ký sinh, Tầm gửi chùy","Lao Cai, Quảng Ninh. Cây bụi, ban ký sinh trên dâu và các cây thân gỗ, ở mọi độ cao tới 1500 m.",taxillus-parasitica-l-ban.txt,,,Loranthaceae,7287927
Maclura fruticosa (Roxb.) Corn. – Batis fruticosa Roxb,"Mỏ quạ bụi, Vàng lồ bụi, Thóc ma","Lạng Sơn, Bắc Giang. Cây mọc tự nhiên vùng núi đá vôi",maclura-fruticosa-roxb-corn.txt,,,Moraceae,3764318
Polygonum persicaria L,Nghể bun,"Lạng Sơn (Mẫu Sơn), Nam Bộ. Cây mọc tự nhiên nơi ẩm ven rừng, ven suối, bờ mương rạch, ao hồ, ruộng hoang",polygonum-persicaria-l.txt,,,Polygonaceae,6391194
Prunella vulgaris L,Hạ khô thảo,"Lào Cai (Sa Pa, Bắc Hà), Hà Giang (Đồng Văn, Quản Bạ), Vĩnh Phú (Tam Đảo). Cây mọc tự nhiên ở nơi sáng và ẩm, ở độ cao trên 600 m",prunella-vulgaris-l.txt,,,Lamiaceae,5341297
Clematis chinensis Osbeck – C. sinensis Lour,"Dây mộc thông, Dây ruột gà","Cao Bằng, Ninh Bình, Quảng Bình, Quảng Trị, Thừa Thiên Huế. Cây mọc tự nhiên rải rác trong rừng thứ sinh, trên các savan, lùm bụi, ở độ cao dưới 300m",clematis-chinensis-retz-c-sinensis-lour.txt,,,Họ Mao lương (Ranunculaceae),7474713
Leucas ciliata Benth,Bạch thiệt lông,"Lào Cai (Sa Pa), Hà Giang (Đồng Văn). Cây mọc tự nhiên ở độ cao 500-2000m",leucas-ciliata-benth-in-wall.txt,,Hoa môi (Lamiaceae),,7307251
Bischofia javanica Blume,"Nhội , Trọng dương mộc, Xích mộc, Quả cơm nguội, Bích hợp, Mạy phát (Tày), Bi puông điặng (Dao)","Cây mọc tự nhiên, còn được trồng trong các Thành phố",bischofia-javanica-blume.txt,,,Euphorbiaceae,5383085
Rubus multibracteatus Le’vl. et Vant,"Ngấy nhiều lá bắc, Re sum","Lào Cai, Kon Tum. Cây mọc tự nhiên rải rác ven rừng, ở độ cao 600-2.000 m",rubus-multibracteatus-levl-et-vant.txt,,,Rosaceae,2998645
Dendrobium crumenatum Sw,Tuyết mai,"Lào Cai (Bát Xát, Sa Pa) và các tỉnh Tây Nguyên. Cây mọc tự nhiên, bám trên cây gỗ lớn trong rừng, ở độ cao 100-1.300 m.",dendrobium-crumenatum-sw.txt,,,Orchidaceae,5316744
Embelia scandens (Lour.) Mez – Calispermum scandens Lour,Rè leo,"Lào Cai, Sơn La, Hà Nội, Ninh Bình, Khánh Hòa, Đắk Lắk, Ninh Thuận. Cây mọc tự nhiên trong rừng hỗn giao, ở độ cao 200-900 m",embelia-scandens-lour-mez-calispermum-scandens-lour.txt,,,Myrsinaceae,3719802
Polygala fallax Hemsl. – Polygala aureocauda Dunn,"Bổ béo tía, Thiết đả sở, Viễn chí bắc bộ, Bạch mã thai, Hoàng hoa sâm, Thì tà xu (Hmông), Kê tử thụ","Lào Cai, Hà Giang, Tuyên Quang, Thái Nguyên, Vĩnh Phúc. Cây mọc tự nhiên rải rác trong rừng thưa, ở độ cao 1.200-1.500 m",polygala-aureocauda-dunn.txt,,Viễn chí (Polygalaceae),,
Calamus salicifolius Becc,"Mây tất, Mây lá liễu",Cây mọc phổ biến ở các rừng thưa Nam bộ,calamus-salicifolius-becc.txt,,,Arecaceae,5294393
Trapa natans L. var. pumila Nakno,Củ ấu nước,"Hà Nội, Quảng Trị, Thừa Thiên Huế, Quảng Nam.",trapa-natans-l-var-pumila-nakno.txt,,,Ấu (Trapaceae),3188757
Livistona saribus (Lour.) Merr. ex A. Chev. – L. cochinchinensis (Blume) Mart,"Cọ, Kè đỏ, Mật cật, Lá gồi, Cọ khuông",Cây trồng vùng trung duPhú Thọ và Tuyên Quang,livistona-saribus-lour-merr-ex-a-chev.txt,,,Họ Cau dừa (Arecaceae),2733400
Carex phacota Spreng,"Kiết gié dài, Cói túi gié dài","Bắc Giang, Hoà Bình, Ninh Bình. Cây mọc tự nhiên ở vùng núi, trong rừng, ở độ cao tới 700 m",carex-phacota-spreng.txt,,,Cyperaceae,2729549
Dalbergia candenatensis (Dennst.) Prain – Cassia candentensis Dennst,"Me nước, Trắc một hột, Dây cổ rùa","Quảng Nam, Đà Nẵng, Phú Quốc. Cây mọc tự nhiên trong rừng ngập mặn và rừng chịu ảnh hưởng của thủy triều, cũng gặp trong rừng núi đất",dalbergia-candenatensis-dennst-prain.txt,,,Fabaceae,2968466
Elaeocarpus angustifolius Blume,Côm lá hẹp,"Hải Dương (Hoàng Hoa Thám – Chí Linh). Cây mọc tự nhiên dựa nước vùng núi, ở độ cao dưới 800 m",elaeocarpus-angustifolius-blume.txt,,,Họ Côm (Elaeocarpaceae),7426040
Garcinia nigrolineata Planch. ex T. Anderson,Bứa lằn đen,Miền Trung. Cây mọc tự nhiên.,garcinia-nigrolineata-planch-ex-t-and.txt,,,Clusiaceae,3713521
Ixeris debilis A. Gray,"Cúc đắng, Thảo cúc lá thìa","Lai Châu, Sơn La, Hà Giang. Cây mọc tự nhiên ở bờ nương ẩm, ở độ cao 600-1800 m",ixeris-debilis-a-gray.txt,,Cúc (Asteraceae),,3115579
Rumex acetosella L,"Chút chít chua, Toan thảo, Bó xôi","Lào Cai (Sa Pa), Lâm Đồng (Đà Lạt). Cây mọc tự nhiên dọc đường đi, còn được trồng làm rau ăn sống",rumex-acetosella-l.txt,,,Polygonaceae,2888995
Ixora cocinea L. – Ixora montana Lour,"Đơn đỏ, Mẫu đơn, Bông trang đỏ, Trang son","Cây mọc tự nhiên trên đồi cây bụi, trên đất nghèo khá phổ biến ở Việt Nam",ixora-cocinea-l.txt,,,Rubiaceae,8793122
Swertia pulchella Buch.-Ham. ex D. Don – S. angustifolia var. pulchella Buch.-Ham. ex D. Don,"Hoạt đẹp, Rau răng hoẵng đẹp","Cây mọc tự nhiên ở Lạc Dương, Langbian, Bảo Lộc, Lâm Đồng",swertia-puchella-d-don-buch-ham-ex-d-don.txt,,,Gentianaceae,5596405
Inula cappa (Buch.-Ham. ex D. Don) DC. – Conyza cappa Buch.-Ham. ex D.Don,Cúc hoa xoắn,"Lào Cai, Lai Châu, Sơn La (Mường La, Thuận Châu, Sông Mã), Cao Bằng, Lạng Sơn, Lâm Đồng, Gia Lai. Cây mọc tự nhiên trên các trảng cỏ, ở độ cao 400-1500 m",inula-cappa-buch-ham-ex-d-don-dc.txt,,,Họ Cúc (Asteraceae),8661547
Baccaurea ramiflora Lour,"Giâu gia, Mạy fầy (Tày)","Cây mọc tự nhiên dưới tán rừng dọc theo khe suối, trên đất laterit, ở độ cao 100-1.300 m, phổ biến ở khắp Việt Nam. Còn được trồng để lấy quả ăn",baccaurea-ramiflora-lour.txt,,,Euphorbiaceae,3082142
Ficus hirta Vahl var. roxburghii (Miq.) King,"Vú bò lông, Ngoã khỉ, Ngái khỉ","Bắc Giang, Sơn La, Hoà Bình. Cây mọc tự nhiên ở rừng thứ sinh và trong các trảng ẩm, lầy",ficus-hirta-vahl-var-roxburghii-miq-king.txt,,,Moraceae,8715736
Polyalthia cerasoides (Roxb.) Bedd,"Nhọc, Nóc, Ran, Quần đầu quả tròn","Lạng Sơn (Hữu Lũng), Nghệ An (Vinh), Thừa Thiên-Huế, Khánh Hòa. Cây mọc tự nhiên rải rác trong rừng, ven rừng, ở độ cao dưới 700 m",polyalthia-cerasoides-roxb-bedd.txt,,,Annonaceae,7891136
Schefﬂera hoi (Dunn) R. Vig. var. fantsipanensis (Bui) C.B.Shang. – S. fantsipanensis Bui,"Chân chim phansipan, Có tang quặt (Thái)","Lào Cai (Sa PaPhansipan), Nghệ An (Quế Phong). Cây mọc tự nhiên rải rác trong rừng ở độ cao 1500 – 2500m",schefﬂera-hoi-dunn-r-vig-var-fantsipanensis-bui-c-b-shang.txt,,,Araliaceae,
Manglietia duclouxii Finet & Gagnep,Mơ hoa đỏ,"Lào Cai (Sa Pa), Kon Tum (Đắk Glei, Ngọc Linh), Lâm Đồng (Đà Lạt)",manglietia-duclouxii-finet-gagnep.txt,,Ngọc lan – Magnoliaceae,,3152920
Balanophora abbreviata Blume,Dương đài ngắn,"Ninh Bình (Cúc Phương), Quảng Nam (Tây Giang). Cây ký sinh trên rễ, rải rác trong rừng nguyên sinh",balanophora-abbreviata-blume.txt,,,Balanophoraceae,4195229
Tetrastigma planicaule (Hook. f.) Gagnep. – Vitis planicaulis Hook.f.-,Dây quai ba lô,"Lào Cai, Quảng Ninh, Quảng Trị. Cây mọc rải rác trong rừng rậm",tetrastigma-planicaule-hook-f-gagnep-vitis-planicaulis-hook-f.txt,,,Họ Nho (Vitaceae),5659275
Amomum xanthioides Wall. – A. villosum var. xanthioides (Wall. et Baker) T.L. Wu & S.J. Chen,"Sa nhân ké, Sa nhân mật, Co néng (Tày), Co nẻng (Thái)",Mọc tự nhiên và được trồng ở Miền Bắc và Miền Trung Việt Nam,amomum-xanthioides-wall.txt,,,Zingiberaceae,8093158
Aristolochia dongnaiensis Pierre ex Lecomte,Sơn địch đồng nai,Đồng Nai (Biên Hoà). Cây mọc tự nhiên rải rác trong rừng thưa.,aristolochia-dongnaiensis-pierre-ex-lecomte.txt,,,Aristolochiaceae,3589676
Periploca calophylla (Wight) Falc. – Streptocaulon calophyllum Wight,"Thanh xà, Chu đằng lá đẹp",Lào Cai Sa Pa. Dây leo mọc tự nhiên ở ven rừng vùng núi cao,periploca-calophylla-wight-falc.txt,,,Asclepiadaceae,6022628
Tetrameles nudiflora R. Br,"Thung, Đăng, Búng","Bắc Cạn, Cao Bằng, Lạng Sơn, Hoà Bình. Cây mọc tự nhiên trong rừng thường xanh hay rụng lá, ở độ cao dưới 800 m",tetrameles-nudiflora-r-br-in-benn.txt,,,Datiscaceae,4205817
Adenosma caeruleum R. Br. – Adenosma glutinosum (L.) Druce var. caeruleum (R. Br.) Tsoong,Nhân trần,"Cây mọc tự nhiên, phổ biến ở vùng rừng trung du và vùng núi thấp của nước ta",adenosma-caeruleum-r-br.txt,,Hoa mõm chó (Scrophulariaceae),,8081748
Symplocos lancifolia Sieb. et Zucc,Dung lá thon,"Cao Bằng, Lạng Sơn, Quảng Ninh. Cây mọc tự nhiên trên đồi cây thưa, ở độ cao 200-2.000 m",symplocos-lancifolia-sieb-et-zucc.txt,,Dung (Symplocaceae),,7318867
Gmelina arborea Roxb,"Lõi thọ, Tu hú gỗ","Sơn La (Sông Mã, Mộc Châu), Quảng Bình. Cây mọc tự nhiên, rải rác trong rừng thứ sinh, ở độ cao 100-1.000 m",gmelina-arborea-roxb.txt,,,Verbenaceae,5341167
Ficus drupacea Thunb,"Đa hạch, Song hạch, Đa lông","Hoà Bình, Hà Nội, Hà Nam, Quảng Trị, Bình Dương, Bà Rịa Vũng Tàu, Kiên Giang. Cây mọc tự nhiên, rải rác ven rừng, dọc bờ sông suối; còn được trồng.",ficus-drupacea-thunb.txt,,,Họ Dâu tằm (Moraceae),5361914
Aquilaria sinensis (Lour.) Spreng. – Ophispermum sinensis Lour,"Bạch mộc hương, Thổ trầm hương, Trầm giả","Tuyên Quang, Sơn La. Cây mọc tự nhiên trong rừng rậm thường xanh.",aquilaria-sinensis-lour-gilg.txt,,,Thymelaeaceae,5523984
Sanicula orthacantha Morre,Sanh cần gai ngay,"Lào Cai (Sa Pa), Sơn La (Mộc Châu). Cây mọc tự nhiên, rải rác trong rừng, nơi ẩm và sáng",sanicula-orthacantha-morre.txt,,,Apiaceae,6027090
Ampelocissus arachnoidea Planch,"Hổ nho nhện, Nho rừng","Khánh Hòa, Ninh Thuận, Kiên Giang. Cây mọc tự nhiên ở ven rừng",ampelocissus-arachnoidea-planch-in-dc.txt,,,Vitaceae,4054310
Allium odorum L. – Allium tuberosum Roxb,Hẹ,Cây trồng,allium-odorum-l.txt,,,Alliaceae,9067948
Cannabis sativa L,"Gai mèo, Gai dầu , Đại ma, Kham sua (Tày), Co phai meo (Thái), Lanh mèo",Cây trồng ở các tỉnh miền núi phía Bắc nước ta,cannabis-sativa.txt,,,Canabaceae,5361880
Artemisia carvifolia Buch.-Ham. ex Roxb. – A. apiacea Hance,Thanh cao ngô,"Lạng Sơn, Hà Nội, Hòa Bình, Hưng Yên, Thái Bình, Nam Định, Ninh Bình. Cây mọc tự nhiên ở bãi sông và bờ ruộng, còn được trồng",artemisia-carvifolia-buch.txt,,,Asteraceae,4230571
Bauhinia touranensis Gagnep,"Móng bò đà nẵng, Làu máu, Móng bò hoa chanh","Lai Châu, Lào Cai (Sa Pa, Bát Xát), Hà Giang, Đà Nẵng, Lâm Đồng. Cây mọc tự nhiên ở lùm bụi ven đường, ven rừng, trảng cây bụi",bauhinia-touranensis-gagnep.txt,,,Caesalpiniaceae,10803209
Hemigraphis glaucescens C. B. Clarke,Bán tự mốc,Nam Bộ Việt Nam,hemigraphis-glaucescens-c-b-clarke.txt,,Ô rô – Acanthaceae,,3780730
Cleistanthus sumatranus (Miq.) Muell.-Arg. – Leiopyxis sumatrana Miq,"Song de, Ma ranh","Từ Lạng Sơn đến Kiên Giang. Cây chịu bóng, mọc tự nhiên dưới tán rừng thường xanh, trên đất đá vôi, ở độ cao 100-700 m.",cleistanthus-sumatranus-miq-muell-arg.txt,,,Euphorbiaceae,3081665
Petunia hybrida Hort. ex Vilmor,Dã yên,Lao Cai (Sa Pa). Cây nhập trồng,petunia-hybrida-hort-ex-vilmor.txt,,,Họ Cà (Solanaceae),2928859
Brucea mollis Wall. ex Kurz,"Cây cứt chuột, Co đi mi (Thái), Cây răng dẻ, Sầu đâu rừng, Khổ sâm mềm","Lạng Sơn, Cao Bằng, Lao Cai, Kon Tum, Lâm Đồng. Cây mọc tự nhiên, rải rác trong rừng, ở độ cao 1.200-1.700 m",brucea-mollis-wall-ex-kurz.txt,,,Simarubaceae,7384826
Glochidion eriocarpum Champ,"Chè bọt, Diện mật khuôn","Lào Cai, Tuyên Quang, Quảng Ninh, Ninh Bình, Kon Tum. Cây mọc tự nhiên trong rừng thường xanh hay rụng lá, ở độ cao 100-500 m",glochidion-eriocarpum-champ.txt,,,Euphorbiaceae,3080301
Barleria cristata L,Hoa chông,"Cây mọc tự nhiên, còn được trồng làm cảnh",barleria-cristata-l.txt,,,Acanthaceae,3173128
Kyllinga nemoralis ( Forst. et Forst.f.) Dandy ex Hutch et Dalz. – Thryocephalon nemorale Forst. & Forst,Bạc đầu rừng,Cây mọc tự nhiên,kyllinga-nemoralis-forst-et-forst.txt,,,Cyperaceae,9452699
Capparis henryi Matsum,"Cáp henry, Chứa hắm ngứa (Thái)","Nghệ An (Quế Phong), dọc sông Đồng Nai. Cây mọc tự nhiên",capparis-henryi-matsum.txt,,,Capparaceae,5602188
Fissistigma bracteolatum Chatt,"Lãnh công nhiều lá bắc, Cách thư lá hoa","Lạng Sơn (Đồng Mỏ), Vĩnh Phúc (Tam Đảo), Ninh Bình (Cúc Phương). Cây mọc tự nhiên rải rác trong rừng nguyên sinh, nơi sáng, ở độ cao 300-1200 m",fissistigma-bracteolatum-chatt.txt,,,Annonaceae,3157393
Calocedrus macrolepis Kurz,"Bách xanh, Tùng hương , Pơ mu giả","Hà Nội (Ba Vì), Thanh Hóa (Lũng Văn), Hà Giang (Quản Bạ), Quảng Trị. Cây mọc tự nhiên, thường mọc trên đỉnh hay các đường đỉnh núi, hoặc hai bên suối trên đất phong hóa. Cây đã được ghi vào Sách Đỏ Việt Nam",calocedrus-macrolepis-kurz.txt,,,Cupressaceae,2683942
Limacia scandens Lour,Dây Mề gà,"Đà Nẵng, Kon Tum, Tây Ninh, Bình Phước. Cây mọc tự nhiên rải rác ven rừng",limacia-scandens-lour.txt,,Tiết dê (Menispermaceae),,5592834
Annona reticulata L,Bình bát,Trồng lấy quả ở Miền Nam Việt Nam. Nguồn gốc từ vùng Tây Ấn,annona-reticulata-l.txt,,Na (Annonaceae),,5407123
Cordia dichotoma Forst.f,"Thiên đầu thống, Trường xuyên hoa, Ong bầu, Tâm mộc","Lao Cai. Cây mọc tự nhiên ở nhiều nơi, còn được trồng",cordia-dichotoma-forst-f.txt,,,Boraginaceae,5341270
Ixeris chinensis (Thunb.) Nakai – Prenanthoides chinensis Thunb,"Rau diếp đắng núi, Thảo cúc, Rau đắng","Lai Châu, Lào Cai, Sơn La, Hà Giang, Cao Bằng, Lạng Sơn, Hòa Bình. Cây mọc tự nhiên ở ven suối đất, ở độ cao 300-1800 m.",ixeris-chinensis-thunb-nakai.txt,,,Asteraceae,8151301
Pseuderanthemum palatiferum (Nees) Radlk,"Xuân hoa, Hoàn ngọc","Ninh Bình (Cúc Phương). Cây mọc tự nhiên dưới tán rừng, còn được trồng trong vườn gia đình",pseuderanthemum-palatiferum-nees-radlk.txt,,,Acanthaceae,3772966
Dioscorea composita Hemsl,Từ mê hi cô,Cây nhập trồng.,dioscorea-composita-hemsl.txt,,,Dioscoreaceae,2755005
Phyllanthus emblica L,"Me rừng, Chùm ruột núi, Mận rừng, Cam lam, Trám rừng, Chùm ruột rừng, Me quả tròn, Mắc kham, Mạy kham (Tày), Diều cam (Dao), Xi xa liên (Kho)","Lào Cai, Hà Giang, Tuyên Quang, Sơn La, Quảng Trị, Thừa Thiên Huế, Đắk Lắk, Lâm Đồng. Cây hạn sinh, mọc tự nhiên ở các trảng cây bụi dưới rừng thưa rụng lá, đồi trọc, trên đất sa phiến thạch ở độ cao 100-500 m ở Việt Nam",phyllanthus-emblica-l.txt,,,Euphorbiaceae,5381660
Aglaia pleuropteris Pierre,"Ngâu rừng, Ngâu cánh","Đồng Nai, Vũng Tàu. Cây mọc tự nhiên trong rừng thưa, rừng tre nứa",aglaia-pleuropteris-pierre.txt,,,Meliaceae,5597286
Agrimonia pilosa Ledel,"Long nha thảo, Tiên hạc thảo","Lào Cai, Cao Bằng, Vĩnh Phú, Hà Giang, Hoà Bình, Sơn La. Cây mọc tự nhiên ở độ cao 400 – 1500m",agrimonia-pilosa-ledel.txt,,,Rosaceae,3002003
Murdannia divergens (C.B.Clarke) Bruckn. – Aneilema divergens C.B.Clarke,"Trai rẽ, Trúc diệp lan","Lâm Đồng, các tỉnh Nam bộ. Cây mọc tự nhiên dưới tán rừng.",murdannia-divergens-c-b-clarke-bruckn.txt,,,Commelinaceae,2764572
Artemisia indica Willd,Ngải ấn độ,"Lai Châu, Lào Cai, Hoà Bình, Vĩnh Phúc. Cây mọc tự nhiên trên các trảng cỏ và bãi ven rừng thưa, ở độ cao 500-800 m.",artemisia-indica-willd.txt,,,Asteraceae,3120972
Fistulina hepatica (Schaeff.Fr.)Fr,"Nấm lưỡi bò, Nấm gan","Quảng Trị (Đông Hà), Lâm Đồng (Lang Bian).",fistulina-hepatica-schaeff-fr-fr.txt,,Nấm lưỡi bò – Fistulinaceae,,2531012
Peliosanthes teta Andr,"Sâm đất tím, Sâm mây","Lai Châu, Sơn La, Quảng Ninh, Thanh Hoá, Lâm Đồng, Ninh Thuận. Cây mọc tự nhiên ở rừng thường xanh",peliosanthes-teta-andr.txt,,,Convallariaceae,2774071
Paraboea sinensis (Oliv.) Burtt,"Ngạc cự đài, Song bế trung quốc, Diệp bế trung quốc","Lào Cai (Sa Pa), Bắc Giang, Hà Nội (Ba Vì), Hòa Bình, Hà Nam (Làng Mat), Kiên Giang (Hà Tiên)",paraboea-sinensis-oliv-burtt.txt,"Phylloboea sinensis Oliv., Chlamydoboea sinensis (Oliv.) Stapf",Tai voi – Gesneriaceae,,6365575
Dalbergia volubilis Roxb,"Đằng trườn, Trắc leo, Huê mộc","Quảng Bình, Quảng Trị, Thừa Thiên Huế, Kon Tum. Cây mọc tự nhiên trong rừng hỗn giao rụng lá, ở độ cao 200-700 m",dalbergia-volubilis-roxb.txt,,Đậu (Fabaceae),,2968408
Celastrus stylosus Wall. var. loeseneri (Rehd. et Wills.) Loes. Họ Dây gối (Celastraceae),Dây gối vòi,"Lao Cai (Sa Pa), Lai Châu (Tả Phình). Cây mọc tự nhiên ở độ cao 1500 m.",celastrus-stylosus-wall-var-loeseneri-rehd-et-wills-loes.txt,,,,7265509
Tiliacora triandra (Colebr.) Diels,Dây xanh,"Nghệ An, Tây Ninh, Đồng Nai. Cây mọc tự nhiên, thường gặp trên núi đá vôi, độ cao dưới 300 m",tiliacora-triandra-colebr-diels.html?wpsc_do=regen_cache&nonce=1308612827605f04f548ce8.txt,,Tiết dê (Menispermaceae),,3831076
Goniothalamus tamirensis Pierre ex Finet & Gagnep,Giác đế miên,"Nghệ An (Quỳ Châu), Thừa Thiên- Huế, Đà Nẵng (Liên Chiểu), Khánh Hòa, Đắc Lắc,. Cây bụi mọc rải rác trong rừng nguyên sinh",goniotholamus-tamirensis-pierre-ex-fin-gagnep.txt,,,,3154631
Enicosanthella petelotii (Merr.) Ban,Nhọc trái khớp lá mác,,enicosanthella-petelotii-merr-ban.txt,,"Na (Annonaceae) Cập nhật01/07/2019 ★ ★ ★ ★ ★ ★ 0.0 - 0 đánh giá Chia sẻ Chia sẻ Cây thuốc khác Luffa cylindrica (L.) M. Roem Oberonia mucronata (D. Don) Ornerod & Seidenf. Dipterocarpus hasseltii Blume Aglaonema macrantifolium Blume Bình luận Câu hỏi của bạn Hủy X Bạn vui lòng điền thêm thông tin! Chọn tệp (Allowed file typesjpg, png , maximum file size100MB. Cây thuốc được quan tâm Ampelopsis cantoniensis (Hook. et Arn.) Planch. Chữa sưng vú (Lá giã đắp). Đau dạ dày hành tá tràng (Cành lá... Curculigo orchioides Gaertn",,3154692
Jasminum sambac (L.) Ait. – Nyctanthes sambac L,"Hoa nhài, Bông lài, Mạt lị",Cây trồng,jasminum-sambac-l-ait.txt,,,Oleaceae,7587215
Bulbostylis densa (Wall.) Hand.-Mazz. – Scirpus densus Wall,Bờm râu,"Lào Cai (Sa Pa), Nam Định và các tỉnh Miền Nam. Cây mọc tự nhiên trong các trảng cỏ, nơi ẩm ướt",bulbostylis-densa-wall-hand-mazz-scirpus-densus-wall.txt,,,Cói (Cyperaceae),5292267
Elephantopus mollis H.B.K. – E. bondinieri Gagnep,Chỉ thiên mềm,"Cây mọc tự nhiên ở rừng thưa, rừng thông, phổ biến ở các tỉnh Tây Nguyên",elephantopus-mollis-h-b-k.txt,,Cúc (Asteraceae),,5395928
Tournefortia montana Lour. – T. gaudichaudi Gagnep,"Bọ cạp, Bọ cạp núi","Lạng Sơn, Hà Nội, Hải Phòng, Hà Nam, Thanh Hóa, Kon Tum. Cây mọc tự nhiên ven rừng ẩm ở núi đất và núi đá vôi",tournefortia-montana-lour.txt,,Vòi voi (Boraginaceae),,4064788
Rhaphidophora hongkongensis Schott; – R. tonkinensis Engl. et K. Krause,"Đuôi phượng, Ráy leo Hồng Kông","Tuyên Quang, Bắc Kạn, Thái Nguyên, Quảng Ninh, Hải Phòng, Vĩnh Phúc, Hoà Bình. Cây mọc tự nhiên trong rừng thường xanh, ở độ cao tới 900 m.",rhaphidophora-hongkongensis-schott.txt,,,Araceae,5826049
Damnacanthus indicus Gaertn.f,Hung rô ấn độ,Đồng Nai (Biên Hòa). Cây mọc tự nhiên trong rừng.,damnacanthus-indicus-gaertn-f.txt,,,Rubiaceae,2903461
Piper longum L,"Tiêu lốt, Tiêu lá tím","Cây mọc tự nhiên, còn được trồng khắp nước ta",piper-longum-l.txt,,,Piperaceae,3086338
Desmodium laxum DC. ssp. leptopus (A. Gray ex Benth.) Ohashi – D. leptopus A. Gray ex Benth,"Thóc lép cuống mảnh, Tràng quả chân mảnh","Lào Cai (Sa Pa), Quảng Ninh, Quảng Trị, Khánh Hoà. Cây mọc tự nhiên rải rác trong rừng rậm thường xanh, ven suối, nơi ẩm và ít ánh sáng, ở độ cao tới 1500 m",desmodium-laxum-dc-ssp-leptopus-a-gray-ex-benth-ohashi.txt,,,Fabaceae,2971312
Hoya villosa Cost,"Tù cù, Cẩm cù lông","Hoà Bình. Cây mọc tự nhiên, bám vào đá, vào cây gỗ trong rừng",hoya-villosa-cost.txt,,,Asclepiadaceae,3574277
Homalomena tonkinensis Engl,Sơn thục bắc,"Tuyên Quang, Phú Thọ, Hà Nội, Ninh Bình. Cây mọc tự nhiên dưới tán rừng thường xanh trên núi đá vôi hay rừng thường xanh đất thấp, ẩm.",homalomena-tonkinensis-engl.txt,,,Araceae,2868580
Chasallia curviflora Wall. ex Roxb,"Bầu giác tía, Xương sơn, Giàng sơn, Hạc tất, Mặt trắng","Vĩnh Phúc, Hòa Bình, Hà Nội (Ba Vì), Ninh Bình, Kon Tum, Đắk Lắk, Lâm đồng. Cây mọc tự nhiên, còn được trồng làm cảnh",chasallia-curviflora-wall-ex-roxb.txt,,,Cam (Rubiaceae),
Anemone japonica Sieb. et Zucc,Phong quỳ,"Lào Cai. Cây mọc tự nhiên trong các savan cỏ, ở độ cao 1400 – 1600m",anemone-japonica-sieb-et-zucc.txt,,Mao lương (Ranunculaceae),,3925307
Aeschynanthus acuminatus Wall. ex A. DC,"Hoa ki nhọn, Má đào nhọn","Lào Cai (Sa Pa), Vĩnh Phúc (Tam Đảo), Thừa Thiên Huế (Bạch Mã). Cây mọc phụ sinh tự nhiên trong rừng, ở độ cao 400 – 1.500m",aeschynanthus-acuminatus-wall-ex-a-dc.txt,,,Gesneriaceae,3819030
Pteridium aquilinum (L.) Kuhn,"Rau quyết Ráng lông, Ráng đại dực, Quyết","Cây mọc tự nhiên trên đất trống, đồi hoang phổ biến ở nước ta.",pteridium-aquilinum-l-kuhn.txt,,,Pteridaceae,5275012
Ambra grisea,"Long duyên, Long phúc hương, Long tiết, Ambre gris, Long duyên hương",,long-duyen-huong.txt,,,,
Litsea panamonfi (Neer) Hook.f. – Tetranthera panamonfa Nees,"Bời lời hoa chùm, Mạy khảo khinh (Tày)","Bắc cạn (Ba Bể), Nghệ An (Vinh, Phủ Quỳ). Cây gỗ cao 8-20m, mọc tự nhiên trong rừng thương xanh",litsea-panamonfi-neer-hook-f-tetranthera-panamonfa-nees.txt,,Nguyệt quế (Lauraceae),,4181684
Viola tricolor L,"Hoa bươm bướm, Hoa tím, Tam sắc",Cây trồng ở Lâm Đồng (Đà Lạt),viola-tricolor-l.txt,,,Violaceae,5331347
Cayratia pedata (Lam.) Gagnep. – Cissus pedata Lam,Vác chân,"Miền Nam. Cây mọc tự nhiên ở vùng đồng bằng, từ đất liền tới đảo Phú Quốc",cayratia-pedata-lam-gagnep.txt,,,Vitaceae,4054403
Pottsia grandiﬂora Markgr. – P. inodora Pitard,Bốt hoa to,"Hà Giang, Cao Bằng, Quảng Trị. Cây mọc tự nhiên ở ven rừng.",pottsia-grandiﬂora-markgr.txt,,,Apocynaceae,
Malus doumeri (Bois) A. Chev. – Pyrus doumeri Bois,"Chua chát, Sơn tra, Táo mèo, Sán sá (Tày), Co sam sa (Thái)","Cao Bằng, Kon Tum (Tumơrông), Lâm Đồng (Langbian). Cây mọc tự nhiên trong rừng thường xanh, độ cao 1100 – 1200m",malus-doumeri-bois-a-chev.txt,,,Rosaceae,3001252
Semecarpus reticulata Lecomte,"Sưng mạng, Tum hiêm, Chóc cô","Quảng Nam, Đà Nẵng, Kon Tum, Lâm Đồng. Cây mọc tự nhiên trong rừng, trên nền đất đỏ, ở độ cao tới 900 m",semecarpus-reticulata-lecomte.txt,,,Anacardiaceae,7679003
Randia uliginosa (Retz.) Poir. – Tamilnadia uliginosa (Retz.) Tirving. et Sastre,Găng nước,Đồng Nai (Xuân Lộc). Cây mọc tự nhiên dựa bờ nước,randia-uliginosa-retz-poir.txt,,,Rubiaceae,2891981
Saurauia tristyla DC. – S.oldhamii Hemsl. ex Forb. & Hemsl,Cây nóng,"Sơn La, Lào Cai, Bắc Cạn, Bắc Giang, Ninh Bình, Quảng Trị, Lâm Đồng. Cây mọc tự nhiên",saurauia-tristyla-dc.txt,,Dương Đào (Actinidiaceae),,7270795
Ternstroemia japonica (Thunb.) Thunb. – Cleyera japonica Thunb,"Giang núi, Hậu bì hương","Quảng Bình, Quảng Trị, Thừa Thiên Huế, Đồng Nai, Lâm Đồng, Kiên Giang. Cây mọc tự nhiên",ternstroemia-japonica-thunb-thunb.txt,,,Theaceae,3189627
Paris hainanensis Merr. – Daiswa hainanensis (Merr.) Takht,Trọng lâu hải nam,"Lao Cai, Hà Giang, Vĩnh Phúc (Tam Đảo), Ninh Bình, Nghệ An (Pù Mát), Kon Tum (Đắk GleiĐắk Man). Cây mọc tự nhiên ở vùng núi cao, ẩm",paris-hainanensis-merr.txt,,,Trilliaceae,5295889
Gynura divaricata (L.) DC. – Senecio divaricata L,Bầu đất hoa vàng,"Lai Châu, Lào Cai, Sơn La, Hoà Bình, Hà Nội, Gia Lai. Cây mọc tự nhiên trong các sa van cỏ ở độ cao 1000-1500 m",gynura-divaricata-l-dc.txt,,Cúc (Asteraceae),,3139895
Melaleuca leucadendra (L.) L,"Tràm, Chè đồng, Chè cay, Bạch thiên tầng, Co tràm (Thái), Thiên quân tử","Bắc Kạn, Thái Nguyên, Nghệ An, Hà Tĩnh, Quảng Bình, Quảng Trị. Cây có nguồn gốc từ Australia, được trồng ở vùng nước lợ để giữ đất",melaleuca-leucadendra-l.txt,,,Myrtaceae,5415976
Micromelum minutum (Forst.f.) Wight & Arn. – Micromelum falcatum (Lour.) Tanaka,"Kim sương, Tiêu rừng, Ớt rừng, Vọt cày, Hang chang (Mường), Mán chỉ, Xoan đào, Cây méo, Chăm sao (Thái), Mác khèn, Mạy slam (Tày)","Cây mọc tự nhiên, phổ biến ở các đồi cây bụi, đồi cây thưa khá phổ biến ở Việt Nam",micromelum-minutum-forst-f-wight-arn.txt,,,Rutaceae,7269555
Bauhinia racemosa Lam,Móng bò chùm thõng,"Gia Lai, Đắk Lắk, Ninh Thuận (Cà Ná). Cây mọc tự nhiên trong rừng thưa cây họ Dầu",bauhinia-racemosa-lam.txt,,,Caesalpiniaceae,2953160
Alpinia blepharocalyx K. Schum. – Languas blepharocalyx (K.Schum.) Hand._Mazz,"Riềng dài lông mép, Riềng bẹ","Tuyên Quang, Vĩnh Phúc (Tam Đảo), Hòa Bình, Ninh Bình. Cây mọc tự nhiên ở vùng núi",alpinia-blepharocalyx-k-schum-languas-blepharocalyx-k-schum-hand-_mazz.txt,,,Zingiberaceae,5302271
Fimbristylis globulosa (Retz.) Kunth – Scirpus globulosus Retz. Họ Cói (Cyperaceae),Cói quăn bông tròn,"Lai Châu, Lạng Sơn, Quảng Ninh tới Quảng Nam. Cây mọc tự nhiên ruộng ẩm",fimbristylis-globulosa-retz-kunth.txt,,,,2708372
Ocimum gratissimum L,"Hương nhu trắng, É lá lớn",Cây trồng ở nhiều nơi từ Bắc vào Nam,ocimum-gratissimum-l.txt,,,Lamiaceae,2927094
Aquilaria crassna Pierre ex Lecomte,Trầm hương,"Quảng Bình, Quảng Trị, Thừa Thiên Huế, Đà Nẵng, Ninh Thuận, Nghệ An. Cây mọc tự nhiên trong rừng thường xanh",aquilaria-crassna-pierre-ex-lecomte.txt,,Trầm – Thymelaeaceae,,5524122
Pilea melastomatoides (Poir.) Wedd. – Urtica melastomatoides Poir,"Nan ông ba gân, Thuỷ ma lá mua","Lào Cai, Bắc Kạn, Hà Nội. Cây mọc tự nhiên ở vùng núi, tới độ cao 800 m",pilea-melastomatoides-poir-wedd.txt,,,Urticaceae,5670477
Dendrobium loddigesii Rolfe,"Hoàng thảo thạch hộc, Thạch hộc duyên dáng","Thái Nguyên (Định Hóa). Cây mọc tự nhiên, sống bám trên các cây gỗ lớn trong rừng",dendrobium-loddigesii-rolfe.txt,,,Orchidaceae,5317287
Hypericum wightianum Wall. ex Wight & Arn,Ban wight,"Hà Giang (Phó Bảng), Lai Châu (Sìn Hồ).",hypericum-wightianum-wall-ex-wight-arn.txt,"Hypericum bodinieri H.Lév. & Vaniot, H.delavayi R.Keller",Ban – Hypericaceae,,8263863
Drosera burmannii Vahl,"Bèo đất, Cỏ bắt ruồi, Cỏ tỹ gà, Cỏ trói gà, Cẩm địa la, Trường lệ burmann","Quảng Ninh, Bắc Kạn, Thái Nguyên, Hà Nội (Đa Phúc, Sóc Sơn, Đông Anh), Ninh Bình, Thanh Hóa, Nghệ An, Kon Tum (Kon Plông), Gia Lai (Mang Yang), Lâm Đồng (Đà Lạt, Lang Bian), Ninh Thuận, Bình Dương, Bến Tre",drosera-burmannii-vahl.txt,,Gọng vó – Droseraceae,,3191153
Rumex nepalensis Spreng,Chút chít nepal,"Lào Cai (Sa Pa). Cây mọc tự nhiên nơi đất ẩm, ven rừng, ven đường, ven suối, ao hồ, ruộng, ở độ cao 1.500 m",rumex-nepalensis-spreng.txt,,,Polygonaceae,7291884
Ophioglossum reticulatum L,Xà thiệt mạng,"Khánh Hòa. Cây mọc tự nhiên trên các trảng cỏ hay dưới rừng thưa thứ sinh, đất còn màu mỡ, ở độ cao 400-900 m.",ophioglossum-reticulatum-l.txt,,,Ophioglossaceae,2650137
Garcinia vilersiana Pierre,Vàng nhựa,"Kon Tum, Vũng Tàu. Cây mọc tự nhiên",garcinia-villersiana-pierre.txt,,,Clusiaceae,3712293
Ophiorrhiza japonica Blume,"Xà căn nhật, Xà căn thảo","Lạng Sơn, Quảng Bình, Quảng Trị, Thừa Thiên Huế, Quảng Ngãi. Cây mọc tự nhiên",ophiorrhiza-japonica-blume.txt,,,Rubiaceae,5340994
Pauldopia ghorta (G. Don) Steen,"Đinh cánh, Đinh vàng, Muồng nước","Sơn La (Mường Muội), Hòa Bình (Quý Đức), Ninh Bình.",pauldopia-ghorta-g-don-steen.txt,"Bignonia ghorta G. Don, Radermachera alata Dop",Núc nác – Bignoniaceae,,4093224
Trapa incisa Sieb. et Zucc. – Trapa maximowiczii Korsh,Củ ấu dại,"Yên Bái, Hà Tây, Quảng Trị. Cây mọc tự nhiên.",trapa-incisa-sieb-et-zucc-trapa-maximowiczii-korsh.txt,,,Ấu (Trapaceae),3188757
Vitex quinata (Lour.) Williams – Cornutia quinata Lour,"Mạn kinh năm lá, Ngũ chỉ phong","Bắc Giang, Vĩnh Phúc, Ninh Bình, Quảng Nam. Cây mọc trong rừng hỗn giao, vùng núi đất và núi đá vôi",vitex-quinata-lour-williams.txt,,,Verbenaceae,8276186
Panicum miliaceum L,Kê trồng,Cây trồng ở các tỉnh miền núi phía Bắc và Miền Nam Việt Nam.,panicum-miliaceum-l.txt,,Hòa thảo (Poaceae),,2705090
Dalbergia hainanensis Merr. & Chun,"Trắc hải nam, Sông lá","Quảng Trị (Động Chế), Lâm Đồng (Đà Lạt)",dalbergia-hainanensis-merr-chun.txt,,Đậu – Fabaceae,,2968435
Rubus althaeoides Hance – Rubus mvolucratus Focke,Kim anh dại,"Lào Cai (Sa Pa). Cây mọc tự nhiên trong rừng thưa, ở độ cao 1000 – 1500m",rubus-althaeoides-hance.txt,,,Rosaceae,8108495
Equisetum ramosissimum Desf,"Mộc tặc, Cỏ tháp bút, Búa lọ, Phì nọi, Co sáp pít (Thái)",,moc-tac.txt,,Equisetaceae (Mộc tặc),,2687940
Corypha utan Lam,Lá buông cao,Cây trồng ở các tỉnh đồng bằng sông Cửu Long.,corypha-utans-lam.txt,,,Arecaceae,5293447
Tradescantia pallida (Rose) Hunt – Setcreasea pallida Rose,Trai đỏ,"Cỏ nhiều năm, mọc bò tự nhiên ở bãi cỏ ven rừng, chân núi đá.",tradescantia-pallida-rose-hunt.txt,,,Commelinaceae,2765221
Lindernia procumbens (Krock.) Borb. – Anagalloides procumbens Krock,"Rau chân vịt, Rau bờ ruộng, Mạch thượng thái","Quảng Ninh, Hà Nội, Nam Định, Quảng Nam, Đà Nẵng. Cây mọc tự nhiên trên các ruộng, trên đất hoang ẩm",lindernia-procumbens-krock-borb.txt,,,Scrophulariaceae,8602699
Adenium obesum (Forsk.) Roem. et Schult. – Nerium obesum Forsk,Sứ thái,Cây nhập trồng làm cảnh. Nguồn gốc từ châu Phi,adenium-obesum-forsk-roem-et-schult.txt,,Trúc Đào (Apocynaceae),,7155887
Cheirostylis yunnanensis Rolfe,"Lan vân nam, Lan trụ xẻ vân nam","Quảng Ninh, Hải Phòng. Cây mọc tự nhiên trong rừng ẩm, ở độ cao 200-500 m.",cheirostylis-yunnanensis-rolfe.txt,,,Orchidaceae,2814845
Polygonum caespitosum Blume,"Nghể phù, Nghể bụi","Lào Cai, Yên Bái, Hà Giang, Vĩnh Phúc, Ninh Bình, Kon Tum. Cây mọc tự nhiên ở nơi ẩm, bờ sông ngòi, nương rẫy, ruộng hoang, ở độ cao 100-1.600 m",polygonum-caespitosum-blume.txt,,,Polygonaceae,6391007
Melochia corchorifolia L,"Bái giấy, Vải giấy, Trứng cua lá bố","Cao Bằng, Phú Thọ, Quảng Trị, Khánh Hòa, Ninh Thuận, Đồng Nai. Cây mọc tự nhiên, rải rác trên các bãi hoang, nương rẫy, ở độ cao đến 700 m",melochia-corchorifolia-l.txt,,,Sterculiaceae,3152125
Althaea rosea (L.) Cav,Thục quỳ,,thuc-quy.txt,,Malvaceae (Cẩm quỳ),,5406789
Jasminum lanceolarium Roxb,"Nhài thon, Nhài mác, Ba ro","Lào Cai (Bắc Hà), Ninh Bình (Cúc Phương), Quảng Trị, Đà Nẵng, Đắk Lắk. Cây mọc tự nhiên ở ven rừng, trảng cây bụi, nơi ẩm, ở độ cao tới 1.800 m",jasminum-lanceolarium-roxb.txt,,,Oleaceae,7326085
Styrax benzoin Dryand,"Bồ đề vỏ đỏ, Bồ đề nhựa, An tức, Bồ đề nhựa","Phú Thọ, Quảng Bình, Thừa Thiên Huế, Gia Lai, Lâm Đồng. Cây mọc tự nhiên rải rác trong rừng rậm, ở độ cao 200-1.600 m",styrax-benzoin-dryand.txt,,Bồ đề (Styracaceae),,5371679
Adenia heterophylla (Blume) Koord,"Dây vòng ky, Thư diệp lá ba thùy","Hà Tây, Ninh Bình, Thanh Hóa. Cây mọc tự nhiên gần đường đi ven rừng thứ sinh, đồi cây bụi, các bãi hoang, ở độ cao 300-1.200 m",adenia-heterophylla-blume-koord.txt,,Lạc Tiên (Passifloraceae),,7313459
Dasymaschalon robinsonii Ast,Chùm chài,,dasymaschalon-robinsonii-ast.txt,,"Na (Annonaceae) Cập nhật01/07/2019 ★ ★ ★ ★ ★ ★ 0.0 - 0 đánh giá Chia sẻ Chia sẻ Cây thuốc khác Tiliacora acuminata (Lam.) Miers Chrysopogon aciculatus (Retz.) Trin. Enicosanthella petelotii (Merr.) Ban Teramnus labialis (L.f.) Spreng. Bình luận Câu hỏi của bạn Hủy X Bạn vui lòng điền thêm thông tin! Chọn tệp (Allowed file typesjpg, png , maximum file size100MB. Cây thuốc được quan tâm Ampelopsis cantoniensis (Hook. et Arn.) Planch. Chữa sưng vú (Lá giã đắp). Đau dạ dày hành tá tràng (Cành lá... Curculigo orchioides Gaertn",,3155176
Ficus lacor Buch.-Ham,Sung dị,"Sơn La, Vĩnh Phúc, Ninh Bình, Kon Tum, Khánh Hòa. Cây mọc tự nhiên rải rác trong rừng nguyên sinh",ficus-lacor-buch-ham.txt,,,Moraceae,5572206
Liriodendron chinense (Hemsl.) Sarg. – L. tulipiferum L. var. chinense Hemsl,Áo cộc,"Lào Cai (Sa Pa), Sơn La (Bắc Yên). Cây mọc tự nhiên rải rác trong rừng rậm nhiệt đới thường xanh mưa mùa ẩm, ở thung lũng, khe suối hay chân núi, ở độ cao 1500- 1900 m. Loài hiếm đã đưa vào Sách đỏ Việt Nam (VU)",liriodendron-chinense-hemsl-sarg.txt,,,Magnoliaceae,3152873
Xyris complanata R. Br,Hoàng đầu dẹp,"Quảng Ninh, Quảng Trị, Thừa Thiên Huế, Bình Thuận, Bà Rịa Vũng Tàu. Cây mọc ở bãi cỏ ven rừng ven biển.",xyris-complanata-r-br.txt,,,Xyridaceae,2693047
Cissus quadrangularis L,"Nho tía, Hồng đắng, Xi phóng thăng, Rau tai châu, Dây lá chua, Nho lông",Thành phố Hồ Chí Minh. Cây mọc tự nhiên,cissus-quadrangularis-l.txt,,,Vitaceae,7130673
Caryota urens L,"Móc, Đùng đình, Đủng đỉnh, Mạy khuông (Tày)","Cây mọc tự nhiên ở vùng núi nhiều nơiLai Châu, Sơn La, Hoà Bình, Ninh Bình, Nghệ An, Quảng Bình, Thừa Thiên Huế, Khánh Hoà",caryota-urens-l.txt,,,Arecaceae,2738914
Indigofera linifolia (L.f.) Retz. – Hedysarum linifolia F.f,Chàm lá lin,"Ninh Thuân, Bà Rịa Vũng Tàu. Cây mọc tự nhiên trên các bãi đất hoang, trảng cây bụi, trong rừng thưa, ở độ cao 1600 m",indigofera-linifolia-l-f-retz.txt,,,Fabaceae,2971525
Breynia baudouini Beille Họ thầu dầu (Euphorbiaceae),Bồ cu vẽ bà rịa,"Hoà Bình, Bà Rịa-Vũng Tàu. Cây mọc tự nhiên.",breynia-baudouini-beille.txt,,,,5382984
Albizia lebbeck (L.) Benth. – Mimosa lebbeck L,"Bồ kết tây, Hợp hoan",Cây nhập trồng ở các thành phố. Nguyên sản có thể ở phần lục địa nhiệt đới châu Á,albizia-lebbeck-l-benth-mimosa-lebbeck-l.txt,,,Mimosaceae,2973215
Bupleurum chinense DC,"Sài hồ bắc , sài hồ, sà diệp sài hồ, trúc diệp sài hồ",Cây nhập trồng. Nguồn gốc từ Trung Quốc,bupleurum-chinense-dc.txt,,Apiaceae(  Hoa tán),,6027145
"Alocasia macrorrhizos (L.) G.Don ( Arum macrorrhizon L, Colocasia macrorrhizos (L.) Schott)",Ráy,"Bắc Giang, Hà Nội, Hoà Bình, Ninh Bình (Nho Quan)",alocasia-macrorrhizos-l-g-don.txt,,Ráy – Araceae,,5329904
Anethum graveolens L,"Thì là, Thìa là, Hạc sắt, Phắc si (Tày), Sài lò (Dao)",,thi-la.txt,,Apiaceae (Hoa tán),,3034646
Aspidistra typica Baill,"Sâm vầy nưa, Tỏi đá, Tỏi rừng","Hoà Bình, Sơn La, Lao Cai. Cây mọc trong rừng ẩm",aspidistra-typica-baill.txt,,,Convallariaceae,2769928
Pteris semipinnata L,"Chân xỉ lược, Cây cẳng gà","Rất rộng. Cây mọc tự nhiên vùng đồi trung du, phổ biến ở Việt Nam",pteris-semipinnata-l.txt,,,Pteridaceae,5613834
Inula racemosa Hook,"Thổ mộc hương hoa chùm, Tạng mộc hương",Cây mọc tự nhiên ở vùng núi cao huyện Quản Bạ (Hà Giang),inula-racemosa-hook.txt,,,Asteraceae,4933624
Saccharum officinarum L,"Mía, Cam giá, Lằm ỏi (Tày), Co ói (Thái), Tào (Kho)",Cây trồng phổ biến ở Việt Nam,saccharum-officinarum-l.txt,,,Poaceae,2703912
Mallotus barbatus Muell.-Arg,"Cám lợn, Nhung điện râu, Bùm bụp gai, Mạy muốc (Tày)","Từ Sơn La, Bắc Kạn, Thái Nguyên, Ninh Bình tới Tây Nguyên. Cây mọc tự nhiên trong rừng thường xanh hay trảng cây bụi, ở độ cao 100-1100 m",mallotus-barbatus-muell-arg.txt,,,Euphorbiaceae,5378750
Mangifera longipes Griff. – Mangifera silvatica Lecomte,"Mác trai, Xoài cọng dài, Xoài núi","Sơn La (thị xã Sơn La), Hà Nam (Chùa Hạc), Kon Tum (Đắk Tô), Bình Dương (Hớn Quản). Cây mọc tự nhiên rải rác trong rừng",mangifera-longipes-griff.txt,,,Anacardiaceae,3662594
Gonostegia hirta (Blume) Miq. – Memorialis hirta (Blume) Wedd,Bọ mắm lông Tên gọi khác Thuốc vòi lông,"Cây ưa sáng, ẩm, mọc tự nhiên quanh rạch nước, ruộng ẩm, phổ biến ở các tỉnh trung du và miền núi của Việt Nam",gonostegia-hirta-blume-miq-memorialis-hirta-blume-wedd.txt,,,Urticaceae,4100795
Microlepia marginata (Panze) C. Ch. – Polypodium marginatum Panze,Vi lân bìa,Rộng. Cây mọc tự nhiên ở ven rừng rậm thường xanh hay ven suối.,microlepia-marginata-panze-c-ch.txt,,,Dennstaedtiaceae,7265907
Ormosia emarginata (Hook. & Arn.) Benth,Ràng ràng lõm,Quảng Ninh (Đầm Hà),ormosia-emarginata-hook-arn-benth.txt,"Layia emarginata Hook. & Arn., Fedorovia emarginata (Hook. & Arn.) Yakovl., Ormosia glaberrima C. Y. Wu)",Đậu – Fabaceae,,5355540
Grewia hirsuta Vahl,Cò ke lông,"Cây mọc tự nhiên ở ven rừng, ven đường, phổ biến ở Việt Nam",grewia-hirsuta-vahl.txt,,,Tiliaceae,4259716
Trigonostemon reidioides (Kurz) Craib – Baliospermum reidioides Kurz,"Tam hùng hẹp, Thần xạ mốc","Đồng Nai, An Giang. Cây mọc tự nhiên trong rừng thưa hay trảng cây bụi, trên đất sa phiến thạch, ở độ cao 100-500 m.",trigonostemon-reidioides-kurz-craib.txt,,,Euphorbiaceae,3063407
Botrychium ternatum (Thunb.) Sw,Âm địa quyết,"Lào Cai, Đà Lạt, Quảng Trị, Thừa Thiên Huế. Cây mọc tự nhiên ở các trảng cỏ và trảng cây bụi rừng thưa thứ sinh hay ven rừng mây mù ở độ cao 1.500-2.300 m",botrychium-ternatum-thunb-sw.txt,,,Ophioglossaceae,8047746
Vernonia chevalierii Gagnep,Mạy pang,"Yên Bái, Tuyên Quang, Lạng Sơn, Quảng Trị, Lâm Đồng. Cây mọc tự nhiên ở ven rừng, trên độ cao 600-1500 m. Đây là loài đặc hữu của Việt Nam",vernonia-chevalierii-gagnep.txt,,,Asteraceae,5396827
Kibatalia macrophylla (Pierre ex Hua) Woodson – Kibatalia anceps (Dunn et Williams) Woods,"Ớt làn lá to, Hạnh phúc, Đuôi dơi, Mức trâu, Dùi đôi","Tuyên Quang, Vĩnh Phúc, Sơn La, Hoà Bình, Hải Dương, Nghệ An, Thừa Thiên Huế. Cây mọc tự nhiên trên đồi cây bụi từ vùng trung du đến miền núi",kibatalia-macrophylla-pierre-in-planch-ex-hua-woods.txt,,,Apocynaceae,3619217
Casearia grewiifolia Vent,Nuốt lá cò ke,"Lâm Đồng, An Giang. Cây mọc tự nhiên dưới tán rừng và rừng thưa, rừng cây bụi, ở độ cao dưới 900m",casearia-grewiaefolia-vent.txt,,,Flacourtiaceae,7819400
Bougainvillea spectabilis Willd. – Bougainvillea brasiliensis Rauesch,"Hoa giấy, Dây biện lý",Cây trồng làm cảnh,bougainvillea-brasiliensis-rauesch.txt,,,Nyctaginaceae,7167078
Macrosolen cochinchinensis (Lour.) Blume – Loranthus cochinchinensis Lour,"Tầm gửi cây hồi, Đại cán nam, Mạy phác mác hồi (Tày)","Quảng Bình, Quảng Trị, Thừa Thiên Huế, Khánh Hòa, Lâm Đồng. Cây bụi bán ký sinh trên cành các cây thân gỗ, thường gặp trong rừng thứ sinh.",macrosolen-cochinchinensis-lour-blume-in-schult-f.txt,,,Loranthaceae,7287970
"Albizia corniculata (Lour.) Druce ( Mimosa corniculata Lour., Albizia scandens Merr., A.nigricans Gagnep.)","Bản xe sừng nhỏ, Sống rắn sừng nhỏ, Sống rắn đen, Muồng gai","Lạng Sơn, Quảng Ninh, Bắc Ninh, Ninh Bình, Thanh Hóa, Quảng Trị, Thừa Thiên Huế, Đà Nẵng, Kon Tum, Gia Lai, Đắk Lắk, Khánh Hòa, Ninh Thuận, Bình Thuận, Tây Ninh, Bà Rịa- Vũng Tàu",albizia-corniculata-lour-druce.txt,,Trinh nữ – Mimosaceae,,2972934
Fissistigma thorelii (Pierre ex Fin. et Gagnep.) Merr. – Melodorum thorelii Pierre ex Fin. et Gagnep,Bổ béo trắng,"Lào Cai (Sa Pa), Sơn La (Mộc Châu), Hoà Bình, Hải Dương (Chí Linh). Cây mọc tự nhiên rải rác ở ven rừng nguyên sinh và rừng thứ sinh, nơi ẩm, gần khe suối, vùng núi đất, ở độ cao 500-1000 m",fissistigma-thorelii-pierre-ex-fin-et-gagnep-merr.txt,,Na (Annonaceae),,3648957
Prunus undulata Buch.-Ham. ex D. Don – Prunus wallichii Steud,Vàng nương,"Lao Cai, Kon Tum, Lâm Đồng. Cây mọc tự nhiên trong rừng thường xanh, ở độ cao trên 800 m",prunus-undulata-buch-ham-ex-d-don.txt,,,Rosaceae,3021987
Hydrangea macrophylla (Thunb) Seringe in DC,"Tú cầu, Thổ thường sơn, Bát tiên",Cây nhập trồng làm cảnh,hydrangea-macrophylla-thunb-seringe-in-dc.txt,,,Hydrangeaceae,2985994
Cynoglossum zeylanicum (Vahl) Brand – Anchusa zeylanica Vahl ex Hornem,"Khuyển thiệt, Cỏ thạch sùng xây lan","Lào Cai (Sa Pa), Hà Giang (Phó Bảng), Lâm Đồng (Đà Lạt). Cây mọc tự nhiên rải rác trên các bãi hoang, ven đường, ở độ cao 1300-1800 m",cynoglossum-zeylanicum-vahl-ex-hernem-thunb-ex-lehm.txt,,,Boraginaceae,2925813
Vitex canescens Kurz,"Đẻn lông, Ba gạt, Pá đống liên (Ê Đê)","Khánh hòa, Ninh Thuận (Phan Rang), Đắc Lắc (Buôn Ma Thuột), Đồng Nai, Tiền Giang (Mỹ Tho). Cây gỗ mọc tự nhiên trong rừng hỗn giao, ven rừng ở độ cao 100-1500m",vitex-canescens-kurz.txt,,Cỏ Đuôi Ngựa (Verbenaceae),,7374978
Cayratia mollissima (Planch.) Gagnep. – Vitis mollissima Wall,"Vác bao phấn đen, Vác lông mềm","Đà Nẵng, Gia Lai, Lâm Đồng, Khánh Hòa. Cây mọc tự nhiên ở vùng đồng bằng",cayratia-mollissima-wall-in-roxb-gagnep.txt,,,Vitaceae,7293851
Tacca chantrieri Andre – Tacca paxiana Limpr,"Râu hùm, Phá lủa (Tày), Ngải rợm, Nưa, Cẩm địa la, Râu hùm hoa tía, Ping đô (Kdong), Cu dòm (Bana)","Lao Cai, Hà Giang, Thái Nguyên, Hoà Bình, Sơn La, Bắc Kạn. Cây mọc tự nhiên trong rừng ẩm trong rừng tre nứa, ven suối, khe núi",tacca-chantrieri-andre.txt,,,Taccaceae,2755905
Phyllanthus virgatus Forst. et Forst.f,Vảy ốc,Cây mọc tự nhiên ở vùng đồng bằng các tỉnh phía Bắc tới Khánh Hoà,phyllanthus-virgatus-forst-et-forst-f.txt,,,Euphorbiaceae,5382061
Capparis flavicans Kurz,Cáp vàng,"Khánh Hòa (Nha Trang, Phan Rang). Cây mọc tự nhiên rải rác trong rừng thưa",capparis-flavicans-kurz.txt,,,Màn màn (Capparaceae),7483483
Wrightia pubescens R. Br. – W. tomentosa var. cochinchinensis Pierre ex Pitard,Lòng mức hoa đỏ,"Sơn La (Mộc Châu), Thái Nguyên, Phú Thọ, Vĩnh Phúc, Bình Dương, Tây Ninh. Cây mọc tự nhiên trong rừng kín thường xanh, rừng thưa hay trảng cây bụi, ở độ cao 300-800 m",wrightia-pubescens-r-br.txt,,,Apocynaceae,7908508
Adina pilulifera (Lam.) Franch. et Drake – Cephalanthus pilulifera Lam,"Gáo viên, Thủ viên","Lào Cai (Sa Pa), Ninh Bình, Hà Tĩnh, Thừa Thiên Huế. Cây mọc tự nhiên ở thung lũng ven suối",adina-pilulifera-lam-franch-et-drake.txt,,,Rubiaceae,2895031
Hygrochilus parishii (Veitch. et Rchb.f.) Pfitzer – Vanda parishii Rchb.f,"Cẩm báo, Da báo, Cẩm nhung","Bắc Cạn, Trung Quốc (Ná Hang), Gia Lai, Lâm Đồng, Ninh Thuận. Cây thảo mọc bám trên các cây gốc lớn trong rừng, ở độ cao 400-1400m",hygrochilus-parishii-reichb-f-pftz-inengl-prantl.txt,,,Orchidaceae,9299062
Tacca palmata Blume,"Râu hùm lá chân vịt, Nưa chân vịt","Bà Rịa Vũng Tàu (Côn Đảo – Bẩy Cánh), Kiên Giang (Phú Quốc, Thổ Chu). Cỏ nhiều năm, mọc ở nơi ẩm ướt dưới rừng, rừng thứ sinh, rừng tre nứa, ven suối, khe núi",tacca-palmata-blume.txt,,,Taccaceae,2755891
Calanthe triplicata (Willem.) Ames – Orchis triplicata Willem,Lan bò cạp,"Hà Giang, Cao Bằng, Quảng Ninh, Ninh Bình, Quảng Nam, Đà Nẵng, Khánh Hòa, Đồng Nai. Cây mọc tự nhiên rải rác trong rừng nguyên sinh, rừng thưa, ở độ cao 400- 1.500 m.",calanthe-triplicata-willem-ames.txt,,,Orchidaceae,2795051
Dicranopteris pedata (Houtt) Nakaike,"Guột, Tế chia đôi",Các tỉnh vùng núi thấp miền.,dicranopteris-pedata-houtt-nakaike.txt,Polypodium pedatum Houtt,Guột – Gleicheniaceae,,5579308
Citrus reticulata Blanco,"Quýt, Quất thực, Mạy cam chĩa (Tày), Cam chảy ten (Dao)","Cây trồng khắp nơi của Việt Nam, nhưng nhiều ở Cao Bằng, Lạng Sơn, Hà Giang",citrus-reticulata-blanco.txt,,,Rutaceae,3190172
Eucalyptus citriodora Hook.f,Bạch đàn chanh,Cây nhập trồng ở nhiều địa phương,eucalyptus-citriodora-hook-f.txt,,,Myrtaceae,5418431
Dendrobium chryseum Rolfe,Ngọc vạn,"Lào Cai, Lai Châu, Sơn La, Đắk Lắk. Cây mọc tự nhiên bám trên cây gỗ lớn trong rừng, ở độ cao đến 1.600 m; còn được trồng làm cảnh",dendrobium-chryseum-rolfe.txt,,,Orchidaceae,5315366
Borreria laevis (Lam.) Griseb. – Spermacoce laevis Lam,Ruột gà vung,Miền Nam. Cây mọc tự nhiên.,borreria-laevis-lam-griseb.txt,,,Rubiaceae,2918843
Dendrobium gratiosissimum Rchb.f,"Ý thảo, Hoa thảo","Quảng Bình, Quảng Trị, Thừa Thiên Huế, Đà Nẵng. Cây mọc tự nhiên, bám trên các cây gỗ trong rừng.",dendrobium-gratiosissimum-reichb-f.txt,,,Orchidaceae,5317763
Gnetum latifolium Blume var. latifolium,"Dây gắm lá rộng, Dây sót, Ma mui (ThổLai Châu)","Phân bố rất rộng ở nhiều vùng núi thấp, từ Điện Biên, Lai Châu, Lào Cai (Sa Pa), Hà Giang (Quản Bạ), Quảng Ninh, Phú Thọ, Nghệ An, Thừa Thiên Huế, Kon Tum. Cây mọc tự nhiên, thường gặp ở ven suối hay trong rừng rậm thường xanh, ở độ cao 400-1800 m",gnetum-latifolium-blume-var-latifolium.txt,,,Họ Dây gắm (Gnetaceae),2653172
Viola betonicifolia Sm. Họ hoa tím (Violaceae),"Cỏ tím, Tử hoa địa đinh, rau bướm","Cao Bằng, Lạng Sơn, Quảng Ninh, Lâm Đồng. Cây mọc tự nhiên rải rác ven rừng",viola-betonicifolia-smith-in-rees.txt,,,,7296623
Youngia japonica (L.) DC. – Prenanthes japonica L,"Rau cải đồng, Cải nhà trời","Lai Châu, Lào Cai, Sơn La, Hà Giang, Cao Bằng, Vĩnh Phúc, Kon Tum, Lâm Đồng. Cây thảo một năm, mọc tự nhiên trên nương rẫy ẩm, ven đường và ven suối, ở độ cao 100-1800 m.",youngia-japonica-l-dc.txt,,,Asteraceae,5387974
Pleurospermum angelicoides (Wall.) Benth. ex C.B. Clarke,Che xanh nhiệt,Cây thảo được nhập trồng ở Sa Pa Lào Cai,pleurospermum-angelicoides-wall-benth-ex-c-b-clarke.txt,,,Apiaceae,5540677
Canarium parvum Leenh,Trám lá nhỏ,"Sơn La (Mộc Châu, Xuân Nha), Trung Bộ. Cây mọc tự nhiên rải rác trong rừng, ở độ cao 100-700 m",canarium-parvum-leenh.txt,,,Burseraceae,5636073
Myrioneuron effusum (Pitard) Merr. – M. nutans Drake var. effusum Pitard – M. nutans Drake,"Nhạ tọ mu, Mạn kinh tràn","Lai Châu, Tuyên Quang (Nà Hang), Bắc Giang, Hà Nội (Ba Vì). Cây mọc tự nhiên trong rừng, ở độ cao 400-500 m",myrioneuron-effusum-pitard-merr.txt,,,Rubiaceae,9325834
Petasites japonicus (Siebold & Zucc.) Maxim. – Nardosmia japonica Sieb. et Zucc,Cúc móng ngựa,"Lào Cai, Hà Giang, Cao Bằng, Lạng Sơn. Cây mọc tự nhiên trên sườn núi đá, dựa khe suối, ở độ cao 1800-2600 m.",petasites-japonicus-sieb-et-zucc-f-smidt.txt,,,Họ Cúc (Asteraceae),3088310
Cyrtomium caryotideum (Wall. ex Hook. & Grev.) C. Presl,"Ráng răng cong móc, Quán chúng tai nhọn","Hẹp, mới thấy ở một số vùng núi thấp của Lào Cai (Sa Pa, Bắc Hà) và Sơn La.",cyrtomium-caryotideum-wall-ex-hook-grev-c-presl.txt,Aspidium caryotideum Wall. ex Hook. & Grev,Ráng cánh bần – Dryopteridaceae,,2650828
Chlorophytum comosum R. Br. var. varigatum Hort,Lục thảo trổ,"Cây trồng làm cảnh trong vườn hoa, trong chậu.",chlorophytum-comosum-r-br-var-varigatum-hort.txt,,,Asphodelaceae,2774846
Musa chiliocarpa Back. ex K. Heyne,Chuối trăm nải,Cây trồng làm cảnh.,musa-chiliocarpa-back-ex-k-heyne.txt,,,Musaceae,2762752
Agapetes hosseana Diels,"Thượng nữ hosseus, Thượng nữ hoa đỏ","Kon Tum (Đắk Glei), Lâm Đồng",agapetes-hosseana-diels.txt,,Đỗ quyên – Ericaceae,,4164044
Colysis hemionitidea (Wall. ex C. Presl) C. Presl – Polypodium hemionitideum Wall. ex Mett,Ráng cổ lý phai,"Lao Cai, Cao Bằng. Cây mọc tự nhiên ở các khe đá ven rừng hay trảng cây bụi rậm thường xanh thứ sinh, ở độ cao 300 – 1200m",colysis-hemionitideus-wall-ex-mett-copel.txt,,,Polypodiaceae,5650856
Tradescantia zebrina Hort. ex Loud. – Zebrina pendula Schnizl,"Thài lài tía, Rau trai tía, Co hồng trai, Chạ pi đeng, Biển súc, Phiéc đa đeng (Tày), Xa phón sí (Dao)","Cây mọc tự nhiên nơi ẩm trên núi đá nhiều mùn, còn được trồng làm cảnh ở nhiều nơi",tradescantia-zebrina-hort-ex-loud.txt,,,Commelinaceae,2765359
Lonicera macrantha (D. Don) Spreng. – Caprifolium macranthum D.Don,"Kim ngân hoa to, Kim ngân lông","Thái Nguyên, Cao Bằng tới Thừa Thiên Huế. Cây mọc tự nhiên ở ven rừng, ở độ cao đến 1700 m",lonicera-macrantha-d-don-spreng.txt,,,Caprifoliaceae,7272559
Fibraurea tinctoria Lour,"Hoàng đằng , Dây vàng giang, Nam hoàng nhuộm, Hoàng liên nam, Khau khem (Tày), Tốt choọc, Trơng (Kdong), Co lạc khem (Thái), Viằng tằng (Dao)","Đồng Nai, Lâm Đồng. Cây mọc tự nhiên trong rừng thưa, nơi sáng",fibraurea-tinctoria-lour.txt,,,Menispermaceae,5371724
Laportea bulbifera (Sieb. et Zucc.) Wedd. – Urtica bulbifera Sieb. et Zucc,Mán phù,Lào Cai. Cây mọc tự nhiên ở vùng núi đá vôi,laportea-bulbifera-sieb-et-zucc-wedd.txt,,,Urticaceae,7300666
Caesalpinia bonduc (L.) Roxb,"Mắt mèo, Móc mèo, Vuốt hùm","Quảng Ninh, Phú Thọ, Sơn La, Hoà Bình, Hà Nội, Thanh Hóa, Nghệ An. Cây mọc tự nhiên ven đường, ven rừng, các đồi cát ven biển",caesalpinia-bonduc-l-roxb.txt,,,Caesalpiniaceae,8400302
Anaphalis contorta (D. Don) Hook.f. – Antennaria contorta D.Don,Bạch nhung,"Lào Cai (Sa Pa). Cây mọc tự nhiên trên các trảng cỏ chân núi, ở độ cao 1600- 2000 m.",anaphalis-contorta-d-don-hook-f.txt,,,Asteraceae,4933534
Grewia asiatica L,Cò ke châu á,"Quảng Ninh, Ninh Bình, Đắc Lắc, Lâm Đồng, Đồng Nai. Cây mọc tự nhiên, rải rác trong rừng thưa, rừng còi",grewia-asiatica-l.txt,,,Tiliaceae,3152080
Fimbristylis falcata (Vahl) Kunth – Scirpus falcatus Vahl,Mao thư cong,"Quảng Ninh, Ninh Bình, Kon Tum, Gia Lai, Đắk Lắk, Lâm Đồng, Nam Bộ. Cây mọc tự nhiên rải rác ở vùng núi và đồng bằng",fimbristylis-falcata-vahl-kunth.txt,,,Cyperaceae,2708500
Dendrolobium umbellatum (L.) Benth. – Hedysarum umbellatum L.;Desmodium umbellatum (L.) DC,"Tràng quả tán, Ba chẽ tán","Khánh Hoà, Phú Yên. Cây mọc tự nhiên vùng ven biển, có thể mọc trên đất mặn",dendrolobium-umbellatum-l-benth.txt,,,Fabaceae,2946798
Mosla cavaleriei Levl,"Lá men, Tể ninh hoa nhỏ","Lào Cai, Lai Châu, Cao Bằng. Cây mọc tự nhiên dọc đường mòn trong rừng thưa ở độ cao 600-1500 m",mosla-cavaleriei-levl.txt,,,Lamiaceae,3905218
Illicium simonsii Maxim,"Hồi simons, Đại hội farges",Lào Cai (SaPa).,illicium-simonsii-maxim.txt,"Illicium fargesii Finet& Gagnep., I. griffithii Hook. f. & Thoms. var. yunnanense Franch., I. yunnanense (Franch.) Franch. ex Finet& Gagnep",Hồi – Illiciaceae,,3592351
Solanum aviculare Forsk,Cà hung,Lâm Đồng (Đà lạt ). Nhập trồng,solanum-aviculare-forsk.txt,,Cà (Solanaceae),,2930210
Cyathula prostrata (L.) Blume – Achyranthes prostrata L,"Cước đài, Cỏ xước bông đỏ","Lai Châu, Lào Cai, Hà Giang, Ninh Bình, Bình Dương, Kiên Giang. Cây mọc tự nhiên ven rừng và trong vườn tới độ cao 1500 m",cyathula-prostrata-l-blume.txt,,,Họ Dền (Amaranthaceae),5384314
Pimpinella candolleana Wight & Arn,"Phòng phong nam, Cẩn buốt, Co phạch","Lai Châu, Sơn La, Lào Cai. Cây mọc tự nhiên, còn được trồng.",pimpinella-candolleana-wight-arn.txt,,,Apiaceae,6027046
Anetum graveolens L. – Peucedanum graveolens ( L.) Benth. & Hook.f,"Thìa là, Hạc sắt, Phắc si (Tày), Sài lò (Dao)",Cây trồng. Nguồn gốc từ miền Nam châu Âu hoặc Bắc Phi,anetum-graveolens-l.txt,,,Apiaceae,3034646
Quassia indica (Gaertn.) Noot. – Samadera indica Gaertn,Sám đề Cây krô,Cây mọc tự nhiên ở các tỉnh vùng đồng bằng Sông Cửu Long.,quassia-indica-gaertn-noot.txt,,,Simaroubaceae,3190660
Bacopa monnieri (L.) Wettst. – Lysimachia monnieri L,"Sam trắng, Rau đắng biển, Ruột gà","Cây mọc tự nhiên ở ven bờ ruộng, bãi cỏ ven vùng đồng bằng, phổ biến ở nước ta",bacopa-monnieri-l-wettst.txt,,,Scrophulariaceae,3171169
Paris polyphylla Smith – Paris kwangtungensis Miau; Daiswa polyphylla (Smith) Raf,Trọng lâu nhiều lá,"Sơn La (Mộc Châu), Kon Tum. Cây mọc tự nhiên ở vùng núi cao, ẩm",paris-polyphylla-smith.txt,,,Trilliaceae,5295929
Cyclacanthus coccineus Moore,"Luân rô đỏ , Thuốc dấu, Tôm đỏ","Cây thường gặp ở lùm bụi, ven rừng rừng còi, từ Khánh Hoà tới Đồng Nai.",cyclacanthus-coccineus-moore.txt,,,Acanthaceae,3772326
Rhaphidophora korthalsii Schott,Trâm đài,"Quảng Nam. Cây mọc tự nhiên, leo bám trên cây gỗ, trên núi đá, trong rừng thường xanh.",rhaphidophora-korthalsii-schott.txt,,,Araceae,5329733
Lonicera calcarata Hemsl,Kim ngân cựa,Hà Giang (Đồng Văn); Lai Châu (Sìn Hồ),lonicera-calcarata-hemsl.txt,,Kim ngân – Caprifoliaceae,,5598551
Millettia pachyloba Drake,"Dây mật, Dây ruốc cá, Dây có, Làu tín, Sliểu slây (Tày)","Lạng Sơn, Hà Nội, Hòa Bình, Đắk Lắk, Lâm Đồng. Cây mọc tự nhiên trong các trảng cây bụi, ven rừng rậm thường xanh, ở độ cao tới 1500 m",millettia-pachyloba-drake.txt,,,Họ Họ Đậu (Fabaceae),5355890
Polyalthia thorelii (Pierre) Fin. et Gagnep. – Unona thorelii Pierre,Ngấn chày,"Quảng Ninh (Ba Mùn), Hà Nội (Ba Vì), Tây Ninh. Cây mọc tự nhiên rải rác trong rừng nguyên sinh, ở độ cao 300-900 m",polyalthia-thorelii-pierre-fin-et-gagnep.txt,,,Annonaceae,3156468
Eupatorium heterophyllum DC,"Thạch lam, Trạch lan khác lá","Ninh Bình, Nghệ An, Hà Tĩnh. Cây thảo nhiều năm, mọc ở ven rừng thưa và các trảng cỏ, nơi có độ cao 400-1500 m",eupatorium-heterophyllum-dc.txt,,,Asteraceae,5393804
Acrocephalus indicus (Burm. f.) Kuntze – Prunella indica Burm.f,Đỉnh đầu,"Đà Nẵng, Khánh Hòa, Lao Cai",acrocephalus-indicus-burm-f-kuntze.txt,,Hoa môi (Lamiaceae),,
Polyanthes tuberosa L,Hoa huệ,Cây trồng,polyanthes-tuberosa-l.txt,,,Agavaceae,10868891
Polycarpaea arenaria (Lour.) Gagnep,"Đa cát, Sài hồ cát, Sài hồ nam, Đa quả cát","Gia Lai, Ninh Thuận, Bình Thuận, Bình Dương. Mọc rải rác trên các đồi cát và thường ở vùng ven biển",polycarpaea-arenaria-lour-gagnep.txt,,,Họ Cẩm chướng (Caryophyllaceae),3807196
Capparis ﬂoribunda Wight,"Chia la, Gai quật ngược, cáp nhiều Hoa","Quảng Ngãi, Khánh Hòa. Cây mọc tự nhiên trong rừng nguyên sinh, ở độ cao 1600 m",capparis-ﬂoribunda-wight.txt,,,Capparaceae,
Bruguiera cylindrica (L.) Blume – Rhizophora cylindrica L,Vẹt trụ,Vũng Tàu. Cây mọc tự nhiên ở vùng ngập mặn ven biển,bruguiera-cylindrica-l-blume.txt,,,Rhizophoraceae,5602619
Aralia dasyphylla Miq,Cuông lá nhám,"Lào Cai (Bản Nhai), Lạng Sơn, Gia Lai (Đắk Đoa), Lâm Đồng (Đà Lạt). Cây mọc tự nhiên rải rác ở ven rừng ở độ cao 700 m trở lên",aralia-dasyphylla-miq.txt,,,Họ Nhân sâm (Araliaceae),3036936
Tabernaemontana pauciflora Blume – Tabernaemontana dinhensis Pitard,Ớt làn ít hoa,"Thái Nguyên, Vĩnh Phúc, Hà Nội đến các tỉnh phía Nam. Cây mọc tự nhiên trong rừng thưa, ven suối.",tabernaemontana-pauciflora-blume.txt,,,Apocynaceae,3615179
Atalantia roxburghiana Hook.f,"Quýt gai, Sú đăng, Quít rừng, Tiểu quật","Cây mọc tự nhiên trên các đồi trọc, phổ biến ở các tỉnh miền Trung",atalantia-roxburghiana-hook-f.txt,,,Rutaceae,8413227
Lindernia ciliata (Colsm.) Penn. – Gratiola ciliata Colsm,"Lữ đằng lông, Màn rìa","Cây mọc nơi sáng và ẩm, bãi hoang, ruộng hoang, ven đường, vườn, khá phổ biến ở Việt Nam.",lindernia-ciliata-colsm-penn.txt,,,Scrophulariaceae,3733766
Portulaca oleracea L,"Rau sam, Mã xỉ hiện, Sam",Phổ biến ở khắp nơi,portulaca-oleracea-l.txt,,Rau sam- Portulacaceae,,3084719
Torilis japonica (Houtt.) DC. – Caucalis japonica Houtt,Tô li,"Lạng Sơn, Hà Nội (Ba Vì), Hoà Bình (Tu Lý). Cây mọc tự nhiên trên nương rẫy bỏ hoang",torilis-japonica-houtt-dc.txt,,,Apiaceae,3034820
Fissistigma petelotii Merr,Phát lãnh công,"Vĩnh Phúc, Hải Dương, Lạng Sơn. Cây mọc tự nhiên ven rừng nguyên sinh vùng núi đất",fissistigma-petelotii-merr.txt,,,Annonaceae,3157330
Cnestis palala (Lour.) Merr. – Thysamus palala Lour,"Trường khế, Dây trường khế","Ninh Bình tới Thừa Thiên Huế, Quảng Nam, Đà Nẵng, Kon Tum. Cây mọc tự nhiên rải rác trong rừng thứ sinh",cnestis-palala-lour-merr.txt,,,Connaraceae,7326564
Rubus pinfaensis Le’vl. et Vant,Dum bầu dục,"Cao Bằng, Lạng Sơn, Lào Cai. Cây mọc tự nhiên ở ven rừng, ở độ cao 1000 – 2000m",rubus-pinfaensis-levl-et-vant.txt,,Hoa hồng (Rosaceae),,2991314
Selaginella delicatula (Desv.) Alston,Quyển bá yếu,"Cây mọc tự nhiên trong rừng ẩm ở ở độ cao 300 – 1.000 m, phổ biến ở Việt Nam.",selaginella-delicatula-desv-alston.txt,,,Selaginellaceae,3710030
Sauropus androgynus (L.) Merr. – Cluytia androgyna L,"Bồ ngót, Rau ngót, Bù ngót",Cây trồng,sauropus-androgynus-l-merr-cluytia-androgyna-l.txt,,,Euphorbiaceae,9197670
Euonymus laxiﬂorus Champ. in Benth. et Hook.f,Chân danh hoa thưa,"Nghệ An, Quảng Trị, Đắc Lắc. Cây mọc tự nhiên rải rác trong rừng, ở độ cao 700-1000 m.",euonymus-laxiﬂorus-champ-in-benth-et-hook-f.txt,,,Celastraceae,
Rubus hexagynus Roxb. – Rubus pyrifolius Hook.f. & Thomson ex Hook.f,Dum lá lẻ,"Ninh Bình, Lâm Đồng. Cây mọc tự nhiên",rubus-hexagynus-roxb.txt,,,Rosaceae,2996908
Anisomeles indica (L.) Kuntze – Nepeta indica L,"Sơn kiểm, Cỏ thiên thảo, Phòng phong thảo, Hy kiểm, Thổ hoắc hương","Cây mọc tự nhiên trên đất hoang từ thấp đến 1800 m, khắp nước ta",anisomeles-indica-l-kuntze.txt,,,Lamiaceae,3884461
Agave cantula (Haw.) Roxb. ex Salm Dyck ( Furcraea cantula Haw.),"Dứa sợi gai nhỏ, Thùa gai nhỏ",Cây trồng ở một số địa phương.,agave-cantula-haw-roxb-ex-salm-dyck.txt,,Thùa – Agavaceae,,2766811
Cuscuta australis R. Br,Tơ hồng nam,Cây ph ân bố ở các tỉnh phía Nam.,cuscuta-australis-r-br.txt,,,Cuscutaceae,7154776
Gnetum gnemon L. var. gnemon,Gắm cây,"rất hẹp, mới chỉ gặp ở Bà Rịa Vũng Tàu (Côn Đảo). Cây mọc tự nhiên rải rác trong rừng rậm thường xanh trên trên sườn núi đá granit.",gnetum-gnemon-l-var-gnemon.txt,,,Gnetaceae,2653133
Phyllanthus welwitschianus Muell.-Arg,"Sơn liễu, Vảy ốc, Diệp hạ châu chụm","Cây mọc tự nhiên rải rác trong rừng, khá phổ biến từ đồng bằng Bắc Bộ đến Quảng Trị",phyllanthus-welwitschianus-muell-arg.txt,,,Euphorbiaceae,5381590
Nerium indicum Mill. – N. odorum Soland,Trúc đào thơm,Cây trồng ở các tỉnh phía Nam,nerium-indicum-mill.txt,,,Apocynaceae,7317019
Byttneria aspera Colebr,"Quả gai, Trôm leo","Thái Nguyên, Ninh Bình, Thanh Hóa, Bình Định. Cây mọc tự nhiên trong rừng thưa",byttneria-aspera-colebr-in-roxb.txt,,,Sterculiaceae,8005514
Rubus moluccanus L,Ngấy đảo molucca,Lao Cai. Cây mọc tự nhiên,rubus-moluccanus-l.txt,,,Rosaceae,2993394
Gironniera nervosa Planch. – G. mollissima Gagnep,"Ngát lông, Ki gân","Quảng Ninh (Ba Mùn), Vĩnh Phúc (Tam Đảo), Nghệ An (Con Cuông; Đôn Phục). Cây mọc tự nhiên trong rừng thưa, rừng phục hồi, ở độ cao tới 1000 m",gironniera-nervosa-planch.txt,,,Ulmaceae,4159442
Chamaecrista mimosoides (L.) Greene – Cassia mimosoides L,"Muồng trinh nữ, Trà tiên, Mắc cỡ đất","Yên Bái, Tuyên Quang, Lạng Sơn, Quảng Ninh, các tỉnh Tây Nguyên đến Ninh Thuận, Đồng Nai. Cây mọc tự nhiên nơi đất trống, bãi hoang nơi dãi nắng, ở độ cao tới 2000 m",chamaecrista-mimosoides-l-greene-cassia-mimosoides-l.txt,,,Caesalpiniaceae,2949769
Commelina communis L,Thài lài,Cây mọc tự nhiên nơi ẩm ướt khắp nơi,commelina-communis-l.txt,,,Commelinaceae,2764179
Saururus chinensis (Lour.) Hort. ex Loud. – Spathium chinense Lour,"Hàm ếch, Trầu nước, Tam bạch thảo, Rau giổi, Bẩu ngoại (Tày), Co nhả lốt (Thái)","Quảng Nam, Đà Nẵng, Vĩnh Phú, Hoà Bình, Sơn La. Cây mọc tự nhiên",saururus-chinensis-lour-hort-ex-loud.txt,,,Saururaceae,7979280
Flacourtia rukam Zoll. et Moritzi,"Hồng quân, Bồ quân lá to","Lai Châu, Tuyên Quang, Thanh Hóa, Quảng Trị (đèo Ai Lao), Đà Nẵng, Khánh Hòa. Cây mọc tự nhiên ở lùm bụi, đất cát khô cằn, phổ biến ở các tỉnh miền Trung",flacourtia-rukam-zoll-et-moritzi-2.txt,,,Flacourtiaceae,5331160
Tarena hoaensis Pitard,"Trà vỏ, Chè vỏ","Vũng Tàu, An Giang. Cây mọc ở rừng thường xanh",tarena-hoaensis-pitard.txt,,,Rubiaceae,2896278
Uncaria hirsuta Havil,Câu đằng lông,"Nghệ An (Thanh Chương), Kon Tum (Đắc Glây). Cây bụi leo mọc tự nhiên ven rừng, trong rừng thưa",mncaria-hirsuta-havill.txt,,,Rubiaceae,5338256
Phyllanthus amarus Schum. et Thonn,Diệp hạ châu đắng,Cây mọc tự nhiên phổ biến khắp nơi ở Việt Nam,phyllanthus-amarus-schum-et-thonn.txt,,Thầu dầu (Euphorbiaceae),,5382589
Buddleja davidii Franch,Búp lệ,Cây mọc tự nhiên,buddleja-davidii-franch.txt,,Buddlejaceae,,3173338
Cymbopogon pendulus (Nees ex Steud.) Wats,Sả tía,"Quảng Ninh (Uông Bí, Quảng Yên), Bà Rịa Vũng Tàu (Côn Đảo). Cây mọc tự nhiên ở ven rừng, rừng thưa, trảng cây bụi.",cymbopogon-pendulus-nees-ex-steud-wats.txt,,,Poaceae,8649705
Eurycoma longifolia Jack,"Bách bệnh, Bá bịnh, Lồng bẹt, Mật nhân, Tho nan (Tày), Mờ lụ (Kho)","Quảng Ninh, Hải Dương (Chí Linh), Nghệ An, Quảng Bình, Quảng Trị, Thừa Thiên Huế, Quảng Nam, Quảng Ngãi, Kon Tum, Lâm Đồng, Tây Ninh. Cây mọc tự nhiên trong các rừng còi, ven rừng, đồi cây bụi",eurycoma-longifolia-jack.txt,,,Simaroubaceae,3709190
Salacia chinensis L,"Chóp máu, Chóp máu tàu, Chóp mao","Lạng Sơn, Ninh Bình, Quảng Trị, Đà Nẵng, Kiên Giang. Cây mọc tự nhiên ở rừng thưa",salacia-chinensis-l.txt,,,Celastraceae,5414293
Gerbera jamesonii Bolus ex Hook.f,Cúc đồng tiền,Cây trồng làm cảnh ở khắp nơi,gerbera-jamesonii-bolus-ex-hook-f.txt,,Cúc (Asteraceae),,5388689
Hydnocarpus ilicifolia King,"Lọ nồi ô rô, Có cara (Bana)","Quảng Trị (Đông Trị), Đà Nẵng (Đèo Hải Vân), Kon Tum (Sa Thầy), Đồng Nai, Bà Rịa – Vũng Tàu. Cây mọc tự nhiên trong rừng rậm hay rừng thứ sinh, ở độ cao tới 800m",hydnocarpus-ilicifolia-king.txt,,,Flacourtiaceae,3878122
Millettia sericea Benth,Mát tơ,Đông Bắc Việt Nam. Cây mọc tự nhiên trong rừng rậm thường xanh.,millettia-sericea-vent-wight-et-arn.txt,,,Fabaceae,7807253
Verbena officinalis L,"Cỏ roi ngựa, Mã tiên thảo, Rgồ mí (KHo), Nhả tháng én (Tày)","Cây mọc tự nhiên trên các bãi hoang, ven đường, ven biển, khá phổ biến ở Việt Nam",verbena-officinalis-l.txt,,Cỏ roi ngựa (Verbenaceae),,2925529
Hedyotis biﬂora (L.) Lam. – Oldenlandia biﬂora L,Bòi ngòi hoa đôi,Cây mọc tự nhiên nơi đất ẩm khá phổ biến ở Việt Nam,hedyotis-biﬂora-l-lam.txt,,,Rubiaceae,
Pholidota chinensis Lindl,Lan tục đoạn tàu,"Hà Giang, Lào Cai. Cây mọc tự nhiên ở vùng núi cao trong rừng thưa, ở độ cao 800-1.600 m",pholidota-chinensis-lindl.txt,,,Orchidaceae,2838684
Wendlandia tinctoria (Roxb.) DC. – Rondeletia tinctoria Roxb,"Khảo quang, Hoắc quang, Mo kheo","Lào Cai (Sa Pa), Thái Nguyên, Vĩnh Phúc (Tam Đảo). Cây mọc tự nhiên trong rừng thứ sinh ẩm vùng núi miền bắc nước ta",wendlandia-tinctoria-roxb-dc.txt,,,Rubiaceae,5338713
Cymbopogon martinii (Roxb.) Wats,Sả ấn độ,Cây nhập trồng.,cymbopogon-martinii-roxb-wats.txt,,,Poaceae,4138713
Thyrocarpus sampsonii Hance,Lọng quả,Hòa Bình. Cây mọc tự nhiên ở vùng núi đá vôi ở độ cao 200-1600 m,thyrocarpus-sampsonii-hance.txt,,,Boraginaceae,4060185
Melastoma saigonense (Kuntze) Merr. – Osbeckia saigonense Kuntze,Mua lông,"Khánh Hòa, Ninh Thuận, Bình Thuận, Đồng Nai, thành phố Hồ Chí mInh. Cây mọc tự nhiên rải rác trên các đồi đất, trảng cây bụi khô",melastoma-gaigonense-kuntze-merr.txt,,,Melastomaceae,3870782
Sapindus saponaria L,"Bồ hòn, Vô hoạn thụ, Bòn hòn, Mộc hoạn tử, Mác hón (Tày), Co hón (Thái), Mầy quyến ngần (Dao)","Cây mọc tự nhiên, còn được trồng",sapindus-saponaria-l.txt,,Bồ hòn (Sapindaceae),,8017915
Scrophularia ningpoensis Hemsl,"Huyền sâm, Hắc sâm, Nguyên sâm","Lào Cai, Hà Giang, Vĩnh Phúc (Tam Đảo), Hòa Bình (Mai Châu). Cây nhập trồng. Tại huyện Mai Châu (tỉnh Hòa Bình) cây đã trở nên hoang hóa và mọc hoang khắp các bãi hoang, chân núi, ven đường đi, …",scrophularia-ningpoensis-hemsl.txt,,,Scrophulariaceae,3736706
Gongronema nepalense (Wall.) Decne,Nguôn bản,"Bắc Cạn. Dây leo mọc tự nhiên trong rừng thưa, ẩm",gongronema-nepalense-wall-decne.txt,,,Asclepiadaceae,3572800
Myrsine linearis (Lour.) S. Moore – Rapanea linearis (Lour.) S. Moore,Xay hẹp,"Nghệ An (Nghi Lộc), Quảng Bình, Quảng Trị, Thừa Thiên Huế. Cây mọc tự nhiên trong rừng hỗn giao, trảng cây bụi, sườn đối, nơi sáng, sườn núi đá vôi",myrsine-linearis-lour-s-moore.txt,,,Myrsinaceae,3721069
Olax obtusa Blume,Mao trật,"Ninh Thuận, Bình Thuận, Bình Dương, Tây Ninh, Bà Rịa Vũng Tàu, An Giang",olax-obtusa-blume.txt,,,Olacaceae,3686148
Gisekia pharnaceoides L,Cỏ lết,Cây mọc tự nhiên ven biển,gisekia-pharnaceoides-l.txt,,,Molluginaceae,7265816
Macaranga henryi (Pax et Hoffm.) Rehd. – Mallotus henryi Pax et Hoffm,Mã rạng henry,"Lào Cai, Hòa Bình, Hà Nội. Cây mọc tự nhiên trong rừng thường xanh hay rụng lá, ở độ cao 1000-1500 m.",macaranga-henryi-pax-et-hoffm-rehd.txt,,,Euphorbiaceae,3074438
Bauhinia tomentosa L,Móng bò vàng,Cây nhập trồng ở Thành phố Hồ Chí Minh,bauhinia-tomentosa-l.txt,,,Caesalpiniaceae,2953031
Cleistanthus hirsutulus Hook.f,Cách hoa phún,"Khánh Hòa (Vọng Phu, Hòn Tre), Đồng Nai, Bà Rịa Vũng Tàu, An Giang. Cây mọc tự nhiên trong rừng, trên đất đá nhiều mùn, ở độ cao 100-700 m",cleistanthus-hirsutulus-hook-f.txt,,,Euphorbiaceae,3081768
Pronephrium triphyllum (Sw.) Holttum – Thelypteris triphylla (Sw.) K. Iwats.; Meniscium triphyllum Sw,Ráng thư dực ba lá,"Miền Bắc đến Quảng Bình, Quảng Trị, Thừa Thiên Huế. Cây mọc tự nhiên ở rừng thứ sinh.",dronephrium-triphyllum-sw-holttum.txt,,,Thelypteridaceae,11424159
Pittosporum tetraspermum Wight & Arn. – P. tonkinense Gagnep,Hắc châu bốn hạt,"Lạng Sơn (Đồng Đông), Bắc Cạn ( Chợ Đồn). Cây bụi mọc rải rác trong rừng thứ sinh, ở độ cao 200-400m",pittosporum-tetraspermum-wight-arn.txt,,,Pittosporaceae,4162115
Calophyllum inophyllum L,"Mù u , Còng, Hồ đồng","Hải Phòng, Hà Nội, Nghệ An, Quảng Bình, Quảng Trị đến Bà Rịa Vũng Tàu. Cây mọc tự nhiên rải rác ven rừng, dựa rạch gần biển",calophyllum-inophyllum-l.txt,,,Clusiaceae,9531830
Legazpia polygonoides (Benth.) Yamaz. – Torenia polygonoides Benth,"Tô tiên rãy, Cỏ bướm trắng","Quảng Ninh, Ninh Bình tới Tây Nguyên, Đồng Nai, Sông Bé.Cây mọc tự nhiên nơi ẩm dọc theo sông suối và trong rừng rậm.",legazpia-polygonoides-benth-yamaz.txt,,,Scrophulariaceae,3738444
Selaginella moellendorffii Hieron,Quyển bá đá,"Cao Bằng, Lạng Sơn, Quảng Ninh, Lâm Đồng, Kiên Giang. Cây mọc tự nhiên trên đá, nơi rợp bóng, ở độ cao dưới 1.000 m.",selaginella-moellendorffii-hieron.txt,,,Selaginellaceae,5836522
Epimedium sagittatum (Sieb. & Zucc.) Maxim,Dâm dương hoắc lá mác,Lào Cai (Sa Pa). Cây nhập trồng. Nguyên sản từ Trung Quốc.,epimedium-sagittatum-sieb-zucc-maim.txt,,,Berberidaceae,7300394
Desmodium strigillosum Schindl,"Thóc lép lông ráp, Thóc lép mép quả lõm","Lai Châu (Phong Thổ), Lạng Sơn, Quảng Ninh (Uông Bí, Quảng Yên), Khánh Hoà, Tây Ninh. Cây bụi, mọc rải rác ở bãi cỏ hoang, trảng cây bụi, ở độ cao tới 800 m.",desmodium-strigillosum-schindl.txt,,,Fabaceae,10866156
Fritillaria cirrhosa D.Don,Xuyên bối mẫu,Cây nhập trồng ở nhiều nơi.,fritillaria-cirrhosa-d-don.txt,"Lilium bonatii H.Lév., Fritillaria duilongdeqingensis Y.K.Yang & Gesan, Baimo cirrhosa (D.Don) Raf",Loa kèn – Liliaceae,,5300358
Tetragonia tetragonioides (Pallas) Kuntze – Demidovia tetragonoides Pallas,"Cải bắp xôi, Dền tây",Cây trồng,tetragonia-tetragonioides-pallas-kuntze.txt,,,Tetragoniaceae,5384307
Tropaeolum majus L,"Sen cạn , Địa liên",Cây trồng làm cảnh. Nguồn gốc từ Nam Mỹ,tropaeolum-majus-l.txt,,,Tropaeolaceae,2889934
Aleusites moluccana (L.) Willd. – Jatropha moluccana L,"Lai, Thẩu xoan (Thái), Mạy lải (Tày)","Cao Bằng, Hà Giang, Lạng Sơn, Lào Cai. Cây mọc tự nhiên và còn được trồng lấy quả ép dầu",aleusites-moluccana-l-willd.txt,,,Euphorbiaceae,4930679
Hedychium coronarium Koenig,"Bạch điệp, Bạch yến, Ngải tiên, Cỏ tai cọp, Sa nhơn, Bo bo","Lào Cai, Lai Châu, Hà Giang. Cây mọc tự nhiên và được trồng",hedychium-coronarium-koenig.txt,,,Zingiberaceae,7883492
Murdannia japonica (Thunb.) Faden – Aneilema herbaceum (Roxb.) Wall. ex Kunth Họ thài lài (Commelinaceae),Cỏ rươi,"Vĩnh Phúc (Vĩnh Yên), Hà Nam, Đồng Nai (Bảo Chánh). Cây mọc tự nhiên nơi đất ẩm ven rừng, dưới rừng, ven suối, ven đường.",murdannia-japonica-thunb-faden.txt,,,,2764756
Digitalis lanata Ehrh,Dương địa hoàng trắng,Lao Cai. Cây nhập trồng. Nguồn gốc từ Địa Trung Hải,digitalis-lanata-ehrh.txt,,,Scrophulariaceae,5414989
Holcoglossum amesianum (Rchb.f.) Christenson – Vanda amediana Rchb.f,Lan tóc tiên,"Lâm Đồng. Cây mọc tự nhiên rải rác trong rừng thưa, ở độ cao 1.400 m",holcoglossum-amesianum-reichb-f-christenson.txt,,,Orchidaceae,2827997
Huperzia hamiltonii (Spreng.) Trevis,Thạch tùng,"Lao Cai (Sa Pa), Hà Giang (Quản Bạ, Đồng Văn), Khánh Hòa, Lâm Đồng. Cây mọc bám trên cây gỗ, trên các tảng đá ẩm trong rừng rậm thường xanh, ở độ cao 700- 1500 m.",huperzia-hamiltonii-spreng-trevis.txt,,,Lycopodiaceae,7286530
Justicia ventricosa Wall,"Dóng xanh, Cốt phát, Tam phòng sơn, Thanh táo tuỳ, Thường sơn trắng, Sleng slảo (Tày)",Cây mọc tự nhiên và được trồng nơi ẩm mát ở nhiều nơi,justicia-ventricosa-wall.txt,,,Acanthaceae,8135111
Impatiens obscura Hook.f,Móng tai ấn,Bà Rịa Vũng Tàu (Núi Đinh). Cây mọc tự nhiên rải rác trong rừng,impatiens-obscura-hook-f.txt,,,Balsaminaceae,4193729
Mallotus ﬂoribundus (Blume) Muell. – Arg. – Adisca ﬂoribunda Blume,"Ba bét, Ba bét nhiều hoa","Thừa Thiên Huế, Quảng Nam, Đà Nẵng, Khánh Hoà. Cây mọc tự nhiên trong rừng thường xanh, trên đất sa phiến thạch, ở độ cao 100-500 m",mallotus-ﬂoribundus-blume-muell-arg.txt,,,Euphorbiaceae,
Thuarea involuta (G.Forst.) R.Br. ex Sm,Quyển trục thảo,Khánh Hòa. Cây mọc tự nhiên trên cát dọc bờ biển.,thuarea-involuta-forst-f-r-br.txt,,,Poaceae,2702911
Pyrrosia sheareri (Bak.) Ching – Polypodium sheareri Bak,Thạch vi cụt,"Lao Cai, Lao Cai, Ninh Bình. Cây mọc tự nhiên, thường sống bám trên bề mặt hay khe đá giàu mùn, ven rừng rậm thường xanh, ở độ cao 200 – 1500m.",pyrrosia-sheareri-bak-ching.txt,,,Polypodiaceae,5647804
Desmodium laxum DC,"Chè tầng, Sơn mã hoàng, Hồng thanh tửu kích","Lạng Sơn, Hà Nội, Ninh Bình (Cúc Phương). Cây mọc tự nhiên rải rác trong rừng thường xanh, thung lũng núi đá, nơi ẩm và ít sáng, ở độ cao tới 1500 m",desmodium-laxum-dc.txt,,,Fabaceae,2971248
Spondias cytherea Sonn,"Cây cóc, Sấu tàu, Mác cốc (Tày)",Các tỉnh phía Nam. Cây trồng,spondias-cytherea-sonn.txt,,,Anacardiaceae,3190595
Gymnosporia mekongensis Pierre,"Ben nam, Lõa châu cửa long","Ninh Thuận (Ninh Hải). Cây mọc tự nhiên trên đồi cây bụi, ở độ cao dưới 200 m",gymnosporia-mekongensis-pierre.txt,,,Dây gối (Celastraceae),3794455
Acronychia pedunculata (L.) Miq. – Jambolifera pedunculata L,"Bưởi bung, Sa cả mộc, Bài bài, Cứt sát, Bí bái cái, Cát bối, Mác thao sang (Tày), Sá cá mộc, Cây lưỡi ba, Cô nàng (Kho)","Cây mọc tự nhiên trong rừng thứ sinh, rừng còi vùng trung du và miền núi",acronychia-pedunculata-l-miq.txt,,,Rutaceae,3836457
Asparagus filicinus Buch.-Ham. ex D.Don,Thiên môn ráng,"Lao Cai (Sa Pa), Lâm Đồng (Langbian). Cây mọc tự nhiên ở vùng rừng núi",asparagus-filicinus-buch.txt,,,Asparagaceae,2768732
Aralia elegans C. N. Ho,"Thông mộc mềm, Cuồng thanh lịch","Hoà Bình. Cây mọc tự nhiên rải rác trong rừng thứ sinh, ven rừng",aralia-elegans-c-n-ho.txt,,,Araliaceae,3037059
Euphorbia lathyris L,Tục tuỳ tử,Lào Cai (Sa Pa). Cây nhập trồng,euphorbia-lathyris-l.txt,,,Euphorbiaceae,3066965
Coelogyne fimbriata Lindl,Bối mẫu lan,"Lâm Đồng, Vĩnh Phúc (Tam Đảo). Cây mọc tự nhiên rải rác trong rừng thưa, ở độ cao 500-1.400 m.",coelogyne-fimbriata-lindl.txt,,Lan (Orchidaceae),,2811501
Salix babylonica L,"Liễu, Dương liễu, Thuỳ liễu","Cây nhập trồng, trồng phổ biến ở Việt Nam.",salix-babylonica-l.txt,,,Salicaceae,5372639
Lemmaphyllum carnosum (Hook.) Presl – Drymoglossum carnosum Hook,Ráng lá dày,"Kon Tum, Lâm Đồng. Cây mọc tự nhiên, thường sống bám trên cây gỗ trong rừng rậm thường xanh, ở độ cao 900 – 1800m.",lemmaphyllum-carnosum-hook-presl.txt,,,Polypodiaceae,11166905
Dioscorea esculenta (Lour.) Burk. – Oncus esculentus Lour,"Củ từ , Khoai từ, Thổ để",Cây trồng,dioscorea-esculenta-lour-burk-oncus-esculentus-lour.txt,,Củ nâu (Dioscoreaceae),,2755195
Hydrocharis dubia (Blume) Back. – Pontederia dubia Blume,"Lá sắn, Thuỷ miết","Nam Định, Ninh Bình. Cây mọc tự nhiên trong các ruộng, ao hồ vùng đồng bằng",hydrocharis-dubia-blume-back.txt,,,Hydrocharitaceae,5329272
Winchia calophylla (Wall.) A. DC. – Alstonia glaucescens Monachino,Mớp lá đẹp,"Thanh Hoá, Nghệ An tới Kon Tum, Gia Lai (Đắk Đoa, Kon Hà Nừng). Cây mọc tự nhiên trong rừng thường xanh nhiệt đới, ở độ cao 500 -1200 m",winchia-calophylla-wall-a-dc.txt,,,Apocynaceae,5535575
Spatholirion longifolium (Gagnep.) Dunn – Streptolirion longifolium Gagnep,Nhã cạp,"Lào Cai, Hà Giang, Vĩnh Phúc (Tam Đảo). Cây mọc tự nhiên trong rừng kín, ẩm.",spatholirion-longifolium-gagnep-dunn.txt,,,Commelinaceae,2765527
Agave angustifolia Haw. var. marginata Trev,Dứa mỹ mép trắng,Cây nhập trồng.,agave-angustifolia-haw-var-marginata-trev.txt,,,Agavaceae,2766846
Neraudia reynaudiana (Kunth) Keng ex Hitchc,Sậy khô,Miền Nam Việt Nam. Cây mọc tự nhiên ở vùng đồi núi khô ở độ cao 200 – 1500m,neraudia-reynaudiana-kunth-keng-ex-hitchc.txt,,,Poaceae,
Aconitum pulchellum Hand. – Mazz,"Ô đầu, Phụ tử, ấu tàu, Củ gấu tàu, Thảo ô, Xuyên ô, Co u tàu (thái), Cổ y (Hmông), ú tàu (Tày)",Lào Cai. Cây nhập trồng,aconitum-pulchellum-hand-mazz.txt,,,Ranunculaceae,7276717
Talinum paniculatum (Jacq.) Gaertn. – Talinum patens (Jacq.) Willd,"Thổ cao ly sâm, (Thổ nhân sâm, Đông dương sâm, Cứa ly sinh (Thái), Mằm sâm đăm (Tày))","Lào Cai, Sơn La, Hà Giang. Cây mọc tự nhiên",talinum-pani-culatum-jacq-gaertn.txt,,,Portulacaceae,3084672
Symplocos glomerata King ex C.B. Clarke – Symplocos garcilifolia Guillaum,"Dung chụm, Dung tuyến, Dung đen","Lào Cai (Sa Pa), Lai Châu, Hà Giang, Quảng Ninh, Vĩnh Phúc (Tam Đảo),  Hà Nội (Ba Vì), Đồng Nai. Cây mọc tự nhiên, rải rác trong rừng vùng núi đá vôi, ở độ cao 900-1.700 m",symplocos-glomerata-king-ex-c-b-clarke.txt,,,Symplocaceae,8134327
Clausena excavata Burm.f,"Dâm hôi, Chùm hôi, Châm châu, Nhâm rừng, Hồng bì dại, Mắc mật, Mác mật mu, Voòng ma (Tày), Vâm bẩy phít điằng (Dao)","Lạng Sơn, Cao Bằng, Bắc Giang, Bắc Cạn, Thái Nguyên, Vĩnh Phúc, Đà Nẵng, Khánh Hòa. Cây mọc tự nhiên trên các đồi dãi nắng, đồi cây bụi, ven chân núi đá vôi. Còn được trồng ở vùng trung du và miền núi",clausena-excavata-burm-f.txt,,Cam quýt (Rutaceae),,5834596
Allophylus triphyllus (Burm.f.) Merr. – Allophylus glaber (Roxb.) Boerl,"Vải rừng, Lù mù, Chia bân (Tày)","Bà Rịa Vũng Tàu. Cây mọc tự nhiên rải rác trong rừng thưa, rừng ngập mặn",allophyllus-glaber-radlk.txt,,,Sapindaceae,5576834
Ceratophyllum demersum L,Kim ngư,"Cây mọc tự nhiên ở ruộng nước, ao hồ, phổ biến ở nước ta",ceratophyllum-demersum-l.txt,,,Ceratophyllaceae,2882398
Pteris nervosa Thunb,Seo gà thấp,"Lao Cai, Hà Giang, Cao Bằng, Lạng Sơn và các tỉnh phía Nam.",pteris-nerrosa-thunb.txt,,,Pteridaceae,5275404
Bridelia ovata Decne . Họ Thầu dầu (Euphorbiaceae),"Bi điền xoan, Thổ mật xoan","Cây mọc tự nhiên trong rừng rậm ẩm rụng lá, vùng đồng bằng và trung du",bridelia-ovata-decne.txt,,,,3076220
Triumfetta pilosa Roth – Triumfetta cân Blume,Gai đầu vàng,"Lào Cai, Lai Châu, Yên Bái, Quảng Nam, Lâm Đồng. Cây mọc tự nhiên ở savan, ven rừng vùng núi đá vôi.",triumfetta-pilosa-roth.txt,,,Tiliaceae,
Kaempferia galanga L,"Địa liền, Sơn nại, Tam nại, Củ thiền niền, Co xá choóng (Thái), Sa khương",Thường được trồng,kaempferia-galanga-l.txt,,Gừng (Zingiberaceae),,5301451
Gladiolus gandavensis Houtt,Lay ơn,Cây nhập trồng lấy hoa,gladiolus-gandavensis-houtt.txt,,,Iridaceae,3586105
Grewia eriocarpa Juss,"Cò ke sếu, Giam","Cây mọc tự nhiên, rải rác trong rừng thứ sinh, phổ biến ở Việt Nam",grewia-eriocarpa-juss.txt,,,Tiliaceae,4260147
Asplenium varians Wall. ex Hook. et Grev,"Ráng xỉ lá nhỏ, Tổ điểu thay đổi","Lào Cai, Quảng Trị, Đà Nẵng. Cây mọc tự nhiên trong các hốc đá vôi ẩm và giàu mùn trong rừng rậm thường xanh.",asplenium-varians-wall-ex-hook-et-grev.txt,,,Aspleniaceae,7310817
Fissistigma tonkinense (Fin. et Gagnep.) Merr. – Melodorum tonkinense Fin. & Gagnep,Lãnh công bắc,"Quảng Ninh (Quảng Yên, Uông Bí). Cây mọc tự nhiên ở ven rừng thứ sinh",fissistigma-tonkinense-fin-et-gagnep-merr.txt,,,Annonaceae,3157317
Spiranthes sinensis (Pers.) Ames – Neottia sinensis Pers,"Lan cuốn chiếu, Bàn long sâm","Cây mọc tự nhiên ở bãi hoang ẩm, bờ ruộng từ vùng thấp tới vùng cao",spiranthes-sinensis-pers-ames.txt,,,Orchidaceae,2805433
Lepisanthes rubiginosa (Roxb.) Leenh. – Sapindus rubiginosa Roxb,"Độc lực, Nhãn dê, Nhãn rừng, Cây chẹo, Nhãn cứt chuột","Cây mọc tự nhiên trên đất xấu trong rừng thứ sinh, khá phổ biến ở Việt Nam",lepisanthes-rubiginosa-roxb-leenh.txt,,,Sapindaceae,3784961
Sterculia hymenocalyx K. Schum,"Sảng trắng, Trôm đài màng, Pò lẹn","Quảng Ninh, Thái Nguyên, Hoà Bình, Hà Tây. Cây mọc tự nhiên rải rác trong rừng",sterculia-hymenocalyx-k-schum.txt,,,Sterculiaceae,7982112
Ligustrum indicum (Lour.) Merr. – Phillyrea indica Lour,"Râm, Nữ trinh, Giam","Cây mọc tự nhiên, còn được trồng phổ biến ở vùng nông thôn làm hàng rào",ligustrum-indicum-lour-merr.txt,,,Oleaceae,3172294
Themeda caudata (Nees) A. Camus,"Cỏ phao, Lô đuôi","Lạng Sơn, Hà Nội (Ba Vì), Đắk Lắk, Lâm Đồng. Cây mọc tự nhiên ở bãi cỏ ven rừng, ven suối, rừng thưa",themeda-caudata-nees-a-camus.txt,,,Họ Hòa thảo (Poaceae),4121144
Michelia mediocris Dandy,Giổi xanh,"Lào Cai (Sa Pa), Hà Nội (Ba Vì), Thanh Hóa, Nghệ An, Lâm Đồng. Cây mọc tự nhiên trong rừng nguyên sinh hoặc rừng thứ sinh, ở độ cao 400-1.600 m",michelia-mediocris-dandy.txt,,,Magnoliaceae,3153460
Dillenia ovata Wall.ex Hook.f. et Thoms,"Sổ trai , Sổ tai","Khánh Hoà tới An Giang, Kiên Giang. Cây mọc tự nhiên trong rừng bình nguyên và trung nguyên",dillenia-ovata-wall-ex-hook-f-et-thoms.txt,,,Dilleniaceae,5383896
Stemona collinsae Craib,"Bách bộ đứng, Bách bộ collins, Bách bộ hoa tím","Bình Định (Vĩnh Thạnh). Cây mọc tự nhiên ven rừng, chân núi đá, khe núi, hốc đá, hoặc trong thung lũng. Loài hiếm đã được đưa vào Sách Đỏ Việt Nam",stemona-collinsae-craib.txt,,,Stemonaceae,3676597
Chaetomorpha antennina (Bory) Kuetz,Rong tóc đốt cần,"Hải Phòng (Đồ Sơn), Thanh Hóa (Sầm Sơn), Nghệ An (Quỳnh Lưu, Nghi Lộc), Hà Tĩnh (Thạch Hà), Quảng Bình (Bố Trạch), Quảng Trị (Vĩnh Linh), Thừa Thiên Huế (Phú Lộc) và Bà Rịa – Vũng Tàu (Vũng Tàu).",chaetomorpha-antennina-bory-kuetz.txt,"Conferva antennia Bory, Chaetomorpha pacifica Kuetz",Rong lông cứng – Cladophoraceae,,8019600
Manglietia fordiana Oliv,"Vàng tâm, Giổi ford","Lao Cai, Nghệ An, Thanh Hóa, Quảng Bình, Quảng Trị, Thừa Thiên Huế, Hà Giang. Cây mọc tự nhiên ở ven các sông, suối, thung lũng vùng núi, ở độ cao 200-1500 m.",manglietia-fordiana-oliv.txt,,,Magnoliaceae,3153727
Barringtonia racemosa (L.) Roxb. – Eugenia racemosa L,"Chiếc chùm, Mưng, Tim lang, Tam lang, Lộc vừng hoa chùm","Hòa Bình đến Biên Hoà. Cây mọc tự nhiên trong rừng ẩm thường xanh, dọc theo khe suối, ở độ cao dưới 200 m",barringtonia-racemosa-l-roxb.txt,,,Lecythidaceae,3082727
Lepisorus thunbergianus (Kaulf.) Ching – Pleopeltis thunbergiana Kaulf,"Ngoã vi, Ổ nang vảy","Khá hẹp. Lào Cai, Lạng Sơn, Vĩnh Phúc (Tam Đảo). Cây mọc tự nhiên, thường sống bám trên cây gỗ trong rừng rậm thường xanh, ở độ cao 1000 – 1800m.",lepisorus-thunbergianus-kaulf-ching.txt,,,Polypodiaceae,2650524
Pouzolzia sanguinea (Blume) Merr. – Urtica sanguinea Blume,"Bọ mắm rừng, Sán pả mà, bọ mắm leo, đay rừng, thuốc vòi cây, nhớt nháo (Thái)","Ninh Bình, Quảng Ninh tới Huế. Cây mọc tự nhiên",pouzolzia-sanguinea-blume-merr-urtica-sanguinea-blume.txt,,,Urticaceae,7300542
Urceola minutiflora (Pierre) Mabb. – Xylinabaria minutiflora Pierre,"Mộc tỉnh, Dây bói cá",Kiên Giang. Cây mọc tự nhiên,urceola-minutiflora-pierre-middl.txt,,,Apocynaceae,5535807
Mucuna pruriens (L.) DC. – Dolichos pruriens L,"Đậu mèo, Sắn dây rừng, Mắt mèo, Khau khắc khỏn, Đậu mèo ngứa (Tày)","Cây mọc tự nhiên trong các trảng cây bụi, ven rừng, ở độ cao tới 1800 m",mucuna-pruriens-l-dc.txt,,Đậu (Fabaceae),,2951499
Cinnamomum loureirii Nees,"Quế quỳ, Quế thanh, Nhục quế",Nam Bộ Việt Nam. Cây thường được trồng.,cinnamomum-loureirii-nees.txt,,,Lauraceae,4182513
Berchemia giraldiana C.K.Schneid,"Biệt sâm, Rung rúc lá lớn","Quảng Trị (Động Chê), Khánh Hoà ( Nha Trang), Lâm Đồng, Kon Tum. Cây mọc tự nhiên, rải rác ven rừng, trong rừng thưa.",berchemia-giraldiana-schneid.txt,,Táo (Rhamnaceae),,3876421
Neonauclea sessilifolia (Roxb.) Merr,"Bàng nâu, Mít ma, Gáo vàng, Gáo không cuống","Lâm Đồng, Đồng Nai, Tây Ninh, An Giang. Cây mọc tự nhiên trong rừng thường xanh",neonauclea-sessilifolia-roxb-merr.txt,,,Rubiaceae,2919563
Calamus walkeri Hance. – C. tonkinensis Becc,"Mây trắng, Mây dang, Mây bắc bộ",Cây mọc tự nhiên ở rừng đồng bằng Bắc bộ và Nam bộ,calamus-walkeri-hance.txt,,,Arecaceae,5294257
Gynura pseudo-china (L.) DC. – Senecio pseudochina L,"Tam thất giả, Kim thất giả, Bầu đất dại","Cây mọc tự nhiên, thường được trồng ở vùng đồng bằng và miền núi",gynura-pseudo-china-l-dc.txt,,,Asteraceae,7715188
Ormosia fordiana Oliv,Long ka lắc,"Sơn La, Nghệ An, Đà Nẵng. Cây ưa sáng, là cây tiên phong của rừng thứ sinh phục hồi sau khai thác và sau nương rẫy, ở độ cao tới 1500 m",ormosia-fordiana-oliv.txt,,,Fabaceae,5355460
Leea aequata L,Củ rối bằng,"Kon Tum, Đắk Lắk, Lâm Đồng, Khánh Hòa, Bình Phước. Cây mọc tự nhiên rải rác trong rừng thứ sinh",leea-aequata-l.txt,,Gối hạc (Leeaceae),,7994517
Hypericum sampsonii Hance,"Lưu ký nô , Nguyên bảo thảo, Thanh thiên, Cỏ ban, Ban lá dính, Xuyên tâm thảo","Lào Cai (Sa Pa), Hà Giang (Phó Bảng), Tuyên Quang (Nà Hang), Bắc Kạn (Na Rì), Hòa Bình (Kim Bôi). Cây mọc tự nhiên rải rác ven rừng, ở các ruộng hoang, bãi cỏ, nơi ẩm",hypericum-sampsonii-hance.txt,,,Hypericaceae,3711910
Cnidium monnierii (L.) Cusson – Selinum monnierii L,"Xà sàng, Giãn sàng, May xàng (Tày)","Cây mọc tự nhiên nơi đất ẩm, ruộng cạn, các bãi ven sông phổ biến ở nước ta",cnidium-monnierii-l-cusson.txt,,,Apiaceae,3034720
Stevia rebaudiana (Bert.) Hemsl. – Eupatorium rebaudianum Bert,Cỏ ngọt,Cây nhập trồng,stevia-rebaudiana-bert-hemsl.txt,,,Họ Cúc (Asteraceae),3125557
Eriocaulon longifolium Nees ex Kunth,Dùi trống lá dài,"Miền Bắc và Nam Việt Nam. Cây mọc tự nhiên nơi đất ẩm ướt ven đường, đầm lầy, ruộng bùn.",eriocaulon-longifolium-nees-ex-kunth.txt,,,Eriocaulonaceae,2690404
Dioscorea kamooensis Kunth,Từ kamon,"Lào Cai (Sa Pa). Cây mọc tự nhiên ở rừng lá rộng thường xanh, rừng tre nứa, trảng cây bụi.",dioscorea-kamooensis-kunth.txt,,,Dioscoreaceae,2755255
Desmos dumosus (Roxb.) Saff. – Unona dumosa Roxb,"Giẻ bụi, Cứt chuột","Ninh Bình, Khánh Hoà. Cây mọc tự nhiên phổ biến ở nước ta",desmos-dumosus-roxb-saff.txt,,,Annonaceae,3155188
Saraca declinata (Jack) Miq,"Vàng anh hoa nhỏ, Thô","Lai châu, Đà Nẵng, Gia Lai (Mang Yang), Khánh Hòa (Nha Trang). Cây mọc tự nhiên ở bìa rừng, dọc sông suối và trong các rừng rậm thường xanh",saraca-declinata-jack-miq.txt,,,Caesalpiniaceae,5359533
Paspalum scrobiculatum L,"Cỏ chửa, Cỏ thia lia, Thuỷ hảo, Cỏ chân vịt, Cỏ đắng, Cỏ trứng ếch",Cây mọc tự nhiên ở các bình nguyên.,paspalum-scrobiculatum-l.txt,,,Poaceae,2705610
Oxystelma esculentum (L. f.) Sm. – Periploca esculenta L.f,Cù mai,"Lào Cai (Sa Pa), Hà Nội, Ninh Bình, Đắk Lắk, Đồng Nai, An Giang.. Cây mọc tự nhiên.",oxystema-esculentum-l-f-r-br-ex-schult-periploca-esculenta-l-f.txt,,Thiên lý (Asclepiadaceae),,3581762
Carpesium divaricatum Sieb. & Zucc,"Cây hạt sắt, Kim oát nhĩ","Sơn La, Hà Giang, Cao Bằng",carpesium-divaricatum-sieb-zucc.txt,"Carpesium atkinsonianum Hemsl., C. erythrolepis H.Lév",Cúc – Asteraceae,,3094854
Kandelia candel (L.) Druce – Rhizophora candel L,"Trang đước, Vẹt đìa","Quảng Nam, Đà Nẵng, Long An, Minh Hải, Kiên Giang. Cây mọc tự nhiên ở vùng ngập mặn",kandelia-candel-l-druce.txt,,,Rhizophoraceae,3874179
Rhododendron simsii Planch,Đỗ quyên hoa đỏ,"Lao Cai (Sa Pa), Hà Tĩnh, Quảng Trị, Thừa Thiên Huế (Bạch Mã), Kon Tum. Cây mọc tự nhiên rải rác trong rừng.",rhododendron-simsii-planch.txt,,,Ericaceae,7327627
Choerospondias axillaris (Roxb.) Burtt. et Hill – Spondias axillaris Roxb,"Xoan nhừ, Nhừ, Sơn cóc, Giâu gia xoan to, Mjừ (Tày)","Thái Nguyên, Nghệ An, Lâm Đồng. Cây mọc tự nhiên, còn được trồng",choerospondias-axillaris-roxb-burtt-et-hill.txt,,,Anacardiaceae,3661517
Rourea oligophlebia Merr,"Dây lửa ít gân , Mú từn","Tuyên Quang, Yên Bái , Thừa Thiên Huế , Thái nguyên.",rourea-oligophlebia-merr.txt,,Connaraceae ( Dây Trường),,3686706
Sparganium stenophyllum Maxim. ex Meinsh,"Hắc tam lăng, Thủy đầu","Kon Tum, Gia Lai (bờ Biển Hồ), Lâm Đồng (Dran). Cây thủy sinh trên các đầm, ao hồ",sparganium-stenophyllum-maxim-ex-meinsh.txt,,,Sparganiaceae,2702424
Memexylon scutellatum (Lour.) Naud. – Scutula scutellata Lour,Sầm núi,Cây mọc tự nhiên trong rừng thưa khá phổ biến ở Việt Nam.,memexylon-scutellatum-lour-naud.txt,,,Melastomaceae,3864081
Helwingia himalaica Hook. f. et Thom. ex C.B. Clake,"Thanh giáp, Ha huỳnh, Lá dâng hoa","Lao Cai, Hà Giang, Hòa Bình (Mai Châu, Pà Cò). Cây mọc tự nhiên trong rừng nguyên sinh hay rừng thưa, vùng núi đá vôi, ở độ cao 900-1600 m",helwingia-himalaica-hook-f-et-thom-ex-c-b-clake.txt,,,Helwingiaceae,7326895
Asplenium exiguum Bedd. ( Asplenium yunnanense Franch.),Tổ điểu bé,"Hẹp, ở vùng núi thấp của Lào Cai (Sa Pa), và Cao Bằng (núi Phia Oắc).",asplenium-exiguum-bedd.txt,,Tổ điểu – Aspleniaceae,,2650701
Dalbergia polyadelpha Prain,"Sóng lá, Trắc nhiều thể nhị","Lạng Sơn, Bắc Giang, Quảng Trị. Cây mọc tự nhiên trong các rừng thứ sinh, ở độ cao tới 1500 m",dalbergia-polyadelpha-prain.txt,,,Fabaceae,2968935
Indigofera nigrescens Kurz ex King et Prain,"Chàm đen, Keo cái","Kon Tum, Lâm Đồng (Đà Lạt, Langbian, Đơn Dương). Cây mọc tự nhiên ven suối hoặc trong các rừng thông, ở độ cao 700-2500 m",indigofera-nigrescens-kurz-ex-king-et-prain.txt,,,Fabaceae,2972323
Schizandra rubiflora (Franch.) Rehd. & Wils. – S. chinensis var. rubiflora Franch,"Ngũ vị hoa đỏ, Ngũ vị hoa to","Lai Châu (Phong Thổ), Lào Cai (Sa Pa), Hoà Bình (Mai Châu). Cây mọc tự nhiên trong rừng, ở độ cao 900-1600 m.",schizandra-rubiflora-franch-rehd-wils.txt,,,Schisandraceae,3745220
Kaempferia rotunda L,"Ngải máu , Cẩm địa la, Tam thất nam, Thiền liền tròn","Lào Cai, Kon Tum (Đắk Glei). Cây mọc tự nhiên, thường được trồng",kaempferia-rotunda-l.txt,,,Zingiberaceae,5301445
Hedychium villosum Wall. in Roxb,Ngải tiên lông,"Kon Tum (Đắk Glei), Lâm Đồng (đèo Braian). Cây mọc tự nhiên",hedychium-villosum-wall-in-roxb.txt,,,Zingiberaceae,2758673
Eurya ciliata Merr,"Linh lông, Súm lông, Chè câu lông","Yên Bái (Mù cang Chải – đèo Khau Phạ), Vĩnh Phúc (Tam Đảo), Sơn La (Mộc Châu). Cây bụi mọc rải rác ven rừng ở độ cao 400- 1500m",eurya-ciliata-merr.txt,,,Theaceae,3591286
Nicotiana tabacum L,"Thuốc lá, Lão bẩu (Tày), Yên thảo, Jờ rào (Kho)",Cây trồng,nicotiana-tabacum-l.txt,,,Solanaceae,2928774
Citrus limonia Osb,Chanh kiên,Cây trồng,citrus-limonia-osb.txt,,,Rutaceae,7647136
Begonia tonkinensis Gagnep,Cửu nguyên lực,"Lai Châu, Lào Cai, Lạng Sơn, Tuyên Quang. Cây mọc tự nhiên rải rác trong rừng thường xanh",begonia-tonkinensis-gagnep.txt,,,Họ thu hải đường (Begoniaceae),4158908
Trichosanthes cucumerina L,Dưa núi,"Từ Đồng Nai tới An Giang. Cây mọc tự nhiên trên đất hoang, lùm bụi.",trichosanthes-cucumerina-l.txt,,,Cucurbitaceae,2874605
Acacia vietnamensis I. Nielsen,Keo việt,"Ninh Thuận (Cà Ná), Đồng Nai (Định Quán), Bình Dương (Hớn Quản), Thuận Hải, Sông Bé. Cây mọc tự nhiên rải rác ven rừng, các chỗ trống trong rừng thứ sinh, ở độ cao tới 400 m.",acacia-vietnamensis-i-nielsen.txt,,,Mimosaceae,8016515
Dalbergia hancei Benth,"Trắc hance, Trắc hoàng đàn","Quảng Ninh, Nghệ An, Ninh Thuận, Bình Thuận. Cây mọc tự nhiên ở các lùm bụi, trên đất cát khô, ở vùng thấp",dalbergia-hancei-benth.txt,,,Fabaceae,2968457
Greena corymbosa (Jack) K. Schum. – Wendlandia corymbosa (Jack) DC,"Trường sơn, Chò, Dướng Sơn","Quảng Bình, Quảng Trị, Thừa Thiên Huế. Cây mọc tự nhiên rải rác trong rừng",greena-corymbosa-jack-k-schum.txt,,,Rubiaceae,2909317
Lysimachia congestiflora Hemsl,"Cỏ thơm, Trân châu hoa phù","Lào Cai (Sa Pa). Cây mọc tự nhiên rải rác ven suối, ven đường mòn, ở độ cao 1500 – 1800m",lysimachia-congestiflora-hemsl.txt,,Anh thảo (Primulaceae),,4005565
Crepidiastrum denticulatum (Houtt.) Pak & Kawano,Rau diếp đắng,Lào Cai (Sa Pa),crepidiastrum-denticulatum-houtt-pak-kawano.txt,"Ixeris denticulata (Houtt.) Nakai ex Stebbins, Brachyramphus ramosissimus Benth., Chondrilla denticulata (Houtt.) Poir",Cúc – Asteraceae,,3094819
Dillenia heterosepala Fin. et Gagnep,"Lọng bàng, Mày lọn","Tuyên Quang, Phú Thọ, Vĩnh Phúc, Thanh Hóa, Nghệ An, Đắk Lắk, Lâm Đồng. Cây mọc tự nhiên, rải rác trong rừng thưa, trên các savan cây bụi",dillenia-heterosepala-finet-et-gagnep.txt,,,Dilleniaceae,5680887
Erythrina stricta Roxb,"Vông hoa hẹp, Vông thẳng","Lai Châu, Sơn La, Tuyên Quang, Cao Bằng, Quảng Ninh, Lâm Đồng. Cây mọc tự nhiên trong rừng rậm và rừng thưa.",erythrina-stricta-roxb.txt,,,Fabaceae,5349642
Myristica fragrans Houtt,"Nhục đậu khấu, Nhục quả","Thành phố Hồ Chí Minh. Cây trồng, nguồn gốc từ các đảo Ceram và các đảo khác của nam quần đảo Molucca.",myristica-fragrans-houtt.txt,,,Myristicaceae,5406817
Borreria ocymoides (Burm.f.) DC. – Spermacoce ocymoides Burm.f,Ruột gà dạng húng,"Thừa Thiên Huế, Kon Tum, Lâm Đồng, Đồng Nai. Cây mọc tự nhiên",borreria-ocymoides-burm-f-dc.txt,,,Rubiaceae,2918700
Rorippa globosa (Turcz. ex Fisch. et Mey.) Vassilcz. – Nasturtium globosum Turcz. ex Fisch. et Mey,Cải đất tròn,"Cây mọc tự nhiên trên đất vườn, sân, phổ biến ở các tỉnh đồng bằng",rorippa-globosa-turcz-ex-fisch-et-mey-vassilcz.txt,,,Brassicaceae,3053159
Astragalus sinicus L,"Hoàng kỳ, Tử vân anh","Cây nhập trồng ở các tỉnh Lai Châu (Phong Thổ), Lào Cai (Sa Pa), Lạng Sơn (Đồng Đăng)",astragalus-sinicus-l.txt,,,Fabaceae,5345082
Neoalsomitra sarcophylla (Wall.) Hutch. – Zanonia sarcophylla Wall,Lâm mạo lá mập,"Hoà Bình, Sơn Tây, Nghệ An, Đà Nẵng. Cây mọc tự nhiên.",neoalsomitra-sarcophylla-wall-hutch.txt,,,Cucurbitaceae,3623331
Morinda parvifolia Bartl. ex DC,Mặt quỉ vàng,"Nghệ An (Quỳnh Lưu), Quảng Bình. Cây mọc tự nhiên trong rừng thứ sinh, ven rừng",morinda-parvifolia-bartl-ex-dc.txt,,,Rubiaceae,7976478
Garcinia merguensis Wight,Sơn vé,"Huế, Gia Lai – Kon Tum, Lâm Đồng. Cây mọc trong rừng rậm",garcinia-merguensis-wihgt.txt,,,Clusiaceae,7447549
Chenopodium ficifolium Sm,"Rau muối, Kinh giới trắng, Mản ri (Tày)","Cây mọc tự nhiên ở ruộng, bãi sông phổ biến ở nước ta",chenopodium-ficifolium-smith.txt,,,Chenopodiaceae,3083862
Pteris plubea Christ,Chân xỉ xám,"Từ Cao Bằng đến Châu Đốc. Cây mọc tự nhiên trong rừng rậm thường xanh, ở độ cao 200 – 1500m.",pteris-plubea-christ.txt,,,Pteridaceae,7310193
Erythrina subumbrans (Hassk.) Merr. – Hypaphorus subumbrans Hassk,Vông hột đá,"Lao Cai, Lai Châu. Cây mọc tự nhiên trong rừng thưa, rừng thứ sinh, ở độ cao tới 1500 m",erythrina-subumbrans-hassk-merr.txt,,,Fabaceae,5349636
Allium cepa L,Hành tây,Cây nhập trồng.,allium-cepa-l.txt,,,Alliaceae,2857697
Telectadium edule Baill,"Phao lưới, Vệ tuyến ngọt",Cây mọc tự nhiên trên thác dọc sông Đồng Nai. Loài đặc hữu của Nam Việt Nam và Lào.,telectadium-edule-baill.txt,,,Asclepiadaceae,9696911
Merremia tuberosa (L). Rendle in Dyer,"Bìm bìm củ, Bìm củ",Bà Rịa Vũng Tàu (Côn Đảo),merremia-tuberosa-l-rendle-in-dyer.txt,"Ipomoea tuberosa L., Operculina tuberosa (L.) Meisn",Khoai lang – Convolvulaceae,,9636531
Caesalpinia pubescens (Desf.) Hattink,"Me tiên, Móc mèo","Thanh Hóa, Nghệ An, Quảng Bình, Thừa Thiên – Huế, Đà Nẵng, Ninh Thuận. Dây leo gỗ, mọc tự nhiên ở lùm bụi thứ sinh, ven biển",caesalpinia-pubescens-desf-hattink.txt,,Vang (Caesalpiniaceae),,5354721
Placolobium cambodianum (Gagnep.) Yakovl. – Ormosia cambodiana Gagnep,Sút cá,"Thanh Hoá, Hoà Bình. Cây mọc tự nhiên trong rừng hỗn giao thường xanh hay rụng lá, ở độ cao tới 700 m",placolobium-cambodianum-gagnep-yakovl.txt,,,Fabaceae,5355466
Elaeocarpus sylvestris (Lour.) Poir. – Adenodus sylvertris Lour,Côm trâu,"Bắc Kạn, Ninh Bình, Thanh Hóa, Nghệ An, Hà Tĩnh, Lâm Đồng, Bình Dương. Cây mọc tự nhiên",elaeocarpus-sylvestris-lour-poir-in-lam.txt,,Côm (Elaeocarpaceae),,7777372
Guioa pleuropteris (Blume) Radlk. – Cupania pleuropteris Blume,Gùi da có cánh,Kiên Giang (Hà Tiên). Cây mọc tự nhiên rải rác trong rừng rậm hay rừng ven biển và ven sông .,guioa-pleuropteris-blume-radlk.txt,,,Sapindaceae,3787288
Cordia bantamensis Blume,"Phỉ tử, Chua ngút, Cây ngút","Lạng Sơn, Cao Bằng, Hoà Bình. Cây mọc tự nhiên trong rừng thưa, ven rừng ẩm",cordia-bantamensis-blume.txt,,,Boraginaceae,5660153
Pieris formosa (Wall.) D. Don,"Húng, Rít","Lào Cai (Sa Pa, Phan Xi Păng)",pieris-formosa-wall-d-don.txt,Andromeda formosa Wall,Đỗ quyên – Ericaceae,,5333350
Dioscorea hispida Dennst,"Củ nâu trắng, Củ nầng, Củ nê, Dây năn, Từ nhám, Dây tẽn","Sơn La, Quảng Trị, Kontum, Gia Lai, Lâm Đồng. Cây mọc tự nhiên nương rãy, rừng còi",dioscorea-hispida-dennst.txt,,Củ Nâu (Dioscoreaceae),,2755784
Coelogyne nitida (Wall. ex D. Don) Lindl,Hoàng lạc chấm,"Bắc Bộ, Lâm Đồng. Cây mọc tự nhiên rải rác trong rừng thưa, ở độ cao 1.500 m",coelogyne-nitida-wall-ex-d-don-lindl.txt,,,Orchidaceae,2811392
Leea thorellii Gagnep,Chạ bục,"Lâm Đồng, Tây Ninh (Cay Cong), Đồng Nai (Biên Hòa), Bà Rịa Vũng Tàu, Bình Dương. Cây mọc tự nhiên rải rác trong rừng thứ sinh, ven rừng",leea-thorellii-gagnep.txt,,,Leeaceae,4160395
Erycibe obtusifolia Benth,"Bìm lá tà, Đinh công, Chân bìm lá tà","Sơn La, Ninh Bình, Hòa Bình, Lào Cai (Sa Pa). Cây mọc tự nhiên ven núi đá",erycibe-obtusifolia-benth.txt,,Bìm bìm (Convolvulaceae),,3679474
Calamina (Smithsonitum),"Chế cam thạch, Cam thạch, Phù thủy cam thạch, Lô cam thạch",,lo-cam-thach.txt,,,,
Arisaema erubescens (Wall.) Schott,"Thiên nam tinh, Củ nưa","Lao Cai (Sa Pa), Lâm Đồng (Đơn Dương). Cây mọc tự nhiên chỗ ẩm vùng núi cao",arisaema-erubescens-wall-schott.txt,,,Araceae,2867313
Fissistigma chloroneurum (Hand.-Mazz.) Y. Tsiang – Melodorum chloroneurum Hand.- Mazz,Lãnh công tái,"Lai Châu (Phong Thổ), Lào Cai, Yên Bái, Sơn La, Lạng Sơn, Ninh Bình. Cây mọc tự nhiên ở ven rừng thứ sinh, nơi nhiều ánh sáng, ở độ cao tới 600 m",fissistigma-chloroneurum-hand-mazz-y-tsiang.txt,,,Annonaceae,3157377
Euphorbia atoto Forst. et Forst.f,"Đại kích biển, Thuốc giòi","Từ Quảng Ninh qua Đà Nẵng, Khánh Hòa đến Kiên Giang (Phú Quốc). Cây hạn sinh, ưa sáng, chịu mặn, mọc tự nhiên trên các bãi cát ven biển",euphorbia-atoto-forst-et-forst-f.txt,,Thầu dầu (Euphorbiaceae),,3065495
Glycine max (L.) Merr. – Phaseolus max L,"Đậu tương, Đậu nành, Hoàng đậu miêu, Thúa xằng (Tày), Đậu tương leo",Cây trồng.,glycine-max-l-merr-phaseolus-max-l.txt,,,Họ Đậu (Fabaceae),5359660
Angelica pubescens Ait,"Độc hoạt, Đương quy lông","Lao Cai (Sa Pa), Lai Châu. Cây nhập trồng. Nguồn gốc từ Trung Quốc",angelica-pubescens-maxim-forma-biserrata-shan-et-yuan.txt,,,Apiaceae,5537546
Clerodendrum glandulosum Lindl. – Clerodendrum colebroockianum Walp,Ngọc nữ vảy,"Ninh Bình, Kon Tum, Lâm Đồng (Đà Lạt). Cây mọc tự nhiên trong rừng cây bụi, ven đường, ở độ cao 300-1.500 m",clerodendrum-colebroockianum-walp.txt,,,Verbenaceae,3893045
Selaginella involvens (Sw.) Spring – Lycopodium involvens Sw,"Quyển bá bạc, Tràng chim, Nhả mung nưa (Thái), Móng lưng rồng , Co chám nhái (Thái)","Lào Cai (Ô Quý Hồ), Đà Nẵng, Lâm Đồng, Khánh Hòa. Cây mọc tự nhiên trên đồi núi thấp trong hay ven rừng thường xanh, rậm hay thưa, ở độ cao 100-2.100 m",selaginella-involvens-sw-spring.txt,,,Selaginellaceae,4940372
Caesalpinia digyna Rottl,"Móc mèo xanh, Vang xanh","Lâm Đồng, Khánh Hòa, Ninh Thuận, Tây Ninh, Đồng Nai, Bà Rịa Vũng Tàu. Cây mọc tự nhiên trong các lùm bụi ven đường, ven rừng, trong rừng thưa và rừng phục hồi, ở độ cao tới 1200 m",caesalpinia-digyna-rottl.txt,,,Caesalpiniaceae,9387656
Mahonia bealii (Fort.) Pynaert – Berberis bealii Fort,"Hoàng liên ô rô , Thích hoàng bá, Mã hồ, Thập đại công lao, Thích hoàng liên, Tông plềng (Hmông)",Hà Giang (Quản Bạ). Cây mọc tự nhiên ở vùng núi đá ở độ cao trên 1.000m. Loài hiếm (EN) đã đưa vào sách đỏ Việt Nam,mahonia-bealii-fort-pynaert.txt,,,Berberidaceae,3033888
Maoutia puya (Hook.f.) Wedd. – Urtica puya Buch._Ham. ex Wall,"Gai ráp Ta me, Thuỷ ty ma","Cây mọc tự nhiên ở độ cao 500 – 1500m thuộc các tỉnh Lạng Sơn, Hà Giang, Ninh Thuận, Lâm Đồng",maoutia-puya-hook-f-wedd.txt,,,Urticaceae,4102185
Mischocarpus sundaicus Blume,"Trường nước, Trái trường, Nây","Quảng Ninh, Vĩnh Phúc, Phú Thọ, Quảng Nam, Đà Nẵng tới Sông Bé. Cây mọc tự nhiên rải rác trong rừng nguyên sinh và thứ sinh, ở độ cao 800-1.600 m",mischocarpus-sundaicus-blume.txt,,,Sapindaceae,3787999
Hiptage benghalensis (L.) Kurz – Banisteria benghalensis L,"Cây dùi đục, Nhà đới, Cánh mào","Quảng Trị, Kon Tum (Đắk Glei, Đắk Choong). Cây mọc tự nhiên rải rác trong rừng thường xanh",hiptage-benghalensis-l-kurz.txt,,,Malpighiaceae,3191302
Aristolochia tagala Cham. – A. roxburghiana Klotsch,"Dây khố rách, Phi hùng, Thiên tiên đằng, Phòng kỷ, Cuốp ma (Hmông)","Lạng Sơn, Cao Bằng, Phú Thọ. Cây mọc tự nhiên",aristolochia-tagala-chamisso-a-roxburghiana-klotsch.txt,,,Họ Mộc hương nam Aristolochiaceae,8207569
Actephila anthelminthica Gagnep,Da gà,"Ninh Thuận (Cà Ná). Cây mọc tự nhiên trong rừng thường xanh trên đất cuội kết, ở độ cao tới 300 m. Loài đặc hữu của Việt Nam",actephila-anthelminthica-gagnep.txt,,,Họ Thầu dầu (Euphorbiaceae),3080012
Melastoma eberhardtii Guillaumin,Mua núi,"Quảng Bình, Quảng Trị, Thừa Thiên Huế. Cây mọc tự nhiên rải rác trong rừng.",melastoma-eberhardtii-guillaum.txt,,,Melastomaceae,3861590
Zanthoxylum laetum Drake,"Hoàng mộc, Hoàng mù, Tiểu la tán","Lạng Sơn (Thanh Muội), Ninh Bình, Đà Nẵng (Bà Nà). Cây mọc tự nhiên.",zanthoxylum-laetum-drake.txt,,,Rutaceae,3837358
Tournefortia sarmentosa Lam,Bọ cạp trườn,"Ninh Bình, Kon Tum. Cây mọc tự nhiên ven rừng ẩm, ở độ cao từ thấp đến 700 m",tournefortia-sarmentosa-lam.txt,,Vòi voi (Boraginaceae),,4062031
Ardisia pedalis E. Walker,Cơm nguội chân,"Quảng Ninh (Hà Cối). Cây mọc tự nhiên trong rừng cây lá rộng, vùng đồi, khe đá, dọc bờ suối, ở độ cao 100-1000 m.",ardisia-pedalis-e-walker.txt,,,Đơm nem (Myrsinaceae),5558616
Pedilanthus tithymaloides (L.) Poit. – Euphorbia tithymaloides L,"Thuốc dấu , Dương san hô","Cây trồng làm hàng rào, làm cảnh ở nhiều nơi",pedilanthus-tithymaloides-l-poit.txt,,,Euphorbiaceae,3069168
Ficus benghalensis L,"Đa xoan, Đa tròn lá",Cây trồng làm cảnh và lấy bóng mát ở nhiều tỉnh của Việt Nam.,ficus-benghalensis-l.txt,,Dâu tằm (Moraceae),,5361919
Ixeris gracilis (DC.) Stebb. – Lactuca gracilis DC,"Rau diếp đắng lá nhỏ, Cúc đắng, Kim anh mảnh","Cây mọc tự nhiên ở vùng núi cao Sa Pa (Lao Cai), Lai Châu, Sơn La, Hòa Bình",ixeris-gracilis-dc-stebb.txt,,,Asteraceae,8015209
Euphorbia bifida Hook. & Arn. – Euphorbia coudercii Gagnep,"Đại kích, Cỏ sữa mộc","Thành phố Hồ Chí Minh. Cây mọc tự nhiên rải rác trong rừng thưa, ở độ cao 500-700 m.",euphorbia-coudercii-gagnep.txt,,Thầu dầu (Euphorbiaceae),,3065503
Gardenia lucida Roxb – Gardenia resinifera Roth,Dành dành bóng,Cây mọc tự nhiên khá phổ biến ở Đồng Bằng Sông Cửu Long,gardenia-lucida-roxb.txt,,Cà Phê (Rubiaceae),,5334965
Hedychium coccineum Buch._Ham. ex Sm,Ngải tiên đỏ,"Hoà Bình (Mai Châu, Pà Cò). Cây ít ưa bóng, thường mọc ven đường, ven suối, trên nương rẫy, dưới tán rừng thưa",hedychium-coccineum-buch-_ham-ex-smith.txt,,,Zingiberaceae,2758716
Alchornea tiliifolia (Benth.) Muell.-Arg. – Stipellaria tilìiolia Benth,"Đom đóm, Lá đay, Đồng châu, Vông đỏ, Long đồng, Mạy tắc xế (Tày)","Cây mọc tự nhiên phổ biến trên các đồi đá sỏi vùng trung du, vùng núi khắp Việt Nam",alchornea-tiliifolia-benth-muell.txt,,,Euphorbiaceae,3055471
Aglaonema macrantifolium Blume,Minh ty rằn,Cây được trồng làm cảnh ở các tỉnh phía Nam.,aglaonema-macrantifolium-blume.txt,,,Araceae,
Cyperus esculentus L,Cỏ gấu tàu,"Cây được trồng ở vùng núi, ở độ cao tới 1500 m",cyperus-esculentus-l.txt,,,Cyperaceae,2716226
Foeniculum vulgare Hill. – Anethum foeniculum L,"Tiểu hồi, Tiểu hồi hương, Rau xứ nhì",Cây nhập trồng. Nguồn gốc từ vùng Địa Trung Hải,foeniculum-vulgare-hill.txt,,,Apiaceae,3034922
Pongamia pinnata (L.) Merr. – Cytisus pinnatus L,"Dây lim, Lá bánh dầy, Dây mấu, Khổ sâm hoa","Quảng Ninh, Ninh Bình, Thanh Hóa, Thừa Thiên Huế, Đắk Lắk. Cây mọc tự nhiên còn được trồng lấy bóng mát ở các đô thị",pongamia-pinnata-l-merr-cytisus-pinnatus-l.txt,,,Họ Đậu (Fabaceae),2965911
Aralia foliolosa Seem. – Panax fliolosus Wall,Cuông lá hẹp,"Hà Giang, Khánh Hoà (Nha Trang), Lâm Đồng (Đà Lạt). Cây mọc tự nhiên rải rác trong rừng thưa, ven rừng, ở độ cao 1000-1800 m",aralia-foliolosa-seem.txt,,,Họ Nhân sâm (Araliaceae),7623994
Cyclosorus acuminatus (Houtt.) Nakai ex H. Itô – Christella acuminata (Houtt.) H. Lev,Dớn nhọn,"Lào Cai, Lạng Sơn, Bắc Kạn, Phú Thọ, Bắc Ninh, Hòa Bình, Hà Nam. Cây mọc tự nhiên nơi ẩm, khá phổ biến trên csac trảng cây bụi – cỏ, rừng thưa, bờ tre hay khe ẩm.",christella-acuminata-houtt-h-lev.txt,,,Thelypteridaceae,4082137
Dendrobium aduncum Wall. ex Lindl,"Hồng cậu, Thạch hộc móc","Lào Cai, Hà Giang, Lạng Sơn, Phúc Thọ (Xuân Sơn), Lâm Đồng. Cây mọc tự nhiên, sống bám trên các cây gỗ lớn trong rừng, ở độ cao 500-1.200 m.",dendrobium-aduncum-wall-ex-lindl.txt,,,Orchidaceae,5316694
Sedum lineare Thunb,Trường sinh lá tròn,"Lao Cai (Sa Pa), Lai Châu (Sìn Hồ). Cây mọc tự nhiên trên đá nơi có nhiều mùn",sedum-lineare-thunb.txt,,,Crassulaceae,5361983
Ardisia helferiana Kurz,Cơm nguội búng,"Phú Thọ, Vĩnh Phúc (Tam Đảo), Lâm Đồng, Đồng Nai, Bà Rịa Vũng Tàu. Cây mọc tự nhiên ở các trảng cỏ, nơi sáng",ardisia-helferiana-kurz.txt,,,Đơm nem (Myrsinaceae),5558269
Antidesma fruticosum (Lour.) Muell.-Arg. – A. japonicum Sieb. et Zucc,"Chòi mòi, Chòi mòi bụi","Ninh Bình, Hà Tây. Cây mọc tự nhiên dưới tán rừng thưa, trên đất laterit, ở độ cao 100-1200 m",antidesma-fruticosum-lour-muell-arg.txt,,,Euphorbiaceae,3076550
Ficus fistulosa Reinw. ex Blume,Sung bộng,"Lao Cai, Tuyên Quang, Quảng Ninh, Quảng Bình, Quảng Trị, Thừa Thiên Huế. Cây mọc tự nhiên trong rừng ẩm thường xanh",ficus-fistulosa-reinw-ex-blume.txt,,,Moraceae,7262725
Thymus vulgaris L,"Xạ hương thảo, Cỏ xạ hương",Lao Cai (Sa Pa). Cây nhập trồng,thymus-vulgaris-l.txt,,,Lamiaceae,5341442
Syzygium cuminii (L.) Skells – Myrtus cuminii L,Vối rừng,"Lạng Sơn, Kon Tum. Cây mọc tự nhiên trong rừng vùng núi đất, núi đao, ở độ cao đà",syzygium-cuminii-l-skells.txt,,,Myrtaceae,3183840
Amomum kwangsiense D. Fang & X.X. Chen,Sa nhân quảng tây,"Hoà Bình (Mai Châu). Cây dạng cỏ, mọc rải rác dưới tán rừng.",amomum-kwangsiense-d-fang-x-x-chen.txt,,,Zingiberaceae,5301673
Coreopsis tinctoria Nutt,Duyên cúc nhuộm,Cây Cây nhập trồng làm cảnh (Hoa đẹp).,coreopsis-tinctoria-nutt.txt,,,Asteraceae,3133950
Pantadenia adenanthera Gagnep,"Toàn tuyến, Ngũ tuyến","Đồng Nai (Bảo Chánh), An Giang (Châu Đốc). Cây mọc tự nhiên trong rừng thường xanh hay rụng lá, trên đất phiến thạch, ở độ cao 100-500 m.",pantadenia-adenanthera-gagnep.txt,,,Euphorbiaceae,3071450
Daphniphyllum calycinum Benth,"Vai, Vai trắng, Nhà can, Giao phương mộc","Quảng Ninh, Hoà Bình. Cây mọc tự nhiên trong rừng thứ sinh",daphniphyllum-calycinum-benth.txt,,,Daphniphyllaceae,4261959
Scyphiphora hydrophylacea C.F. Gaertn,Côi,"Quảng Ninh, Đồng Nai, Bà Rịa Vũng Tàu, Cà Mau. Cây mọc tự nhiên rừng ngập mặn",scyphiphora-hydrophyllacea-gaertn-f.txt,,,Họ Cà phê (Rubiaceae),3846350
Boehmeria macrophylla Hornem. – Boehmeria platyphylla D. Don,Gai lá to,Cây mọc tự nhiên và trồng ở nhiều tỉnh Miền Bắc Việt Nam.,boehmeria-macrophylla-hornem.txt,,,Urticaceae,
Alniphyllum fortunei (Hemsl.) Perkins – Halesia fortunei Hemsl,An tức,"Lai Châu, Lào Cai, Sơn La, Hà Giang, Quảng Ninh, Kon Tum. Cây mọc tự nhiên rải rác trong rừng thứ sinh, ở độ cao 400-1.800 m",alniphyllum-fortunei-hemsl-perkins.txt,,,Styracaceae,7320012
Melaleuca leucadendra L. var. minor . (Smith) Duthie – Syzygium minor Smith in Rees; M. cajiputi Roxb,Tràm gió,"Lâm Đồng (Đà Lạt), Đồng Tháp. Nguồn gốc từ Australia",melaleuca-leucadendra-l-var-minor-smith-duthie.txt,,,Myrtaceae,5415885
Aristolochia zollingeri Miq. – A. kankauensis Sasaki,Phòng kỷ cửa biến,"Thanh Hoá (đảo Hòn Mê, Vườn Quốc gia Bến En), Hà Tĩnh (Hương SơnRào Mắc). Dây leo, mọc rải rác ven rừng kín thường xanh, gần bờ suối, ở độ cao dưới 400 m.",aristolochia-zollingeri-miq.txt,,,Aristolochiaceae,
Enteromorpha clathrata (Roth) Grev,"Trường thảo rào, Rong bún nhiều nhánh","Hải Phòng, Nam Định, Thanh Hoá. Cây mọc tự nhiên bám trên đá, hoặc phủ trên đất bùn ở vùng có triều vào mùa xuân, hè.",enteromorpha-clathrata-roth-grev.txt,,,Ulvaceae,9402904
Sporobolus humilis J. Presl,Sư ốc,"Lạng Sơn, Quảng Ninh, Thừa Thiên Huế, Khánh Hòa, An Giang. Cây mọc tự nhiên ở ven rừng, rừng thưa, sườn đồi, ở độ cao tới 1.500 m.",sporobolus-humilis-presl.txt,,,Poaceae,4149809
Xanthophyllum excelsum Blume,"Săng ớt cao, Cúc mộc","Đồng Nai, Bà Rịa Vũng Tàu (Núi Đinh). Cây mọc tự nhiên rải rác trong rừng thưa",xanthophyllum-excelsum-blume.txt,,,Polygalaceae,7580773
Fissistigma cupreonitens Merr. et Chun,Lãnh công màu nhung,,fissistigma-cupreonitens-merr-et-chun.txt,,"Na (Annonaceae) Cập nhật01/07/2019 ★ ★ ★ ★ ★ ★ 0.0 - 0 đánh giá Chia sẻ Chia sẻ Cây thuốc khác Pandanus humilis Lour. Dendrocalamus membranaceus Munro Jasminum scandens Vahl Alisma plantago-aquatica L. Bình luận Câu hỏi của bạn Hủy X Bạn vui lòng điền thêm thông tin! Chọn tệp (Allowed file typesjpg, png , maximum file size100MB. Cây thuốc được quan tâm Ampelopsis cantoniensis (Hook. et Arn.) Planch. Chữa sưng vú (Lá giã đắp). Đau dạ dày hành tá tràng (Cành lá... Curculigo orchioides Gaertn",,3157316
Calvatia craniiformis (Bosc) Morgan,Nấm bọc dạng đầu,"Lai Châu, Lào Cai, Yên Bái, Tuyên Quang, Bắc Kạn, Thái Nguyên, Lạng Sơn, Quảng Ninh, Bắc Giang, Hà Nội, Ninh Bình, Thanh Hóa, Nghệ An, Hà Tĩnh.",calvatia-craniiformis-bosc-morgan.txt,,Nấm trứng – Lycoperdaceae,,
Micromelum integerrimum (Buch.-Ham. ex DC.) Wight & Arn. ex M. Roem,Kim sương mép nguyên,"Lào Cai, Lai Châu, Lạng Sơn. Cây mọc tự nhiên",micromelum-integerrimum-buch-_ham-ex-colebr-wight-arn.txt,,,Rutaceae,7845716
Vernonia spirei Gand,"Cúc bạc đầu, Bạch đầu spirei","Lai Châu, Sơn La, Kon Tum, Gia Lai, Đắk Lắk, Lâm Đồng. Cây mọc tự nhiên ở ven rừng thưa, ở độ cao 300-1600 m.",vernonia-spirei-gandog.txt,,Cúc (Asteraceae),,4212811
Aerva lanata (L.) Juss. – Achysanthes lanata L,Mao vĩ lông,Cây mọc tự nhiên ở rừng Nam Bộ Việt Nam,aerva-lanata-l-juss.txt,,,Amaranthaceae,10974033
Cryptocoryne ciliata (Roxb.) Fisch ex Schott – Ambrosinia ciliata Roxb,"Mái dầm, Mái chèo","Cây mọc tự nhiên ở cửa sông, rừng ngập mặn ven biển các tỉnh phía Nam",cryptocoryne-ciliata-roxb-fisch-ex-schott.txt,,,Araceae,7551029
Hydrangea aspera subsp. strigosa (Rehder) E.M. McClint,Tú cầu ráp,"Lào Cai (Sa Pa), Vĩnh Phúc (Tam Đảo). Cây mọc tự nhiên trong rừng thưa, rừng thứ sinh, ở độ cao tới 1700 m",hydrangea-aspera-d-don-ssp-strigosa-rehd-mc-clint.txt,,Thường sơn (Hydrangeaceae),,7318983
Acronychia pedunculata (L.) Miq. – Acronychia resinosa (Lour.) Forst. ex Crevost & Lemari,San,"Miền Trung. Cây gỗ nhỏ, mọc tự nhiên.",acronychia-resinosa-lour-forst-ex-crevost-lem.txt,,,Rutaceae,3836457
Gynostemma pentaphyllum (Thunb.) Makino – Vitis pentaphylla Thunb,"Cổ yếm, Giảo cổ lam, Dền too`ng","Hà Giang, Lào Cai, Cao Bằng, Hòa Bình (Tu Lý, Đà Bắc), Phú Thọ (Tân Sơn), Sơn La (Mộc Châu), Quảng Bình (Phong Nha Kẻ Bàng). Cây mọc tự nhiên ven núi đá. Loài hiếm (EN) đã đưa vào sách đỏ Việt Nam",gynostemma-pentaphyllum-thunb-makino.txt,,,Bầu bí (Cucurbitaceae),7317960
Dialium cochinchinense Pierre,"Xoay, Xây, Lát mét","Quảng Nam, Quảng Ngãi, Kon Tum, Gia Lai, Đắk Lắk, Lâm Đồng. Cây mọc tự nhiên trên đất ẩm trong rừng và savan",dialium-cochinchinense-pierre.txt,,,Caesalpiniaceae,2970961
Phytolacca esculenta van Houtte,Thương lục rau,Trồng ở Miền Nam Việt Nam. Loài cây có cụm hoa đối diện với lá.,phytolacca-esculenta-van-houtte.txt,,,Phytolaccaceae,3084022
Michelia alba L,"Ngọc lan ta, Kim cương mộc, Cây sứ, Ngọc lan hoa trắng",,ngoc-lan-ta.txt,,Magnoliaceae (Mộc lan),,3987892
Chilocarpus denudatus Blume – Chilocarpus alyxifolius Pierre,Thần quả trấn,"Lao Cai (Sa Pa), Hà Tây (Ba Vì), Đồng Nai (Biên Hoà), Tây Ninh. Cây mọc tự nhiên trong rừng, ở độ cao đến 1000 m",chilocarpus-denudans-blume.txt,,,Apocynaceae,7316889
Oxyspora balansae (Cogn.) J. Maxw. – Allomorphia balansae Cogn,Đa hình mộc,Thừa Thiên Huế (Sông Bồ Giang). Cây mọc tự nhiên rải rác ven sông.,oxyspora-balansae-cogn-j-maxw.txt,,,Hoa mua (Melastomaceae),5938740
Sarcococca vagans Stapf,Phi cầu,"Hà Nội, Quảng Trị, Lâm Đồng. Cây mọc tự nhiên rải rác trong rừng.",sarcococca-vagans-stapf.txt,,,Buxaceae,3988179
Lysimachia sikokiana Miq,"Bài thảo, Lý mạch","Lào Cai (Sa Pa), Kon Tum. Cây mọc dưới tán rừng, ở độ cao 1000- 2100m.",sikok-lysimachia-sikokiana-miq.txt,,,Primulaceae,7290557
Taxillus delavayi (Van Tiegh.) Dans. – Phyllodesmis delavayi Tiegh,Mộc vệ delavay,"Hòa Bình (Mai Châu), Hà Nội (Ba Vì, Thủ Pháp), Đà Nẵng, Đắk Lắk. Cây bụi sống bán ký sinh trên cành cây thân gỗ, ở độ cao dưới 1200 m.",taxillus-delavayi-van-tiegh-dans.txt,,,Loranthaceae,7287929
Geranium nepalense Sweet,"Mỏ hạc, Phong lữ, Lão quan thảo","Lai Châu, Lào Cai (Sa Pa), Sơn La (Bắc Yên). Cây mọc tự nhiên",geranium-nepalense-sweet.txt,,,Geraniaceae,2890266
Hypericum ascyron L,Ban rỗ,"Cây mọc tự nhiên trên các Sa van có ở Lao Cai (Sa Pa), Hà Giang (Đồng Văn)",hypericum-ascyron-l.txt,,,Hypericaceae,3189479
Dermonema pulvinata (Grun) Fan,Rong sừng ngắn,"Hải Phòng, Nghệ An, Quảng Trị. Cây mọc bám trên đá, ở vùng triều thấp vào mùa đông xuân và mùa hè.",dermonema-pulvinata-grun-fan.txt,,,Helminthocladiaceae,2665112
Rumex maritimus L. – Rumex chinensis Campd,Chút chít,"Sơn La, Lạng Sơn, Thái Nguyên, Hòa Bình, Hà Nội, Ninh Bình, Cần Thơ. Cây mọc tự nhiên nơi đất ẩm ven đường, ven suối, ven sông ngòi, ao hồ, ruộng hoang",rumex-maritimus-l.txt,,,Polygonaceae,2888980
Cucumis melo L,"Dưa hồng, Điềm qua, Qua rừng (Tày)","Cây trồng, thích hợp với vùng đất cát pha",cucumis-melo-l.txt,,,Cucurbitaceae,2874570
Sapium baccatum Roxb,"Sòi quả mọng, Sòi nhuộm, Ô cửu, Sòi trắng, Sòi nang","Cây mọc tự nhiên trong rừng lá rộng thường xanh, rừng hỗn giao từ Nghệ An tới Kiên Giang",sapium-baccatum-roxb.txt,,,Euphorbiaceae,3063658
Celastrus hindsii Benth. Họ Dây gối (Celastraceae),"Dây gối ấn độ, Thanh giang đằng","Ninh Bình, Quảng Bình, Quảng Trị, Thừa Thiên Huế . Cây mọc tự nhiên trong rừng thứ sinh, ở độ cao dưới 300 m",celastrus-hindsii-benth.txt,,,,3793742
Elsholtzia ciliata (Thunb.) Hyland. – Sideritis ciliata Thunb,"Kinh giới, Khương giới, Giả tô, Nhả nát hom (Thái), Phjắc hom khao (Tày)",Cây trồng,elsholtzia-ciliata-thunb-hyland.txt,,,Lamiaceae,2927075
Blechnum orientale L,"Ráng dừa đông, Dương xỉ lá dừa, Guột giang",Phân bố rất rộng. Cây mọc tự nhiên thành từng đám trên vách đất đá ven rừng rậm thường xanh và ven suối trong các rừng thưa và trảng cây bụi thứ sinh,blechnum-orientale-l.txt,,,Blechnaceae,4079429
Fossilia Ossis Mastodi,"Phấn long cốt, Hoa long cốt, Thổ long cốt, Long cốt",,long-cot.txt,,,,
Drynaria fortunei (Kuntze ex Mett.) J. Sm. – Polypodium fortunei Kuntze ex Mett,"Bổ cốt toái, Tắc kè đá, Hộc quyết, Ráng bay","Lào Cai, Hà Giang, Hải Phòng (Cát Bà), Lai Châu, Lạng Sơn. Cây mọc tự nhiên, thường bám vào vách đá, trên thân cây gỗ trong rừng rậm nửa rụng lá và rụng lá hay ven rừng rậm thường xanh.",drynaria-fortunei-kuntze-ex-mett-j-sm-2.txt,,,Họ dương xỉ (Polypodiaceae),4024368
Polygala paniculata L. – Polygala glomerata var. langbianensis Phamh,"Kích nhũ chùm, Cây dầu nóng, Viễn chí lá nhỏ",Lâm Đồng (Bảo Lộc tới Đà Lạt). Cây mọc tự nhiên ở ven đường đất hoang.,polygala-paniculata-l.txt,,,Polygalaceae,3191373
Sapium rotundifolium Hemsl,"Sòi lá tròn, Sòi bòng","Cây mọc rải rác ở những bãi trống, trong các rừng thứ sinh từ Lạng Sơn đến Thanh Hóa.",sapium-rotundifolium-hemsl.txt,,,Euphorbiaceae,3054418
Allospondias lakonensis (Pierre) Stapf – Spondias lakonensis Pierre,"Giâu gia xoan, Xoan trà, Xuyên cóc, Lát xoan, Xoan rừng","Lào Cai, Thái Nguyên, Bắc Cạn, Thanh Hoá, Nghệ An, Quảng Bình tới Quảng Nam, Quảng Ngãi. Cây mọc tự nhiên, còn được trồng ở nhiều nơi",allospondias-lakonensis-pierre-stapf.txt,,,Anacardiaceae,3661652
Clitoria hanceana Hemsl. var. laureola Gagnep,"Đậu biếc lông vàng, Biếc tràng","Gia Lai, Đắk Lắk, Tây Ninh, Bình Dương, Đồng Nai, An Giang. Cây mọc tự nhiên trong rừng thưa",clitoria-hanceana-hemsl-var-laureola-gagnep.txt,,Đậu (Fabaceae),,2946687
Russelia equisetiformis Schltr.r et Champ,Liễu tường,Cây trồng,russelia-equisetiformis-schlechter-et-champ.txt,,Hoa mõm chó (Scrophulariaceae),,5414601
Aganonerion polymorphum Pierre ex Spire,"Dây dang, Dây dịu, Dây lá giang, Giang chua","Hoà Bình (Mai Châu), Quảng Trị, Gia Lai, Đắk Lắk, Khánh Hoà, Đồng Nai. Cây mọc tự nhiên ở ven rừng, trảng cây bụi, ven đường rừng",aganonerion-polymorphum-pierre-ex-spire.txt,,,Họ Trúc đào (Apocynaceae),10017577
Cymbopogon caesius (Nees ex Hook. et Arn.) Stapf,"Sả hôi, Sả lam",Cây trồng.,cymbopogon-caesius-nees-ex-hook-et-arn-stapf.txt,,,Poaceae,4151099
Musa paradisiaca L,"Chuối tiêu, Hương tiêu, Cuổi chiêu (Tày), Co duốc (Thái)",Cây trồng khá phổ biến ở Miền Bắc Việt Nam,musa-paradisiaca-l.txt,,,Musaceae,2762752
Helicteres glabriuscula Wall. ex Mast,"Tổ kén không lông, Thâu kén nhẵn",Bắc Giang. Cây mọc tự nhiên trong rừng thưa,helicteres-glabriuscula-wall-ex-mast.txt,,,Sterculiaceae,8215700
Torenia violacea (Azaola ex Blanco) Pennell – Mimulus violaceus Azaola ex Blanco,"Cúc tím, Hoa tím, Cỏ bướm tím, Tô liên cọng, Nhả ma bả (Tày)","Lào Cai (Sa Pa), Hà Nội (Ba Vì, Thủ Pháp). Cây mọc tự nhiên ở nương rẫy, ven đường, ven suối, ở độ cao đến 1500 m.",torenia-violacea-azaola-ex-blanco-pennell.txt,,,Họ Hoa mõm chó (Scrophulariaceae),3724873
Ludwigia perennis L,"Nhớt mèo, Rau mương, Rau mương hoa nhỏ","Lao Cai, Quảng Bình, Quảng Trị, Thừa Thiên Huế. Cây mọc tự nhiên ở ruộng cạn, nơi ẩm và ven bờ sông suối",ludwigia-perennis-l.txt,,,Onagraceae,8129014
Coffea canephora Pierre ex A.Froehner – Coffea canephora var. robusta (L. Linden) A. Chev,Cà phê vối,Cây nhập trồng.,coffea-canephora-pierre-ex-proehner-var-robusta-linden-chev.txt,,Cà phê (Rubiaceae),,2895528
Canavalia cathartica Thouars,"Dao tiểu đậu, Đậu cộ biển","Từ Quảng Ninh đến Kiên Giang. Cây mọc tự nhiên ở lùm bụi ven đường, ven rừng, chân núi đá, ven bờ biển, ven rừng ngập mặn",canavalia-cathartica-thouars.txt,,Đậu (Fabaceae),,2962193
Carmona microphylla (Lam.) G. Don,"Ruối huầy, Cùm sụm, Chùm rụm, Bùm sụm","Cây mọc tự nhiên vùng đồi núi, còn được trồng làm cảnh",carmona-microphylla-lam-g-don.txt,,,Boraginaceae,4066311
Hedychium flavescens Carey ex Roscoe – Hedychium coronarium var. flavescens (Carey ex Roscoe) Baker,Ngải tiên hoa vàng,"Cây mọc tự nhiên ở vùng núi cao khí hậu mát mẻ như Lào Cai, Hà Giang.",hedychium-flavescens-carey-ex-roscoe.txt,,,Zingiberaceae,2758601
Hedyotis verticillata (L.) Lam. – Hedyotis hispida Retz,"Co nộc., Co nộc sa, Bòi ngòi lông","Lạng Sơn, Quảng Ninh, Hà Bình, Bình Dương, An Giang. Cây mọc tự nhiên trong các ruộng hoang",hedyotis-verticillata-l-lam.txt,,,Họ cà phê (Rubiaceae),7471853
Clitoria ternatea L,"Đậu biếc, Dây bông biếc, Diệp dáo, Đậu điệp",Cây nhập trồng ở nhiều tỉnh thành phố của Việt Nam,clitoria-ternatea-l.txt,,Đậu (Fabaceae),,2946519
Geum aleppicum Jacq,"Thủy dương mai, Kế","Lào Cai (Sa Pa), Hà Giang (Đồng Văn). Cây mọc tự nhiên trong các savan cỏ, ở độ cao 1.000-1.700 m",geum-aleppicum-jacq.txt,,,Rosaceae,5369685
Toddalia asiatica (L.) Lam. – Paullinia asiatica L,Cam núi,"Lào Cai, Ninh Bình đến Quảng Trị. Cây mọc tự nhiên trong rừng thưa, ven đường, ở độ cao dưới 1.500 m",toddalia-asiatica-l-lam.txt,,Cam quýt (Rutaceae ),,10789822
Cyperus difformis L,"Cói tò ty, Cỏ chao","Cây mọc tự nhiên nơi ẩm, ở vùng núi, trung du, ở độ cao tới 900 m",cyperus-difformis-l.txt,,,Họ Cói (Cyperaceae),2714796
Centrostachys aquatica (R.Br.) Moq. – Achysanthes aquatica R.Br,Cỏ xước nước,"Đồng bằng sông Cửu Long. Cây mọc tự nhiên dựa bờ rạch, ruộng ngập, chỗ ẩm ướt",centrostachys-aquatica-r-br-wall-in-roxb.txt,,,Họ Dền (Amaranthaceae),3085184
Vitis flexuosa Thunb,"Nho dịu, Nho cong queo","Sơn La (Mộc Châu), Thái Nguyên, Hưng Yên, Ninh Bình, Tây Ninh. Cây mọc tự nhiên, rải rác trong rừng",vitis-flexuosa-thunb.txt,,,Vitaceae,7293919
Artabotrys hongcongensis Hance – A. blumei Benth,Móng rồng hồng công,"Lào Cai (Sa Pa), Quảng Ninh, Hà Nội (Ba Vì), Ninh Bình, Cúc Phương. Cây mọc tự nhiên rải rác dưới tán rừng",artabotrys-hongcongensis-hance.txt,,,Annonaceae,3154984
Sesbania bispinosa (Jacq.) W. Wight – Aeschynomene bispinosa Jacq,Điền điển gai,"Quảng Nam, Đà Nẵng, Vĩnh Phúc. Cây trồng cải tạo đất",sesbania-bispinosa-jacq-w-wight.txt,,Đậu (Fabaceae),,2970721
Elatostema balansae Gagnep,Rau pơ la,"Cao Bằng, Lạng Sơn, Thái Nguyên tới các tỉnh Tây Nguyên. Cây mọc tự nhiên trên đất mùn đá vôi, ven suối",elatostema-balansae-gagnep.txt,,,Urticaceae,7300863
Pterospermum semisagittatum Buch.-Ham. ex Roxb,Lòng mang lá lệch,"Kon Tum, Tây Ninh. Cây mọc tự nhiên rải rác trong rừng cây họ Dầu, ở độ cao dưới 500 m",pterospermum-semisagittatum-ham-in-roxb.txt,,,Sterculiaceae,4939559
Oreocnide tonkinensis (Gagnep.) Merr. et Chun – Villebrunea tonkinensis Gagnep,"Cây sên, Ná nang, Nai, Chèo béo, Sén","Lào Cai, Lạng Sơn, Tuyên Quang, Thừa Thiên Huế, Đà Nẵng. Cây mọc tự nhiên trong rừng ẩm ở nơi nhiều ánh sáng",oreocnide-tonkinensis-gagnep-merr-et-chun.txt,,,Urticaceae,4099347
Vitex helogiton K. Schum. – Vitex glabrata R. Br,Đẻn nhẵn,"Quảng Bình, Quảng Trị, Thừa Thiên Huế, Quảng Ninh, Đà Nẵng, Sông Bé, Đồng Nai. Cây mọc tự nhiên trong rừng hỗn giao",vitex-helogiton-k-schum.txt,,Cỏ roi ngựa (Verbenaceae),,2925565
Graptophyllum pictum (L.) Griff. – Justicia picta L,"Điền kinh, Ngọc diệp, Vàng bạc trổ","Lâm Đồng (Bảo Lộc), Cần Thơ. Cây mọc tự nhiên, còn được trồng làm cảnh.",graptophyllum-pictum-l-griff.txt,,Ô Rô (Acanthaceae),,3173137
Callerya dasyphylla (Miq.) Schot – Padbruggea dasyphylla Miq,Cổ rùa huyết,"Hòa Bình, Kon Tum, Đắk Lắk, Ninh Thuận. Cây mọc tự nhiên trong rừng, rừng rậm thường xanh và rừng thưa hỗn giao rụng lá",callerya-dasyphylla-miq-schot.txt,,Đậu (Fabaceae),,2952312
Putranjiva roxburghii Wall,Sang trắng,Ninh Bình (Cúc Phương),putranjiva-roxburghii-wall.txt,"Cyclostemon racemosus Zipp. ex Span., Drypetes roxburghii (Wall.) Hurus., Nageia putranjiva Roxb",Sang trắng – Putranjivaceae,,3076079
Asarum balansae Franch,"Tế tân nam, Biến hoá núi cao, Thổ tế tân",Cây mọc tự nhiên vùng núi cao phía BắcCao Bằng (Quảng Hòa). Cây có nguồn gen hiếm (EN) đã đưa vào Sách đỏ Việt Nam,asarum-balansae-franch.txt,,Mộc hương nam (Aristolochiaceae),,3589084
Cinnamomum balansae Lecomte,"Gù hương, Vù hương","Ninh Bình (Cúc Phương). Cây mọc tự nhiên rải rác trong rừng thường xanh, ở độ cao 100-600 m. Loài hiếm vì bị khai thác kiệt, đã đưa vào Sách Đỏ Việt Nam",cinnamomum-balansae-lecomte.txt,,,Lauraceae,4177751
Skimmia arborescens Anders. ex Gamble ssp. nitida N.P. Taylor & Airy-Shaw,Chu láng,"Lào Cai (Fan-Si-Pan), Hòa Bình (Chợ Bờ), Kon Tum (Đắk Glei), Khánh Hòa, Đồng Nai. Cây mọc tự nhiên trong rừng thưa ở độ cao 1100 m",skimmia-arborescens-anders-ex-gamble-ssp-nitida-n-p-taylor-airy-shaw.txt,,,Rutaceae,7269619
Neillia thyrsiflora D. Don,Tú tuyến mai; Nây,"Lào Cai, Cao Bằng (Nguyên Bình)",neillia-thyrsiflora-d-don.txt,,Hoa hồng – Rosaceae,,3024763
Phyllidium elegans (Lour.) Desv. – Desmodium blandum Meeuwen,Đồng tiền lông,"Cây mọc tự nhiên trên các bãi đất hoang, ven rừng rậm, trong rừng thưa, ở độ cao tới 1600 m, phổ biến khắp Việt Nam",phyllidium-elegans-lour-desv.txt,,,Fabaceae,2948557
Paris fargesii Franch. – Paris petiolata Baker ex Wright var. ramembnacea Franch,"Trọng lâu đỉnh trung đới hình cầu, Trọng lâu sa pa","Lao Cai, Hà Giang. Cây mọc tự nhiên nơi ẩm dưới tán rừng vùng núi cao",paris-fargesii-franch.txt,,,Trilliaceae,5295967
Cordia myxa L,"Tâm mộc nhớt, Ngút nhớt","Miền Trung, miền Nam. Cây mọc tự nhiên",cordia-myxa-l.txt,,,Boraginaceae,5341290
Camellia sasanqua Thunb,"Sở, Dầu chè, Dầu sở, Trà mại , Mạy slở (Tày)","Lào Cai, Hà Giang, Cao Bằng, Bắc Kạn. Cây thường được trồng",camellia-sasanqua-thunb.txt,,,Theaceae,3189637
Fissistigma oldhamii (Hemsl.) Merr. – Melodorum oldhamii Hemsl,"Lãnh công, Cách thư","Lào Cai, Cao Bằng, Lạng Sơn, Quảng Trị, Gia Lai – Kon Tum. Cây mọc tự nhiên ở ven rừng, nơi sáng",fissistigma-oldhamii-hemsl-merr.txt,,,Annonaceae,3157344
Anamirta cocculus (L.) Wight et Arn. – Menispermum coccolus L,"Đông cầu, Đại sau","Từ Nghệ An tới Tây Ninh. Cây mọc tự nhiên ở ven rừng, rừng thưa, ở độ cao 300-1200 m",anamirta-cocculus-l-wight-et-arn-menispermum-coccolus-l.txt,,,Tiết dê (Menispermaceae),3829613
Pinus massoniana Lamb,:Thông đuôi ngựa,"Lạng Sơn, Quảng Ninh, Vĩnh Phúc (Tam Đảo). Cây nhập trồng",pinus-massoniana-lamb.txt,,,Pinaceae,5285215
Morinda officinalis How,"Ba kích, Ruột gà, Thao tày cáy (Mán), Ba kích thiên, Sáy cáy (Thái), Chầu phóng sì (Tày), Chổi hoàng kim, Chày kiằng đòi (Dao)","Lào Cai, Phú Thọ, Quảng Ninh, Lạng Sơn, Hòa Bình, Thanh Hóa. Cây mọc tự nhiên và cũng được trồng",morinda-officinalis-how.txt,,,Rubiaceae,7356096
Hoya parasitica (Roxb.) Wall. ex Wight – Asclepias parasitica Roxb,"Dây lưỡi lợn, Ha rac (Bana)","Lào Cai , Hà Giang tới Đồng Nai. Cây mọc bám vào các vách đá và thân gỗ, còn được trồng làm cảnh.",hoya-parasitica-roxb-wall-ex-wight-asclepias-parasitica-roxb.txt,,,Họ Thiên lý (Asclepiadaceae),7311750
Torenia benthamiana Hance – Torenia tonkinensis Bonati,Tô liên,"Ninh Bình, Thanh Hóa, Đà Nẵng. Cây mọc tự nhiên nơi ẩm, ở độ cao 300-700 m.",torenia-benthamiana-hance.txt,,,Scrophulariaceae,3725985
Acorus macrospadiceus (Yamamoto) F.N.Wei et Y. K.Li,Thủy xương bồ hoa to,"Bắc Giang, Hà Tĩnh (Vườn Quốc gia Vũ Quang). Cây mọc tự nhiên ở vùng đầm lầy",acorus-macrospadiceus-yamamoto-f-n-wei-et-y-k-li.txt,,,Araceae,2873807
Crotalaria acicularis Benth,Lục lạc kim,"Cây mọc tự nhiên ở đất hoang, nơi ẩm lầy từ Lào Cai tới Tây Ninh",crotalaria-acicularis-buch.txt,,,Fabaceae,2942070
Phrynium placentarium (Lour.) Merr,Dong rừng,"Sơn La, Phú Thọ (Chân Mộng – Đoan Hùng), Vĩnh Phúc, Quảng Trị, Kiên Giang. Cây mọc tự nhiên trong thung lũng và rừng núi",phrynium-placentarium-lour-merr.txt,,,Marantaceae,2762365
Schefflera delavayi (Franch.) Harms ex Diels. – Heptapleurum delavayi Franch,Chân chim lá cứng,"Lào Cai, Sơn La, Hoà Bình, Kon Tum. Cây mọc tự nhiên ở độ cao 1400-2200 m.",schefflera-delavayi-franch-harms-ex-diels.txt,,Ngũ Gia Bì (Araliaceae),,3037726
Vinca minor L,Dừa cạn lá nhỏ,"Cây nhập trồng ở vườn thuốc Viện Dược liệu (Văn Điển, Hà Nội).",vinca-minor-l.txt,,,Apocynaceae,3169707
Canavalia lineata (Thunb.) DC,"Đậu cộ, Đậu ván dại, Đậu mèo, Tầm phông","Quảng Ninh (Uông Bí), Ninh Bình (Thổ Mật, Làng Tiền, Khánh Thượng), Thanh Hóa (Ngoại Thôn), Thừa Thiên Huế (Nước Ngọt), Đà Nẵng, Khánh Hòa (Nha Trang, Hòn Hèo), Ninh Thuận (Tháp Chàm), Long An (Rạch Cát).",canavalia-lineata-thunb-dc.txt,Dolichos lineatus Thunb,Đậu – Fabaceae,,2962029
Mallotus repandus (Willd.) Muell.-Arg. – Croton repandus Willd,"Rùm nao dây, Nhung diện, Chua ngà","Cao Bằng, Lạng Sơn, Quảng Ninh, Vĩnh Phúc, Quảng Ngãi, Thừa Thiên Huế. Cây ưa sáng, mọc tự nhiên trong rừng thường xanh, ở độ cao 100-500 m",mallotus-repandus-willd-muell-arg.txt,,,Euphorbiaceae,8004482
Adansonia digitata L,Bao báp,"Mới chỉ thấy trồng ở thành phố Huế, tỉnh Thừa Thiên Huế. – Mùa hoa quảVI-VIII",adansonia-digitata-l.txt,,Gạo (Bombacaceae),,5406695
Microlepia speluncae (L.) T. Moore – Polypodium speluncae L,Cẩu tích dại,"Rất rộng. Cây mọc tự nhiên nơi ẩm ven rừng, ven suối vùng rừng rậm thường xanh nguyên sinh hay thứ sinh.",microlepia-speluncae-l-t-moore.txt,,,Dennstaedtiaceae,2650730
Saposhnikovia divaricata (Turz.) Schisch,Phòng phong bắc,Cây nhập trồng ở Sa Pa (Lào Cai).,saposhnikovia-divaricata-turz-schisch.txt,,,Apiaceae,3638241
Pleurotus ostreatus (Jacq. ex Fr.) Que’l,"Nấm hương chân ngắn, Nấm sò",,pleurotus-ostreatus-jacq-ex-fr-quel.txt,,,Pleurotaceae,
Eupatorium chinense L,"Yến bạch, Trạch lan Trung Quốc","Cao Bằng, Lạng Sơn, Vĩnh Phúc, Ninh Bình. Cây mọc tự nhiên ở rừng thứ sinh, trên độ cao 100-1600 m",eupatorium-chinense-l.txt,,,Asteraceae,5403117
Dipsacus japonicus Miq,"Tục đoạn , Sơn cân thái, oa thái, đầu vù (Hmông). Rễ thái, sâm nam","Lao Cai, Hà Giang. Cây mọc tự nhiên ở các savan cỏ vùng núi cao",dipsacus-japonicus-miq.txt,,,Dipsacaceae,4102897
Schinus terebinthifolia Raddi,Tiêu giả,Sài Gòn. Cây nhập trồng ở Thảo Cầm Viên.,schinus-terebinthifolius-raddi.txt,,,Anacardiaceae,3660419
Brassica oleracea L. var. gongylodes L,Su hào,Cây trồng ở khắp nơi.,brassica-oleracea-l-var-gongylodes-l.txt,,,Brassicaceae,3042845
Flickingeria fimbriata (Blume) Hawkes – Desmotrichum fimbriatum Blume,"Lan sóc sách, Thạch hộc vàng","Hà Giang, Nghệ An, Khánh Hòa. Cây mọc tự nhiên, bám trên vách đá, hoặc bám vào các cây gỗ lớn trong rừng, ở độ cao 100-1.500 m",flickingeria-fimbriata-blume-hawkes.txt,,,Orchidaceae,5324319
Nymphoides indicum (L.) Kuntze – Menyanthes indica L,"Trang, Cang ấn","Cây mọc tự nhiên ở ruộng, ao hồ vùng đồng bằng, khá phổ biến ở Việt Nam",nymphoides-indicum-l-kuntze.txt,,,Menyanthaceae,5341503
Fernandoa adenophylla (Wall. ex G. Don) Steen. – Bignonia adenophylla Wall. ex G. Don,Đinh lá tuyến,"Quảng Trị, Ninh Thuân, An Giang. Cây mọc tự nhiên trong rừng thay lá, rừng tre nứa, ở độ cao tới 850 m",fernandoa-adenophylla-wall-ex-g-don-steen.txt,,Núc nác (Bignoniaceae),,4093859
Parthenocissus pedata Gagnep,Trinh đằng chân,"Miền Trung, Ninh Thuận. Cây mọc tự nhiên",parthenocissus-pedata-gagnep.txt,,,Vitaceae,5659228
Trigonostemon quocensis Gagnep,Tam hùng phú quốc,Cây mọc tự nhiên trong rừng rậm tại Kiên Giang (Phú Quốc) và An Giang (Châu Đốc),trigonostemon-quocensis-gagnep.txt,,,Euphorbiaceae,3063453
Lentinus tigrinus (Bull.) Fr,"Nấm da báo, Nấm dai","Cây mọc tự nhiên, ký sinh trên cây gỗ hay các loại gỗ mục.",lentinus-tigrinus-bull-fr.txt,,,Pleurotaceae,9154166
Adenophora tetraphylla (Thunb.) Fisch. – Campanula tetraphylla Thunb,"Sa sâm lá vòng, Nam sa sâm, Cát sa sâm, Tuyến đài","Ninh Bình (Chợ Gềnh). Cây thảo mọc tự nhiên rải rác ven rừng thứ sinh, các bãi hoang, ở độ cao 100 – 300m",adenophora-tetraphylla-thunb-fisch.txt,,,Campanulaceae,5409255
"Clerodendrum laevifolium Blume – Clerodendrum wallichii Merr. , Clerodendrum nutans Jack","Đan lăng, Ngọc nữ treo","Khánh Hòa, Nam Bộ. Cây mọc tự nhiên rải rác trong rừng, ở độ cao 100-1.200m",clerodendrum-wallichii-merr.txt,,Cỏ roi ngựa (Verbenaceae),,7307919
Elaeagnus lourereirii Champ,"Nhót nâu, Nhót ít hoa","Lào Cai, Yên Bái (Mù Cang Chải). Cây mọc tự nhiên.",elaeagnus-lourereirii-champ.txt,,,Elaeagnaceae,
Meliosma simplicifolia (Roxb.) Walp. ssp. rigida (Sieb. & Zucc.) Beusekom,"Mật sạ cứng, Da tông","Lào Cai, Quảng Ninh (Đầm Hà), Thừa Thiên Huế (Bạch Mã)",meliosma-simplicifolia-roxb-walp.txt,"Meliosma rigida Sieb. & Zucc., M. harmandiana Pierre",Thanh phong – Sabiaceae,,7269635
Tainia viridifusca (Hook.) Benth. & Hook.f – Calanthe viridifusca Hook. – C. eberhardii Gagnep,"Tái lan, Lục đen","Yên Bái, Bắc Cạn (Yên Lạc), Thái Nguyên, Vĩnh Phúc (Tam Đảo), Kon Tum, Lâm Đồng. Cây mọc tự nhiên rải rác trong rừng thưa ở độ cao 400 – 800m.",tainia-viridifusca-hook-benth-hook-f.txt,,,Orchidaceae,5305365
Phaseolus lunatus L,"Đậu ngự, Đậu bạch biển",Cây trồng khắp cả nước. Nguồn gốc ở vùng nhiệt đới châu Mỹ,phaseolus-lunatus-l.txt,,Đậu (Fabaceae),,5350438
"Balanophora fungosa subsp. indica (Arn.) B.Hansen – Balanophora indica (Arn.) Griff., – Langsdorffia indica Arn",Dó đất,"Hà Nội, Kon Tum, Lâm Đồng, Ninh Thuận. Cây ký sinh trên rễ, rải rác trong rừng nguyên sinh, ở độ cao 500-2500 m",balanophora-indica-arn-griff.txt,,Dương đài (Balanophoraceae),,7147896
Crotalaria quinquefolia L,Lục lạc năm lá,"Đắk Lắk, Lâm Đồng, Kiên Giang. Cây mọc tự nhiên trên bãi hoang, trảng cây bụi, trong rừng thưa rụng lá, ở độ cao tới 1500 m",crotalaria-quinquefolia-l.txt,,,Fabaceae,2942956
Ficus tinctoria Forst.f. ssp. gibbosa (Blume) Corn,Sung bầu,"Lao Cai, Lạng Sơn, Tuyên Quang, Bắc Giang, Quảng Bình, Quảng Trị, Thừa Thiên Huế. Cây mọc tự nhiên ở các trảng ẩm và rừng thứ sinh",ficus-tinctoria-forst-f-ssp-gibbosa-blume-corn.txt,,,Moraceae,3767426
Cyclea tonkinensis Gagnep,"Sâm nam đỏ, Sâm quy bầu","Ninh Bình, Quảng Bình, Quảng Trị, Thừa Thiên Huế. Cây mọc tự nhiên ở ven rừng, lùm bụi",cyclea-tonkinensis-gagnep.txt,,,Menispermaceae,3829691
Machilus velutina Champ. ex Benth,Kháo lông,"Hoà Bình, Quảng Ninh, Quảng Bình, Quảng Trị, Thừa Thiên Huế. Cây mọc tự nhiên ở rừng thưa",machilus-velutina-champ-ex-benth.txt,,Long não (Lauraceae),,7304278
Aster ageratoides Turcz,Tử uyển,"Lai Châu, Lào Cai, Cao Bằng, Kon Tum, Lâm Đồng. Cây mọc tự nhiên ở vách núi đá, ven đường, trên độ cao 600-1800 m",aster-ageratoides-turcz.txt,,,Asteraceae,5387639
Bridelia retusa (L.) Spreng. – Cruy retusa L,"Đỏm lõm, Thổ mật tù","Cây mọc tự nhiên rải rác trong rừng thưa, rừng tre nứa, ở độ cao tới 1000 m.",bridelia-retusa-l-spreng.txt,,,Euphorbiaceae,3076196
Euphorbia prostrata Ait . Họ Thầu dầu (Euphorbiaceae),Cỏ sữa nằm,"Cây có nguồn gốc từ Jamaica, nay mọc tự nhiên trên các bãi đất hoang, khá phổ biến ở Việt Nam.",euphorbia-prostrata-ait.txt,,,,
Clerodendrum calamitosum L,Mò cúc phương,Ninh Bình (Cúc Phương). Cây mọc tự nhiên trong rừng thưa,clerodendrum-calamitosum-l.txt,,,Verbenaceae,3894771
Patrinia scabiosifolia Link,"Bại tượng, Trạch bại","Lao Cai (Sa Pa), Lai Châu (Sìn Hồ), Cao Bằng (Trùng Khánh). Cây mọc tự nhiên trong các trảng cỏ, ở độ cao tới 1.500 m",patrinia-scabiosaefolia-fisch-ex-link.txt,,,Valerianaceae,6058841
Sterculia lanceolata Cav,"Sảng, Sảng lá kiếm, Trôm mề gà, Quả thang, Sang sé","Lao Cai, Thái Nguyên, Hoà Bình tới Ninh Thuận. Cây mọc tự nhiên trong rừng thứ sinh",sterculia-lanceolata-cav.txt,,,Sterculiaceae,6029583
Haloragis micrantha (Thunb.) R. Br. ex Sieb. et Zucc. – Ganocarpus micranthus Thunb,Hung thảo hoa nhỏ,"Lạng Sơn, Thanh Hoá, Hà Giang, Quảng Bình. Cây mọc tự nhiên nơi ẩm",haloragis-micrantha-thunb-r-br-ex-sieb-et-zucc.txt,,,Haloragidaceae,8449858
Sargentodoxa cuneata (Oliv.) Rehd. & Wils,"Huyết đằng, Hồng đằng, Dây máu, Đại huyết đằng","Lào Cai (Sa Pa), Lạng Sơn, Thái Nguyên, Hà Nội (Ba Vì), Hòa Bình, Ninh Bình (Các Phương)",sargentodoxa-cuneata-oliv-rehd-wils.txt,,Huyết đằng – Sargentodoxaceae,,3782041
Panicum notatum Retz . Họ Hòa thảo (Poaceae),"Kê núi, Cỏ gừng núi","Cây mọc tự nhiên ở đất khô sườn đồi, sườn núi, ven rừng, trảng cây bụi, khá phổ biến ở các tỉnh vùng núi và vùng trung du",panicum-notatum-retz.txt,,,,4132778
Holarrhena pubescens Wall. ex G. Don – H. antidysenterica (Roxb. ex Flem.) A. DC,"Mức hoa trắng, Mộc vài (Tày), Mức lá to, Thừng mực lá to, Xí chào (Kho) )","Lao Cai, Lạng Sơn, Hải Dương (Chí Linh), Nghệ An, Thanh Hoá. Cây mọc tự nhiên, trên đồi cây bụi, rừng tái sinh",holarrhena-pubescens-wall-ex-g-don.txt,,,Apocynaceae,3169748
Crotalaria ferruginea Grah. ex Benth,Lục lạc sét,"Cao Bằng, Lạng Sơn qua Thừa Thiên Huế, Kon Tum, Lâm Đồng. Cây mọc tự nhiên dọc đường, ruộng khô, rừng thay lá đến độ cao 1800m",crotalaria-ferruginea-grah-ex-benth.txt,,,Fabaceae,2941778
"Berberis kawakamii Hayata ( Berberis brevisepala Hayata, B. formosana Ahrendt)",Hoàng liên gai núi cao,Lào Cai (SaPa),berberis-kawakamii-hayata.txt,,Hoàng liên gai-Berberidaceae,,3981483
Rheum palmatum L,Đại hoàng chân vịt,Lao Cai. Cây nhập trồng,rheum-palmatum-l.txt,,Rau răm (Polygonaceae),,2888864
Rauvolfia verticillata (Lour.) Baill. – Dissolena verticillata Lour.; R. chinensis Hemsl,"Ba gạc, Tích tiên, La phu mộc, Lạc toọc, Sam tô (Tày), Co bóng nậm (Thái)","Lạng Sơn, Vĩnh Phúc (Tam Đảo), Ninh Bình, Hà Giang, Lao Cai. Cây mọc tự nhiên và cũng được trồng để làm thuốc",rauvolfia-verticillata-lour-baill.txt,,,Apocynaceae,3616228
Davallia divaricata Blume,Ráng lá xẻ,"Rất rộng. Cây mọc tự nhiên, thường bám trên cây gỗ, có khi trên đá granit, đá vôi, ở nhiều loại rừng và trảng cây bụi khác nhau.",davallia-divaricata-blume.txt,,,Davalliaceae,7769165
Ophiorrhiza mungos L,Xà căn đậu,"Đồng Nai (Gia Lau Me). Mọc rải rác dưới tán rừng, ở độ cao 400 m",ophiorrhiza-mungos-l.txt,,,Rubiaceae,5340801
Zanonia indica L,"Lục lặc bò, Lục lạc dây, Thiết bát",Đồng Nai đến Vĩnh Long. Cây mọc tự nhiên ở bình nguyên.,zanonia-indica-l.txt,,,Cucurbitaceae,7317904
Garcinia mangostana L,"Măng cụt, Sơn trúc tử",Cây trồng ở các tỉnh phía Nam,garcinia-mangostana-l.txt,,,Clusiaceae,3189571
Ficus rumphii Blume,"Đa mít, Lâm vố, Đa bồ đề","Quảng Trị, Kon Tum, Ninh Thuận, Bình Thuận. Cây mọc tự nhiên ở vùng núi đất và núi đá vôi",ficus-rumphii-blume.txt,,,Họ Dâu tằm (Moraceae),5571130
Dryopteris chrysocoma (H. Christ) C. Chr,"Ráng cánh bần lông vàng, Quyết lông vẩy vàng","Rất hẹp, chỉ mới gặp ở một số vùng núi thấp của Lào Cai (Sa Pa – giữa Chu Va và Bình Lư)",dryopteris-chrysocoma-h-christ-c-chr.txt,Aspidium filix-mas var. chrysocoma H. Christ,Ráng cánh bần – Dryopteridaceae,,7319440
Calendula officinalis L,"Xu si, Cúc kim tiền",Cây nhập trồng làm cảnh,calendula-officinalis-l.txt,,,Asteraceae,5391480
Lycium chinense Mill,"Câu kỷ , Rau khởi, Khủ khởi, Địa cốt","Trồng ở Hà Nội (Phù Lỗ, Văn Điển), Lâm Đồng (Đà Lạt) và nhiều nơi khác",lycium-chinense-mill.txt,,Cà – Solanaceae,,2928809
Morinda villosa Hook.f,"Mặt quỷ, Nhàu lông, Cây gạch","Vĩnh Phúc, Hoà Bình (Mai Châu), Hà Nội (Ba Vì, Thủ Pháp), Kon Tum",morinda-villosa-hook-f.txt,,,Rubiaceae,8201391
Eucalyptus camaldulensis Dehnh,Bạch đàn đỏ,Cây nhập trồng ở nhiều địa phương.,eucalyptus-camaldulensis-dehnhart.txt,,,Myrtaceae,3176197
Tylophora flexuosa R. Br. – T. tenuis Blume,Oa nhi đằng lá nhỏ,"Đồng Nai, thành phố Hồ Chí Minh. Dây leo mảnh, mọc dựa lùm bụi, hàng rào.",tylophora-flexuosa-r-br.txt,,,Asclepiadaceae,5525681
Angelica anomala Ave-Lall,Xuyên bạch chỉ,Vĩnh Phúc (Tam Đảo). Cây trồng. Nguồn gốc từ Trung Quốc,angelica-amomala-ave-lall.txt,,,Apiaceae,6026462
Cynoglossum lanceolatum Forssk,Tro buồn,"Lao Cai, Sơn La, Hà Tây, Ninh Bình, Thanh Hóa. Cây mọc tự nhiên",cynoglossum-lanceolatum-forssk.txt,,,Boraginaceae,4064484
Chenopodium hybridum L,"Kinh giới lai, Rau muối lai",Nam Bộ Việt Nam,chenopodium-hybridum-l.txt,,Rau muối – Chenopodiaceae,,7551162
Euodia simplicifolia Ridl. – E. viticina Wall. ex Kurz,Dầu dấu lá đơn,"Sơn La ( Mai Sơn), Nghệ An (Tương Dương). Cây bụi mọc tự nhiên trên các đồi đất thấp, ven rừng",euodia-simplicifolia-ridl.txt,,Cam quýt –  Rutaceae,,3832055
Tetrastigma erubescens Planch. var. monophyllum Gagnep,Tứ thư một lá,"Hà Nội (Thủ Pháp). Cây mọc trong các bụi rậm, ở vùng đồi núi thấp.",tetrastigma-erubescens-planch-var-monophyllum-gagnep.txt,,,Vitaceae,5658487
Olea dioica Roxb,Lọ nghẹ,"Hà Nội, Thanh Hóa, Bình Định, Lâm Đồng. Cây mọc tự nhiên ở độ cao dưới 2.100   m",olea-dioica-roxb.txt,,,Oleaceae,3683091
Ficus racemosa L,"Sung, Ưu đàm thụ, Mạy dứa (Tày), Tùng đen điắng (Dao)","Cây mọc tự nhiên, còn được trồng ở nhiều nơi của nước ta",ficus-racemosa.txt,,,Moraceae,5361904
Acrostichum aureum L,"Ráng đại, Ráng biển","Cây mọc tự nhiên ở bờ rạch, đầm nước mặn, ở rừng thứ sinh hay chân núi ven rừng rậm thường xanh, trong các khoảng cây bụi và trảng cỏ.",acrostichum-aureum-l.txt,,,Pteridaceae,2651706
Vitis balansaeana Planch,"Nho đất, Đơn co","Thái Nguyên, Hưng Yên, Ninh Bình. Cây mọc tự nhiên, rải rác trong rừng thưa",vitis-balansaeana-planch.txt,,,Vitaceae,5658843
Vernonia volkameriaefolia DC,"Bạch đầu lá lớn, Cúc hồng","Lai Châu, Lào Cai, Sơn La (Quỳnh Nhai, Sông Mã), Yên Bái. Cây mọc tự nhiên ở rừng thưa và trảng cây bụi.",vernonia-volkameriaefolia-dc.txt,,,Asteraceae,4933937
Nephrolepis cordifolia (L.) C. Presl – Polypodium cordifolium L,"Cốt cắn, Củ khát nước, Móng trâu",Rất rộng. Cây mọc tự nhiên ở vùng núi đá.,nephrolepis-cordifolia-l-c-presl-polypodium-cordifolium-l.txt,,,Họ Vảy lớp (Davalliaceae),2650930
Nageia fleuryi (Hickel) de Laub. – Podocarpus fleuryi Hickel,"Kim giao, Kim giao đá vôi","Phú Thọ, Quảng Nam, Đà Nẵng, Ninh Bình, Nghệ An. Cây mọc tự nhiên trong rừng thường xanh mưa ẩm, trên núi đá vôi, ở độ cao 400-1.800 m. Đã đưa vào Sách Đỏ Việt Nam",nageia-fleuryi-hickel-de-laub.txt,,,Podocarpaceae,2687767
Hymenocallis littoralis (Jacq.) Salisb. – Pancratium littorale Jacq,Bạch trinh biển,Cây trồng làm cảnh. Nguồn gốc từ châu Mỹ,hymenocallis-littoralis-jacq-salisb.txt,,,Amaryllidaceae,2860119
Stereospermum cylindricum Pierre ex Dop,"Quao vàng, Quao trụ","Khánh Hòa, Đắc Lắc, An Giang. Cây mọc tự nhiên rải rác trong rừng thứ sinh, ở độ cao dưới 800 m",stereospermum-cylindricum-pierre-ex-dop.txt,,,Bignoniaceae,4092275
Malva verticillata L,Đông quỳ,"Lai Châu (San Ta Ngai). Cây mọc rải rác ven rừng, bãi hoang.",malva-verticillata-l.txt,,,Malvaceae,3152377
Passiflora edulis Sims,"Dây mát, Chùm bao trứng","Trồng ở Hà Nội (Hà Đông), Hà Nội, Kon Tum, Gia Lai, Lâm Đồng (Đà Lạt)",passiflora-edulis-sims.txt,,Lạc tiên – Passifloraceae,,2874190
Crepidomanes auriculatum (Blume) K. Iwats; Vandenboschia auriculata (Blume) Copel,Đàn biếc,"Phân bố rộng ở nhiều vùng núi thấp và trung bình từ Lai Châu, Lào Cai, Cao Bằng, Nghệ An, Quảng Trị, Lâm Đồng, Khánh Hòa, Ninh Thuận. Cây mọc leo bám chủ yếu trên cây, đôi khi trên đá, ở độ cao 600-2000 m.",crepidomanes-auriculatum-blume-k-iwats.txt,,,Hymenophyllaceae,3607289
Alpinia tonkinensis Gagnep,Ré bắc bộ,"Vĩnh Phúc (Tam Đảo), Hà Nam, Ninh Bình, Hà Nội (Ba Vì)",alpinia-tonkinensis-gagnep.txt,,Gừng – Zingiberaceae,,5302151
Aristolochia indica L. – A. lanceolata Wight,"Khoai ca, Sơn dịch","Gia Lai, Bình Dương (Thủ Dầu Một), Bà Rịa Vũng Tàu (Côn Đảo). Cây mọc tự nhiên trong rừng ẩm, bóng, ở độ cao 200-700 m. Cây có nguồn gen hiếm (VU) đã đưa vào sách đỏ Việt Nam.",aristolochia-indica-l.txt,,,Aristolochiaceae,7313567
Horsfieldia amygdalina (Wall.) Warb. – Myristica amygdalina Wall,"Máu chó lá to, Săng máu, máu chó","Quảng Bình, Quảng Trị, Thừa Thiên Huế . Cây mọc tự nhiên trong rừng hỗn giao, rừng rậm thường xanh",horsfieldia-amygdalina-wall-warb.txt,,,Myristicaceae,7333757
Cleidion spiciflorum (Burm.f.) Merr. – Acalypha spiciflorum Burm.f,"Cơm gáo, Mỏ chim, Đầu chó","Từ Thanh Hóa đến Đồng Nai, Châu Đốc. Cây mọc tự nhiên dưới tán rừng, trên đất đá vôi, ở độ cao 100-800 m",cleidion-spiciflorum-burm-f-merr.txt,,,Họ Thầu Dầu (Euphorbiaceae),7456824
Cinnamomum caryophyllus (Lour.) Moore – Laurus caryophyllus Lour,De cẩm chướng,"Nam Bộ. Cây mọc tự nhiên rải rác trong rừng, ở độ cao 400-500 m",cinnamomum-caryophyllus-lour-moore.txt,,Long não (Lauraceae),,4177089
Symplocos racemosa Roxb,"Mu ếch , Dung chùm, Dung đất, Dụt, Lượt","Lào Cai (Sa Pa), Cao Bằng, Lạng Sơn, Bắc Giang (Phô Vị), Vĩnh Phúc (Tam Đảo), Thanh Hó và các tỉnh Tây Nguyên. Cây mọc tự nhiên, rải rác trong rừng thưa, đồi hoang sa van cây bụi, ở độ cao tới 2.000 m",symplocos-racemosa-roxb.txt,,,Symplocaceae,7902154
Amphicarpaea edgeworthii Benth,Song quả,"Lâm Đồng (núi Bi Doup, Đà Lạt). Cây mọc tự nhiên trong các hàng rào, bờ bụi, ven rừng, các cồn cát, ở độ cao tới 2000 m.",amphicarpaea-edgeworthii-benth.txt,,,Fabaceae,2960189
Homalomena cochinchinensis Engl,Thiên niên kiện nam bộ,"An Giang (Châu Đốc, Thất Sơn). Cây mọc tự nhiên dưới tán rừng thường xanh.",homalomena-cochinchinensis-engl.txt,,,Araceae,2868580
Daphniphyllum glaucescens Blume,"Đức diệp xám, Vai lông vàng, Giao lượng lục phấn","Đắk Lắk, Lâm Đồng. Cây mọc tự nhiên rải rác trong rừng.",daphniphyllum-glaucescens-blume.txt,,,Daphniphyllaceae,7311236
Ranunculus pensylvanicus L.f,Mao cấn mỹ,"Tuyên Quang, Hà Giang (Quản Bạ), Vĩnh Phúc (Tam Đảo), Hoà Bình, Quảng Bình, Quảng Trị. Cây mọc tự nhiên rải rác ven rừng, ở độ cao 200 – 600m.",ranunculus-pensylvanicus-l-f.txt,,,Ranunculaceae,7823272
Spilanthes callimorpha A. Moore,Nụ áo tròn,"Lai Châu, Lào Cai, Cao Bằng, Lạng Sơn. Cây mọc rải rác trên trảng cây bụi và ven rừng thưa, ở độ cao 300-1300 m.",spilanthes-callimorpha-a-moore.txt,,,Asteraceae,5386744
Bulbophyllum reptans (Lindl.) Lindl. – Tribrachia reptans Lindl,Cầu diệp bò,"Kon Tum, Lâm Đồng. Cây mọc tự nhiên.",bulbophyllum-reptans-lindl-lindl.txt,,,Orchidaceae,2845928
Symplocos glauca (Thunb.) Koidz. – Baurus glaucus Thunb,"Dung mốc, Dung xám","Lao Cai, Lâm Đồng, Kon Tum, Quảng Bình, Quảng Trị, Thừa Thiên Huế. Cây mọc tự nhiên trong rừng thưa, ở độ cao 400-1.600 m",symplocos-glauca-thunb-koidz.txt,,,Symplocaceae,7318819
Lawsonia inermis L. – L. spinosa L,"Lá móng, Móng tay, Cây nhuộm, Chỉ giáp hoa, Khau thiên",Cây mọc tự nhiên và trồng làm cảnh phổ biến ở Việt Nam,lawsonia-inermis-l.txt,,,Lythraceae,5420912
Abelia chinensis R.Br,"Lục đạo mộc trung quốc, Trà điều thụ","Hà Giang (Phó Bảng), Cao Bằng (Trà Lĩnh)",abelia-chinensis-r-br.txt,,Kim ngân – Caprifoliaceae,,5599251
Parthenocissus heterophylla (Blume) Merr. – Ampelocissus heterophylla Blume,"Trinh đằng, Trinh đằng khác lá","Thái Nguyên, Quảng Ninh, Ninh Bình. Cây mọc tự nhiên trên các hàng rào vùng núi",parthenocissus-heterophylla-blume-merr.txt,,,Vitaceae,7293862
Gentiana tibetica King,Tần giao,Cây nhập trồng.,gentiana-tibetica-king.txt,,,Gentianaceae,4934494
Corydalis balansae Prain,"Cải cần, Cựa ri balansa","Cao Bằng (Quảng Hòa), Lạng Sơn, Ninh Bình, Thanh Hóa (Bá Thước)",corydalis-balansae-prain.txt,,Từ đồng – Fumariaceae,,5531399
Sonchus oleraceus L,"Rau tục đoạn, Rau cúc sữa, Rau cúc đắng","Lai Châu, Lào Cai, Sơn La, Hà Giang, Cao Bằng, Lạng Sơn, Kon Tum, Đắk Lắk, Lâm Đồng. Cây mọc tự nhiên trên các bãi hoang, bãi ven sông suối, ở độ cao dưới 1800 m",sonchus-oleraceus-l.txt,,,Asteraceae,8228544
Mercurialis leiocarpa Sieb. et Zucc,"Sơn điện, Chàm núi","Lào Cai (Sa Pa). Cây mọc tự nhiên trong rừng thưa hay trảng cây bụi, ở độ cao trên 1.500 m.",mercurialis-leiocarpa-sieb-et-zucc.txt,,,Euphorbiaceae,3062960
Hevea brasiliensis (A. Juss.) Muell.-Arg. – Siphonia brasiliensis A. Juss,Cao su,"Sơn La, Thừa Thiên Huế, Tây Nguyên, Đồng Nai, Tây Ninh. Cây nhập trồng lấy mủ làm cao su",hevea-brasiliensis-a-juss-muell-arg.txt,,,Euphorbiaceae,3071171
Brachystemma calycina D.Don,"Bạch chi tiên, Thổ ngưu tất, Thổ tam ngưu tất","Lai Châu (Phong Thổ), Lạng Sơn, Cao Bằng. Cây mọc tự nhiên trên các bãi hoang, ở độ cao 400-600 m",brachystemma-calycina-d-don.txt,,,Caryophyllaceae,3815492
Millettia dielsiana Harms,"Máu gà núi, Kê huyết đằng núi","Yên Bái, Cao Bằng (Trùng Khánh), Lạng Sơn (Thất Khê), Hòa Bình (Lạc Thọ), Ninh Bình, Lâm Đồng (Lâm Hà). Cây mọc tự nhiên ở ven rừng và trong rừng rậm thường xanh, ở độ cao tới 2500 m",millettia-dielsiana-harms.txt,,,Fabaceae,8365307
Angelica uchiyamae Fabe,Đương quy triều tiên,"Cây nhập trồng. Nguồn gốc từ Triều Tiên, Trung Quốc. Hiện nay gần như không còn được trồng",angelica-uchiyamae-fabe.txt,,,Apiaceae,6026295
Rourea mimosoides (Vahl) Planch. – Connarus mimosoides Vahl,"Dây lửa, Khế rừng lá trinh nữ","Đồng Nai (Biên Hoà), Kiên Giang (Phú Quốc). Cây mọc tự nhiên trong rừng nguyên sinh, ở độ cao dưới 500m",rourea-mimosoides-vahl-planch-connarus-mimosoides-vahl.txt,,,Họ Dây trường điều (Connaraceae),3686933
Crinum asiaticum L,"Náng hoa trắng, Chuối nước, Tỏi voi, Cây náng, Văn châu lan, Luộc lài, Cáp gụn (Tày), Co lạc quận",Cây thường được trồng làm cảnh,crinum-asiaticum-l.txt,,,Amaryllidaceae,2853796
Cyrtomium fortunei J. Sm,"Cung xỉ, Quán chúng","Lạng Sơn, Yên Bái. Cây mọc tự nhiên, thường mọc trên núi đá vôi ẩm, dưới rừng rậm thường xanh.",cyrtomium-fortunei-j-sm.txt,,,Họ Dương xỉ (Dryopteridaceae),2650827
Calotropis procera (Ait.) Ait.f,"Bông bông núi, Bông bông quí",Miền Trung đến Ninh Thuận. Cây mọc tự nhiên ở vùng đất pha cát ven biển,calotropis-procera-ait-ait-f.txt,,,Asclepiadaceae,5414566
Litsea rotundifolia var. oblongifolia (Nees) C.K. Allen,Bời lời lá tròn,"Sơn La, Vĩnh Phú, Ninh Bình, Nghệ An. Cây mọc tự nhiên rải rác ven rừng, ven suối, nơi sáng, ở độ cao dưới 500 m",litsea-rotundifolia-wall-ex-ness-hemsl-var-oblongifolia-ness-allen.txt,,Nguyệt quế (Lauraceae),,7304563
Cirsium japonicum Fish. ex DC. – Cnicus japonicus (DC.) Maxim,"Đại kế,   Ô rô cạn, Dã hồng hoa, Thích kế","Lai Châu, Lào Cai, Sơn La, Hà Giang, Cao Bằng, Ninh Bình, Thanh Hoá. Cây mọc tự nhiên trong các savan ở các tỉnh phía Bắc",cirsium-japonicum-fish-ex-dc.txt,,Cúc (Asteraceae),,3112887
Polyscias guilfoylei (W. Bull) L.H. Bailey,Đinh lăng trổ,Cây trồng làm cảnh.,polyscias-guilfoylei-cogn-et-marche-l-bailey.txt,,Ngũ Gia Bì (Araliaceae.),,3035681
Baliospermum solanifolium (Burm.) Suresh.- Croton roxburghii Wall,Cù đèn roxburgh,"Đà Nẵng, Khánh Hòa. Cây mọc tự nhiên",croton-roxburghianum-bal.txt,,,Họ Thầu dầu (Euphorbiaceae.),3062296
Calanthe puberula Lindl,Kiều hoa,"Lâm Đồng (Lạc Dương, Lang Bian).",calanthe-puberula-lindl.txt,,Lan – Orchidaceae,,2795023
Rheum officinale Baill,Đại hoàng,Lao Cai (Sa Pa). Cây nhập trồng.,rheum-officinale-baill.txt,,Rau răm (Polygonaceae),,2888865
Teucrium viscidum Blume – Teucrium stoloniferum Roxb. ex Benth,"Cứt ngựa, Mu héo, Tiêu kỳ dính","Sơn La, Hà Giang, Tuyên Quang, Vĩnh Phúc.Cây mọc tự nhiên nơoi ẩm, thấp",teucrium-viscidum-blume.txt,,,Họ Hoa môi (Lamiaceae),7307951
Ammannia baccifera L,Mùi chó,"Quảng Bình, Quảng Trị, Thừa Thiên Huế. Cây mọc tự nhiên trên đất ruộng hoang, khô",ammannia-baccifera-l.txt,,,Lythraceae,3188716
Aclisia secundiflora (Blume) Bakh.f. – Commelina secundiflora Blume,"Rau thài lài, Thài lài trắng , Bôn tạt","Lạng Sơn, Vĩnh Phúc, Bắc Giang, Hà Nội, Hòa Bình, Hà Nam, Nghệ An, Thừa thiên- Huế, Đà Nẵng, Quảng Nam. Cây thảo cao 60-70. Mọc tự nhiên rải rác nơi ẩm ven rừng, ven sông suối, trong thung lũng.",aclisia-secundiflora-blume-bakh-f-commelina-secundiflora-blume.txt,,,Commelinaceae,5303475
Premna chevalieri Dop,"Cách vàng, Voòng dược, Cách lá nhỏ","Thái Nguyên, Phú Thọ, Ninh Bình, Nghệ An. Cây mọc tự nhiên trong rừng hỗn giao, ở độ cao dưới 1.000 m",premna-chevalieri-dop.txt,,,Verbenaceae,3898091
Musa coccinea Andr,"Chuối sen, Chuối hoa sen, Chuối hoa rừng","Cây trồng trong vườn, vườn hoa, công viên, đền chùa",musa-coccinea-andr.txt,,,Musaceae,2762920
Siegesbeckia glabrescens Mak. – S. orientalis var. glabrescens Makino,Hy thiêm núi,Cây mọc tự nhiên ở các tỉnh vùng núi phía Bắc nước ta,siegesbeckia-glabrescens-mak.txt,,Cúc (Asteraceae),,3125899
Lygodium japonicum (Thunb.) Sw. – Ophioglossum japonicum Thunb,Bòng bong nhật,"Từ đồng bằng, đồi trên núi thấp ở Việt Nam. Cây mọc tự nhiên thành đám trong nhiều quần xã thực vật thứ sinh; trảng cây bụi – cỏ, rừng tre nứa, rừng thưa cây lá rộng thường xanh hay nửa rụng lá, ở độ cao 0-600 m.",lygodium-japonicum-thunb-sw.txt,,,Lygodiaceae,2650436
Caesalpinia godefroyana Kuntze,"Móc ó, Vang gai, Vang rừng","Khánh Hòa, Ninh Thuận, Bình Thuận, Đồng Nai, Bà Rịa Vũng Tàu. Cây mọc tự nhiên trên đất khô cằn, đất nhiều cát ven biển, ở độ cao tới 800 m",caesalpinia-godefroyana-kuntze.txt,,,Caesalpiniaceae,9282392
Tremella fuciformis Berk,Mộc nhĩ trắng,"Lào Cai, Quảng Ninh. Cây mọc tự nhiên.",tremella-fuciformis-berk.txt,,,Tremellaceae,5237434
Arisaema franchetianum Engl. – A. purpureogaleatum Engl,"Hoàng đầu hoa, Nam tinh hoa chuông","Cao Bằng (Trà Lĩnh). Cây mọc tự nhiên trên sườn núi đá vôi, dưới tán rừng, ở độ cao 650-3.000 m",arisaema-franchetianum-engl.txt,,,Araceae,2867210
Cullen corylifolium (L.) Medik. – Psoralea corylifolia L,Phá cố chỉ,"Lào Cai, Lạng Sơn. Cây nhập trồng, nguyên sản ở Ấn Độ",cullen-corylifolium-l-medik.txt,,Đậu (Fabaceae),,2948930
Sabia parviflora Wall. ex Roxb,"Thanh phong hoa thưa, Đìa giản","Lao Cai (Sa Pa), Lâm Đồng (Di Linh). Cây mọc tự nhiên trong rừng thường xanh hay savan cây gỗ ở độ cao 1200m",sabia-parviflora-wall-ex-roxb.txt,,,Sabiaceae,8238324
Hibiscus indicus (Burm.f.) Hochr. – Alcea indica Burm.f,Bụp ấn,"Quảng Trị (Cam Lô), Thừa Thiên Huế. Thường trồng làm cảnh.",hibiscus-indicus-burm-f-hochr.txt,,,Malvaceae,7279059
Salomonia ciliata DC,Sa mông rìa lông,"Lào Cai, Quảng Nam, Đà Nẵng, Hoà Bình. Cây mọc tự nhiên",salomonia-ciliata-dc.txt,,,Polygalaceae,7130426
Pellionia repens (Lour.) Merr. – Polychroa repens Lour,Sam đá,"Lạng Sơn, Ninh Bình, Quảng Bình, Bà Rịa Vũng Tàu. Cây sống bò trên đá, hoặc đứng",pellionia-repens-lour-merr.txt,,,Urticaceae,7916114
Delphinium anthriscifolium Hance,Tai thỏ,"Bắc Cạn. Cây mọc tự nhiên trong rừng ẩm, ở độ cao 500 – 1.600m.",delphinium-anthriscifolium-hance.txt,,,Ranunculaceae,3923581
Fraxinus rhynchophylla Hance,Tần lá có mũi,Miền Bắc. Cây mọc tự nhiên dọc theo suối vùng núi cao đến 1.800 m,fraxinus-rhynchophylla-hance.txt,,,Oleaceae,3172325
Murdannia simplex (Vahl) Brenan,Trai đơn giản,"Khánh Hòa, Ninh Thuận, Lâm Đồng. Cây mọc nơi đất ẩm, ven rừng, ven đường.",murdannia-simplex-vahl-brenan.txt,,,Commelinaceae,2764739
Dendrobium crepidatum Lindl. ex Paxt,"Đại hoàng thảo, Thạch hộc hoa hồng, Ngọc vạn sáp","Kon Tum, Lâm Đồng (Đà Lạt), Đồng Nai (Nam Cát Tiên). Cây sống bám trên cây gỗ lớn trong rừng, ở độ cao 300-1.500 m",dendrobium-crepidatum-lindl-ex-paxt.txt,,Lan (Orchidaceae),,5317107
Diospyros montana Roxb,Thị núi,Miền Trung và miền Nam. Cây mọc tự nhiên,diospyros-montana-roxb.txt,,,Ebenaceae,4070768
Senna alata (L.) Roxb.; Cassia alata L,"Muồng trâu, Cây lác",Quảng Ngãi tới Lâm Đồng. Cây mọc tự nhiên,senna-alata-l-roxb-cassia-alata-l.txt,,Vang (Caesalpiniaceae),,2956947
Lonicera bournei Hemsl,Kim ngân rừng,Lai Châu. Cây mọc tự nhiên ở vùng núi các tỉnh phía Bắc,lonicera-bournei-hemsl.txt,,,Caprifoliaceae,5598694
Ellipanthus tomentosus Kurz,"Mồng gà, Đầu gà","Quảng Trị (Lao Bảo), Ninh Thuận (Cà Ná), Tây Ninh, Đồng Nai, Biên Hoà. Cây mọc tự nhiên trong rừng nguyên sinh hoặc rừng thứ sinh.",ellipanthus-tomentosus-kurz.txt,,,Connaraceae,3687000
Celastrus paniculatus Willd,Dây săng máu,"Lâm Đồng, Đồng Nai. Cây mọc tự nhiên, rải rác trong rừng",celastrus-paniculatus-willd.txt,,,Họ Dây gối (Celastraceae),7265565
Angiopteris evecta (Forst.) Hoffm,"Quan âm toạ liên, Móng trâu, Nưa ông, Tai voi, Toà sen cạp môi (Kho), Vó ngựa","Lao Cai, Vĩnh Phúc (Tam Đảo), Hà Nội (Ba Vì), Hòa Bình, Quảng Bình, Quảng Trị, Kon Tum. Cây mọc tự nhiên dọc các khe suối trong rừng.",angiopteris-evecta-forst-hoffm.txt,,,Marattiaceae,5274878
Ficus nervosa Heyne ex Roth,"Đa gân, Đa bắp bé","Lạng Sơn, Ninh Bình, Đà Nẵng. Cây mọc tự nhiên, còn được trồng làm cảnh.",ficus-nervosa-heyne-ex-roth.txt,,,Họ Dâu tằm (Moraceae),7262544
"Alpinia officinarum Hance ( Languas officinarum (Hance) Farw., L. officinarum (Hance) Phamh, Alpinia graminifolia D. Fang & G. Y. Lo)","Riềng, Cao lương khương, Co khá (Thái), Kìm sung (Dao), Lương khương, Riềng ấm, Riềng thuốc",Mọc hoang dại và trồng phổ biến ở nhiều nơi,alpinia-officinarum-hance.txt,,Gừng – Zingiberaceae,,5302199
Fimbristylis dipsacea (Rottb.) C.B.Clarke – Scirpus dipsaceus Rottb,Cói quăn nhím,"Bắc Giang, Hà Nội, Nam Định, Hà Nam, Ninh Bình. Cây mọc tự nhiên trên đất cát, bờ rạch,đồng ruộng, đất cát",fimbristylis-dipsacea-rottb-c-b-clarke.txt,,,Họ Cói (Cyperaceae),2709071
Cola nitida (Vent.) Schott & Endl,"Cô la, Sảng tây","Trồng vài nơi như Hà Giang, Tuyên Quang, Lâm Đồng (Bảo Lộc), Tp. Hồ Chí Minh (Thảo Cầm Viên)",cola-nitida-vent-schott-endl.txt,"Sterculia nitida Vent., S. acuminata Beauv., Cola acuminata (Beauv.) Schott & Endl",Trôm – Sterculiaceae,,5406687
Codiaeum variegatum (L.) Blume – Croton variegatum L. Họ Thầu dầu (Euphorbiaceae),"Cô tòng đuôi lươn, Đuôi lươn, Ngũ sắc","Cây trồng làm cảnh phổ biến ở các công viên, vườn hoa trong các thành phố, thị xã của Việt Nam",codiaeum-variegatum-l-blume.txt,,,,3071476
Callicarpa dichotoma (Lour.) Raeusch. – Porphyra dichotoma Lour,"Thuốc kê, Tu hú đỏ, Tử châu lá nhỏ","Ninh Bình, Quảng Bình, Quảng Trị, Quảng Nam, Đà Nẵng. Cây mọc tự nhiên ở vùng núi",callicarpa-dichotoma-lour-raeusch.txt,,,Verbenaceae,5341132
Lobaria pulmonaria (L.) Hoffm,Địa y phổi,"Vĩnh Phúc (Tam Đảo), Lâm Đồng (Đà Lạt), thường gặp trên vỏ các gốc cây, ở rừng thường xanh, vùng núi cao.",lobaria-pulmonaria-l-hoffm.txt,,Lobariaceae,,5260693
Argyreia acuta Lour,"Bạc thau, Bạc sau, Bạch hoa đằng, Chấp miên, Thảo bạc","Cây mọc tự nhiên rải rác ven rừng vùng núi đá vôi, còn gặp ở ven làng bản vùng đồng bằng",argyreia-acuta-lour.txt,,,Convolvulaceae,2928691
Cajanus scarabaeoides (L.) Thouars – Cytisus cajans L,Đậu tương dại,"Hà Giang, Lạng Sơn, Quảng Ninh, Ninh Bình, Thừa Thiên Huế, Tây Ninh, Kiên Giang. Cây mọc tự nhiên trên các trảng cỏ, ven rừng thứ sinh, trong rừng thưa, ở độ cao tới 2000 m",cajanus-scarabaeoides-l-thouars-cytisus-cajans-l.txt,,,Họ Đậu (Fabaceae),2960284
Leea curtisii King – L. stipulosa Gagnep,Củ rối bẹ,"Bắc Cạn (Na Rì), Khánh Hòa (Nha Trang). Cây bụi mọc tự nhiên rải rác dưới tán rừng thưa",leea-curtisii-king-l-stipulosa-gagnep.txt,,Gối hạc (Leeaceae),,4160374
Viola philippica Cav,Hoa tím xéo,"Lạng Sơn (Mẫu Sơn). Cây mọc tự nhiên trên các trảng cỏ, ở độ cao 1.300 m",viola-philippica-cav.txt,,,Violaceae,7296732
Drimia maritima (L.) Stearn – Urginea maritima (L.) Bak,Hành biển,Cây được trồng trong các vườn thuốc ở các tỉnh Miền Nam Việt Nam.,urginea-martima-l-bak.txt,,,Hyacinthaceae,2776790
Crypsinus oxylobus (Wall. ex. Kuntze) Sledge – Polypodium oxylobum Wall. ex Kuntze,Nga chưởng,"Cây mọc tự nhiên ở độ cao 1500m trở lên, thường sống bám trên cây gỗ hay đá (Granit) giàu mùn trong rừng rậm thường xanh, trong đó có rừng mây mù, ở độ cao 1700 – 2500m.",crypsinus-oxylobus-wall-ex-kuntze-sledge.txt,,,Polypodiaceae,7395135
Ficus virens Ait,Sung xanh,"Hà Tây, Lâm Đồng, Ninh Thuận. Cây mọc tự nhiên",ficus-virens-ait.txt,,,Moraceae,9512597
Cymbidium lancifolium Hook,"Lục lan, Thổ nhĩ lan","Lào Cai, Vĩnh Phúc, Quảng Nam (Nam GiangTrHy), Lâm Đồng. Cây mọc tự nhiên rải rác trong rừng, ở độ cao 500-1.600 m",cymbidium-lancifolium-hook.txt,,,Orchidaceae,5305513
Murdannia nudiflora (L.) Brenan – Commelia nudiflora L,"Rau rươi, Trai hoa trần","Lào Cai, Lạng Sơn, Bắc Giang, Hòa Bình, Thừa Thiên – Huế. Cây mọc tự nhiên ven đường đi, ven rừng, ven sông suối.",murdannia-nudiflora-l-brenan-commelia-nudiflora-l.txt,,,Commelinaceae,2764680
Phyllanthus urinaria L,"Chó đẻ răng cưa, Diệp hạ châu, Cam kiêm, Rút đất, Khao ham (Tày), Cha leo té (Kdong), Chó đẻ Quả trơn)","Cây mọc tự nhiên, phổ biến khắp nơi ở Việt Nam",phyllanthus-urinaria-l.txt,,,Euphorbiaceae,5382780
Eriocaulon cinereum R. Br,"Dùi trống hoa vàng, Dùi trống to","Quảng Ninh, Hải Dương, Hà Nội (Ba Vì), Nam Bộ. Cây mọc tự nhiên vùng trũng đồng bằng",eriocaulon-cinereum-r-br.txt,,,Eriocaulonaceae,2691022
Colona auriculata (Desf.) Craib – Diplophractum auriculatum Desf,Bồ an,"Quảng Bình, Đồng Nai, Bà Rịa – Vũng Tàu. Cây mọc tự nhiên ven rừng, bãi hoang, nơi khô cằn",colona-auriculata-desf-craib.txt,,Đay (Tiliaceae),,4261665
Cascabela thevetia (L.) Lippold – Thevetia peruviana (Pers.) K. Schum,Thông thiên,"Cây trồng trong các công viên, vườn hoa",thevetia-peruviana-pers-k-schum-2.txt,,,Apocynaceae,3169652
Xylocarpus granatum Koenig,Xương cá,"Cây mọc tự nhiên ở vung rừng ngập mặn, nước lợ của nước ta",xylocarpus-granatum-koenig.txt,,,Meliaceae,3190517
Hemigraphis chinensis (Nees) T. Anders. ex Hemsl,"Râu tria, Bán tự trung quốc","Lào Cai, Sơn La, Ninh Thuận, Bình Dương, Bình Phước, Đồng Nai, Sông Bé. Cây mọc tự nhiên ở nơi đất ẩm, dọc bờ sông",hemigraphis-chinensis-nees-t-anders-ex-hemsl.txt,,,Acanthaceae,3781640
Pothos scandens L,"Ráy leo, Vạn niên thanh, Vạn niên thanh lá to, Lân tơ uyn,Chuối hương lá xẻ, Đuôi phượng, Co mác ngùm (Thái), Cuối hùm (Tày), Dây xống rắn","Kon Tum, Khánh Hoà, Ninh Thuận. Cây mọc tự nhiên, bám trên các cây gỗ trong rừng thường xanh",pothos-scandens-l.txt,,,Araceae,5330394
Antenoron filiforme (Thunb.) Robert. et Waut,Nghể sợi,"Lào Cai, Hà Giang, Lạng Sơn. Cây mọc tự nhiên dọc theo bờ suối, sườn núi, ven nương rẫy",antenoron-filiforme-thunb-robert-et-waut.txt,,,Polygonaceae,7291643
Coelogyne viscosa Rchb.f,"Thanh đạm nhớt, Thanh đạm lá đỏ","Lao Cai, Lâm Đồng. Cây mọc tự nhiên, rải rác trong rừng thưa, ở độ cao 600- 1.500 m",coelogyne-viscosa-reichb-f.txt,,,Orchidaceae,2811765
Uraria rufescens (DC.) Schindl. – Desmodium rufescens DC,"Đuôi chồn hoe, Đậu ban","Lạng Sơn (Hữu Lũng), Ninh Bình (Cúc Phương), Kon Tum, Đắk Lắk, Tây Ninh, Đồng Nai. Cây mọc tự nhiên trong rừng thưa và rừng thông, ở độ cao tới 1200 m, trên đất đỏ bazan",uraria-rufescens-dc-schindl.txt,,,Fabaceae,2956594
Saponaria officinalis L,"Tạo phì thảo, Thạch kiềm thảo",Lao Cai (Sa Pa). Cây nhập trồng; nguồn gốc từ vùng Tây Á và châu Âu,saponaria-officinalis-l.txt,,,Caryophyllaceae,3085360
Bauhinia lakhonensis Gagnep,Móng bò la khôn,Quảng Trị (Lao Bảo). Cây mọc tự nhiên ở ven đường rừng,bauhinia-lakhonensis-gagnep.txt,,,Caesalpiniaceae,10722107
Centaurium spicatum (L.) Fritsch – Gentiana spicata L.; Erythraea spicata Pers,Cù mạch,Ninh Bình (Thổ Mật). Cây mọc tự nhiên trên ruộng hoang,centaurium-spicatum-l-fritsch-gentiana-spicata-l-erythraea-spicata-pers.txt,,Long đởm (Gentianaceae),,5595243
Fatoua villosa (Thunb.) Nakai – Fatoua pilosa Gaudich,"Dâu bích, Duối cỏ","Lạng Sơn, Hoà Bình, Ninh Bình, Ninh Thuận. Cây mọc tự nhiên trong rừng ẩm",fatoua-villosa-thunb-nakai.txt,,Dâu Tằm (Moraceae),,2984652
Cynanchum utriculosum Cost,Sát khuyển túi,Ninh Bình. Cây mọc tự nhiên.,cynanchum-utriculosum-cost.txt,,,Asclepiadaceae,5525233
Antidesma velutinosum Blume,"Chòi mòi nhung, Chòi mòi lông dài","Vĩnh Phúc (Tam Đảo), Hà Tĩnh (Hương Sơn). Cây mọc tự nhiên dưới tán rừng, ở độ cao 1001-1200 m.",antidesma-velutinosum-blume.txt,,,Euphorbiaceae,3076798
Asplenium griffithianum Hook,Tổ điểu grift,"Gặp ở nhiều vùng núi thấp của các tỉnh Cao Bằng (núi Phia Oắc), Thái Nguyên (La Hiên; Đại TừKý Phú), Phú Thọ (Thanh SơnThục Luyện), Hà Nội (núi Ba Vì), Hòa Bình (Mai ChâuPà Cò; Chợ Bờ), Ninh Bình (Cúc Phương), Lâm Đồng (Đà Lạt; núi Bà Đúp).",asplenium-griffithianum-hook.txt,,Tổ điểu – Aspleniaceae,,4257138
Pratia nummularia (Lam.) A.Br. et Asch. – Lobelia nummularia Lam,"Đơn rau má, Cây quả bi, Vảy ốc đỏ, Cỏ bi đen, Vảy ốc nho, Nhả hoa, Phắc nóc đeng (Tày)",Cây mọc tự nhiên nơi ẩm mát ở vùng núi cao,pratia-nummularia-lam-a-br-et-aschers.txt,,,Lobeliaceae,8612978
Abrus pulchellus Wall,"Cườm, Cườm thảo mềm",Từ Lạng Sơn đến Sông Bé. Cây mọc tự nhiên trên đất lẫn đá,abrus-pulchellus-wall.txt,,Đậu (Fabaceae),,7727173
Cleidion brevipetiolatum Pax et Hoffm,Lậy đông cuống ngắn,"Bắc Kạn, Thái Nguyên, Hoà Bình. Cây mọc tự nhiên trong rừng thưa, trên đất đá vôi, ở độ cao 100-700 m",cleidion-brevipetiolatum-pax-et-hoffm.txt,,,Euphorbiaceae,3073727
Euonymus tonkinensis (Loes.) Loes,"Ngón trâu, Chân danh bắc bộ","Hà Nội (Ba Vì), Hoà Bình, Ninh Bình, Khánh Hòa. Cây mọc tự nhiên rải rác trong rừng nguyên sinh, ở độ cao khoảng 1300 m",euonymus-tonkinensis-loes.txt,,,Celastraceae,12385842
Smilax lanceifolia Roxb,Kim cang lá mác,"Quảng Bình, Quảng Trị, Thừa Thiên Huế, Quảng Nam, Đà Nẵng, Lâm Đồng. Cây mọc tự nhiên, rải rác ven rừng thứ sinh, ở độ cao 500-1.600 m",smilax-lanceifolia-roxb.txt,,,Smilacaceae,5295425
Syzygium aromaticum (L.) Merr. et Perry – Caryophyllus aromaticus L,"Đinh hương, Teng hom (Tày)",Cây nhập trồng.,syzygium-aromaticum-l-merr-et-perry.txt,,Sim (Myrtaceae),,3183002
Macropanax sessilis C.B. Shang,"Đại lăng không cuống, Đại đinh không cuống phụ, Có sen hảng (Thái)",Nghệ An (Quế Phong). Cây mọc tự nhiên.,macropanax-sessilis-c-b-shang.txt,,Ngũ gia bì (Araliaceae),,3037395
Artocarpus nitidus Tre’c. ssp. lingnanensis (Merr.) Jarr,"Chay lá bóng, Mít rễ khoai, Mít nhỏ","Hà Nội, Hải Phòng, Ninh Bình, Đà Nẵng, Quảng Nam, Khánh Hoà, Đồng Nai. Cây mọc tự nhiên, còn được trồng",artocarpus-nitidus-trec-ssp-lingnanensis-merr-jarr.txt,,,Moraceae,3764344
Thalictrum ichangense Lecoy. ex Oliv,Thổ hoàng liên lùn,Lào Cai (Sa Pa). Cây mọc tự nhiên ở vùng núi đá,thalictrum-ichangensis-lecoy-ex-oliv.txt,,,Ranunculaceae,3928537
Alpinia mutica Roxb. – Languas mutica (Roxb.) Merr,Riềng không mũi,"Đồng Nai, Thành phố Hồ Chí Minh. Dạng cây cỏ, mọc tự nhiên ven suối, dọc khe, dưới tán rừng, nơi đất mùn ẩm.",alpinia-mutica-roxb-languas-mutica-roxb-merr.txt,,,Zingiberaceae,5302190
Curcuma aromatica Salisb,"Nghệ trắng , Nghệ rừng, Ngải trắng, Ngải mọi","Cây mọc tự nhiên ở hầu hết các tỉnh miền núi, còn được trồng",curcuma-aromatica-salisb.txt,,Gừng (Zinggiberaceae),,2757544
Tephrosia candida (L.) DC. – Robinia candida Roxb,Cốt khí thân trắng,"Cây nhập trồng làm phân xanh ở các tỉnh Tây Bắc, Đông Bắc, Trung Bộ và Tây Nguyên. Nguyên sản từ Malaixia",tephrosia-candida-l-dc-robinia-candida-roxb.txt,,,Đậu (Fabaceae),5342186
Tirpitzia sinensis (Hemsl.) Hall.f. – Heimwardtia sinensis Hemsl,"Câng, Thanh lý sài","Lào Cai (Sa Pa), Hà Giang, Lạng Sơn, Cao Bằng. Cây mọc tự nhiên trên núi đá vôi",tirpitzia-sinensis-hemsl-hall-f.txt,,,Linaceae,5833715
Sarcosperma kachinense (King et Pantl.) Exell – Combretum kachinensis King et Prain,Sấm,"Lạng Sơn, Hoà Bình, Thanh Hóa, Quảng Trị, Thừa Thiên Huế, Kon Tum. Cây mọc tự nhiên trong rừng thưa, trên núi đá vôi, ở độ cao 100-1.000 m",sarcosperma-kachinense-king-et-prain-exell.txt,,,Sapotaceae,2883657
Ficus hispida L.f,"Ngái, Dã vô hoa, Mạy nọt (Tày), Loong tốt (Kdong), Chị cu điằng (Dao)",Cây mọc tự nhiên rải rác khắp các tỉnh của Việt Nam,ficus-hispida-l-f.txt,,,Moraceae,7879404
Taxiphyllum taxirameum (Mitt.) M. Fleisch,"Rêu vảy, Lân diệp đài",Ninh Bình (Cúc Phương). Cây mọc tự nhiên trên đá.,taxiphyllum-taxiramenum-mitt-fleisch.txt,,,Hypnaceae,2682666
Litsea balansae Lecomte,Bời lời balansa,"Lào Cai (Sa Pa), Lạng Sơn (Hữu Lũng), Quảng Ninh. Cây mọc tự nhiên rải rác trong rừng thường xanh, ở độ cao 300-1200 m",litsea-balansae-lecomte.txt,,Nguyệt quế (Lauraceae),,4178655
Jatropha gossypiifolia L,"Dầu lai, Dầu mè tía","Cây nhậptrồng, nay trở nên hoang hoá khá phổ biến ở các vùng trung du phía bắc Việt Nam",jatropha-gossypiifolia-l.txt,,Thầu dầu (Euphorbiaceae),,3072900
Siegesbeckia pubescens Makino Họ Cúc (Asteraceae),Hy thiêm lông,"Cao Bằng, Bắc Kạn, Thái Nguyên, Quảng Ninh. Cây thảo sống 1 năm; mọc tự nhiên trên các trảng cỏ, ven rừng thưa, ở độ cao 100-1700 m",siegesbeckia-pubescens-makino.txt,,,,6063463
Struchium sparganophorum (L.) Kuntze,"Nọc xoài, Cây sọ khỉ, Tam nhân đả, Thuốc nọc, Cỏ cứt heo, Cỏ lá xoài",Cây mọc tự nhiên ở vùng đồng bằng Sông Cửu Long,struchium-sparganophorum-l-kuntze.txt,,,Asteraceae,3144503
Curcuma elata Roxb,Mỳ tinh rừng,"Lâm Đồng. Cây mọc tự nhiên dưới tán rừng thưa, ẩm",curcuma-elata-roxb.txt,,,Zingiberaceae,2757637
Vitex rotundifolia L.f. – Vitex ovata Thunb,"Quan âm biển, Mạn kinh lá đơn",Cây mọc tự nhiên trên đồi cát ven biển từ miền Bắc tới miền Nam,vitex-rotundifolia-l-f.txt,,,Verbenaceae,2925558
Heliotropium indicum L,"Vòi voi, Dũn voi, Thiên giới thái, Đại vĩ đao, Co nam (Thái), Hang chỏn (Tày), Giền voi, Đại và (Dao)","Cây mọc tự nhiên, phổ biến ở vùng trung du và đồng bằng",heliotropium-indicum-l.txt,,,Boraginaceae,2925788
Saraca indica L,Vàng anh lá nhỏ,"Cây mọc tự nhiên gần suối, phổ biến ở vùng rừng núi nước ta nhưQuảng Trị,Thừa Thiên Huế, Đà Nẵng, Khánh Hòa",saraca-indica-l.txt,,,Fabaceae,5359538
Cantharellus cibarius Fr,Nấm mỡ gà,"Vĩnh Phúc, Phú Thọ, Hà Nội, Hòa Bình, Thanh Hóa, Quảng Bình, Quảng Trị, Thừa Thiên – Huế, Quảng Nam, Lâm Đồng, Ninh Thuận, Phú Yên, Khánh Hòa.",cantharellus-cibarius-fr.txt,,Nấm mỡ gà – Cantharellaceae,,5249504
Sonneratia ovata Back,Bần ổi,Cây mọc tự nhiên ở rừng ngập mặn dọc bờ biển nước ta,sonneratia-ovata-back.txt,,,Sonneratiaceae,5635568
Thysanolaena maxima (Roxb.) Kuntze,"Chít, Đót, Le, Xay","Cây mọc tự nhiên ở ven đồi, ven rừng khá phổ biến ở Việt Nam",thysanolaena-maxima-roxb-kuntze.txt,,,Poaceae,4124764
Mussaenda cambodiana Pierre ex Pitard,"Bướm bạc cam bốt, Dây bướm","Hà Tây đến Quảng Bình, Quảng Trị, Thừa Thiên Huế. Cây mọc tự nhiên",mussaenda-cambodiana-pierre-ex-pitard.txt,,,Rubiaceae,2892462
Tetradium ruticarpum (A. Juss.) Hartl. – Euodia ruticarpa A. Juss,"Ngô thù du, Ngô thù, Xà lát (Tày)",Hà Giang (Phó Bảng). Cây mọc tự nhiên trong rừng,tetradium-ruticarpum-a-juss-hartl.txt,,,Rutaceae,5594365
Canscora lucidissima (Levl. et Vaniot) Hand.- Mazz. – Enphorbia lucidissima Levl. et Vaniot,Xuyên tâm thảo,"Cao Bằng, Lạng Sơn. Cây mọc tự nhiên",canscora-lucidissima-levl-et-vaniot-hand.txt,,,Gentianaceae,3844340
Solena amplexicaulis (Lam.) Gandhi – Bryonia amplexicaudis Lam,"Dưa chuột dại, Hoa bát, Thiên hoa phấn, Dây củ mì, Dưa chuột rừng, Pheng nu (Tày), Phắc tăm nìn (Thái)",Cây mọc tự nhiên,solena-amplexicaulis-lam-gandhi-in-nichols.txt,,Bầu Bí (Cucurbitaceae),,5536848
Kochia scoparia (L.) Schrad. – Chenopodium scoparia L,Địa phu,Lâm Đồng (Đà Lạt). Cây trồng,kochia-scoparia-l-schrad.txt,,Rau Muối (Chenopodiaceae),,5383936
Abelmoschus manihot Medik. var. pungens (Roxb.) Hochr,Thục quỳ vàng,"Lai Châu, Cao Bằng. Cây trồng lấy lá làm rau ăn",abelmoschus-manihot-medik-var-pungens-roxb-hochr.txt,,,Malvaceae,3152706
Vernicia montana Lour,"Trẩu sơn, Trẩu cao, Trẩu núi, Thiên niên đồng, Mạy chấu (Tày), Cây dầu sơn",Cây trồng phổ biến khắp nơi ở Việt Nam,vernicia-montana-lour.txt,,,Euphorbiaceae,3074918
Ficus pumila L,"Trâu cổ, Bị lệ, Vảy ốc, Cây xợp, Cơm lênh, Mộc liên, Sung thằn lằn, Múc púp (Tày)","Cây mọc tự nhiên, thường bám trên cây to, trên tường ẩm ở nhiều nơi",ficus-pumila-l.txt,,,Moraceae,5361930
Eriophorum comosum Wall. ex Nees,Cói tơ nhiều lông,"Hòa Bình (Sông Đà, Chợ Bờ). Cây mọc tự nhiên rải rác ở vùng núi; trong rừng, trảng cỏ. Loài hiếm, đã được ghi vào Sách Đỏ Việt Nam",eriophorum-comosum-wall-ex-nees.txt,,,Họ Cói (Cyperaceae.),2730176
Cinnamomum verum Presl,"Quế xây lan, Quế quan","Thanh Hóa (Bá Thước), Nghệ An (Quỳ Châu), Tây Ninh. Cây thường được trồng",cinnamomum-verum-presl.txt,,,Lauraceae,3033987
Euphorbia fischeriana Steud,Cam toại,Lào Cai (Sa Pa). Cây nhập trồng,euphorbia-fscheriana-steud.txt,,,Euphorbiaceae,3066964
Canarium bengalense Roxb,"Trám hồng, Trám ba cạnh","Cao Bằng, Yên Bái, Ninh Bình, Thanh Hóa. Cây mọc tự nhiên trong rừng thường xanh, ven chân núi đá vôi, ở độ cao 300-500 m",canarium-bengalense-roxb.txt,,,Burseraceae,5635972
Phyla nodiflora (L.) Greene,"Dây lức, Sài đất giả",Phổ biến từ Bắc vào Nam và một số đảo,phyla-nodiflora-l-greene.txt,"Verbena nodiflora L., Phyla chinensis Lour., Lippia nodiflora (L.) Michx",Cỏ roi ngựa – Verbenaceae,,5341112
Garuga pierrei Guillaum,Đầu heo,"Kon Tum, Tây Ninh. Cây mọc tự nhiên rải rác trong rừng, ở độ cao 300-900 m.",garuga-pierrei-guillaum.txt,,Trám (Burseraceae),,3993467
Ardisia arborescens Wall. ex A.DC,"Trọng đũa mộc, Trọng đũa cao","Nghệ An (Quỳ Châu). Cây mọc tự nhiên trong rừng rậm, rừng thưa, hoặc trên núi đá, ở độ cao 300-1400 m",ardisia-arborescens-wall-ex-a-dc.txt,,,Myrsinaceae,5558193
Nepenthes mirabilis (Lour.) Druce,"Nắp ấm, Nắp ấm hoa đôi","Hà Nam, Hà Tĩnh, Quảng Bình, Quảng Trị, Thừa Thiên Huế. Cây mọc rải rác ở các bãi lầy, lùm bụi ở bình nguyên",nepenthes-mirabilis-lour-druce.txt,,,Nepenthaceae,3190712
Hibiscus sabdariffa L,Bụp giấm,"Kon Tum (Sa Thầy, Đắk Coi), Gia Lai (Kon Hà Nừng). Cây nhập trồng",hibiscus-sabdariffa-l.txt,,,Malvaceae,3152582
Desmodium podocarpum DC. ssp. oxyphyllum (DC.) Ohashi,"Thóc lép lá nhọn, Sơn mã hoàng","Lào Cai (Sa Pa), Lạng Sơn. Cây mọc tự nhiên ở thung lũng và bãi cỏ, ở độ cao tới 2000 m.",desmodium-podocarpum-dc-ssp-oxyphyllum-dc-ohashi.txt,,,Fabaceae,2971272
Amanita muscaria (L.) Quel,"Nấm đỏ, Nấm mặt trời",Cây mọc tự nhiên trên đất bãi vào mùa hè ở nhiều nơi của nước ta.,amanita-muscaria-l-quel.txt,,,Amanitaceae,8168319
Dracontomelon duperreanum DC,Cây sấu,"Cây mọc tự nhiên trong rừng già, còn được trồng",dracontomelon-duperreanum-pierre.txt,,Đào lộn hột (Anacardiaceae),,3660297
Phytolacca americana L. – Phytolacca decandra L,"Thương lục nam, Thương lục Mỹ","Cây mọc tự nhiên, còn được trồng làm cảnh",phytolacca-americana-l.txt,,,Phytolaccaceae,3084015
Fagpyrum esculentum Moench,"Mạch đen, Mạch ba góc , Lúa mạch đen, Kiều mạch, Khẩu mẹc, Cooc, Mẹc slam (Tày), Phàm co mẹ (Dao)","Lào Cai, Hà Giang, Bắc Cạn. Cây trồng trên nương rẫy, ở độ cao 200-1.400 m",fagpyrum-esculentum-moench.txt,,,Polygonaceae,2889373
Indigofera spicata Forssk,"Chàm bông, Chàm bò, Chàm gió","Lạng Sơn (Hữu Lũng), Hòa Bình (Lạc Thủy), Nghệ An (Phủ Quỳ), Đà Nẵng (Sơn Trà), Lâm Đồng (Đà Lạt, Đức Trọng, Bì Đáp), Bình Thuận (thung lũng Sông Mao, Sông Cây Tp. Hồ Chí MinhCây trồng ở một số trại thí nghiệm và nông trường",indigofera-spicata-forssk.txt,"Indigofera endecaphylla Jacq., I. hendecaphylla Jacq",Đậu – Fabaceae,,2971635
Achyranthes bidentata var. longifolia Makino Họ Dền (Amaranthaceae),Cỏ xước lá dài,Tây Ninh. Cây mọc tự nhiên ở độ cao 800 – 1200 m,achysanthes-bidentata-blume-var-longifolia-mak.txt,,,,3085175
Dioscorea membranacea Pierre ex Prain & Burk,"Từ mỏng, Nần gừng ba thuỳ, Mài gừng lá xẻ","Sơn La (Mộc Châu), Gia Lai, Bà Rịa, Vũng Tàu, An Giang. Cây mọc tự nhiên, loài hiếm đã đưa vào sách đỏ Việt Nam. Khung phân hạng (EN)",dioscorea-membranacea-pierre-ex-prain-burk.txt,,,Dioscoreaceae,2754731
Gomphostemma parviflorum Wall. ex Benth,Đinh hùng hoa nhỏ,"Thái Nguyên, Vĩnh Phúc.",gomphostemma-parviflorum-wall-ex-benth.txt,,Bạc hà – Lamiaceae,,7685212
Liquidambar orientalis Mill,"Sâu đông, Sau sau phương đông, Thâu đông, Tô hạp hương","Miền Bắc (có trồng ở Nông trường Tràng Vinh, gần thị xã Hải Ninh, tỉnh Quảng Ninh)",liquidambar-orientalis-mill.txt,,Sau sau – Altingiaceae,,3152825
Dendrobium acinaciformeRoxb,"Kim thoa hoàng thảo, Cỏ vàng, Lan chân rết, Vằng sú (Dao)","Cao Bằng (Trà Lĩnh, gần Hồ Thang Heng), Đắk Lắk, Kon Tum, Kiên Giang. Cây mọc tự nhiên, bám trên các cây gỗ lớn trong rừng, ở độ cao 500-1.200 m",dendrobium-acinaciformeroxb.txt,,,Orchidaceae,
Hibiscus cannabinus L,Kê náp,Cây trồng để lấy sợi. Nguồn gốc từ châu Phi,hibiscus-cannabinus-l.txt,,Bông (Malvaceae),,3152547
Tamarix indica Wall,"Thuỳ ty liễu ấn, Liễu bách ấn",Cây nhập trồng,tamarix-indica-wall.txt,,,Tamaricaceae,
Uncaria acida (Hunt.) Roxb. – Nauclea acida Hunt,"Vuốt chua, Câu đằng","Lâm Đồng, Đồng Nai đến Cà Mau. Cây mọc tự nhiên dựa sông rạch",uncaria-acida-hunt-roxb.txt,,,Rubiaceae,9467042
Pistia stratiotes L. – Limnonensis friedrichsthaliana Klotzsch,"Bèo cái, Bèo tai tượng, Bèo tía, Đại phù bình, Bèo ván, Tử phù bình","Cây sống trôi nổi trong ao hồ, sông suối, khá phổ biến ở các tỉnh đồng bằng Bắc Bộ",pistia-stratiotes-l.txt,,,Ráy (Araceae),2870583
Psychotria morindoides Hutch,"Lấu ông, Lấu nhàu","Gia Lai – Kon Tum, Đắk Lắk. Cây mọc tự nhiên rải rác trong rừng thứ sinh.",psychotria-morindoides-hutch.txt,,,Rubiaceae,2902122
Aristolochia kaempferi Willd,"Mã đâu linh lá tròn, Viên diệp mã đâu linh, Cây khố rách","Lai Châu, Hà Giang. Cây mọc tự nhiên rải rác trong rừng thưa, rừng còi",aristolochia-kaempferi-willd.txt,,Mộc Hương (Aristolochiaceae),,3589461
Taxodium distichum (L.) Rich. – Cupressus disticha L,Bụt mọc,"Hà Nội, Sài Gòn. Cây trồng. Nguồn gốc từ vùng ven biển đông nam Bắc Mỹ.",taxodium-distichum-l-rich.txt,,Bụt Mọc (Taxodiaceae),,2684191
Urena sinuata L,"Ké hoa đào lá xẻ, Ké khuyết","Cây mọc tự nhiên, phổ biến ở vùng đồng bằng của nước ta",urena-sinuata-l.txt,,Bông (Malvaceae),,7278922
Cinnamomum camphora (L.) J. Presl – Laurus camphora L,"Long não, Dã hương, Chương não, Mạy khao chuông (Tày), Cà chăng diẳng (Dao)","Cây trồng trong các thành phố và thị xã, thị trấn",cinnamomum-camphora-l-presl.txt,,,Lauraceae,3033991
Merremia staphylina (Roem. & Schult.) Nhan – Ipomoea staphylina Roem. & Schult,"Lang rừng, Lang tím, Bìm tụ tán","Lào Cai (Sa Pa), Lạng Sơn (Chi Lăng), Bắc Giang (Phố Vị), Thừa Thiên Huế, Đà Nẵng, Kon Tum, Gia Lai, Lâm Đồng. Dây leo dài, mọc rải rác ven rừng, ven đường, nương rẫy cũ, ven làng bản, nơi khô và sáng.",merremia-staphylina-roem-schult-nhan.txt,,,Convolvulaceae,
Scolopia buxifolia Gagnep,"Gai bôm Bôm cùm rụm, Bôm lùn","Khánh Hòa (Nha Trang), Bà Rịa – Vũng Tàu (Bà Rịa). Cây mọc tự nhiên trên đất sét hoặc đất cát ven biển",scolopia-buxifolia-gagnep.txt,,,Flacourtiaceae,3879445
Allium ascalonicum L. – A.cepa L. var. ascalinicum (L.) Backer,"Hành nén , Nén, Hành tăm, Tiểu toán",Cây trồng,allium-ascalonicum-l.txt,,,Alliaceae,2856558
Lysimachia clethroides Duby,Lý mạch liệt tra,"Kon Tum (Đác Glây, Ngọc Linh). Cây mọc tự nhiên rải rác trong rừng thưa, ở độ cao 1500 – 1800m",lysimachia-clethroides-duby-in-dc.txt,,,Primulaceae,3169331
Crotalaria tetragona Roxb. ex Andr,"Lục lạc vuông, Lục lạc bốn cạnh","Cây mọc ở trảng cỏ, đường mòn, nương rẫy ở độ cao tới 1000 m, phổ biến khắp nước ta",crotalaria-tetragona-roxb-ex-andr.txt,,,Fabaceae,2942157
Glochidion glomerulatum (Miq.) Boerl. – Agyneia glomerata Miq,"Sóc chụm, Bọt ếch lùn","Cây bụi ưa sáng, mọc trên đất đồi cằn cỗi, ở độ cao dưới 500 m, khá phổ biến ở Việt Nam.",glochidion-glomerulatum-miq-boerl.txt,,,Euphorbiaceae,3080408
Leptochloa chinensis (L.) Nees,"Cỏ lông công, Mảnh hòa","Cây mọc tự nhiên trên sân, ruộng, rẫy, phổ biến ở Việt Nam.",leptochloa-chinensis-l-nees.txt,,,Poaceae,2703873
Dioscorea japonica Thunb,"Củ mài núi, Bụm nai (Kho), Mằn mỏ (Tày)","Hà Giang, Hòa Bình, Ninh Bình. Cây mọc tự nhiên rải rác ven rừng, trong rừng mưa mùa, rừng lá rộng thường xanh",dioscorea-japonica-thunb.txt,,Củ nâu (Dioscoreaceae),,2755706
"Acorus calamus L. – Acorus verus Houtt., Orontium cochinchinense Lour., Acorus tatarinowi Schott","Thủy xương bồ, Bồ bồ, Xương bồ, Om đạ (Kho), La ngay (Bana), Co sinh phù (Thái)","Lào Cai, Ninh Bình, Quảng Trị tới Lâm Đồng. Cây mọc tự nhiên nơi có nước",acorus-calamus-l.txt,,,Acoraceae,2873769
Xylosma longifolia Clos,"Mộc hương lá dài, Tạc lá dài","Hoà Bình, Cao Bằng, Kon Tum. Cây mọc tự nhiên trong rừng thưa dưới 1000m",xylosma-longifolium-clos.txt,,,Flacourtiaceae,3879719
Solanum nigrum L. – Solanum amerianum Mill,"Lu lu đực, Cà đen, Nụ áo, Quả độc, Nhờ ất (Kdong), Tầm bóp đực","Cây mọc tự nhiên, phổ biến ở các ruộng trồng màu vùng đồng bằng và trung du nước ta",solanum-nigrum-l.txt,,,Solanaceae,9150405
Breynia septata Beille,"Long kên, Dé ngăn","Hòa Bình, Quảng Trị (Núi Răng Cọp), Đà Nẵng (Bà Nà), Quảng Nam. Cây mọc tự nhiên ở ven rừng, hay đồi cây bụi, ở độ cao 100-500 m",breynia-septata-beille.txt,,,Euphorbiaceae,5383064
Plumbago zeylanica L,"Bạch hoa xà, Nhài công, Đuôi công hoa trắng, Cây mộng mắt, Bươm bướm, Lài dưa, Lá đinh, Bạch tuyết hoa, Pít pì khao (Tày), Lài dây, Co nhả cam (Thái), Kèng péo mía (Dao)",Cây mọc tự nhiên và được trồng để làm thuốc trong các gia đình,plumbago-zeylanica-l.txt,,,Plumbaginaceae,3082282
Scutellaria orthocalyx Hand.-Mazz,Thuẫn đài đứng,"Kon Tum. Cây mọc tự nhiên trên các bãi hoang, ở độ cao trên 800 m",scutellaria-orthocalyx-hand-mazz.txt,,,Lamiaceae,5608728
Viburnum lutescens Blume,Giáng cua,"Bắc Kạn, Thái Nguyên, Nghệ An, Kon Tum. Cây mọc tự nhiên trong rừng thưa",viburnum-lutescens-blume.txt,,Kim ngân (Caprifoliaceae),,7724310
Zizania latifolia (Griseb.) Turcz. ex Stapf – Zizania caduciflora Hand.-Mazz,"Niễng , Giao hồ","Miền Bắc. Cây trồng trên các ruộng nước, ao, hồ",zizania-caduciflora-turz-ex-trin-hand-mazz.txt,,,Poaceae,10919373
Calotis anamitica (Kuntze) Merr. – Tolboma anamica Kuntze,"Huỳnh cầm, Cúc giải, Chân cúa, Cô thang chai","Thừa Thiên Huế, Đà Nẵng, Quảng Ngãi, Phú Yên, Khánh Hoà. Cây mọc tự nhiên ở vùng đất cát ven biển từ miền Trung trở vào",calotis-anamitica-kuntze-merr.txt,,Cúc (Asteraceae),,3098199
Derris ferruginea ( Roxb.) Benth . – Robinia ferruginea Roxb,Cốc kèn sét,"Đồng Nai, Tây Ninh. Cây mọc tự nhiên ven sông rạch",derris-ferruginea-roxb-benth.txt,,,Họ Đậu (Fabaceae),5350303
Rosmarinus officinalis L,"Hương thảo, Tây dương chổi",Lào Cai (Sa Pa). Cây nhập trồng,rosmarinus-officinalis-l.txt,,,Lamiaceae,10902460
Balanophora laxiflora Hemsl,Dương đài,"Ninh Bình (Cúc Phương), Kon Tum. Cây mọc ký sinh trên rễ, rải rác trong rừng nguyên sinh",balanophora-laxiflora-hemsl-in-f-forbes-et-hemsl.txt,,,Balanophoraceae,4195050
Polyscias balfouriana (André) L.H.Bailey – Aralia balfouriana (L. Bailey) Sander,Đinh lăng lá tròn,Cây trồng.,polyscias-balfouriana-l-bailey.txt,,Ngũ gia bì (Araliaceae),,3035891
Dioscorea hemsleyi Prain et Burk,Chiêm sơn dược,"Lào Cai, Lai Châu. Cây mọc tự nhiên.",dioscorea-hemsleyi-prain-et-burk.txt,,,Dioscoreaceae,2755252
Blumea aromatica DC,"Hoàng đầu lá to, Bạc đầu thơm","Lào Cai (Sa Pa), Sơn La (Sông Mã), Vĩnh Phúc (Tam Đảo), Hà Nội (Ba Vì), Lâm Đồng, Đắk Lắk, Kon Tum. Cây mọc tự nhiên ở ven rừng thưa, độ cao 300-1.600 m.",blumea-aromatica-dc.txt,,,Asteraceae,5395607
Bauhinia championii (Benth.) Benth,Móng bò champion,"Lạng Sơn, Quảng Ninh, Sơn La (Yên Châu, Mộc Châu), Hoà Bình, Ninh Bình. Cây mọc tự nhiên ở ven rừng vùng núi đá vôi",bauhinia-championii-benth-benth.txt,,,Caesalpiniaceae,2953113
Alpinia globosa (Lour.) Horan. – Amomum globosa Lour,"Sẹ, Mè tré","Lai Châu, Lào Cai, Cao Bằng, Lạng Sơn, Vĩnh Phúc (Tam Đảo), các tỉnh Nam Bộ. Cỏ cao tới 1,5 m, ưa bóng, mọc tự nhiên dưới tán rừng ẩm, ở độ cao 100-300 m",alpinia-globosa-lour-horan.txt,,,Zingiberaceae,5301973
Lycianthes biflora (Lour.) Bitter – Solanum biflorum Lour,"Cà hai hoa, Hồng tư ngủ, Huyết kiến sầu, Cà ngủ","Lào Cai, Sơn La, Hòa Bình, Hà Nội, Ninh Bình, Kon Tum, Gia Lai, Lâm Đồng. Cây mọc tự nhiên phổ biến ở nước ta, trên các bãi hoang, ruộng hoang, ven đường",lycianthes-biflora-lour-bitter.txt,,Cà (Solanaceae),,7299714
Mallotus paniculatus (Lam.) Muell.-Arg. – Croton paniculatus Lam,"Bái bài, Bông bệt, Bùm bụp nâu","Cây ưa sáng, mọc tự nhiên trong rừng thường xanh, hay trên trảng cây bụi, ở độ cao 100-1000 m khắp nước ta",mallotus-paniculatus-lam-muell-arg.txt,,,Euphorbiaceae,5378650
Echinochloa crus-galli (L.) Beauv,"Cỏ lồng vực, Bại thảo","Cây mọc tự nhiên nơi ruộng ẩm, lầy",echinochloa-crus-galli-l-beauv.txt,,,Poaceae,2702808
Schefﬂera venulosa (Wight et Arn.) Harms in Engl. & Prantl,Chân chim mây,"Hà Giang (Đồng Văn). Cây mọc tự nhiên trong rừng thưa, rừng thường xanh, ở độ cao 1000 m.",schefﬂera-venulosa-wight-et-arn-harms-in-engl-prantl.txt,,,Araliaceae,
Maesa perlarius (Lour.) Merr. – Daritus perlarius Lour.; Maesa sinensis A.DC,"Đơn nem, Đơn ăn gỏi, Đơn răng cưa, Co tập mác (Thái), Đồng, Phán piềng","Miền Bắc tới Quảng Trị, Thừa Thiên Huế. Mọc phổ biến trong rừng thưa, ở độ cao 300-1500 m",maesa-perlarius-lour-merr.txt,,,Myrsinaceae,7330845
Eupatorium japonicum Thunb,Sơn lan,"Lào Cai, Hà Giang (Phó Bảng). Cây mọc tự nhiên trong các savan cỏ và dọc đường đi ở độ cao 1.500 – 2.200m",eupatorium-japonicum-thunb.txt,,,Asteraceae,5403118
Capsella bursa – pastoris (L.) Medik. – Thlaspi bursa – pastoris L,"Tề thái, Cây tề, Dính lịch, Địa mễ thái, Cỏ tâm giác, Cải dại","Lao Cai, Hà Giang, Cao Bằng, Lạng Sơn, Hà Nội. Cây mọc tự nhiên ở nơi ẩm mát",capsella-bursa-pastoris-l-medik.txt,,,Brassicaceae,5375388
Philydrum lanuginosum Banks et Soland. ex Gaertn,Cỏ đuôi lươn,"Hà Nội (Ba Vì), Quảng Bình, Quảng Trị, Thừa Thiên Huế. Cây mọc tự nhiên ở vùng ruộng lầy, đầm lầy vùng nước phèn",philydrum-lanuginosum-banks-et-soland-ex-gaertn.txt,,Cỏ đuôi lươn (Philydraceae),,2765625
Paeonia spp,Xích thược,,xich-thuoc.txt,,Paeoniaceae (Mẫu đơn),,
Phyllodium pulchellum (L.) Desv. – Desmodium pulchellum (L.) Benth,"Chuỗi tiền, Đồng tiền, Đuôi trâu","Cây mọc tự nhiên ở các tỉnh vùng trung du và miền núi trên các bãi đất hoang, trảng cây bụi, trong rừng thưa và rừng thông, phổ biến khắp Việt Nam",phyllodium-pulchellum-l-desv.txt,,,Fabaceae,2948568
Celastrus monospermus Roxb. – Monnoselastrus monospermus (Roxb.) F.T Wang & T. Tang Họ Dây gối (Celastraceae),Dây gối một hạt,"Lào Cai ( Sapa), Quảng Trị, Thừa Thiên – Huế, Kon Tum, Lâm Đồng ( Đà Lạt),. Dây leo gỗ, dài 4-6m. Mọc rải rác trong rừng, ở độ cao 800-1700m.",celastrus-monospermus-roxb-monnoselastrus-monospermus-roxb-f-t-wang-t-tang.txt,,,,3792919
"Colysis pteropus (Blume) Bosman, Microsorum pteropus (Blume) Copel",Ráng chân có cánh,"Cao Bằng, Lạng Sơn, Đà Nẵng. Cây mọc tự nhiên trên đá gần thác nước trong rừng rậm thường xanh, ở độ cao 200 – 800m.",colysis-pteropus-blume-bosman-microsorum-pteropus-blume-copel.txt,,,Polypodiaceae,6559985
Hemsleya chinensis Cogn,"Dây hèm, Tuyết đảm trung quốc","Cao Bằng (Trà LĩnhHồ Thang Hen), Hà Tây, Hòa Bình. Cây mọc tự nhiên rải rác ven khe suối, thung lũng đá vôi",hemsleya-chinensis-cogn.txt,,Bầu bí (Cucurbitaceae),,7317926
Hexagonia apiaria (Pers.) Fr,Nấm tổ ong lông thô,"Lai Châu, Lào Cai, Yên Bái, Tuyên Quang, Bắc Kạn, Thái Nguyên, Lạng Sơn, Quảng Ninh, Bắc Giang, Ninh Bình, Thanh Hóa, Nghệ An, Hà Tĩnh, Quảng Bình, Thừa Thiên Huế, Đà Nẵng, Quảng Nam, Lâm Đồng, Khánh Hòa, Ninh Thuận, Bình Thuận, Tây Ninh.",hexagonia-apiaria-pers-fr.txt,"Poluporus apiarius Pers., Hexagonia wightii KL",Nấm vân chi – Coriolaceae,,7525750
Clematis uncinata Champ. ex Benth,Vằng mấu,Miền Bắc. Cây mọc tự nhiên.,clematis-ucinata-champ.txt,,,Ranunculaceae,7277589
Prismatomeris memecyloides Craib,"Coong slen, Lăng trang dạng sần","Sơn La (Mường La), Nam bộ Việt Nam. Cây bụi mọc tự nhiên trong rừng thường xanh, rừng thưa",prismatomeris-memecyloides-craib.txt,,,Họ Cà phê (Rubiaceae),2909785
Paramignya armata Oliv. var. andamanica King,"Cựa gà, :Gai xanh, Quít gai","Đà Nẵng, Khánh Hòa. Cây mọc tự nhiên và trồng ở Nam Bộ",paramignya-armata-oliv-var-andamanica-king.txt,,Cam (Rutaceae),,3835649
Stemona tuberosa Lour,"Bách bộ, Củ ba mươi, Dây đẹt ác, Pê chầu chàng (Hmông), Slam slip lạc, Mằn sòi (Tày), Bằn sam sip (Thái), Hơ linh (Bana), Mùi sầy dời, Chiêm nhị mửa đòi (Dao)",Cây mọc tự nhiên ở hầu hết các tỉnh miền núi của Việt Nam,stemona-tuberosa-lour.txt,,,Stemonaceae,2863358
Sesbania javanica Miq. – Sesbania paludosa (Roxb.) Prain ; Aeschynomene paludosa Roxb,Điền điển phao,Cây mọc tự nhiên phổ biến ở các tỉnh Đồng Bằng Sông Cửu Long,sesbania-paludosa-roxb-prain.txt,,Đậu (Fabaceae),,2970670
Garcinia gaudichaudii Planch. et Triana,Vàng nghệ,Cây mọc tự nhiên trong rừng thưa,garcinia-gaudichaudii-planch-et-triana.txt,,,Clusiaceae,3714561
Blumea fistulosa (Roxb.) Kurz – Conyza fistulosa Roxb,"Kim đầu bộng, Hoàng đầu chụm","Sơn La, Tuyên Quang, Hoà Bình, Quảng Trị, Tây Nguyên. Cây mọc tự nhiên trên các nương rẫy bỏ hoang và gò đồi, ở độ cao dưới 1500 m",blumea-fistulosa-roxb-kurz.txt,,,Asteraceae,5395671
Aerva sanguinolenta (L.) Blume – Achysanthes sanguinolenta L,"Mao vĩ đỏ , Ba bông, Rau chua",Cây mọc tự nhiên dưới tán cây rừng đến độ cao 2000 m từ Lào Cai tới Đồng Nai,aerva-sanguinolenta-l-blume.txt,,,Amaranthaceae,10832776
Connarus cochinchinensis (Baill.) Pierre – Tricholobus cochinchinensis Baill,"Mồng gà , Lốp bốp, Long giả huyết, Quả giùm, Bí bốp","Đà Nẵng, Gia Lai, Khánh Hoà, Bình Thuận, Bình Dương. Cây mọc tự nhiên ở rừng thưa, rừng còi vùng núi thấp",connarus-cochinchinensis-baill-pierre.txt,,,Connaraceae,3686750
Desmodium heterocarpon (L.) DC. – Hedysarum heterocarpon L,Thóc lép nhiều quả,Cây mọc tự nhiên ven đường đi trong rừng phổ biến khắp Việt Nam,desmodium-heterocarpon-l-dc.txt,,,Fabaceae,10775938
Clausena laevis Drake,"Giổi trái, Co bo","Hà Nội (Thủ Pháp), Ninh Bình (Cúc Phương). Cây mọc tự nhiên",clausena-laevis-drake.txt,,,Rutaceae,
Croton tiglium L,"Ba đậu, Mạy vắt (Tày), Mằn để, Cóng khói, Giang tử, Ba đậu tàu, Pụt tau (Dao), San to yà (HMông)",Cây mọc tự nhiên ở hầu hết các tỉnh trung du và miền núi,croton-tiglium-l.txt,,,Euphorbiaceae,3057656
Caryopteris incana (Thunb. ex Houtt.) Miq. – Nepeta incana Thunb.ex Houtt,"Bạc hà núi, Cỏ vắp thơm, Hương nhu dại",Hải Dương (Chí Linh). Cây mọc tự nhiên,caryopteris-incana-thunb-ex-houtt-miq.txt,,,Verbenaceae,7308640
Carex cruciata Wahlenb,Kiết bạc,"Lai Châu, Lào Cai tới Khánh Hoà. Cây mọc tự nhiên ở vùng núi, độ cao từ 1500m trở lên",carex-cruciata-wahlenb.txt,,,Cyperaceae,2723579
Ixeris polycephala Cass,Rau diếp đắng nhiều đầu,"Lai Châu, Sơn La, Hà Giang, Vĩnh Phúc, Hà Nội, Hòa Bình, Kon Tum. Cây mọc tự nhiên ven đường, bờ ruộng ẩm, ở độ cao dưới 1500 m",ixeris-polycephala-cass.txt,,,Asteraceae,3115544
Alphitonia philippinensis Braid,"Tai tượng trắng, Hàn tảu đẻn, Dầu nóng","Hà Giang, Tuyên Quang, Gia Lai, Kon Tum. Cây mọc tự nhiên rải rác đôi khi chiếm ưu thế trong rừng thưa",alphitonia-philippinensis-braid.txt,,,Rhamnaceae,3877487
Vernonia cinerea (L.) Less. – Conyza cinerea L,Bạch đầu ông,Từ vùng trung du Miền Bắc tới Tây Nguyên và đồng bằng Nam Bộ. Cây mọc tự nhiên trên đất hoang ở khắp nơi,vernonia-cinerea-l-less.txt,,,Asteraceae,6445734
Tridax procumbens L,"Cỏ mui, Sài lông, Sài lan, Cúc mui, Thu thảo","Cây mọc tự nhiên ở đồng bằng và trung du, phổ biến khắp nước ta",tridax-procumbens-l.txt,,,Họ Cúc (Asteraceae),3149462
Neptunia oleracea Lour,"Rau rút, Ngúc",Cây trồng ở khắp nơi,neptunia-oleracea-lour.txt,"Mimosa natans L. f., Desmanthus natans (L. f.) Willd., Neptunia natans (L. f.) Druce",Trinh nữ – Mimosaceae,,5353534
Adiantum flabellulatum L,Dớn đen,"Cây mọc tự nhiên rải rác trong rừng rậm thường xanh, hay nửa rụng lá. Khá phổ biến ở Việt Nam.",adiantum-flabellulatum-l.txt,,,Adiantaceae,7412206
Saccharomyces cerevisae Megen,Men bia,Thường được nuôi cấy.,saccharomyces-cerevisae-megen.txt,,,Saccharomycetaceae,7440012
Cornus hongkongensis Hemsl,"Thù du hồng kông, Thù du quả hồng, Giác mộc hồng kông, Ko ka","Lào Cai (Sa Pa, Ô Quy Hồ), Quảng Ninh (Đầm HàHà Nội (Ba Vì), Thừa Thiên Huế (Bạch Mã,",cornus-hongkongensis-hemsl.txt,"Benthamia hongkongensis (Hemsl.) Nakai, Cornus capitata Wall. in Roxb., Cynoxylon capitatum (Wall.) Nakai",Thù du – Cornaceae,,7322062
Michelia alba DC,"Ngọc lan ta , Kim cương mộc, Cây sứ, Ngọc lan hoa trắng",Cây trồng làm cảnh và lấy hoa ở các vườn hoa và trong gia đình ở nhiều địa phương của Việt Nam,michelia-alba-dc.txt,,,Magnoliaceae,3987892
Aglaonema siamense Engl,"Vạn niên thanh, Co vo dinh (Thái), Co canh nang, Môn thục, Môn chóc","Lào Cai, Hoà Bình, Hà Nội, Tây Ninh, Đồng Nai. Cây mọc tự nhiên rải rác trong rừng ẩm. Còn được trồng làm cảnh",aglaonema-siamense-engl.txt,,,Araceae,2866378
Gardenia augusta (L.) Merr. – Gardenia augustifoliai Lodd,"Dành dành, Chi tử, Mác làng cương (Tày)",Cây mọc tự nhiên và trồng ở vùng đồng bằng,gardenia-augusta-l-merr.txt,,Cà Phê (Rubiaceae),,5335125
Elsholtzia communis (Coll. et Hemsl.) Diels – Dysophylla communis Coll. et Hemsl,"Kinh giới bông, Kinh giới dại","Lào Cai, Hà Giang. Cây mọc tự nhiên ở các bãi hoang ven đường vùng núi, ở độ cao 1000 – 1600m",elsholtzia-communis-coll-et-hemsl-diels.txt,,,Lamiaceae,3900786
Cyperus corymbosus Rottb,"Cói hoa tán, Cói bông nâu, Lác tản phòng","Hải Phòng, Thừa Thiên – Huế, Nam Bộ. Cây mọc tự nhiên rải rác ở vùng ven biển, trong trảng cỏ",cyperus-corymbosus-rottb.txt,,,Họ Cói (Cyperaceae),2713778
Eragrostis ferruginea (Thunb.) Beauv,Tinh thảo sét,"Lạng Sơn, Quảng Ninh, Phú Thọ, Hà Nội (Ba Vì), Lâm Đồng. Cây mọc tự nhiên ở nơi đất khô sườn núi, bãi cỏ, trong vườn, ven đường.",eragrostis-ferruginea-thunb-beauv.txt,,,Poaceae,4147107
Micromelum hirsutum Oliv,"Mắt trâu, Lá méo, Kim sương lông, Mán chỉ, Châm hôi trắng","Lạng Sơn, Bắc Cạn, Khánh Hòa. Cây mọc tự nhiên",micromelum-hirsutum-oliv.txt,,,Rutaceae,3837612
Mallotus resinosus (Blanco) Merr. – Adenia resinosa Blanco,Ruối resin,"Lạng Sơn, Ninh Bình, Nha Trang, Phan Rang đến Nam Cát Tiên. Cây chịu bóng, mọc tự nhiên trong rừng thường xanh, ở độ cao 100-500 m.",mallotus-resinosus-blanco-merr.txt,,,Euphorbiaceae,5378500
Artocarpus heterophyllus Lam,"Mít, Mít dai, Bà la mật, Mác mị (Tày), Pnát (Kho)",Cây trồng,artocarpus-heterophyllus-lam.txt,,Dâu tằm (Moraceae),,2984565
Argyreia mollis (Burm.f.) Choisy – Convolvulus mollis Burm.f,Thảo bạc che,"Hải Vân, Thù Đức, Côn Sơn. Cây mọc tự nhiên trong rừng còi",argyreia-mollis-burm-f-choisy.txt,,,Convolvulaceae,3678447
Hydrilla verticillata (L.f.) Royle – Serpicula verticillata L.f,"Rong đuôi chồn, Vù dà (Tày), Thủy thảo","Hà Nội, Ninh Bình. Cây mọc tự nhiên trong ruộng, ao hồ",hydrilla-verticillata-l-f-royle.txt,,,Hydrocharitaceae,5329570
Ottelia alismoides (L.) Pers. – Stratiotes alismoides L,"Mã đề nước, Thủy xa tiền, Vậy, Cây le, Hẹ nước, Chèo nước","Hà Nội, Đồng Nai, Bà Rịa Vũng Tàu. Cây mọc tự nhiên trong các ao, hồ, ruộng nước phổ biến vùng đồng bằng",ottelia-alismoides-l-pers.txt,,,Hydrocharitaceae,5329515
Abroma augusta (L.) L.f. – Theobroma augusta L,"Tai mèo, Bông vàng, Phác nhật sai, Bất thực","Hà Giang, Cao Bằng, Hòa Bình, Thanh Hóa, Tây Ninh. Cây mọc tự nhiên rải rác trong rừng thưa",abroma-augusta-l-l-f.txt,,,Sterculiaceae,8219075
Rubus leucanthus Hance,"Ngấy hoa trắng, Mắc hủ","Lao Cai, Lai Châu, Cao Bằng, Lạng Sơn, Hòa Bình, Ninh Bình, Đắk Lắk, Lâm Đồng. Cây mọc tự nhiên rải rác trong rừng thưa, ở độ cao trên 400 m",rubus-leucanthus-hance.txt,,,Rosaceae,2989835
Calanthe alismaefolia Lindl,"Lan từ cô, Kiều lam","Lào Cai (Sa Pa), Ninh Bình, Khánh Hòa (Khánh Sơn), Kon Tum, Lâm Đồng. Cây mọc tự nhiên rải rác trong rừng, ở độ cao 400-1.900 m.",calanthe-alismaefolia-lindl.txt,,,Orchidaceae,2795128
Aristolochia petelotii O.C. Schmidt,"Sơn địch, Khoai ca","Lào Cai (Sa Pa, Bát Xát), Vĩnh Phúc (Tam Đảo). Cây mọc tự nhiên rải rác trong rừng ẩm, ở độ cao 900-1.400 m",aristolochia-petelotii-o-c-schmidt.txt,,,Aristolochiaceae,10963025
Actinodaphne pilosa (Lour.) Merr. – Laurus pilosa Lour,"Hàn nhi thầu, Bộp lông","Lao Cai (Sa Pa), Vĩnh Phúc (Tam Đảo), Hải Phòng, Ninh Bình, Thanh Hóa, Nghệ An, Thừa Thiên Huế, Kon Tum, Gia Lai, Lâm Đồng. Cây mọc tự nhiên rải rác ven rừng thứ sinh, rừng thông, ở độ cao 500-1500 m",actinodaphne-pilosa-lour-merr.txt,,,Lauraceae,4177047
Nymphaea nouchali Burm.f. – Nymphaea stellata Willd,"Súng lam, Súng","Quảng Bình, Quảng Trị, Thừa Thiên Huế. Cây mọc tự nhiên, thường được trồng",nymphaea-nouchali-burm-f.txt,,,Nymphaeaceae,7326947
Ficus altissima Blume – Họ Dâu tằm (Moraceae.),"Đa tía, Đa trâu, Đa tròn","Hà Giang, Tuyên Quang, Hà Nội, Ninh Bình, Quảng Trị, Đồng Nai. Cây mọc tự nhiên, còn được trồng",ficus-altissima-blume.txt,,,,5361907
Diplazium subsinuatum (Wall. ex Hook. et Grev.) Tagawa – Asplenium subsinuatum Wall.ex Hook. et Grev.),Ráng lá đơn,"Lạng Sơn, Cao Bằng, Phú Thọ, Hà Nội, Quảng Bình. Cây mọc tự nhiên thường bám vào các vách đá ở chân rừng rậm thường xanh hay ven suối.",diplazium-subsinuatum-wall-ex-hook-et-grev.txt,,,Woodsiaceae,8582197
Hypericum japonicum Thunb. ex Murray,"Ban, Nọc sởi, Châm hương, Bioc lương (Thái), Địa nhĩ thảo, Nhã cam (Tày), Điền sơ hoàng, Cỏ ban","Cây mọc tự nhiên trên đất ẩm, phổ biến ở Bắc và Trung bộ",hypericum-japonicum-thunb-ex-murray.txt,,,Hypericaceae,7329933
Amomum repens Sonn. – Amomum cardamomum Lour.; Elettaria cardamomum (L.) Maton,"Bạch đậu khấu, Tiểu đậu khấu, Trúc sa",Cây mọc hoang và được trồng ở Việt Nam.,amomum-repens-sonn.txt,,,Zingiberaceae,
Caulerpa racemosa (Forssk.) Agardh,Rong guột chùm,"Quảng Trị, Quảng Ngãi. Cây mọc ở vùng triều thấp.",caulerpa-racemosa-forssk-agardh.txt,,,Caulerpaceae,2643093
Vernonia saligna DC,Bạch đầu liễu,"Lai Châu, Lào Cai, Yên Bái, Thái Nguyên. Cây mọc tự nhiên trên trảng cỏ và trảng cây bụi, ở độ cao 300-1700 m.",vernonia-saligna-dc.txt,,,Asteraceae,4212820
Ficus elastica Roxb. ex Horn,"Đa búp đỏ., Dung thụ, Mạy lằng (Tày)",Cây được trồng ở nhiều nơi của Việt Nam,ficus-elastica-roxb-ex-horn.txt,,,Họ Dâu tằm (Moraceae),7835333
Celastrus orbiculatus Thunb,Gối tròn,"Lào Cai (Sa Pa). Cây mọc tự nhiên rải rác trong rừng, ở độ cao 1.500-2.000 m",celastrus-orbiculatus-thunb.txt,,,Celastraceae,3169169
Myriophyllum spicatum L,Đuôi chó gié,"Vĩnh Phúc, Hà Nội, Nam Định, Ninh Bình, Quảng Trị, Thừa Thiên Huế. Cây mọc tự nhiên ở các ruộng nước.",myriophyllum-spicatum-l.txt,,,Haloragaceae,5361760
Cosmostigma racemosum (Roxb.) Wight – Asclepias racemosa Roxb,"Thiên lý rừng, Tinh thư",Bà Rịa Vũng Tàu. Cây mọc tự nhiên ở ven rừng.,cosmostigma-racemosum-roxb-wight.txt,,,Asclepiadaceae,3572076
Polyscias fruticosa (L.) Harms. – Panax fruticosus L.; Nothopanax fruticosus (L.) Miq.; Aralia fruticosa (L.) L. Bailey; Tieghemopanax fruticosus (L.) R. Vig,Đinh lăng,Cây trồng,polyscias-fruticosa-l-harms.txt,,Ngũ gia bì (Araliaceae),,3035652
Piper cubeba L.f,"Tiêu thất, Trầu thuốc","Đồng Nai, Lâm Đồng. Cây mọc tự nhiên ở rừng",piper-cubeba-l-f.txt,,,Piperaceae,7606629
Tadehagi triquetrum (L.) Ohashi – Desmodium triquetrum (L.) DC,Mũi mác,"Cây mọc tự nhiên trong rừng thưa hỗn giao thường xanh, phổ biến ở vùng đồi trung du khắp nơi của Việt Nam",tadehagi-triquetrum-l-ohashi.txt,,,Fabaceae,2950828
"Bombax ceiba L.  – Bombax malabaricum DC., Salmalia malabarica (DC.) Schott",Gạo,"Cây mọc tự nhiên ở nhiều nơi, có nhiều ở miền Bắc Việt Nam. Còn được trồng",bombax-malabaricum-dc.txt,,,Bombacaceae,3152226
Pogostemon parviflorus Benth,Hoắc hương hoa nhỏ,"Lào Cai, Gia Lai, Đắk Lắk. Cây mọc tự nhiên ở nơi sáng, các bãi hoang, ven rừng, ở độ cao trên 600 m",pogostemon-parviflorus-benth.txt,,,Lamiaceae,3899718
Artemisia vulgaris var. indica (Willd.) DC,"Ngải cứu dại, Mẫu hao",Cây mọc tự nhiên ở ven đường vùng rừng núi,artemisia-vulgaris-var-indica-willd-dc.txt,,,Asteraceae,3120972
Ligularia hodgsonii Hook.f,"Cỏ móng ngựa, Cúc móng ngựa","Lai Châu, Lào Cai, Hà Giang, Cao Bằng. Cây mọc tự nhiên trên vách núi đá, ở độ cao 1000-2000 m",ligularia-hodgsonii-hook-f.txt,,,Cúc (Asteraceae),5395405
Lepidogrammitis rostrata (Bedd.) Ching – Polypodium rostratum Bedd,Ỏ vảy,"Lào Cai (Sa Pa), Hà Tây (Ba Vì), Vĩnh Phúc (Tam Đảo). Cây mọc tự nhiên.",lepidogrammitis-rostrata-bedd-ching.txt,,,Polypodiaceae,11161239
Avicennia alba Blume,Mắm trắng,"Bà Rịa Vũng Tàu. Cây mọc ở rừng sác, cửa sông, vùng nước lợ và nước mặn vừa phải",avicennia-alba-blume.txt,,,Verbenaceae,6413459
Silybum marianum (L.) Gaertn. – Carduus marianus L,Cúc gai,Cây nhập trồng,silybum-marianum-l-gaertn-carduus-marianus-l.txt,,Cúc (Asteraceae),,3145214
Miliusa velutina (A. DC.) Hook.f. et Thoms. – Uvaria velutina Dunal,Mại liễu lông,"Lâm Đồng (Bảo Lộc), Tây Ninh (Núi Bà Đen), Bà Rịa Vũng Tàu, An Giang. Cây mọc tự nhiên rải rác trong rừng nguyên sinh, rừng thứ sinh, ở độ cao dưới 300 m.",miliusa-velutina-dunn-hook-f-et-thoms.txt,,,Annonaceae,3156618
Gynura bicolor (Willd.) DC,Bầu đất lá mác,"Cao Bằng, Nghệ An và Kon Tum",gynura-bicolor-willd-dc.txt,,Cúc – Asteraceae,,3139958
Orthosiphon spiralis (Lour.) Merr,Râu mèo,"Lào Cai (Sa Pa), Hà Nội (Ba Vì, Văn Điển), Quảng Trị, Thừa ThiênHuế (Huế), Lâm Đồng (Đà Lạt, Di Linh), Ninh Thuận (Phan Rang), Tây Ninh, Bà Rịa-Vũng Tàu (Bà Rịa), Kiên Giang (Phú Quốc) và một số tỉnh khác (thường trồng)",orthosiphon-spiralis-lour-merr.txt,"Trichostema spiralis Lour., Clerodendranthus spicatus (Thunb.) C. Y. Wu, C. stamineus (Benth.) Kudo)",Bạc hà – Lamiaceae,,7308026
Typha angustifolia L,"Cỏ nến, Bông nến, Bồ hoàng, Thuỷ hương, Hương bồ thảo","Lao Cai (Sa Pa). Cây mọc tự nhiên nơi ẩm, lầy",typha-angustifolia-l.txt,,,Họ Hương bồ (Typhaceae),5289461
Goniophlebium niponicum (mett.) Bedd. var. wattii Bedd,Ráng nhiều chân,"Hẹp. Lai Châu, Lào Cai. Cây mọc tự nhiên, thường sống bám trên cây gỗ và vách hay khe đá giàu mùn trong rừng rậm thường xanh, ở độ cao 1200 – 1400m.",goniophlebium-niponicum-mett-bedd-var-wattii-bedd.txt,,,Polypodiaceae,4028577
Coptis teeta Wall,Hoàng liên,"Lai Châu, Lào Cai. Mọc rải rác trong rừng nguyên sinh, nơi ẩm, ở độ cao 1.500- 2.500m",coptis-teeta-wall.txt,,,Ranunculaceae,8332947
Neolitsea aurata (Hayata) Koidz. – Litsea aurata Hayata,Nô vàng,"Quảng Ninh, Lâm Đồng (Đơn Dương). Cây mọc tự nhiên rải rác ven rừng, dựa suối, ở độ cao 3001-500 m",neolitsea-aurata-hayata-koidz.txt,,,Lauraceae,7304510
Tetracera asiatica (Lour.) Hoogl. – Segniera asiatica Lour,Chạc chìu á,"Cây mọc tự nhiên ở rừng thưa, rừng còi khắp nước ta",tetracera-asiatica-lour-hoogl.txt,,,Dilleniaceae,5680962
Cycas siamensis Miq,"Thiên tuế xiêm, Tuế rừng khộp","Gia Lai, Đắk Lắk, Lâm Đồng. Cây mọc tự nhiên trong các rừng thưa cây họ Dầu",cycas-siamensis-miq.txt,,,Cycadaceae,2683286
Phyllostachys pubescens Mazel ex H. de Lehaie,Trúc sào,"Cao Bằng, Bắc Cạn, Hà Giang. Cây mọc tự nhiên, còn được trồng",phyllostachys-pubescens-mazel-ex-h-de-lehaie.txt,,,Poaceae,5290168
Scolopia macrophylla (Wight et Arn.) Clos – Phoberos macrophyllus Wight et Arn,"Lục giác mộc, Bôm bà, Ngâm xanh","Bình Dương, Đồng Nai, Tiền Giang, Cà Mau. Cây mọc tự nhiên trên đất cát hoặc đất sét đen ẩm, ven rạch, nơi bị ngập",scolopia-macrophylla-wight-et-arn-clos.txt,,,Flacourtiaceae,3879170
Selaginella trachyphylla A. Br. ex Hieron,Quyển bá nhám,"Lào Cai, Yên Bái, Lạng Sơn, Quảng Ninh, Vĩnh Phúc (Tam Đảo), Đà Nẵng. Cây mọc tự nhiên trong rừng nửa rụng lá, hay trong rừng rậm thường xanh",selaginella-trachyphylla-a-br-ex-hieron.txt,,,Selaginellaceae,8458690
Campsis radicans (L.) Seem. – Bignonia radicans L,Đăng tiêu mỹ,Lâm Đồng (Đà Lạt). Cây nhập trồng làm cảnh,campsis-radicans-l-seem.txt,,Núc nác (Bignoniaceae),,3172549
Myriopteron extensum (Wight) K.Schum. – Streptocaulon extensum Wight,"Sữa quả cánh, Sí quả đằng","Lao Cai, Hà Giang (Quản Bạ), Bà Rịa Vũng Tàu, An Giang (Châu Đốc). Cây mọc tự nhiên",myriopteron-extensum-wight-k-schum.txt,,,Asclepiadaceae,3576300
Goniothalamus donnaiensis Fin. et Gagnep,Giác đế đồng nai,"Khánh Hoà, Kon Tum, Đắk Lắk, Lâm Đồng, Ninh Thuận. Cây mọc tự nhiên trong rừng nguyên sinh hay rừng thứ sinh, nơi ẩm",goniothalamus-donnaiensis-fin-et-gagnep.txt,,,Annonaceae,3154499
Cinnamomum javanicum Blume,"Quế java, Re java","Lào Cai (Sa Pa). Cây mọc tự nhiên trong rừng rậm thường xanh, ven rừng hoặc ven suối",cinnamomum-javanicum-blume.txt,,,Lauraceae,4183075
Liparis bootanensis Griff,"Nhẵn điệp, Lan cánh thuyền","Lào Cai, Vĩnh Phúc (Tam Đảo), Lâm Đồng. Cây mọc tự nhiên, bám trên cây gỗ lớn trong rừng, ở độ cao 400-1.800 m.",liparis-bootanensis-griff.txt,,,Orchidaceae,5306140
Trichosanthes villosa Blume,"Do mõ, Dây đỏ mỏ","Lao Cai, Ninh Bình, Lâm Đồng, Đồng Nai. Cây mọc tự nhiên ven rừng, lùm bụi.",trichosanthes-villosa-blume.txt,,,Cucurbitaceae,7317548
Cheilanthes tenuifolia (Burm. f.) Sw,"Quạt lông, Ráng thần mô lá mảnh",Cây mọc tự nhiên ở các vách đá và rừng còi nhiều nơi khắp nước ta.,cheilanthes-tenuifolia-burm-f-sw.txt,,,Pteridaceae,7173530
Dipterocarpus dyeri Pierre ex Laness,Dầu song nàng,"Kon Tum, Gia Lai, Bình Phước, Bình Dương, Tây Ninh, Đồng Nai. Cây mọc tự nhiên rải rác trong rừng nhiệt đới thường xanh, ở độ cao 800 m. Loài đã được đưa vào sách đỏ Việt Nam. Khung phân hạng (VU)",dipterocarpus-dyeri-pierre-in-laness.txt,,,Họ Dầu (Dipterocarpaceae),7988305
Gomphandra tetrandra (Wall.) Sleum. – Lasianthera tetrandra Wall,Bổ béo bốn nhị,"Vĩnh Phúc (Tam Đảo), Hà Nội (Ba Vì), Thừa Thiên Huế. Cây mọc dưới tán rừng thường xanh",gomphandra-tetrandra-wall-sleum.txt,,Thụ đào (Icacinaceae),,9038180
Syzygium bullockii (Hance) Merr. et Perry – Eugenia bullockii Hance,Trâm buloc,"Thanh Hóa, Quảng Bình, Quảng Trị, Thừa Thiên Huế. Cây mọc tự nhiên trên đụn cát ven biển, chịu được khô hạn",syzygium-bullockii-hance-merr-et-perry.txt,,,Myrtaceae,3183017
Cayratia geniculata (Blume) Gagnep. – Cissus geniculata Blume,Vác gối,"Lai Châu, Lạng Sơn, Hà Tây, Ninh Bình, Đà Nẵng. Cây mọc tự nhiên.",cayratia-geniculata-blume-gagnep.txt,,,Vitaceae,7293851
Asarum blumei Duch,Thổ tế tân,"Hà Giang, Lạng Sơn, Vĩnh Phúc. Cây mọc tự nhiên rải rác dưới tán rừng thưa.",asarum-blumei-duch-in-dc.txt,,,Aristolochiaceae,3589072
Cleisostoma paniculatum (Ker-Gawl.) Garay – Erides paniculata Ker- Gawl,"Lan mật khẩu tán, Mật khẩu hoa chùy","Hải Phòng (Cát Bà). Cây mọc tự nhiên bám trên cây gỗ trong rừng, ở độ cao 300-400 m.",cleisostoma-paniculatum-ker-gawl-garay.txt,,,Orchidaceae,2785455
Ichnocarpus frutescens (L.) R. Br. – Apocynum frutescens L,"Mần trây, Dây trổ","Hoà Bình, Bắc Giang, Lạng Sơn. Cây mọc tự nhiên trong rừng thưa",ichnocarpus-frutescens-l-r-br.txt,,,Apocynaceae,7778424
Rosa rubus Le’vl. et Vant,"Hồng đum, Hồng gai","Hà Giang (Phó Bảng). Cây mọc tự nhiên rải rác ven đường, trảng cây bụi, ở độ cao tới 1.500m",rosa-rubus-levl-et-vant.txt,,,Rosaceae,3011488
Maclura tricuspidata Carr,Hoàng lồ,Phú Thọ (Đoan HùngChân Mộng). Cây mọc tự nhiên,maclura-tricuspidata-carr.txt,,,Moraceae,9130387
Carum carvi L,Tạng hồi hương,Cây nhập trồng ở Lào Cai (Sa Pa). Nguồn gốc từ Trung Quốc,carum-carvi-l.txt,,,Apiaceae,3034714
Euonymus kiautschovicus Loes,Ngầu sáu pín,Quảng Ninh. Cây mọc tự nhiên,euonymus-kiautschovicus-loes.txt,,,Celastraceae,3169137
Sterculia nobilis Sm,"Trôm quý, Cây mề gà","Lạng Sơn, Vĩnh Phúc, Ninh Bình. Cây mọc tự nhiên trong rừng thưa trên núi đá vôi",sterculia-nobilis-smith-in-roes.txt,,,Sterculiaceae,7797610
Plumbago indica L,"Xích hoa xà, Xích hạc, Đuôi công đỏ",Mùa hoa quả Gần như quanh năm,plumbago-indica-l-in-stickm.txt,,,Plumbaginaceae,3082286
Illicium micranthum Dunn,Hồi hoa nhỏ,"Nghệ An, Gia Lai, Lâm Đồng, Khánh Hòa",illicium-micranthum-dunn.txt,,Hồi – Illiciaceae,,7314078
Lepisorus obscurevenulosus (Hayata) Ching – Polypodium obscurovenulosus Hayata,"Ráng gân mờ, Ngoã vị gân mờ","Lào Cai, Khánh Hòa, Lâm Đồng. Cây mọc tự nhiên, thường sống bám trên cây gỗ trong rừng rậm thường xanh, ở độ cao 400 – 1700m.",lepisorus-obscurevenulosus-hayata-ching.txt,,,Polypodiaceae,7648181
Peristylus densus (Lindl.) Santap. et Kapad – Coeloglossum densum Lindl,"Chu thư dày, Lan nhuỵ vòng","Đồng Nai, Lâm Đồng. Cây mọc tự nhiên vùng núi cao ở độ cao 1.500 m.",peristylus-densus-lindl-santap-et-kapad.txt,,,Orchidaceae,2817539
Portulaca quadrifida L,Sam lông nhỏ,"Cây mọc tự nhiên trên đất hoang, ven đường đi vùng đồng bằng nhiều nơi của nước ta, chủ yếu ở Bình Nguyên",portulaca-quadrifida-l.txt,,,Portulacaceae,3084699
Aralia thomsonii Seem. ex C.B. Clarke,Cuông nháp,"Lào Cai (Sa Pa), Phú Thọ (Thanh Sơn), Hà Nội (Ba Vì), Kon Tum, Gia Lai, Lâm Đồng. Cây mọc tự nhiên rải rác ven đường mòn, ven rừng, ở độ cao 500 m",aralia-thomsonii-seem-ex-c-b-clarke.txt,,,Họ Nhân sâm (Araliaceae),3036859
Macrosolen tricolor (Lecomte) Dans. – Elytranthe tricolor Lecomte,Tầm gửi bò,"Quảng Ninh, Hải Phòng, Hà Nội, Binh Bình, Ninh Thuận, Bình Thuận. Cây bụi bán ký sinh trên cành các cây thân gỗ, thường trên cây sấu, trong rừng nguyên sinh.",macrosolen-tricolor-lecomte-dans.txt,,,Loranthaceae,5638877
Helicteres angustifolia L,"Thau kén lá hẹp, Sơn đại la, Thao kén đực","Cây mọc tự nhiên, phổ biến ở rừng còi, đồi cây bụi ở Việt Nam",helicteres-angustifolia-l.txt,,,Sterculiaceae,5547507
Clausena lansium (Lour.) Skeels – Quinaria lansium Lour.; Clausena wampi (Blume) Oliv,"Hồng bì, Hoàng bì, Quất hồng bì, Mác mật, Mạy mật (Tày)","Quảng Ninh, Phú Thọ, Vĩnh Phúc, Hà Nội, Ninh Bình. Cây mọc tự nhiên và còn được trồng lấy quả",clausena-lansium-lour-skeels.txt,,,Rutaceae,3190413
Diospyros lotus L,"Cậy, Thị sen, Hãn thị",Cây mọc tự nhiên ở Bắc và Trung Bộ Việt Nam,diospyros-lotus-l.txt,,,Ebenaceae,3032980
Cinnamomum iners Reinw. ex Blume,"Hậu phác nam, Quế rừng, Rè hương","Tuyên Quang, Thái Nguyên (Chợ Mới), Bình Dương (Thủ Dầu Một). Cây mọc tự nhiên rải rác trong rừng thường xanh, ven rừng, ven suối",cinnamomum-iners-reinw-ex-blume.txt,,,Lauraceae,8028551
Picria fel-terrae Lour. – Curanga amara Juss,Thanh ngâm,"Lao Cai, Lai Châu (Phong Thổ), Hòa Bình, Hải Phòng, Thanh Hóa, Nghệ An. Cây mọc tự nhiên, rải rác hoặc thành đám ở ven rừng, ở độ cao tới 900 m",picria-fel-terrae-lour.txt,,M õm chó (Scrophulariaceae),,3727321
Medinilla radicans (Blume) Blume – Melastoma radicans Blume,Minh điền rễ bất định,"Khánh Hòa (Vọng Phu), Bà Rịa Vũng Tàu (Côn Đảo). Cây mọc phụ sinh, rải rác ven rừng, ở độ cao khoảng 1300 m.",medinilla-radicans-blume-blume.txt,,,Melastomaceae,3865034
Thryallis glauca (Cav.) Kuntze – Galphinia gracilis Bartl,Kim đồng,Cây nhập trồng làm cảnh. Nguồn gốc Trung Mỹ,thryallis-glauca-cav-kuntze.txt,,,Malpighiaceae,7122389
Gnaphalium polycaulon Pers,"Rau khúc nếp , Hoàng nhung nhiều thân, Cây bỏng họng, Khúc vàng","Cây mọc tự nhiên, phổ biến trên các ruộng sau khi gặt và ruộng trồng màu từ Miền Bắc tới vùng Tây Nguyên",gnaphalium-polycaulon-pers.txt,,,Asteraceae,5390831
Eriochloa procera (Retz.) C.E.Hubb,Cỏ mật,"Cây mọc tự nhiên trên ruộng hoang, bãi cỏ ven đường, rất phổ biến ở Việt Nam",eriochloa-procea-retz-c-hubb.txt,,,Họ Hòa thảo (Poaceae),2702527
Flueggea jullienii (Beille) G.L. Webster – Phyllanthus jullienii Beille,Quả nổ xanh,"Đồng Nai (Biên Hòa). Cây ưa sáng, mọc tự nhiên dưới tán rừng thường xanh hay rụng lá, trên đất dày lẫn đá sỏi, ở độ cao dưới 500 m",flueggea-jullienii-beille-webster.txt,,,Euphorbiaceae,5382893
Basilicum polystachyon (L.) Moench – Ocimum polystachyon L,"É sạ, Thiên thảo","Lạng Sơn, Quảng Trị, Thừa Thiên Huế tới Đồng Nai",basilicum-polystachyon-l-moench.txt,,,Lamiaceae,3882375
Capsicum frutescens L. – Capsicum annuum L,"Ởt , Lạc tiêu, Phiên tiêu, Mạy phết (Tày), Mác phết, Tàm phân chiu (Dao), Mré (Kho)",Cây trồng phổ biến ở Việt Nam,capsicum-frutescens-l.txt,,,Solanaceae,8403992
Strophanthus caudatus (Burm.f.) Kurz,Sừng trâu,"Lạng Sơn, Bắc Ninh, Phú Thọ, Vĩnh Phúc, Gia Lai, Kon Tum, Kiên Giang. Cây mọc tự nhiên ở ven rừng thưa, trảng cây bụi",strophanthus-caudatus-burm-f-kurz.txt,,Sừng trâu (Apocynaceae),,3620496
Pharbitis purpurea (L.) Voigt – Convolvulus purpureus L.; Ipomoea purpurea (L.) Roth,Bìm tía,"Cây trồng ở Miền Nam Việt Nam, nguồn gốc từ châu Mỹ.",pharbitis-purpurea-l-voigt.txt,,Bìm bìm (Convolvulaceae),,2928576
Abrus pulchellus subsp. mollis (Hance) Verdc,"Cườm, Cườm thảo mềm",Từ Lạng Sơn đến Sông Bé. Cây mọc tự nhiên trên đất lẫn đá,abrus-pulchellus-wall-ex-thwaites-ssp-mollis-hance-verdc.txt,,,Họ Đậu (Fabaceae),3980200
Alchornea rugosa (Lour.) Muell.-Arg. – Cladodes rugosa Lour,"Vông đỏ, Cây sói rừng, Đom đóm","Cây mọc tự nhiên, phổ biến ở vùng đồi trung du khắp Việt Nam",alchornea-rugosa-lour-muell.txt,,,Euphorbiaceae,3055402
Paramichelia baillonii (Pierre) Hu – Magnolia baillonii Pierre,"Giổi xương, Giổi găng, Kiu điu, Đạm cúc","Rộng, từ Lào Cai đến Đắk Lắk. Cây mọc tự nhiên trong rừng thứ sinh, ở độ cao 400-1.000 m",paramichelia-baillonii-pierre-hu.txt,,,Magnoliaceae,3153077
Morinda tomentosa Heyne in Roth – Morinda tinctoria Roxb,"Nhàu rừng, Da gai, Da tây","Thừa Thiên Huế, Kon Tum, Gia La, Đắk Lắk, Lâm Đồng, Bình Dương, Tây Ninh. Cây mọc tự nhiên trong rừng thưa, ở bình nguyên",morinda-tomentosa-heyne-in-roth.txt,,Cà phê (Rubiaceae),,5339893
Camellia caudata Wall,"Trà đuôi, Chè đuôi, Vĩ diệp sơn trà","Quảng Bình, Quảng Trị, Thừa Thiên Huế, Bình Thuận. Cây mọc tự nhiên trên núi đá vôi",camellia-caudata-wall.txt,,,Theaceae,7620074
Croton caudatus Geiseler,"Cù đèn đuôi, Ba đậu leo","Kon Tum, Gia Lai, Đắk Lắk, Bình Dương. Cây mọc tự nhiên trong rừng thường xanh",croton-caudatus-geiseler.txt,,Thầu dầu (Euphorbiaceae),,3057531
Tadehagi godefroyanum (Kuntze) Ohashi – Meibomia godefroyana Kuntze,Cổ bình godefrey,"An Giang (Châu Đốc). Cây bụi mọc tự nhiên trong rừng rậm thường xanh và rừng thưa, gần sông suối, ở độ cao tới 800 m.",tadehagi-godefroyanum-kuntze-ohashi.txt,,,Fabaceae,3968877
Helicia grandifolia Lecomte,"Chẹo thui lá to, Mạ sưa lá lớn, Quắn hoa to, Có pe (Thái)","Lào Cai (Sa Pa), Hoà Bình (Mai Châu), Ninh Bình (Cúc Phương), Nghệ An (Quế Phong). Cây gỗ nhỏ, mọc rải rác trong rừng thứ sinh, ở độ cao 200-500 m",helicia-grandifolia-lecomte.txt,,,Proteaceae,8299093
Cinnamomum parthenoxylon (Jack) Meisn. – Laurus parthenoxylon Jack,"Vù hương Xá xị, Gù hương, Re dầu, Re hương","Cao Bằng (Trùng Khánh), Quảng Ninh (Hà Cối), Tuyên Quang, Bắc Giang, Quảng Bình, Quảng Trị, Thừa Thiên Huế, Đồng Nai. Cây mọc tự nhiên trong các rừng kín thường xanh, mưa mùa nhiệt đới., ở độ cao 500-1000 m",cinnamomum-parthenoxylon-jack-meisn.txt,,,Lauraceae,4181342
Goniothalamus chartaceus P.T. Li,"Hoa thơm, Chân kiểng, Giác đế","Quảng Ninh (Đầm Hà), Lạng Sơn (Hữu Lũng). Cây mọc tự nhiên rải rác trong rừng thứ sinh",goniothalamus-chartaceus-p-t-li.txt,,,Annonaceae,3154665
Begonia pedatifida Levl,Thu hải đường lá xẻ,"Lào Cai (Sa Pa). Cây mọc rải rác trong rừng, dựa khe suối, nơi ẩm, ở độ cao 1800 m",begonia-pedatifida-levl.txt,,,Begoniaceae,4158795
Polygonum tomentosum Willd,"Nghể trâu, Nghể lông dày","Tuyên Quang, Hà Nội, Nam Bộ. Cây mọc tự nhiên ở ruộng, ao, hồ phổ biến ở nước ta.",polygonum-tomentosum-willd.txt,,,Polygonaceae,4034380
Buddleia officinalis Maxim,Mật mông hoa,"Lào Cai, Cao Bằng, Thái Nguyên. Cây mọc tự nhiên trong vùng núi đá vôi",buddleia-officinalis-maxim.txt,,,Buddlejaceae,3173336
Visnaga daucoides Gaertn. – Daucus visnaga L.; Ammi visnaga (L.) Lam,Vinh ga,"Cây nhập trồng, nguồn gốc từ châu Âu",visnaga-daucoides-gaertn.txt,,,Apiaceae,5371753
Chrysanthemum indicum L,"Cúc hoa vàng, Kim cúc, Dã cúc, Cam cúc, Khổ ý, Hoàng cúc, Bióoc kim (Tày)",Cây trồng,chrysanthemum-indicum-l.txt,,,Asteraceae,3150814
. Bombyx mori L,"Bạch cương tằm, cương tàm, cương trùng, thiên trùng",,bach-cuong-tam.txt,,Bombycidae ( Tằm),,
Tinospora sagittata (Oliv.) Gagnep,"Củ gió, kim quả lãm, sơn từ cố, kim ngưu đởm, kim khổ lãm, địa đởm",,cu-gio.txt,,Tiết dê (Menispermaceae),,11546126
Dicranopteris linearis (Burm.f.) Underw.; D. dichotoma (Thunb.) Bernh,"Guột cứng, Tế, Vọt","Rất rộng, gần như khắp các vùng đồi núi thấp của cả nước. Cây mọc tự nhiên thành từng đám rộng trong các trảng cỏ hay trảng cây bụi trên nhiều loại đất khác nhau.",dicranopteris-linearis-burm-f-underw.txt,,,Gleicheniaceae,5275373
Stephania venosa (Blume) Spreng. – Clypea venosa Blume,Lõi tiền đỏ,Nam Bộ. Cây mọc tự nhiên rải rác trong rừng thưa vùng núi đá vôi.,stephania-venosa-blume-spreng.txt,,,Menispermaceae,5592725
Pouzolzia zeylanica (L.) Benn. – Parietaria zeylanica L,"Bọ mắm, Thuốc giòi, Thuốc vòi","Cây mọc tự nhiên ở rừng, khá phổ biến ở Việt Nam",pouzolzia-zeylanica-l-benn-parietaria-zeylanica-l.txt,,,Urticaceae,2984383
Blumea lanceolaria (Roxb.) Druce – Conyza lanceolata Roxb,"Xương sông , Xanh sông, Hoạt lộc thảo, Bi bốc, Tạp chèng (Tày)","Lào Cai, Yên Bái, Hà Giang, Cao Bằng, Lạng Sơn, Kon Tum. Cây mọc tự nhiên ven rừng thưa ẩm trên độ cao dưới 1600 m",blumea-lanceolaria-roxb-druce.txt,,,Asteraceae,5395835
Pentasachme championii Benth,Thạch la ma,Quảng Ngãi (Sơn Tây). Cây mọc tự nhiên trên đá dọc theo suối,pentasachme-championii-benth.txt,,Thiên lý (Asclepiadaceae),,3580320
Stephania excentrica H.S. Lo,Bình vôi tím,"Bắc Cạn, Hà Tĩnh (Hương Sơn). Cây mọc tự nhiên trên vùng núi đá lẫn đất",stephania-excentrica-h-s-lo.txt,,Tiết dê (Menispermaceae),,5592887
Crotalaria albida Heyne ex Roth,Lục lạc trắng,"Cao Bằng, Lạng Sơn, Kon Tum, Lâm Đồng đến Sông Bé. Cây mọc tự nhiên ở rừng thưa, rừng nửa rụng lá đến 1500m",crotalaria-albida-heyne-ex-roth.txt,,,Fabaceae,2942052
Euphorbia antiquorum L,"Xương rồng ông, Xương rồng ba cạnh",Cây thường được trồng làm hàng rào khá phổ biến ở nhiều nơi của Việt Nam,euphorbia-antiquorum-l.txt,,,Euphorbiaceae,3069535
Rauvolfia micrantha Hook.f. – Rauvolfia membranifolia Kerr,"Ba gạc lá mỏng, Ba gạc hoa nhỏ, Huỳnh cẩm núi","Quảng Ngãi, Bình Định, Phú Yên. Cây mọc tự nhiên ở ven đường gần làng, ven rừng",rauvolfa-micrantha-hook-f.txt,,,Apocynaceae,3617453
Marsdenia tenacissima (Roxb.) Moon. – Asclepias tenacissima Roxb,Hàm liên,"Cây mọc tự nhiên ở Gia Lai, Đắk Lắk, An Giang.",marsdenia-tenacissima-roxb-wight-et-arn.txt,,,Asclepiadaceae,12227408
Syzygium wightianum Wall. ex Wight et Arn,Trâm trắng,"Kon Tum, Gia Lai, Vũng Tàu. Cây mọc tự nhiên trong rừng thường xanh mưa mùa nhiệt đới, địa hình vùng đồi núi thấp, ở độ cao khoảng 1000 m",syzygium-wightianum-wall-ex-wight-et-arn.txt,,,Myrtaceae,3184294
Schefflera pueckleri (K.Koch) Frodin – Tupidanthus calyptratus Hook.f. et Thoms,"Riều hoa, Đa nhuỵ mộc","Lai Châu, Lào Cai (Sa Pa), Hoà Bình (Núi Miêng), Kon Tum (Đắk Glei, Ngọc Linh). Cây mọc tự nhiên ở vùng núi cao 1000-1700 m",tupidanthus-calyptratus-hook-f-et-thoms.txt,,,Araliaceae,10931636
Acalypha kerrii Craib,"Tai tượng đá vôi, Tai tượng bông mảnh","Ninh Bình, Thanh Hóa, Nghệ An, Hà Tĩnh. Cây mọc tự nhiên trên núi đá vôi hay đất phong hóa từ đá vôi, ở độ cao 100-900 m",acalypha-kerrii-craib.txt,,,Euphorbiaceae,3056040
Hypericum patulum Thunb. ex Murray,"Ban tràn, Cỏ vỏ lúa","Lào Cai (SaPa), Hà Giang (Quản Bạ, Đồng Văn), Kon Tum (Ngọc Linh).",hypericum-patulum-thunb-ex-murray.txt,,Ban – Hypericaceae,,8268250
Rungia parviﬂora Nees in Wall,Rưng hoa nhỏ,Cây mọc tự nhiên khắp nơi ở Việt Nam,rungia-parviﬂora-nees-in-wall.txt,,,Acanthaceae,
Physostigma venenosum Balfour,Độc biển đậu,Cây nhập trồng,physostigma-venenosum-balfour.txt,,,Fabaceae,2946860
Calamus viminalis Willd,"Mây dẻo, Mây cát","Cây mọc tự nhiên ở vùng núi, vùng biển, còn được trồng",calamus-vininalis-willd.txt,,,Arecaceae,5294114
Smilax perfoliata Lour,"Côm lang, Dây chông chông",Cây mọc tự nhiên ven rừng,smilax-perfoliata-lour.txt,,,Họ Khúc khắc (Smilacaceae),5295267
Rubus parvifolius L,"Ngấy tía , Ngấy lá nhỏ",Lào Cai. Cây mọc tự nhiên,rubus-parvifolius-l.txt,,,Rosaceae,2991373
Ilex triﬂora Blume,Bùi ba hoa,"Cao Bằng, Hoà Bình. Cây mọc tự nhiên ở ven rừng",ilex-triﬂora-blume.txt,,,Aquifoliaceae,
Disporum cantoniense (Lour.) Merr. – Frillaria cantoniensen Lour,"Song bào, Trúc diệp sâm, Tóc tiên rừng","Lào Cai, Hà Giang. Cây mọc tự nhiên trong rừng kín, ẩm ở độ cao 500 – 1000m.",disporum-cantoniense-lour-merr-frillaria-cantoniensen-lour.txt,,,Convallariaceae,2770795
Polygonum strigosum R. Br,Nghể gai,"Cao Bằng (Nguyên Bình), Lâm Đồng (Đà Lạt). Cây mọc tự nhiên ở ven rừng, ven suối, thung lũng, khe núi, ở độ cao 1.000-1.600 m.",polygonum-strigosum-r-br.txt,,,Polygonaceae,7537964
"Prunus zippeliana Miq. – Prunus zippeliana Miq. var. crassistyla (Card.) J.E. Vidad, P. macrophylla Sieb. Zucc. var. crossistyna Card","Đào rừng, Tào đông, Tào phia, Chạ đào (Tày)","Lào Cai (Sa Pa), Lạng Sơn (Vạn Ninh), Vườn Quốc gia Ba Bể. Cây bụi, mọc rải rác trong rừng, ở độ cao 400-1500m",prunus-zippeliana-miq-var-crassistyla-card-j-e-vidad.txt,,Hoa hồng (Rosaceae),,3023356
Diospyros ferrea (Willd.) Bakh. – Ehretia ferrea Willd,Thị nhong,"Khánh Hòa, Đồng Nai, Kiên Giang. Cây mọc tự nhiên trong rừng thưa",diospyros-ferrea-willd-bakh.txt,,,Ebenaceae,3032960
Conyza leucantha (D.Don) Ludlow & P.H.Raven – Blumeopsis falcata (D. Don) Merr,Hoàng phát,"Sơn La, Khánh Hoà, Kon Tum. Cây mọc tự nhiên ở ven các rừng tre nứa, độ cao dưới 1.500 m.",blumeopsis-falcata-d-don-merr.txt,,,Asteraceae,9338724
Pseudo-elephantopus spicatus (Juss. ex Aubl.)Gleason. – Elephantopus spicatus Juss. ex Aubl,"Chân voi trắng, Chỉ thiên giả","Hà Nội, Hoà Bình. Cây thảo một năm, mọc tự nhiên trên các bãi ven sông và ven hồ, ở độ cao dưới 300 m.",pseudo-elephantopus-spicatus-juss-ex-aubl-gleason.txt,,,Asteraceae,7521283
Canthium horridum Blume – Dondisia horrida (Blume) Korth,"Găng gai, Găng bọc","Quảng Ninh (Quảng Yên), Hà Nội (Cổ Loa), Nghệ An (Cổ Ba). Cây mọc tự nhiên ở rừng thứ sinh",canthium-horridum-blume.txt,,,Rubiaceae,2898630
Dillenia hookeri Pierre,"Sổ bạc, Sổ hooker","Đồng Nai. Cây mọc tự nhiên rải rác trong các trảng ẩm ướt, ven đường mòn trong rừng",dillenia-hookeri-pierre.txt,,,Dilleniaceae,7910758
Tetrapanax papyrifer (Hook.) K. Koch – Aralia papyrifera Hook,"Thông thảo, Thông thoát, Mạy lầu đông (Tày), Co táng nốc (Thái)","Lào Cai (Sa Pa), Lai Châu (Sìn Hồ). Cây mọc tự nhiên trong rừng, ở độ cao 600-1500 m",tetrapanax-papyriferus-hook-c-koch.txt,,,Araliaceae,3035275
Quercus glauca Thunb,"Dẻ xanh, Sồi sim, Sồi trấn ninh, Dè lá nhỏ, Dẻ lá thiết tử","Sơn La (Cò Nòi), Gia Lai (An Khê), Ninh Thuận (Cà Ná)",quercus-glauca-thunb.txt,"Cyclobalanopsis glauca (Thunb.) Oerst., C. stewardiana (A.Camus) Y.C. Hsu & H. W. Jen, Quercus stewardiana A. Camus",Dẻ – Fagaceae,,2876873
Haemanthus multiflorum Martyn,"Huyết hoa, Hồng tú cầu",Cây trồng ở nhiều nơi,haemanthus-multiflorum-martyn-2.txt,,Náng – Amaryllidaceae,,2860677
Clerodendrum canescens Wall. ex Walf. – Clerodendrum viscosum sensu Pei,"Bạch đồng nữ, Vậy trắng, mò trắng, bấn trắng, lẹo trắng, poóng phi đớn (Thái), mạy xì cáy phà, poong pị (Tày)","Lạng Sơn, Vĩnh Phúc (Tam Đảo). Cây mọc tự nhiên rải rác trong rừng thưa, ven rừng, ven đường, ở độ cao 800 m",clerodendrum-canescens-wall-ex-schauer.txt,,,Verbenaceae,8014461
Cissus brevipedunculata Maxim,Song nho cuống,"Quảng Ninh (Hà Cối), Hà Nội",cissus-brevipedunculata-maxim.txt,,,Vitaceae,7293727
Hedyosmum orientale Merr. et Chun,Mật thương đông,"Kon Tum. Cây mọc tự nhiên trên các bãi hoang hoặc trong các thung lũng vùng núi thấp, ở độ cao 200-500 m",hedyosmum-orientale-merr-et-chun.txt,,,Chloranthaceae,3750410
Gmelina asiatica Roxb,"Găng tía, Găng tu hú, Tu hú đông, Lôi thọ leo, Cây trời cho",Cây mọc tự nhiên rải rác ở rừng còi và trồng làm hàng rào ở nhiều nơi,gmelina-asiatica-roxb.txt,,,Verbenaceae,5341168
Glycosmis parviﬂora (Sims) Little – Limonia parviﬂora Sims,"Chanh rừng, Cơm rượu lá chanh, Cơm rượu hoa nhỏ","Hòa Bình, Ninh Bình (Chợ Gềnh)",glycosmis-parviﬂora-sims-little.txt,,,Rutaceae,
Hemigraphis alternata (Burm.f.) T. Anders. – Ruellia alternata Burm.f,Bán tự cảnh,Cây trồng làm cảnh.,hemigraphis-alternata-burm-f-t-andrers.txt,,,Acanthaceae,8297383
Luisia morsei Rolfe,Lan san hô,"Miền Bắc đến Tây Nguyên. Cây mọc tự nhiên bám vào các cây gỗ lớn trong rừng, ở độ cao 400-1.400 m",luisia-morsei-rolfe-in-forbes-hemsl.txt,,,Orchidaceae,5305826
Canna edulis Ker. – Gawl,"Dong riềng, Củ đao, Khoai riềng, Jrơ ngai (Kho), Mạy tao (Tày)",Cây trồng vùng trung du và miền núi.,canna-edulis-ker.txt,,,Cannaceae,8034409
Fissistigma pallens (Fin. ex Gagnep.) Merr. – Melodorum pallens Fin,Lãnh công rợt,"Lào Cai, Yên Bái, Lạng Sơn, Hà Nội (Ba Vì), Vĩnh Phúc (Tam Đảo). Cây mọc tự nhiên trong rừng nguyên sinh vùng núi đất",fissistigma-pallens-fin-ex-gagnep-merr.txt,,Na (Annonaceae),,3157330
Colocasia esculenta (L.) Schott – C. antiquorum Schott,"Khoai sọ, Khoai môn, Khoai nước, Môn nước, Môn ngọt",Cây mọc tự nhiên và trồng lấy củ ăn,colocasia-esculenta-l-schott.txt,,,Araceae,5330776
Sida subcordata Span. – S. corylifolia Wall,Ké quả trám,"Lạng Sơn, Sơn La, Lâm Đồng. Cây mọc tự nhiên rải rác ven rừng, bãi hoang",sida-subcordata-span.txt,,Bông (Malvaceae),,5617374
Lysimachia decurrens Forst.fo,"Trân châu, Cây dó chết, Anh thảo dại, Trân châu lá men","Cây mọc tự nhiên dưới tán rừng, phổ biến từ Bắc tới Thừa Thiên Huế",lysimachia-decurrens-forst-fo.txt,,,Primulaceae,4005402
Agave americana L,"Dứa bà , Dứa mỹ, Thùa","Cây trồng, còn mọc hoang dại ở nhiều nơi",agave-americana-l.txt,,,Agavaceae,2767031
Stixis scandens Lour,"Trứng cuốc leo, Trứng rùa, Mác nam ngoa, Co sáy","Lào Cai, Hà Giang, Thanh Hoá tới các tỉnh Tây Nguyên. Cây mọc tự nhiên ven rừng, trảng cây bụi",stixis-scandens-lour.txt,,,Capparaceae,7550484
Wrightia annamensis Eberh. & Dub,Lòng mức trung bộ,"Hải Phòng (Đồ Sơn), Hà Nội, Hoà Bình, Đà Nẵng, Khánh Hoà. Cây mọc tự nhiên trong rừng thưa hay trảng cây bụi. Loài đặc hữu của Việt Nam",wrightia-annamensis-eberh-dub.txt,,,Apocynaceae,7908508
Paphiopedilum concolor (Lindl.) Pfitz. – Cypripedium concolor Lindl,"Lan hài đốm, Hài gấm","Lào Cai, Quảng Ninh, Lạng Sơn, Hải Phòng. Cây mọc tự nhiên trong hốc đá trong rừng thưa, ở độ cao 100-900 m",paphiopedilum-concolor-lindl-pfitz.txt,,,Orchidaceae,2825331
Mallotus contubernalis Hance,Đơn xương,"Cao Bằng, Lạng Sơn, Bắc Ninh, Phú Thọ, Hòa Bình, Hà Nội, Hà Nam, Ninh Bình. Cây ưa sáng, mọc tự nhiên ở ven rừng thường xanh hay trảng cây bụi, trên đất phong hóa từ đá vôi, ở độ cao 100-500 m.",mallotus-contubernalis-hance.txt,,,Euphorbiaceae,8004482
Amomum vespertilio Gagnep,"Sa nhân thầu dầu, Sa nhân lớn, Nghiêu đin (Tày)",Miền Bắc Việt Nam. Cây mọc tự nhiên dưới tán rừng ẩm,amomum-vespertilio-gagnep.txt,,,Zingiberaceae,10901043
Dracaena gracilis Wall. ex Hook.f,Phất dụ mảnh,"Quảng Ninh, Đà Nẵng, Khánh Hòa. Cây mọc tự nhiên trong rừng thưa, ẩm.",dracaena-gracilis-wall-ex-hook-f.txt,,,Dracaenaceae,5304612
Hypericum japonicum Thunb,"Cỏ ban, nọc sởi, châm hương, địa nhĩ thảo",,dia-nhi-thao.txt,,Hypericaceae,,7948012
Desmodium caudatum (Thunb. ex Murr.) DC. – Hedysarum caudatum Thunb. ex Murr,"Tràng quả đuôi, Thóc lép đuôi","Lao Cai, Thanh Hoá tới Đồng Nai. Cây mọc tự nhiên, thường dọc theo suối, ở độ cao tới 1600 m",desmodium-caudatum-thunb-ex-murr-dc.txt,,,Fabaceae,2942986
Bauhinia coccinea (Lour.) DC. ssp. tonkinensis (Gagnep.) K. & S. Larsen,"Thau mủng, Dây quạch bắc bộ","Yên Bái, Tuyên Quang, Thái Nguyên, Bắc Giang, Phú Thọ, Hà Nội, Hòa Bình. Cây mọc tự nhiên ở lùm bụi ven đường, ven rừng",bauhinia-coccinea-lour-dc-ssp-tonkinensis-gagnep-k-s-larsen.txt,,,Caesalpiniaceae,2953474
Bauhinia malabarica Roxb,"Chân trâu, Móng bò tai voi","Sơn La, Thanh Hóa, Quảng Trị, Tây Ninh, Bà Rịa Vũng Tàu. Cây mọc tự nhiên trong các rừng rụng lá mùa khô",bauhinia-malabarica-roxb.txt,,,Caesalpiniaceae,2947990
Podophyllum versipelle Hance,"Cước điệp, Bát giác liên","Lai Châu, Lào Cai, Hà Giang, Phú Thọ, Hoà Bình, Ninh Bình. Cỏ sống nhiều năm, mọc rải rác dưới tán rừng cây lá rộng thường xanh, nơi ẩm, tối",podophyllum-versipelle-hance.txt,,,Họ Hoàng liên gai (Berberidaceae),8336561
Heritiera littoralis Dryand,"Quy biền, Cui biển","Cây mọc tự nhiên ở các rừng ngập mặn, còn được trồng khá phổ biến ở dọc bở biển từ Bắc vào Nam Việt Nam",heritiera-littoralis-dryand-in-ait.txt,,,Sterculiaceae,3152150
Stellaria uliginosa Murr,Tinh thảo,"Lao Cai (Sa Pa), Lạng Sơn (Mẫu Sơn). Cây mọc tự nhiên nơi ẩm, lầy, ở độ cao đến 1700 m",stellaria-uliginosa-murr.txt,,,Caryophyllaceae,5384606
Clerodendrum indicum (L.) Kuntze – Siphonanthus indica L,"Chỉ thiên giả, Chong gọng, Ngọc nữ Ấn Độ",Cây mọc tự nhiên ở Sơn La (Sông MãNậm Mằn) và các tỉnh Miền Tây Nam Bộ,clerodendrum-indicum-l-kuntze.txt,,,Verbenaceae,2925349
Bridelia monoica (Lour.) Merr. – Cuytia monoica Lour,"Đỏm lông, Thổ mật, Dền dóc","Quảng Bình, Quảng Trị, Thừa Thiên Huế. Cây mọc tự nhiên trong rừng thưa, trảng cây bụi, trảng cỏ quanh làng, ở độ cao tới 1000 m",bridelia-monoica-lour-merr.txt,,,Euphorbiaceae,3081719
Cinnamomum polyadelphum (Lour.) Kosterm. – Laurus polyadelphum Lour,"Quế bời lời, Hậu phác, Re nhiều bó","Gia Lai (Kon Hà Nừng), Lâm Đồng (Di Linh), Ninh Thuận (Cà Ná). Cây mọc rải rác trong rừng thường xanh ở dộ cao 1000-1500 m",cinnamomum-polyadelphum-lour-kosterm.txt,,,Lauraceae,4180975
Mahonia oiwakensis Hayata,Hoàng liên ô rô nhiều lá,"Hà Giang (Đồng Văn), Lai Châu (Sìn Hồ), Quảng Bình (Núi Giăng Màn), Quảng Nam (núi Ngọc Linh), Lâm Đồng (Lạc Dương)",mahonia-oiwakensis-hayata.txt,,Hoàng liên gai – Berberidaceae,,3981426
T hladiantha cordifolia (Blume) Cogn. – Luffa cordifolia Blume,"Dưa trời, Khố áo lá tim","Lao Cai (Sa Pa), Lai Châu. Cây mọc tự nhiên trong rừng thưa, dọc theo khe suối ở vùng núi đá vôi.",thladiantha-cordifolia-blume-cogn.txt,,,Cucurbitaceae,
Lithocarpus dealbatus (Hook.f. et Thoms.) Rehd. – Pasania dealbatus Hook.f. et Thoms,"Dẻ đá, Dẻ trắng","Đà Lạt. Cây mọc tự nhiên rải rác trong rừng thưa, ở độ cao 200 – 2000m",lithocarpus-dealbatus-hook-f-et-thoms-rehd.txt,,Dẻ (Fagaceae),,8857371
Scirpus wallichii Nees,Cói dùi,"Quảng Ninh, Sơn Tây, Ninh Bình. Cây mọc tự nhiên đất ẩm, lầy.",scirpus-wallichii-nees.txt,,,Họ Cói (Cyperaceae),2710783
Paris delavayi Franch. – Paris henryi Diels,Trọng lâu kim tiền,"Lao Cai, Hà Giang, Cao Bằng, Vĩnh Phú. Cây mọc tự nhiên ở vùng núi cao, ẩm",paris-delavayi-franch.txt,,,Trilliaceae,5295967
Dioscorea chingii Prain et Burk,"Từ chinh, Sơn cát thự",Cây mọc tự nhiên ở rừng các tỉnh miền Bắc.,dioscorea-chingii-prain-et-burk.txt,,,Dioscoreaceae,2754577
Rubus trianthus Focke,Ngấy ba hoa,"Kon Tum, Lâm Đồng, Lào Cai, Hà Giang. Cây mọc tự nhiên rải rác ven rừng, ở độ cao trên 1.000 m",rubus-trianthus-focke.txt,,,Rosaceae,9499508
Polygala saxicola Dunn,"Kích nhũ đá, Viễn chí trên đá",Lào Cai (Sa Pa). Cây mọc tự nhiên trên mùn ở đất hay trên đá ở rừng,polygala-saxicola-dunn.txt,,,Polygalaceae,4049324
Flemingia lineata (L.) Roxb. ex Ait.f. – Hedysarum lineatum L,Ve ve cái,"Bắc Ninh (Đáp Cầu), Hà Nội (Phù Lỗ). Cây mọc tự nhiên ở bụi rậm ven làng, ven sông rạch, trảng cây bụi, trong rừng thưa.",flemingia-lineata-l-roxb-ex-ait-f.txt,,,Fabaceae,5359831
Dioscorea pierre Prain et Burk,Từ nước,"Kon Tum, Đắc Lắc, Lâm Đồng, Khánh Hòa, Bình Dương. Cây mọc tự nhiên trong rừng lá rộng thường xanh, rừng tre nứa.",dioscorea-pierre-prain-et-burk.txt,,,Dioscoreaceae,2754833
Pinus dalatensis Ferre,"Thông năm lá, Thông đà lạt","Lâm Đồng. Cây mọc tự nhiên, còn được trồng. Đã được đưa vào Sách Đỏ Việt Nam",pinus-dalatensis-ferre.txt,,,Pinaceae,5285244
Morus alba L,"Dâu tằm, Tang, Dâu tàu, Mạy mọn, Mạy bơ (Tày), Co mọn (Thái), Nằn phong (Dao)",Cây trồng lấy lá nuôi tằm,morus-alba-l.txt,,,Họ Dâu tằm (Moraceae),5361889
Desmodium heterocarpon (L.) DC. var. ovalifolium (Prain) Ohashi,"Thóc lép dị quả lá xoan, Lạc địa","Điện Biên (Tuần Giáo), Sơn La, Bắc Kạn, Quảng Nam, Quảng Ngãi. Cây mọc tự nhiên trên các trảng cỏ và cây bụi, ven đường trong rừng ẩm",desmodium-heterocarpon-l-dc-var-ovalifolium-prain-ohashi.txt,,,Fabaceae,10775938
Ilex kaushue S. Y. Hu – Ilex kudingcha C.J. Tseng; I. latifolia sensu L.D. Kha,"Ché khôm, Chè đắng","Cao Bằng (Trùng Khánh), Lạng Sơn (Hữu Lũng), Hoà Bình (Đà BắcTu Lý). Cây mọc tự nhiên",ilex-kaushue-s-y-hu.txt,,Trâm bùi (Aquifoliaceae),,5533846
Pluchea indica (L.) Less. – Baccharis indica L,"Cúc tần, Từ bi, Cây lức, Phật phà, Vật và (Tày)",Cây mọc tự nhiên và trồng ở khắp nước ta,pluchea-indica-l-less.txt,,,Họ Cúc (Asteraceae),3132728
Nervilia crociformis (Zoll. & Mor.) Seidenf. – Nervilia crispata (Blume) Schltr,"Một lá tím, Trân châu nhăn, Trân châu một hoa","Đà Nẵng, Lâm Đồng (Đức Trọng). Cây mọc tự nhiên rải rác trong rừng thưa, ở độ cao 200-600 m",nervilia-crociformis-zoll-mor-seidenf.txt,,,Orchidaceae,2836760
Cordyline fruticosa (L.) Goepp. – Convallaria fruticosa L,"Huyết dụ, Long huyết, Thiết thụ, Phất dũ, Chổng đeng (Tày), Co trường lậu (Thái), Quyền diêu ái (Dao)",Cây trồng trong vườn gia đình để làm thuốc và làm cảnh,cordyline-fruticosa-l-goepp.txt,,,Asteliaceae,2766278
Caesalpinia cucullata Roxb,"Vang lan, Vang túi, Sua-ca-lan","Vĩnh Phúc, Hà Nam, Ninh Bình, Nghệ An, Quảng Trị, Lâm Đồng",caesalpinia-cucullata-roxb.txt,Mezoneurum cucullatum (Roxb.) Wight & Am,Đậu – Fabaceae,,5354740
Didissandra petelotii Pell,Sí sẻn petelot,,didissandra-petelotii-pell.txt,,,Gesneriaceae,3817791
Cissampelos pareira L,"Tiết dê, Dây sâm nam, Hồ đằng lông","Khánh Hòa, Ninh Thuận. Cây mọc tự nhiên rải rác ở bìa rừng và đồi cây bụi ở nhiều nơi",cissampelos-pareira-l.txt,,,Menispermaceae,3033937
Lumnitzera littorea (Jack) Voigt – Pyrranthus littoreus Jack Họ bàng (Combretaceae),Cọc đỏ,Phú Quốc. Cây mọc tự nhiên,lumnitzera-littorea-jack-voigt.txt,,,,5421047
Medinilla assamica (C.B. Clarke) C. Chen – M. spirei Guillaumin,"Mua leo, Cước khí","Tuyên Quang, Bình Thuận, Lạng Sơn, Vĩnh Phú, Hà Tây. Cây mọc tự nhiên rải rác ven rừng thưa, ẩm, sáng",medinilla-assamica-c-b-clarke-c-chen.txt,,,Melastomaceae,8618436
Nicotiana rustica L,"Thuốc lào, Lảo keo (Tày)",Cây trồng,nicotiana-rustica-l.txt,,,Solanaceae,2928775
Ophiopogon dracaenoides ( Baker)  Hook.f,Cao cẳng lá mác,"Lạng Sơn, Hải Phòng (Cát Bà), Ninh Bình, Kon Tum, Gia Lai, Lâm Đồng. Cây mọc tự nhiên trong rừng cây lá rậm thường xanh, rừng tre nứa, trảng cây bụi, hốc đá",ophiopogon-dracaenoides-hook-f.txt,,,Convallariaceae ( Hoàng tinh),2774242
Crossostephium artemisioides Less,"Cúc mốc, Ngải phù dung, Ngọc phù dung, Nguyệt bạch",Cây trồng làm cảnh,crossostephium-artemisioides-less.txt,,,Họ Cúc (Asteraceae),7970844
Ormocarpum cochinchinense (Lour.) Merr. – Diphaca cochinchinensis Lour,"Bồn bồn núi, Mạng quả","Từ Quảng Nam đến Vũng Tàu. Cây mọc tự nhiên ở các bãi cỏ ven đường, các lùm bụi, trên các sườn núi khô, trên đất cát, đất lởm chởm đá",ormocarpum-cochinchinense-lour-merr.txt,,,Fabaceae,2954036
Anneslea fragrans Wall,"Lương xương, Chè béo","Lào Cai, Sơn La, Khánh Hòa, Lâm Đồng. Cây mọc tự nhiên trong rừng thường xanh",anneslea-fragrans-wall.txt,,,Theaceae,7342732
Careya sphaerica Roxb,Mung,"Kon Tum, Gia Lai, Đắk Lắk. Cây mọc tự nhiên rải rác trong rừng thường xanh hoặc rừng thưa rụng lá, ở độ cao 200 – 1000m",careya-sphaerica-roxb.txt,,,Lecythidaceae,3083448
Euphorbia milii Des Moul,"Hồng kích, Xương rắn, Xương rồng tàu",Cây trồng làm cảnh phổ biến khắp nơi ở Việt Nam. Nguồn gốc từ Madagasca,euphorbia-milii-desmoul.txt,,Thầu dầu (Euphorbiaceae),,3067157
Limonia acidissima L. – Feronia limonia (L.) Swingle,"Bằng thăng, Cần thăng","Đà Nẵng (Bà Nà), Ninh Thuận (Phan Rang). Cây mọc tự nhiên và trồng lấy quả",limonia-acidissima-l.txt,,,Rutaceae,5421342
Pinus kesiya Royle ex Gordon,Thông ba lá,"Lào Cai, Lạng Sơn, Quảng Nam, Đà Nẵng, Khánh Hòa, Ninh Thuận, Kon Tum, Đắk Lắk. Cây mọc tự nhiên ở nhiều vùng núi thấp, ở độ cao 600-1.800 m",pinus-kesiya-royle-ex-gordon.txt,,,Pinaceae,5285824
Eurya nitida Korth,"Súm, Chè cẩu","Cây mọc tự nhiên ở rừng thứ sinh trên độ cao 300 – 900m, phổ biến ở nước ta",eurya-nitida-korth.txt,,,Theaceae,7152542
Leucas zeylanica (L.) R. Br. – Phlomis zeylanica L,"Mè đất hoang, Bạch thiệt, Phong sào thảo",Cây mọc tự nhiên ở vùng trung du và miền núi,leucas-zeylanica-l-r-br.txt,,,Lamiaceae,7621903
Lonicera confusa DC,Kim ngân rối,"Hà Nội (Ba Vì). Cây mọc tự nhiên ở ven rừng, lùm bụi, các bãi đất hoang",lonicera-confusa-dc.txt,,,Caprifoliaceae,7272667
Trema angustifolia (Planch.) Blume – Sponia angustifolia Planch,"Hu đay, Hu đay lá hẹp","Cây mọc tự nhiên, phổ biến ở rừng phục hồi và đồi trọc phổ biến ở Việt Nam",trema-angustifolia-planch-blume.txt,,,Ulmaceae,4159501
Merremia mammosa (Lour.) Hall. f. – Convolvulus mammosus Lour,Bìm vú,"Bà Rịa Vũng Tàu (Côn Đảo). Cây mọc tự nhiên rải rác ven rừng, bãi hoang",merremia-mammosa-lour-hall-f.txt,,Bìm bìm (Convolvulaceae),,9504389
Solanum diphyllum L,Cà hai lá,"Trồng rộng rãi làm cây cảnh ở các vùng nhiệt đới và cận nhiệt đới. Đặc điểm mô tảCây bụi, cao đên 3 m. Lá 2 mọc tại 1 mấu, cặp gồm một lá chính to và một lá phụ nhỏ. Cụm hoa mọc đối ở kẽ lá. Hoa nhỏ màu trắng, mọc đối ở kẽ lá. Quả mọng, khi chín vàng cam.",solanum-diphyllum-l.txt,,Cà (Solanaceae),,2931088
Chamaecrista leschenaultiana (DC.) Degener – Cassia leschenaultiana DC,"Muồng cô binh, Muồng lá ngắn","Lào Cai, Hòa Bình, Thanh Hóa tới Lâm Đồng. Cây mọc tự nhiên ở ven đường, bãi hoang, các trảng và trong rừng thưa, ở độ cao tới 1600 m",chamaecrista-leschenaultiana-dc-degener-cassia-leschenaultiana-dc.txt,,,Caesalpiniaceae,2950187
"Realgar, Orpiment","Thạch hoàng, Hùng tin, Hoàng kim thạch, Hùng hoàng và thư hoàng",,hung-hoang-va-thu-hoang.txt,,,,
Glechoma hederacea L,"Liên tiền thảo, Liên chiến","Yên Bái (Suối Giàng), Hà Giang (Quản Bạ), Cao Bằng Nguyên Bình), Lạng Sơn (Cao Lộc)",glechoma-hederacea-l.txt,"Nepenta glechoma Benth., Glecoma brevituba Kupryan",Bạc hà – Lamiaceae,,2926557
Liquidambar formosana Hance – L. tonkinensis A.chev,"Sau sau, Sau trắng, Thau, Phong hương, Mạy xâu (Tày), Meng đen (Dao), Che phai (Mường), Bạch giao hương","Cây mọc tự nhiên, còn được trồng ở nhiều nơi, khá phổ biến ở Lai Châu, Cao Bằng, Lạng Sơn, Quảng Trị",liquidambar-formosana-hance.txt,,,Altingiaceae,3702542
Telosma cordata (Burm.f.) Merr. – Asclepias cordata Burm.f,"Thiên lý, Hoa lý, Dạ lai hương",Cây trồng ở hầu hết mọi nơi,telosma-cordata-burm-f-merr.txt,,,Asclepiadaceae,3570803
Crotalaria calycina Schrank,Lục lạc đài to,"Cao Bằng, Lạng Sơn, Lào Cai, Kon Tum, Lâm Đồng, Bà Rịa. Cây mọc tự nhiên ở bãi cỏ ven đường, bãi đất hoang, ven rừng rậm thường xanh, và trong rừng thưa rụng lá, ở độ cao tới 1500 m.",crotalaria-calycina-schrank.txt,,,Fabaceae,2941944
Oberonia longibracteata Lindl,Lan quạt,"Quảng Trị (núi Răng Cọp), Thừa Thiên Huế (Đèo Hải Vân), Khánh Hòa (Hòn Bà). Cây mọc tự nhiên rải rác trong rừng thưa, ở độ cao 400-600 m.",oberonia-longibracteata-lindl.txt,,,Orchidaceae,5312759
Polygonum perfoliatum L,"Thồm lồm gai, Rau má ngọ , Giang bản quy, Rau sông chua dây, Chua me gai","Cây mọc tự nhiên ở nơi ẩm thấp vùng đồng bằng cũng như cùng rừng núi, xung quanh các nương rẫy",polygonum-perfoliatum-l.txt,,,Polygonaceae,4033648
Vitex negundo L. var. cannabifolia (Sieb. et Zucc.) Hand._ Mazz. – Vitex cannabifolia Sieb. et Zucc,Quan âm núi,"Bến Tre (Mỏ Cày). Cây mọc tự nhiên trong rừng, ven rừng, ở độ cao 100 m.",vitex-negundo-l-var-cannabifolia.txt,,,Verbenaceae,2925564
Galium aparine L. – Aparine hispida Moench,Vấn vương,"Lao Cai, Lâm Đồng. Cây mọc tự nhiên ở vùng núi cao, khoảng 1.400 m",galium-aparine-l.txt,,,Rubiaceae,2913548
Garcinia oblongifolia Champ. ex Benth,"Bứa lá thuôn, Bứa lá tròn dài, Bứa rừng","Quảng Ninh (Tiên Yên), Tuyên Quang, Bắc Kạn, Thái Nguyên, Bắc Giang, Phú Thọ (Chân Mộng), Vĩnh Phúc (Tam Đảo), Hà Nội, Ninh Bình Ninh Thái), Thanh Hóa, Nghệ An, Quảng Trị (núi Răng Cọp), Thừa Thiên-Huế, Đà Nẵng (Liên Chiểu), Quảng Nam",garcinia-oblongifolia-champ-ex-benth.txt,,Bứa – Clusiaceae,,3713469
Pachygone dasycarpa Kurz,Xuyên đá,"Nghệ An (Con Cuông, Bà Rịa- Vũng Tàu. Dây leo dài tới 6m, mọc tự nhiên ven rừng, trong rừng thưa",pachygone-dasycarpa-kurz.txt,,Tiết dê (Menispermaceae),,3830169
Lonicera acuminata Wall,Kim ngân nhọn,Trung Bộ. Cây mọc tự nhiên ở ven rừng.,lonicera-acuminata-wall-in-roxb.txt,,,Caprifoliaceae,5598598
Peristrophe bivalvis (L.) Merr. – Justicia bivalvis L.; Peristrophe roxburghiana (Schult.) Bremek,"Cẩm, Lá cẩm",Lạng Sơn. Cây mọc tự nhiên hoặc trồng lấy lá nhuộm xôi.,peristrophe-bivalvis-l-merr.txt,,,Acanthaceae,5575022
Eupatorium fortunei Turcz,"Mần tưới, Trạch lan, Lan thảo, Co phất phứ (Thái)",Cây trồng ở nhiều nơi trong các hộ gia đình,eupatorium-fortunei-turcz.txt,,,Asteraceae,5403095
Ajuga nipponensis Makino,Gân cốt thảo tím,"Lào Cai (Sa Pa), Hà Giang (Đồng Văn), Lạng Sơn (Chi Lăng), Ninh Bình (Cúc Phương). Cây mọc tự nhiên ở nơi sáng và ẩm, ở độ cao 400-1.600 m.",ajuga-nipponensis-makino.txt,,,Lamiaceae,7307111
Mallotus philippensis (Lam.) Muell.-Arg. – Croton philippense Lam,"Mọt, Kamala, Cánh kiến, Rùm nao, Thuốc sán, Dù mào reo điẳng (Dao)","Lào Cai, Yên Bái, Cao Bằng, Lạng Sơn, Hòa Bình, Ninh Bình, Ninh Thuận, Kiên Giang. Cây ưa sáng, mọc tự nhiên trong rừng thứ sinh, ở độ cao 100-500 m",mallotus-philippinensis-lam-muell.txt,,,Euphorbiaceae,5378605
Aglaomorpha coronans (Wall. ex Mett.) Copel. – Polypodium coronans Wall. ex Mett,"Tổ phượng, Ổ rồng","Lao Cai, Thái Nguyên, Bắc Cạn, Hà Giang, Cao Bằng. Cây mọc tự nhiên, thường sống bám trên cây gỗ, đôi khi trên đá trong rừng rậm thường xanh và rụng lá, rừng thưa cây lá rộng, rừng rụng lá cây họ Dầu và rừng thông, ở độ cao 0 – 1600m.",aglaomorpha-coronans-wall-ex-mett-copel.txt,,,Polypodiaceae,4025407
Begonia cathayana Hemsl,Hải đường ca-thay,Cây trồng làm cảnh ở nhiều nơi. Nguồn gốc từ Trung Quốc.,begonia-cathayana-hemsl.txt,,,Begoniaceae,4156675
Ilex ficoidea Hemsl,"Bùi sung, Bùi da","Miền Trung, Tây Nguyên. Cây mọc tự nhiên, ưa sáng, mọc ở ven rừng.",ilex-fcoidea-hemsl-ex-f-forbes-et-hemsl.txt,,,Aquifoliaceae,7315806
Schizandra propinqua (Wall.) Hook.f. et Thoms. – Kadsura propinqua Wall,"Thiết cô tán, Ngũ vị tử cuống dài",Lào Cai (Sa Pa). Cây mọc tự nhiên ở độ cao 500 – 1500m,schizandra-propinqua-wall-hook-f-et-thoms.txt,,,Schisandraceae,8320641
"Blumea fistulosa (Roxb.) Kurz ( Conyza fistulosa Roxb., Blumea glomerata DC. in Wight)","Kim đầu bộng, Tiết tiết hồng, Bạc tây","Sơn La (Sông Mã, Mai Sơn, Yên Châu, Mộc Châu), Tuyên Quang, Hòa Bình, Quảng Bình, Quảng Trị, Kon Tum (Đắk Glei, Ngọc Linh; Đắk Tô, Sa Thầy, Kon Plông), Gia Lai (An Khê), Đắk Lắk (Krông Pắc), Đắk Nông (Đắk Mil), Lâm Đồng (Đà Lạt, Lang Bian, Đơn Dương, Di Linh, Bảo Lộc), Ninh Thuận, Bình Dương (Thị Tính), Đồng Nai (Biên Hòa)",blumea-fistulosa-roxb-kurz-2.txt,,Cúc – Asteraceae,,5395671
Cayratia corniculata (Benth.) Gagnep. – Vitis corniculata Benth,Vác sừng nhỏ,"Lâm Đồng, Đắc Lắc. Cây mọc tự nhiên ở rừng.",cayratia-corniculata-benth-gagnep.txt,,,Vitaceae,11038189
Ammannia auriculata Willd,"Mùi chó tai, Điền thanh tai, Mùi chó nhiều hoa","Quảng Ninh (Quảng Yên), Hà Nội, Ninh Bình, Thanh Hóa, Quảng Bình, Thừa Thiên Huế, Kiên Giang (Phú Quốc)",ammannia-auriculata-willd.txt,,Bằng lăng – Lythraceae,,3188714
Actinostemma tenerum Griff,"Bình trấp, Xạ hùng mềm","Hà Nội (Thủ Pháp). Cây mọc tự nhiên ở vùng đầm lầy, vùng thấp, ven sông. Loài hiếm (VU) đã đưa vào Sách Đỏ Việt Nam.",actinostemma-tenerum-griff.txt,,Bầu bí (Cucurbitaceae),,7451120
Polycarpaea thymoidea Gagnep. – Polia arenaria Lour,"Đại sài hồ, Cỏ đa quả, Sài hồ cát",Khánh Hòa. Cây mọc tự nhiên trên bãi cát ven biển,polycarpaea-thymoidea-gagnep.txt,,Cẩm chướng (Caryophyllaceae),,3816619
Ludisia discolor (Ker- Gawl.) A. Rich,"Thạch tầm, Lan cù dìa hai màu, Lan gấm, Lan tiên, Sơn tiên","Lào Cai, Hòa Bình. Cây mọc tự nhiên, thường bám vào đá, ở độ 200-1.500 m",ludisia-discolor-ker-gawl-a-rich-in-bory-de-st.txt,,,Orchidaceae,2784179
Cunninghamia lanceolata (Lamb.) Hook. – Pinus lanceolata Lamb,"Sa mộc , Sà mu, Sa núc, Thông tàu, Thông mụ, Co may (Dao), Long len, Xa mu","Lao Cai (Sa Pa), Hà Giang (Phó Bảng, Đồng Văn). Cây mọc tự nhiên, còn được trồng",cunninghamia-lanceolata-lamb-hook.txt,,,Cupressaceae,5284278
Antigonon leptopus Hook. et Arn,"Hoa ti gôn, Bông nho, Hiếu nữ, Ăng ti gôn","Cây nhập trồng làm cảnh trong các vườn hoa, trong vườn gia đình",antigonon-leptopus-hook-et-arn.txt,,,Polygonaceae,2889355
Ceratopteris thalictroides (L.) Brongn,Cần trôi,"Cây mọc tự nhiên trong các ao hồ, ruộng chua, đầm lầy, khá phổ biến ở Việt Nam.",ceratopteris-thalictroides-l-brongn.txt,,Cần trôi (Parkeriaceae),,2651586
Coprinus atramentarius (Bull.) Fr,Nấm mực,,coprinus-atramentarius-bull-fr.txt,,,Coprinaceae,5242740
Liparis nervosa (Thunb.) Lindl,Nhẵn điệp gân,"Quảng Nam, Đà Nẵng, Hải Phòng, Lao Cai, Lâm Đồng, Quảng Bình, Quảng Trị, Thừa Thiên Huế. Cây mọc tự nhiên, trong rừng thưa, ở độ cao 300-1.500 m.",liparis-nervosa-thunb-lindl.txt,,,Orchidaceae,5322999
Severinia monophylla (L.) Tanaka – Limonia monophylla L,"Gai tầm xoọng ,  Độc lực, Quít gai, Quít rừng, Kim quýt, Gai xanh, Bạch lực, Cam trời, Tầm soọng","Cây mọc tự nhiên, phổ biến ở đồng bằng và các tỉnh miền trung du",severinia-monophylla-l-tanaka.txt,,,Rutaceae,5593924
Dalbergia rimosa Roxb,"Trắc dây, Đằng trườn","Kon Tum, Lâm Đồng. Cây mọc tự nhiên ở ven rừng, rừng ngập nước",dalbergia-rimosa-roxb.txt,,,Fabaceae,2968474
Distichochlamys orlowii K. Larsen & M. F. Newman,Gừng tím,"Hòa Bình (Khu Bảo tồn thiên nhiên Ngọc Sơn – Ngổ Luông), Thừa Thiên Huế (Bạch Mã), Gia Lai (An Khê)",distichochlamys-orlowii-k-larsen-m-f-newman.txt,,Gừng – Zingiberaceae,,2757326
Chrysanthemum maximum Ramond,"Cúc trắng to, Bạch cúc, Cúc đại đoá",Lâm Đồng (Đà Lạt). Cây trồng,chrysanthemum-maximum-ramond.txt,,,Họ Cúc (Asteraceae),5401002
Fissistigma polyanthoides (DC.) Merr. – Melodorum polyanthoides DC,"Dời dợi, Quả vú dê, Chầu pẻng mộc","Lào Cai (Phố Lu), Sơn La (Sông Mã), Cao Bằng, Lạng Sơn, Quảng Ninh, Kon Tum. Cây mọc tự nhiên rải rác ven rừng, nơi sáng, ở độ cao 100-1300 m",fissistigma-polyanthoides-dc-merr.txt,,Na (Annonaceae),,3157389
Kalimeris indica (L.) Sch.-Bip. – Aster indicus L,"Hài nhi cúc, Nhả rọi khuyết",Cây mọc tự nhiên.,kalimeris-indica-l-sch.txt,,,Asteraceae,3090169
Crotalaria trichotoma Bojer – C. zanzibarica Benth,"Lục lạc ba lá dài, Muồng lá dài","Cây nhập trồng, nay trở nên hoang hóa ở nhiều nơiSơn La, Lạng Sơn, Hòa Bình, Ninh Bình, Nghệ An, Gia Lai, Đắk Lắk, Lâm Đồng. Nguyên sản ở Tây Phi",crotalaria-trichotoma-bojer.txt,,,Fabaceae,2941939
Ophiopogon bockianus Diels,"Mạch môn núi, Mạch môn rừng, Su cua đông, Pác pất (Tày)",Cây mọc tự nhiên ở vùng núi dưới rừng cây lá rộng thường xanh.,ophiopogon-bockianus-diels.txt,,,Convallariaceae,2774193
Scutellaria discolor Wall. ex Benth,Hoàng cầm nhiều màu,"Lâm Đồng (Đà Lạt). Cây mọc tự nhiên ở nơi ẩm, dưới tán rừng thông, rừng dầu, ở độ cao trên 600 m",scutellaria-discolor-wall-ex-benth.txt,,,Lamiaceae,7996273
Neolitsea cambodiana Lecomte,"Nô cam bốt, Tân bời cam pốt","Gia Lai (Mang Yang), Kon Tum (Ngọc Pan). Cây mọc tự nhiên trong rừng thường xanh, ở độ cao 500-1000 m",neolitsea-cambodiana-lecomte.txt,,,Lauraceae,4180166
Primula chapaensis Gagnep,"Anh thảo SaPa, Cây báo xuân","Cây mọc trên đất mùn và trên đá vôi, ở độ cao 1500 – 1600m. Lào Cai (SaPa). Còn có ở Trung Quốc (Vân Nam)",primula-chapaensis-gagnep.txt,,Anh thảo – Primulaceae,,5641841
Desmodium styracifolium (Osb.) Merr. – Hedysarum styracifolium Osb,"Vảy rồng, Kim tiền thảo , Đồng tiền lông, Mắt trâu, Bươm bướm, Kim tiền thảo, Dây sâm lông, Mắt nai",Cây mọc tự nhiên ở đồi vùng trung du Bắc bộ,desmodium-styracifolium-osb-merr.txt,,Đậu (Fabaceae),,10722283
Castanea mollissima Blume,"Dẻ trùng khánh, Dẻ trồng","Cao Bằng, Hà Giang, Phú Thọ. Cây trồng",castanea-mollissima-blume.txt,,Dẻ (Fagaceae),,5333237
Averrhoa carambola L,Khế,Cây trồng khá phổ biến ở Việt Nam,averrhoa-carambola-l.txt,,Me chua đất (Oxalidaceae),,2891641
