id,commonNames,scientificNameWithoutAuthor,scientificNameAuthorship,gbifId,powoId,iucnCategory
1418388,"Chinese abelia, Beloahenais",Abelia chinensis,R.Br.,5599251,148187-1,
1361854,"Okra, Lady's-finger, బెండకాయ, भिण्डी, Lady's-fingers, Bhindi, Gumbo, Ochro, Bhindo, Idelele, بامیه, Gobo, Kacang bendi, Kusat, Zúlnà, Quiabo, ঢেঁড়স, भिंडी, ᱵᱷᱤᱱᱰᱤ, Otigo, भेंडरी, ಬೆಂಡೆಕಾಯಿ, காய், Ramtorai, Бамја, ଭେଣ୍ଡି, Nkruma, Vendaikkai (Tamil), Kubewa (Hausa), Djakhtaghne (Soninke), Castor Bean Tree, Cann lily",Abelmoschus esculentus,(L.) Moench,3152707,558006-1,
1370589,"Native rosella, White wild musk mallow, Abelshu Weed, Okra Number Two",Abelmoschus ficulneus,(L.) Wight & Arn.,3940858,558009-1,LC
1408264,"Manioc-hibiscus, Sunset-hibiscus, Sunset muskmallow, Bele, Aibika, Hibiscus root, Sunset Huskmallow, Mbele, Okra , ladyfinger plant, Hibiscuses",Abelmoschus manihot,(L.) Medik.,3152706,558020-1,DD
1402050,"Muskseed, Musk okra, Musk-mallow, Tropical jewel-hibiscus, Annual Hibiscus, Musky-seeded hibiscus, Native Rosella, Ornamental Okra, Muskdana, Rose mallow, Okra, Ambrette plant, Fautia, Kasturi, Musk, Musk mellow, Vegetable musk plant, Gandapura, Rose of Sharon",Abelmoschus moschatus,Medik.,8312665,558023-1,LC
1405027,Flatspike Sedge,Abildgaardia ovata,(Burm.f.) Kral,2708407,1025064-2,
1719768,"Devil's-cotton, Indian perennial hemp",Abroma augustum,(L.) L.f.,8219075,822006-1,
1734242,Doted Pea,Abrus fruticulosus,Wall. ex Wight & Arn.,5348700,469592-1,DD
1402792,"Rosarypea, Indian-licorice, Indian-liquorice, Coral-beadplant, Gidee-gidee, Licorice-vine, Minnie-minnies, Crab's-eye, Love-bean, Lucky-bean, Prayer-beads, Precatory, Precatory-bean, Red-beadvine, Weatherplant, Weathervine, Jequirity, Jequirity-bean, Jequerity, Jumbie Beads, Jumbi Bead, Jumby Beans, Liquorice Plant, Akar saga, Cock's eyes, Coondrimany, Coral bead, Coral bead vine, Country licorice, Crab's eye creeper, Jamaica wild licorice, John Crow bead, Jumbie bead, Licorice, Love pea, Paternoster pea, Prayer bead, Precatory pea, Ratti, Red-bead vine, Wild licorice, Bead Vine, Black-eyed Susan, Buddhist Rosary Bead, Crab's Eyes, Crab's-eye Vine, Crab’s eyes, Graine Rouge, Gwen L≠glise, Jumbee Bead, Jumbee seeds, Jumbie Bean, Liane Reglisse, Lucky bean creeper, Mountain Male-fern, Red Bean Vine, Scrubber, Wild Liquorice, Wire Wiss, Pois rouge, గురివింద, Jumbie Eyes, Sogok telik, Kundirmani, Gulaganji, Saga saga, Gunja sees, Manchatikkuru(malayalam)",Abrus precatorius,L.,5348711,469605-1,
1370608,Asian Indian-Mallow,Abutilon auritum,(Wall. ex Link) Sweet,3152639,1062300-2,
1370594,"Hairy Indian mallow, Flowering Maple",Abutilon guineense,(Schumach.) Baker f. & Exell,7279347,1171539-2,
1405089,"Florida Keys Indian mallow, Florida Keys Indian malloiw, Florida Key Indian-mallow, Indian mallow",Abutilon hirtum,(Lam.) Sweet,3152619,238-2,
1356287,"Indian abutilon, Indian lantern-flower, Indian mallow, Country mallow, Twelve-o'clock flower, Monkeybush, Abutilon, American Indian-mallow, తుత్తుర బెండ, Tuttubenda, అతిబల",Abutilon indicum,(L.) Sweet,3152634,1101632-2,
1363953,"Velvetleaf, Indian-mallow, Chingma-lantern, Abutilon-hemp, Butterprint, Tientsin-jute, China-jute, American-jute, Swamp Chinese-lantern, Velvetweed, Buttonweed, Indian Hemp, Pie-maker, Pie-marker, Velvetleaf Indian Mallow, Velvetleaf Abutilon, Chinese lantern, Chingma abutilon, Velvetleaf (or butterprint), துத்தி செடி, گاو پنبه, Makole, Yousefabdoli",Abutilon theophrasti,Medik.,3152614,1044174-2,
1408227,"Darwin black wattle, Earleaf acacia, Earpod wattle, Northern black wattle, Papuan wattle, Black wattle, Ear-leaf acacia, Ear-pod wattle, Tan wattle, Auri, Cork tree, Ear-pod acacia, Milo, Pacific rosewood, Portia tree",Acacia auriculiformis,A.Cunn. ex Benth.,2981001,469784-1,LC
1421386,"Formosan koa, Small Philippine Wattle, Small Philippine acacia, Formosa acacia, False koa, Formosa koa, Ianangi, Mimosa",Acacia confusa,Merr.,2978466,470039-1,LC
1363769,"Golden Wattle, Golden-rods, Longleaf wattle, Sallow wattle, Sydney golden wattle, Coastal wattle, Coast wattle, Long-leaved wattle, Sydney acacia, White sallow, Western yarrow, Aroma Doble, سنمار, Longleaf Acacia, Swallow Wattle",Acacia longifolia,(Andrews) Willd.,2978730,470782-1,LC
1382099,"Black wattle, Hickory wattle, Northern wattle, Sally wattle, Sabah salwood, Broadleaf salwood, Brown salwood, Mangium",Acacia mangium,Willd.,2979091,470839-1,LC
1714093,"Prairie acacia, White-ball acacia, Fern acacia",Acaciella angustissima,(Mill.) Britton & Rose,2981071,712-2,LC
1429313,"Asian copperleaf, Australian acalypha, Three-seeded copperleaf, Three-seeded mercury",Acalypha australis,L.,3056835,337182-1,
1542331,,Acalypha brachystachya,Hornem.,3056856,337212-1,
1432535,Birch leaved acalypha,Acalypha fruticosa,Forssk.,3056623,337407-1,LC
1408688,"Red-hot cat's tail, Chenilleplant, Philippine-medusa, Bristly copperleaf, Red-cattail, Red-hot-cattail, Copperleaf, Cat's tail, Red catstail, Monkey tail",Acalypha hispida,Burm.f.,3056375,337478-1,
1406863,"Indian acalypha, குப்பைமேனி, Indian-nettle, Copperleaf, Three-seeded-mercury, Indian Copperleaf, India Copperleaf, মুক্তঝুরি, শ্বেতবসন্ত (Bangla), Harita Manjari (Sanskrit), మురిపిండ, Kelanting (Java, Indonesia), కుప్పింట, మగబీర, Rashvarniseher, హరితమంజరి",Acalypha indica,L.,3056259,337497-1,
1408778,,Acalypha lanceolata,Willd.,3056367,337529-1,
1418815,"Wild tea, Teh-tehan",Acalypha siamensis,Oliv. ex Gage,3056042,337811-1,
1405685,"Copper leaf, Capa de obispo, Beefsteak plant, Jacob's coat, Match-me-if-you-can, Wilkes' acalypha, Fox tail, Match me if you can, Fire-dragon, Joseph's coat, كلفا, Variegated Hibiscus Rosa, Ekor kucing, Gypsy Skirt",Acalypha wilkesiana,Müll.Arg.,3057221,337939-1,LC
1610219,,Acampe ochracea,(Lindl.) Hochr.,2781924,614586-1,
1374470,"Bristly starbur, Goat's-head, Starbur, Upright starbur, Hispid starbur, Hispid starburr, Starburr, Bristly starburr, Hispid Greenstripe, Horn spine",Acanthospermum hispidum,DC.,3100375,173718-1,
1414796,"Mangrove-holly, Holly mangrove, Holly-leaf mangrove, Holy Mangrove, Holly-leaved acanthus, Sea holly, Spiny holly mangrove",Acanthus ilicifolius,L.,6359819,44873-1,LC
1685240,,Acer calcaratum,Gagnep.,3768225,56620-1,VU
1685242,"Campbell's Maple, Himalayan maple",Acer campbellii,Hook.f. & Thomson ex Hiern,7809468,56621-1,LC
1397300,"Cappadocian maple, Caucasian maple, Coliseum maple, افراشیردار, افرای شیرپلت، افرای  لوبلی،",Acer cappadocicum,Gled.,7262908,56622-1,LC
1685244,,Acer caudatum,Wall.,7263099,781257-1,LC
1390684,"Father David's maple, Snakebark Maple, Père David's maple, Snakesbark maple",Acer davidii,Franch.,7262943,781279-1,LC
1685263,Faber's maple,Acer fabri,Hance,7263046,781302-1,LC
1685277,"Polished Maple, Nepal Maple, Smooth Maple",Acer laevigatum,Wall.,7263110,781357-1,LC
1685280,,Acer laurinum,Hassk.,7907188,781361-1,LC
1356458,"Boxelder, Manitoba Maple, افرا, Ashleaf Maple, Boxelder maple, Poison Ivy, Ash-leaf maple, Three-leaf maple, California boxelder, Me'êškema, Ash-leaved maple, Western boxelder, Box-elder Maple, Three-leaved Maple, Western Box-elder, Sensation Maple, Kőrislevelű juhar, Box-elder, Ash-leaved maple, Trash Maple, Dişbudak yapraklı akçaağaç, افرای سیاه, Arce de hojas de fresno (Spanish), افرای جعبه ای, Canadian Box Elder",Acer negundo,L.,3189866,781412-1,LC
1685302,"Flying mothtree, Himalayan Maple",Acer oblongum,Wall. ex DC.,7262960,781420-1,LC
1685306,"Oliver maple, Oliver's maple",Acer oliverianum,Pax,3767891,781423-1,LC
1729269,,Acer pectinatum,Wall. ex Brandis,11047186,781444-1,LC
1356460,"Sycamore maple, Sycamore, Plane, Great Maple, Scottish maple, False planetree, Mock-plane-tree, Common sycamore, Plane maple, Lock-and-key-tree, Plane Tree, Sycamore [tree], افرا شبه چنار, Red maple?, Dağ akçaağacı, אדר דולבני",Acer pseudoplatanus,L.,3189870,781462-1,LC
1685331,,Acer sikkimense,Miq.,7263068,781511-1,LC
1685334,"Birch-leafed Maple, Birch-leaved maple",Acer stachyophyllum,Hiern,7263023,781517-1,LC
1364157,"Common yarrow, Yarrow, Nose Bleed, Yarrow (common), Milfoil, Blood-wort, Nosebleed Weed, Soldier's Woundwort, Coadâ-șurichinâ, He'haéheséeo'ôtse, Peâttar-rääʹss, Piättárrääsi, Carpenter's Weed, Milenrama, Western Yarrow, Sanguinary, Thousand Seal, Thousand-leaf, Soldiers Woundwort, Staunchweed, Giant yarrow, Largehead yarrow, Coada Șoricelului, Hajdučka trava, Red Yarrow, Ryllik (Norwegian)",Achillea millefolium,L.,3120060,2294-2,LC
1356469,"Devil’s Horsewhip, অপাঙ্গ/অপামার্গ (Bangla), Chirchira/Apamarg (Hindi), Burweed, ఉత్తరేణి, Chaff-flower, Chaffbur, Prickly chaff-flower, Devil's horsewhip, Man Better Man, Worry Vine, Prickly chafflower, Rattail, Hug-me-close, Man-better-man, Rough chaff flower, Rough chaff tree, Aghada, Puth kanda, আপাং(Bengali)",Achyranthes aspera,L.,3085168,2468-2,
1384545,"Nui Xi, Ox Knee, Ruderal chaff flower, Pig's knee",Achyranthes bidentata,Blume,3085175,58678-1,
1558402,,Achyrospermum densiflorum,Blume,3895719,444173-1,
1729624,,Acilepis divergens,(DC.) H.Rob. & Skvarla,8347905,60456948-2,
1497933,,Acilepis squarrosa,D.Don,3124477,174526-1,
1403758,,Acmella ciliata,(Kunth) Cass.,5386775,174534-1,
1407743,"Toothacheplant, Brazilian cress, Para cress, Spilanthes, Electric Daisy",Acmella oleracea,(L.) R.K.Jansen,5386764,914778-1,
1497950,"Panicled Spot Flower, Buzz buttons, Toothache plant",Acmella paniculata,(Wall. ex DC.) R.K.Jansen,5386757,914780-1,LC
1374977,Marsh para cress,Acmella uliginosa,(Sw.) Cass.,5386720,174556-1,LC
1420275,"Sichuan aconite, Japanese aconite, Carmichael's Monkshood",Aconitum carmichaelii,Debeaux,3033673,707241-1,
1440079,Southern Blue Monkshood,Aconitum uncinatum,L.,3033679,707923-1,
1396585,"Sweet-flag, Calamus, Flagroot, Sweet calamus, Sweetroot, Myrtle-flag, Single-Vein Sweetflag, Bēowyrt, Jangu, Jeureunggèë, Jhârângo, Beewort, Calamus root, Muskrat root, Pine root, Rat root, Sweet calomel, Sweet cane, Sweet myrtle, Sweet rush, Sweet sedge, Common Sweet Flag, European Sweetflag, Old World Sweetflag, Cinnamon Sedge, Myrtle Grass, Myrtle Sedge, Single-veined sweetflag, వస, Vacha",Acorus calamus,L.,2873769,84009-1,LC
1420864,"Grassy-leaved sweet flag, Grassleaf sweet flag, Dwarf Sedge, Japanese Rush, Japanese Sweet Flag, Japanese Sweetflag, Slender Sweet Flag, Grass-leaf sweet flag, Grass-leaf sweet-flag",Acorus gramineus,Aiton,2873807,84019-1,LC
1647383,Goosegrass,Acrachne racemosa,(B.Heyne ex Roth) Ohwi,2703234,384495-1,
1729284,"Kenya coffeeshade, Pink-cedar, Red-cedar, Shingletree",Acrocarpus fraxinifolius,Wight & Arn.,7491932,472105-1,
1365353,"Oat Grass, Arrocillo",Acroceras zizanioides,(Kunth) Dandy,4139637,3538-2,LC
1456373,,Acronema tenerum,(DC.) Edgew.,5538745,837278-1,
1431213,Lakawood,Acronychia pedunculata,(L.) Miq.,3836457,770718-1,LC
1380222,"Leather fern, Golden Leatherfern, Golden Leather Fern, Heart fern, Mangrove fern, Swamp fern, Coarse Swamp Fern, Paku Laut, Coast leather fern",Acrostichum aureum,L.,2651706,319061-2,LC
1709069,Mangrove fern,Acrostichum speciosum,Willd.,7625586,17007000-1,LC
1431255,,Acrotrema costatum,Jack,7958681,316447-1,
1356335,"Ray fern, Eyelash Fern",Actiniopteris radiata,(Sw.) Link,4205838,17008200-1,
1783883,Pisatree,Actinodaphne angustifolia,(Blume) Nees,4178252,462206-1,LC
1427174,,Actinodaphne glomerata,(Blume) Nees,4177686,462253-1,LC
1565054,,Actinodaphne longipes,Kosterm.,4177419,462279-1,VU
1565074,,Actinodaphne obovata,(Nees) Blume,4177184,462300-1,LC
1427250,Calappa palm,Actinorhytis calapparia,(Blume) H.Wendl. & Drude ex Scheff.,2735548,663980-1,LC
1750387,,Actinoschoenus aphyllus,(Vahl) Larridon,9249820,77177180-1,
1710111,,Actinostachys digitata,(L.) Wall.,7613402,17008260-1,
1388738,"Baobab Tree, Dead-rat-tree, Baobab, Monkey-bread-tree, African baobab, Dead rat tree, Lalo, Himbondeiro, Ibbuyu, Mubuyu, Mulambe, Muuyu, Umkhomo, Kónkínà, Monkey bread, Sour gourd, Upside-down tree",Adansonia digitata,L.,5406695,558628-1,
1366907,"Bead tree, Acacia Coral",Adenanthera microsperma,Teijsm. & Binn.,2951851,472162-1,LC
1366906,"Coralwood, Red sandalwood-tree, Sandal beadtree, Sandalwood-tree, Zumbictree, Beadtree, Red beadtree, Red beantree, Circassian-tree, False jequirity, False red-sandalwood, Red-sandalwood, Red bead tree, Circassian seed, Red Lucky Seed, Coral bean tree, False wiliwili, Red sandlewood, Coral Tree, Condoriwood, Coral pea, Sandal bead tree, Circassian bean tree, Acacia Coral, Agati Petite Feuille, Arbre á Æglise, Barbados Pride, Bois Noir Rouge, Bois Noir de Bourbon, Bois Noir á Graines Rouges, Bois Noir á la Graine, Circassian Bean, Curly Bean, False wili wili, Jumbi Bead, Peacock Flower-fence, Vaivai Ni Vavalagi",Adenanthera pavonina,L.,2951846,317691-2,LC
1427410,,Adenia heterophylla,(Blume) Koord.,7313459,674098-1,
1427428,,Adenia penangiana,(Wall. ex G.Don) W.J.de Wilde,7313383,674150-1,
1418350,"Whorled-leaf ladybell, Giant-bellflower, Japanese lady bell, Three-leaved lady bell",Adenophora triphylla,(Thunb.) A.DC.,5409255,139531-1,
1775837,,Adenosma glutinosa,(L.) Druce,8081748,798431-1,
1422262,"Common Medicine-Plant, Common medicineplant, Common adenostemma, Sticky daisy",Adenostemma lavenia,(L.) Kuntze,3132228,175003-1,
1498107,Jeju adenostemma,Adenostemma madurense,DC.,3094616,175006-1,
1424405,"Common Medicineplant, Dungweed, Adenostemma, Sticky daisy",Adenostemma viscosum,J.R.Forst. & G.Forst.,3094604,175030-1,LC
1356337,"Maidenhair fern, Venus's hair fern, Venus's maidenhair, Southern maidenhair, Maidenhair, Venus hairfern, Common maidenhair, Venus' Hair-fern, Venushair, Common maidenhair fern, Southern maidenhair fern, Venus maidenhair fern, Venus-hair fern, Lady's-hair fern, Hair-of-Venus, True Maidenhair, Venus hair., پر سیاوشان, Venus Maidenhair",Adiantum capillus-veneris,L.,2651816,325030-2,LC
1409270,"Tailed maidenhair, Trailing maidenhair, Walking maidenhair",Adiantum caudatum,L.,2651833,325033-2,
1415147,,Adiantum diaphanum,Blume,7335341,325036-2,
1709123,,Adiantum edgeworthii,Hook.,3746914,325037-2,
1380227,,Adiantum incisum,Forssk.,8309462,17010830-1,
1400684,"Broad-Leaf Maidenhair, Broadleaf maidenhair",Adiantum latifolium,Lam.,2651837,271633-2,
1414355,"Northern maidenhair, Pointerweed, Five-finger fern, Maidenfern, Maidenhair, Maidenhair Fern, Northern Maidenhair Fern, American maidenhair fern, Five-fingered fern, Fern",Adiantum pedatum,L.,2651832,30004419-2,
1424484,"Black maidenhair, Walking maidenhair fern",Adiantum philippense,L.,3750161,325052-2,
1380600,,Adiantum soboliferum,Wall. ex Hook.,7964193,17013080-1,
1401372,"Brittle maidenhair, Fan maidenhair, Maiden Hair, Brittle maidenhair fern, Fan maidenhair fern",Adiantum tenerum,Sw.,2651834,17013290-1,
1420265,"Himalayan maidenhair, Evergreen maidenhair",Adiantum venustum,D.Don,7335278,17013710-1,
1718297,"Heart-leaf adina, Yellow teak, Haldu, పసుపు కదంబం",Adina cordifolia,(Roxb.) Brandis,8417744,742903-1,LC
1787988,"Purple millettia, Tulang Dain, Jenaris, Jenerek",Adinobotrys atropurpureus,(Wall.) Dunn,2952276,472609-1,LC
1659102,"River mangrove, Black mangrove, Khalsi",Aegiceras corniculatum,(L.) Blanco,3721362,586618-1,LC
1775843,,Aeginetia acaulis,(Roxb.) Walp.,3728218,661835-1,
1427553,"Indian broomrape, Ye gu, Forest ghost flower",Aeginetia indica,L.,3173321,661840-1,LC
1372577,"Indian bael, మారేడు, Bael, Bengal-quince, Indian baelfruit, Baeltree, Belfruit-tree, Golden-apple, Bael Fruit, Elephant Apple, Holy Fruit, Indian Quince, Stone Apple, Wood Apple, Japanese bitter orange",Aegle marmelos,(L.) Corrêa,5421195,770819-1,NT
1426065,"Mamoncillo, علف شور پا گربه ای",Aeluropus lagopoides,(L.) Thwaites,4136488,384722-1,
1361127,"Indian walnut, Mediterranean saltgrass",Aeluropus littoralis,(Gouan) Parl.,4136390,1180129-2,
1419658,,Aerides falcata,Lindl. & Paxton,2811095,615236-1,
1610599,,Aerides houlletiana,Rchb.f.,2811144,615247-1,
1419659,Multi-flowered Aerides,Aerides multiflora,Roxb.,2811153,1009116-1,
1419660,"Hooked blossom orchid, ভাতৌ ঠুটীয়া কপৌ",Aerides odorata,Lour.,2811113,615287-1,
1610613,,Aerides rosea,Lodd. ex Lindl. & Paxton,2811075,615316-1,
1718301,Robust eria,Aeridostachya robusta,(Blume) Brieger,2815295,908248-1,
1426083,"Java aerva, Kapokbush, Pillow-weed, Desert cotton, طرف",Aerva javanica,(Burm.f.) Juss. ex Schult.,3085016,59030-1,
1550878,,Aeschynanthus buxifolius,Hemsl.,3818653,377689-1,
1550917,,Aeschynanthus fulgens,Wall. ex R.Br.,8762173,77130617-1,
1775844,,Aeschynanthus gracilis,C.S.P.Parish ex C.B.Clarke,3818047,377739-1,
1550928,,Aeschynanthus hookeri,C.B.Clarke,3817949,377749-1,
1419118,"Zebra basketvine, Black Pagoda",Aeschynanthus longicaulis,Wall. ex R.Br.,3825597,77130618-1,
1550967,,Aeschynanthus micranthus,C.B.Clarke,3825402,377792-1,
1550992,,Aeschynanthus parasiticus,(Roxb.) Wall.,3825064,377818-1,
1550993,,Aeschynanthus parviflorus,(D.Don) Spreng.,3825033,377821-1,
1410169,"Lipstick plant, Red bugle vine, Basket vine, Blushwort",Aeschynanthus pulcher,(Blume) G.Don,3824839,377839-1,
1419119,"Lipstickplant, Rastalpant",Aeschynanthus radicans,Jack,3824774,377844-1,
1419120,Lipstick vine,Aeschynanthus speciosus,Hook.,3824601,377859-1,
1366875,"Joint-vetch, American joint-vetch, Shyleaf, Forage aeschynomene, Thornless mimosa, Yerba Rosario, Putri Malu",Aeschynomene americana,L.,2949235,316404-2,
1366819,"Curly-indigo, Northern joint-vetch, Hard sola, Sensitive joint-vetch, Budda-pea, Indian joint-vetch, Kat sola, Indian jointvetch, Jointvetch, Knuckle bear bush, Sensitive Vetch",Aeschynomene indica,L.,2949250,472784-1,LC
1685358,Horse chestnut,Aesculus assamica,Griff.,3672337,781579-1,LC
1685360,Chinese horse-chestnut,Aesculus chinensis,Bunge,7323139,781586-1,
1427644,,Afzelia xylocarpa,(Kurz) Craib,5358297,473084-1,EN
1537716,,Agapetes cauliflora,Merr.,4164334,326072-1,
1537737,,Agapetes hosseana,Diels,4164044,858153-1,
1537762,,Agapetes megacarpa,W.W.Sm.,7329017,326100-1,
1390631,"Chinese giant-hyssop, Korean mint, Mint, Korean licorice mint, Blue licorice, Indian mint, Patchouli herb, Purple giant hyssop, Wrinkled giant hyssop",Agastache rugosa,(Fisch. & C.A.Mey.) Kuntze,7307327,444504-1,
1360898,"Agave, آگاو آمریکایی یا ابلق, American century plant, American agave, Century-plant, American-aloe, American Centuryplant, Flowering Aloe, Aloes, Blue Sisal, Maguey, కిత్త నార, خنجری، آگاه قرن",Agave americana,L.,2767031,319063-2,LC
1407917,"Mescal agave, Century plant, Caribbean agave, Maguey, Narrow-leaved century plant, Zapupe",Agave angustifolia,Haw.,2766846,327760-2,LC
1357953,"Sisal, Mescal, Hemp-plant, Sisal agave, Sisal-hemp, Fibre sisal, Agave, Agave sisal hemp, Galboom, Hemp",Agave sisalana,Perrine,2766636,6701-2,
1471166,Moon's agave,Agave vera-cruz,Mill.,2766994,62336-1,
1389568,"Crofton weed, Maui pamakani, Mexican Devil, Sticky snakeroot, Catweed, Hemp-agrimony, Sticky-agrimony, Catspaw, White Thoroughwort, Glandular eupatorium, Pamakani, Sticky eupatorium, Sticky snakewort, Tankhana",Ageratina adenophora,(Spreng.) R.M.King & H.Rob.,5400613,6811-2,
1355899,"Tropical whiteweed, Billygoat-plant, Billygoat-weed, Goatweed, Bluebonnet, Bluetop, Whiteweed, Bastard argimony, Floss flower, Billy goat weed, Invading ageratum, Sweet barzey, Sweet basil, Nonokot, Ḍus-beḍḍusân, Ageratum, Blue ageratum, Blue flowered groundsel, Mother brinkly, Tropic ateratum, Winter weed, Chick weed, White Cap, Bastard agrimony, Blue-top chickweed, Tropic ageratum",Ageratum conyzoides,L.,5401673,7086-2,
1355900,"Bluemink, Mexican ageratum, Ageratum, Flossflower, Blue billygoat-weed, Blue maudlin, Blue-top goatweed, Large-flower ageratum, Blue billy-goat weed, Houston's whiteweed, Blue billygoatweed, Blue Blazer, گل ابری, Mexican Paintbrush, Pussy Foot",Ageratum houstonianum,Mill.,5401760,175500-1,
1427862,,Aglaia argentea,Blume,5597956,576972-1,LC
1427881,"Coastal boodyarra, Droopyleaf, Priyangu",Aglaia elaeagnoidea,(A.Juss.) Benth.,5597755,577065-1,LC
1427901,,Aglaia exstipulata,(Griff.) W.Theob.,7271387,941629-1,LR/nt
1600452,,Aglaia korthalsii,Miq.,7698354,577146-1,LC
1427945,Law's aglaia,Aglaia lawii,(Wight) C.J.Saldanha,7271334,577159-1,LR/lc
1427962,,Aglaia leucophylla,King,5597514,577169-1,LC
1428003,,Aglaia malaccensis,(Ridl.) Pannell,5597458,909921-1,LR/nt
1380869,"Chinese perfume plant, Mock Lemon, သနပ်ခါးပန်း (in Burmese)",Aglaia odorata,Lour.,5597349,577227-1,LC
1428026,,Aglaia odoratissima,Blume,5597346,577229-1,LC
1428088,,Aglaia rubiginosa,(Hiern) Pannell,5598019,909924-1,LC
1428118,,Aglaia silvestris,(M.Roem.) Merr.,5597971,577321-1,LC
1420746,"Spotted evergreen, آگلونوما, Chinese evergreen, Fox's aglaonema, آگلونمای خال دار،, دیفن باخیا",Aglaonema costatum,N.E.Br.,2866357,84052-1,
1420754,"Chinese evergreen, Japanese-leaf",Aglaonema modestum,Schott ex Engl.,2866488,84081-1,
1464009,"Aglaonema aroid, Burmese evergreen, Chinese Evergreen",Aglaonema nitidum,(Jack) Kunth,2866438,84086-1,
1666257,Small hairy agrimony,Agrimonia nipponica,Koidz.,3002101,720291-1,
1666260,"Hairy agrimony, Hair-vein agrimony",Agrimonia pilosa,Ledeb.,3002003,720300-1,
1363472,"Redtop, Redtop bent, Bonnet grass, Fiorin, Black bent, Black bent grass, Redtop Bentgrass, Black Bentgrass, Giant Bentgrass, Water Bentgrass",Agrostis gigantea,Roth,2706541,385783-1,
1647539,,Agrostis inaequiglumis,Griseb.,4121740,385858-1,
1647571,,Agrostis micrantha,Steud.,4120111,385997-1,
1647579,,Agrostis nervosa,Nees ex Trin.,4119387,386057-1,LC
1356321,"Creeping bent, Spreading bent, Creeping bent grass, Fiorin, Creeping Bentgrass, Carpet Bentgrass, Redtop, White bent, Redtop grass, Carpet bent, Marsh bent",Agrostis stolonifera,L.,2706435,386353-1,LC
1542734,,Agrostistachys indica,Dalzell,3063595,338294-1,LC
1670203,,Aidia canthioides,(Champ. ex Benth.) Masam.,2919363,742956-1,LC
1670205,,Aidia cochinchinensis,Lour.,2919748,742957-1,LC
1428251,,Aidia densiflora,(Wall.) Masam.,2919824,742958-1,LC
1428281,Racemose aidia,Aidia racemosa,(Cav.) Tirveng.,2919891,911695-1,LC
1360547,"Tree of heaven, Tree-from-hell-that-will-not-be-killed, عرعر, Chinese sumac, China-sumac, Stinktree, Varnishtree, Tree-of-heaven, Chinese tree-of-heaven, Ailanthus, Ailanto-da-China, Swingle, Copal Tree, Skink Tree, Chinese sumach, Stinking sumac, Stinking quassia, Sumac tree, Glandulous-leaved Ailante, درخت بهشت, Oțetar (RO), Mirigyes bálványfa, Ghetto palm, Gold country tree, Pajaseň, אילנתה בלוטית, Dreve, Black walnut, Peanut butter tree, Sans!? dun dun dun dun dun, Immortalis trecieus, Paradise tree, אילנתה בלוטית (HE), Not-a-tree, Pajasan Žláznatý (CS), Japanese Varnish Tree, Veliki Pajesen (SL), Shandai, Cenușer (RO), False Sumac",Ailanthus altissima,(Mill.) Swingle,3190653,813521-1,LC
1428300,"Indian tree-of-heaven, Hemmara, Jungli Sarva, Mahanimbah, Maharukh, Mundayigatch, Pedda-manu, Pee maram, Rukhdo, Swaali, Tree of Heaven, Plant of heaven",Ailanthus excelsa,Roxb.,3709036,813527-1,DD
1420694,"White bean, White siris, Maharukh",Ailanthus triphysa,(Dennst.) Alston,3708775,813557-1,LC
1498575,,Ainsliaea aptera,DC.,3133840,175707-1,
1728627,Buggleweed,Ajuga integrifolia,Buch.-Ham. ex D.Don,9520699,444595-1,
1558608,,Ajuga lobata,D.Don,3887172,444611-1,
1558610,,Ajuga macrosperma,Wall. ex Benth.,3887136,444616-1,
1558615,Pink-flower bugleweed,Ajuga nipponensis,Makino,7307111,444633-1,
1528057,,Alangium alpinum,(C.B.Clarke) W.W.Sm. & Cave,3701918,271384-1,LC
1388674,Chinese Alangium,Alangium chinense,(Lour.) Harms,7326263,58133-1,LC
1428388,Akle,Albizia acle,(Blanco) Merr.,2973075,473164-1,NT
1366626,"Chinese albizia, Silktree, Sau tree",Albizia chinensis,(Osbeck) Merr.,2973197,473204-1,LC
1391958,"Mimosa, Persian Silk Tree, Silktree, Mimosa Tree, گل ابریشم, Silktree albizia, Pink siris, Varay-cotton, Siris, Powderpuff Tree, Silk-tree albizia, Silk-tree mimosa, Persian acacia, Pink Silk Tree, ଓଡ଼ିଆ, شب خسب, Persian silk tree -aka- Sleeping Tree, Butterfly Bush, Მიმოზა, Gülibrişim",Albizia julibrissin,Durazz.,2972983,473275-1,
1366605,"Siris tree, Broome raintree, East Indian-walnut, Acacia-tree, Frywood, Lebbek, Lebbektree, Powderpuff-tree, Women's-tongue-tree, Indian siris, Koko, Woman's tongue, Woman’s-tongue tree, Raom tree, Soros-tree, Woman's-tongue tree, Amor platónico, Lebbeck, Lebbeck Tree, Rain Tree, Shack-shack, Silver raintree, Singer-tree, Siris Rain Tree, Tibet lebbeck, Whistling-bean, White Siris, Black ebony, Chatterbox tree, Kokko, Flea tree, Black Siris, East India Walnut, Siris, Vaivai Ni Vavalagi, Womans tongue, Ebano-oriental, దివిసెన, برهان، درخت گل ابریشم گرمسیری, কড়াই গাছ।, Saras tree, شیریں, אלביציה צהובה, Flame tree",Albizia lebbeck,(L.) Benth.,2973215,99109-3,LC
1719778,,Albizia lucidior,(Steud.) I.C.Nielson ex H.Hara,7985477,941885-1,
1428464,"Ceylon rosewood, Albizia, Black siris",Albizia odoratissima,(L.f.) Benth.,2973031,473340-1,LC
1366606,"Forest siris, Rain siris, Safe siris, White siris, White siristree, Womens-tongues, Tall albizia, Tee-coma, Black siris, False lebbeck, Tall albizzia, Albizia, Bastard lebbeck, Silver Bark Rain Tree, Vaivai Ni Vavalagi, White siris tree, Women's tongues",Albizia procera,(Roxb.) Benth.,2973167,473360-1,LC
1428500,,Albizia splendens,Miq.,2973131,473397-1,LC
1359620,"Hollyhock, Common Hollyhock, ختمی, Hibiscus, Garden Hollyhock, Rose Mallow, Stokrose, Double hollyhock, Rose of Sharon, Rose Alcea, Malvarosa (IT), Stockros, Okra",Alcea rosea,L.,5406789,558713-1,
1428525,Alchorntree,Alchornea rugosa,(Lour.) Müll.Arg.,3055402,338454-1,LC
1383978,"Waterwheel plant, Common Aldrovanda, Waterwheel, Bladderwort, Water bugtrap",Aldrovanda vesiculosa,L.,3190715,321755-1,EN
1776835,,Alectra avensis,(Benth.) Merr.,3724846,798738-1,
1379631,,Alectra sessiliflora,(Vahl) Kuntze,7331592,798794-1,
1607984,Few Flowered Colic-Root,Aletris pauciflora,(Klotzsch) Hand.-Mazz.,2756095,527503-1,
1408006,"Kukui, Indian-walnut, Candleberry, Candlenut, Candlenut-tree, Varnishtree, Lumbangtree, Candle nut Tree, Komèrè, Tingkih, ᨄᨛᨒᨛ, Buah Keras, Kukui Nut, Lambang, Tung-nut, Kemiri",Aleurites moluccanus,(L.) Willd.,4930679,338514-1,LC
1357998,"Water-plantain, American Water-plantain, Common water-plantain, European Water-Plantain, American Waterplantain, Mad-dog weed, Mud plantain, Lesser water plantain, Common Waterplantain, Great Water-plantain, Water Malloe",Alisma plantago-aquatica,L.,2865100,30019518-2,LC
1738735,"Japanese-Lantern, Strawberry Groundcherry, Strawberry Ground-cherry, Chinese Lantern, Winter Cherry, Cape gooseberry, Chinese lantern plant, Bladder cherry",Alkekengi officinarum,Moench,3797084,814247-1,
1369872,"Golden-trumpet, Allamanda, Yellow allamanda, Common trumpetvine, Buttercup, Yellow Bell, Common allamanda, Bush allamanda, অলকানন্দা, Hoa huỳnh anh, Alamanda, گل شیپور طلایی, Semboyan Kuning",Allamanda cathartica,L.,3169836,319065-2,
1392475,"Garlic Mustard, Jack-By-The-Hedge, Hedge-garlic, Poor man's Mustard, Sauce alone, Knoblauchrauke, Beggarman's Oatmeal, False-garlic",Alliaria petiolata,(M.Bieb.) Cavara & Grande,5376075,1176324-2,
1358140,"Onion, Spring Onion, Shallot, Garden Onion, Common Onion, Cultivated Onion, Scallion, Tree Onion, ఉల్లి, پیاز, Green Onion, Bulb Onion, পিয়াজ, Cīpe, Shallots, Thai-chhûng-thèu (HAK), Kitchen Onion, Culinary Onion, Iòng-chĕ̤ng (CDO), Ayomà (FON), Juun (ZEA), Commercial Onion, Xaóenêhéstâhévo (CHY), Zwiebel (ALS), Cultivated Allium, Bawang Bombai (BAN), Skalot (FRR), Wšedna Cybula (DSB), Cevole (FUR)",Allium cepa,L.,2857697,527795-1,
1382101,"Spring Onion, Welsh onion, Bunching onion, Japanese bunching onion, Kenaw, Ciboule, Spanish onion, Japanese bun, Stone leek, Green onion, Welsh's Onion, Japanese Bunchingonion, Scallion, Egyptian Walking onions",Allium fistulosum,L.,2856504,528046-1,
1358126,"Garlic, Hardneck Garlic, Pskem River Garlic, Serpent Garlic, Cultivated garlic, Ai, A̱gurma a̱nfwuong, Bhâbâng potè, Kesuna, Tiskrt, Garleac, Kunofroku, Σκόρδον, Чеснок, Сарсмакъ, Սխտոր, လသိုန်ဗတာင်, ꯆꯅꯝ, Garden Garlic, Garlick, వెల్లుల్లి",Allium sativum,L.,2856681,528796-1,
1418843,"Garlic chives, Chinese chives, Oriental garlic, Chinese leek, Jiu",Allium tuberosum,Rottler ex Spreng.,2856297,529062-1,
1452827,Himalaya onion,Allium wallichii,Kunth,2856054,529134-1,
1784210,,Allophylus serratus,(Roxb.) Kurz,5576967,781936-1,LC
1779007,,Allophylus timoriensis,(DC.) Blume,7610420,781968-1,
1685560,,Allophylus triphyllus,(Burm.f.) Merr.,5576834,781977-1,
1365272,"Cockatoo grass, Bug-seed grass, Summergrass, Carpet Grass, Bugseed Grass",Alloteropsis cimicina,(L.) Stapf,2703273,386992-1,
1647663,Cockatoo grass,Alloteropsis semialata,(R.Br.) Hitchc.,4109235,9363-2,
1428731,"Himalayan alder, Indian alder, Nepal alder, Nepalese alder, Nepal Black Cedar",Alnus nepalensis,D.Don,2876187,294958-1,LC
1408037,"Buddha's hand, Chinese Taro, Chinese ape, Hooded dwarf elephant ear, Buddha's Palm, Tiny dancer",Alocasia cucullata,(Lour.) G.Don,5329867,84151-1,
1783413,,Alocasia fornicata,(Kunth) Schott,5329964,84168-1,LC
1464042,"Dwarf taro, Dwarf upright elephant ear",Alocasia gageana,Engl. & K.Krause,5329876,84169-1,
1408041,"Rare Alocasia Amazonica, Elephant's ears, Kris plant, Alocasia longiloba velvety, Tribal-Mask Alocasia, آلوکازیا لانگیلوبا، بابا آدم لانگیلوبیا، نوعی گوش فیل",Alocasia longiloba,Miq.,5329978,84195-1,
1408045,"Giant taro, Elephant ear, Ape, Cunjevoi, Elephant's-ear plant, Giant alocasia, Pai, Giant elephant's ear, Upright elephant ear, Stingray, Sente, గజ చామ, Alocasia Macrorrhiza Variegata Albo, Variegated alocasia, بابا آدم, Bira, Alocasia Serendipity",Alocasia macrorrhizos,(L.) G.Don,5329904,60444565-2,
1720844,"Asian taro, Elephant-ear, Taro, Giant upright elephant's ear, Night-scented lily",Alocasia odora,(G.Lodd.) Spach,9506227,60469948-2,LC
1408060,Elephant ear,Alocasia portei,Schott,5329888,77177330-1,
1400011,"Aloe vera, Aloe, آلوورا, Barbados aloe, Medicinal aloe, కలబంద, Curaçao aloe, Indian aloe, Jaffarabad aloe, Mediterranean aloe, West Indian aloe, Burn plant, Coastal aloe, Common aloe, Star cactus, True aloe, Unguentine cactus, Barbados Aloes, Common Aloes, Savila, Lidah buaya, Gwar pattha, Babosa, घ्यू  कुमारी, کوار گندل, Sábila",Aloe vera,(L.) Burm.f.,2777724,530017-1,
1361151,"Orange foxtail, Short-awn foxtail, Shortawn foxtail, Short-awn Foxtail Grass, Short-awned Foxtail, Little Meadow Foxtail, Short Foxtail, Water Foxtail, Dent foxtail",Alopecurus aequalis,Sobol.,5290083,387005-1,LC
1759421,"Indian ginger, Snap ginger",Alpinia calcarata,(Andrews) Roscoe,5302054,795225-1,
1403735,"Siamese-ginger, Greater galanga, Languas, Greater galangal, Isén, Greater alangal, Great galangal, Langwas, Thai ginger, Galangale, Greater galang, Java galangal",Alpinia galanga,(L.) Willd.,5302225,795279-1,
1699964,,Alpinia latilabris,Ridl.,5301997,795310-1,LC
1699975,,Alpinia macroura,K.Schum.,5301954,795321-1,
1420905,,Alpinia malaccensis,(Burm.f.) Roscoe,5302216,795324-1,DD
1421149,"Small shell ginger, False cardamom",Alpinia mutica,Roxb.,5302190,795340-1,LC
1423941,Black fruited galanga,Alpinia nigra,(Gaertn.) Burtt,5302041,872010-1,LC
1428911,"Chinese-ginger, Lesser galanga, Lesser galangal, Small galangal",Alpinia officinarum,Hance,5302199,795352-1,
1408081,"Red ginger, ఎర్రల్లం, Ornamental Ginger, কলাবতী, Graveyard Flower",Alpinia purpurata,(Vieill.) K.Schum.,5301960,795383-1,
1420906,"Variegate-ginger, Striped narrow-leaf ginger, Variegated ginger",Alpinia vittata,W.Bull,5302160,872078-1,
1403736,"Shell-ginger, Shellplant, Light galangal, Pink porcelain-lily, Shellflower, Porcelain Ginger, Yellow Ginger, Butterfly Ginger, Variegated Ginger, Shell Alpinia",Alpinia zerumbet,(Pers.) B.L.Burtt & R.M.Sm.,5301979,872083-1,DD
1529503,Javan cucumber,Alsomitra macrocarpa,(Blume) M.Roem.,5537054,291224-1,
1778039,,Alsophila costularis,Baker,5529667,324066-2,
1729892,,Alsophila spinulosa,(Wall. ex Hook.) R.M.Tryon,5529644,17533090-1,
1429041,"Pulé Selem, Common pulai",Alstonia angustiloba,Miq.,5535765,76507-1,LC
1423951,"Deviltree, Hard alstonia, Hard milkwood, Pulai",Alstonia macrophylla,Wall. ex G.Don,5414411,76556-1,LC
1458997,,Alstonia rostrata,C.E.C.Fisch.,5535575,76584-1,LC
1409351,"Blackboard Tree, Indian devil tree, Milkwood Pine, White Cheesewood, Dogbane, Deviltree, Ditabark, Milky-bean, Milky-pine, Pali-mari, Palmira alstonia, White-pine, Milk wood, Indian pulai, Scholar tree",Alstonia scholaris,(L.) R.Br.,5414410,60445977-2,LC
1409301,"Calico-plant, Party Time, Joseph's coat, Joyweed, Parrot leaf, Shoofly, پیچک کالیکو, آلترنانترا  کالیکو،, Stichler, Krokot, Kaliko, Bettzick's Calico-plant, Bettzick's Alternanthera",Alternanthera bettzickiana,(Regel) G.Nicholson,8189919,10291-2,
1382098,"Ruby leaf, آلترنانترا, Metal Weed, Brazilian joyweed, Calico plant, Joseph's coat, Purple joyweed, Purple-leaved chaff flower, White buttons, Brazil Chaff-flower, Marie-Claire, Brazil Coat, لال جھاڑی, Joseph’s Coat, ביצן משונן, Waffle Plant, Joyweed, Pesoda, گل چای, Firebug, Crown Jewels",Alternanthera brasiliana,(L.) Kuntze,3084934,10294-2,
1410240,"Sanguinaria, Parrotleaf, Sanguinarea, Carb white, Perrotleaf, Rabbit meat, Rupturewort, Joseph's coat, Rabbit weed, Shoo-fly joyweed",Alternanthera ficoidea,(L.) P.Beauv.,3084969,1078972-2,
1721478,"Common joyweed, Joyweed",Alternanthera nodiflora,R.Br.,7323675,59266-1,
1393405,"Smooth Joyweed, Smooth chaff flower",Alternanthera paronychioides,A.St.-Hil.,3084922,327343-2,
1393409,"Alligator-weed, Pig weed",Alternanthera philoxeroides,(Mart.) Griseb.,3084923,1024156-2,
1358733,"Khaki Weed, Creeping chaffweed, Khakibur, Chaff flower, Khaki burrweed, Paper thorns, Khaki joyweed",Alternanthera pungens,Kunth,3084949,327342-2,
1393406,"Sessile joyweed, Amaranthus weed, Rabbit-meat, Dwarf Copperleaf, Sessile alligator weed, Sessile-flower globe amaranth, Red sessile joyweed, মাটিকাদুৰী, Ponnangani keerei - Tamil",Alternanthera sessilis,(L.) R.Br. ex DC.,3084939,1069792-2,LC
1408101,"Sweet alys, Bupleurum-leaved alysicarpus",Alysicarpus bupleurifolius,(L.) DC.,2948656,473510-1,LC
1569887,,Alysicarpus heyneanus,Wight & Arn.,2948593,473528-1,
1366588,"Alyce clover, Necklace pod",Alysicarpus monilifer,(L.) DC.,2948685,473535-1,
1443327,"Red moneywort, Rough chainpea",Alysicarpus rugosus,(Willd.) DC.,2948646,473557-1,
1402798,"Alyce-clover, One-leaf-clover, Buffalo-bur, Buffalo-clover, White Moneywort, Cistern Pea Nut, Sistern Pea Nut, One-leaf clover, Oneleaf Clover",Alysicarpus vaginalis,(L.) DC.,2948605,473569-1,
1459089,,Amalocalyx microlobus,Pierre ex Spire,7492879,76826-1,
1670324,,Amaracarpus pubescens,Blume,2910406,743147-1,
1356471,"Prostrate pigweed, Stiff tumbleweed, Tumble pigweed, Tumbleweed, White amaranth, Common tumbleweed, White pigweed, Pigweed, Pigweed Amaranth, Tumbleweed Amaranth, Tumble amaranth, Prostate Pigweed, تاج خروس سفید وحشی",Amaranthus albus,L.,7905507,327388-2,
1393587,"Mat Amaranth, Matweed, Matweed Amaranth, Prostate Pigweed, Prostrate Amaranth, Prostrate Pigweed, Procumbent Pigweed, Mat Pigweed, Spreading amaranth",Amaranthus blitoides,S.Watson,5384395,10615-2,
1356472,"Purple amaranth, Pigweed, Livid amaranth, Guernsey pigweed, Slender amaranth, Least Amaranth, Wild blite, Purplish amaranth, Wild Amaranth, Mediterranean amaranth, از ق",Amaranthus blitum,L.,8911082,10619-2,
1363248,"Purple amaranth, Love-lies-bleeding, Inca-wheat, Foxtail, Foxtail amaranth, Tassel-flower, Red-hot-cattail, Velvet-flower, Quelite, Garden amaranth, Jataco, Mucronate Amaranth, Pendant amaranth, Amaranth, Fox Tail Amaranth, Love Lies Bleeding, تاج خروس, Tall amaranth, Japanese knotweed, Nuns whipping rope, Crimson amaranth, دم گربه ای, Kattenstaart amarant",Amaranthus caudatus,L.,6109611,316347-2,
1363249,"Red amaranth, Purple amaranth, Indian-spinach, Sudan-spinach, Bush greens, Red shank, Wild amaranth, Panicled amaranth, Caterpillar amaranth, African-spinach, Blood amaranth, Mexican Grain Amaranth, Cape pigweed, Prince's feather, Amaranth, Dragon breath, Laal maat, Huautli",Amaranthus cruentus,L.,5384390,10631-2,
1356475,"Hybrid amaranth, Green amaranth, Slim amaranth, Smooth pigweed, Wild cabbage, Spleen amaranth, Green pigweed, Smooth amaranth, Panicled amaranth, Wild blite, Madhu, Hybrid Amaranthus, Chinese Amaranth, Common pigweed",Amaranthus hybridus,L.,5384364,10648-2,
1356476,"Reflexed amaranth, Redroot, Common amaranth, Red-root Pigweed, Redroot amaranth, Redroot pigweed, Wild-beet amaranth, Pigweed redroot, Carelessweed, Rough pigweed, American pigweed, Common Tumble Weed, Red Rooted Pigweed, Red-root Amaranth, Wild Beet, Slender pigweed, Pigweed, Wild amaranth, Smooth Pigweed, Red-rooted amaranth, تاج خروس،, తోటకూర, Szőrös disznóparéj, Štir",Amaranthus retroflexus,L.,6109534,10698-2,
1363253,"Pigweed, Thorny amaranth, Thorny pigweed, Carelessweed, Prince-of-Wales-feather, Needlebur, Edlebur, Spiny amaranth, Spiny pigweed, Prickly amaranth, Prickly calalu, Prickly Callaloo, Needle burr, Prickly caterpillar, Pigweed species, Spiny amaranthus, কাঁটা নটে শাক (Bangla), ముల్లతోటకూర",Amaranthus spinosus,L.,5384401,10711-2,
1363257,"Chinese amaranth, Chinese-spinach, Joseph's-coat, Tampala, Summer-poinsettia, Edible amaranth, Spleen amaranth, Vegetable Amaranth, Amaranth Greens, Hijau Salad Amaranth, Willow-leaf amaranth, Red Garnet Amaranth, تاج خروسی, Coleus, Elephant Trunk",Amaranthus tricolor,L.,5384397,327386-2,
1393682,"Green amaranth, చిలక తోటకూర, Tropical green amaranth, Pigweed, Prince-of-Wales-feather, Slender amaranth, Callaloo, Garden calulu, Lumboo, White caterpillar, Bledo, تاج خروس سبز, নটে শাক (Bangla), Tandulia (Sanskrit),  Lunde Saag (Nepali),, Brede Malbar",Amaranthus viridis,L.,5384334,316349-2,
1417757,Sweet sultan,Amberboa moschata,(L.) DC.,3122190,20008631-1,
1701963,Catkin Yew,Amentotaxus argotaenia,(Hance) Pilg.,2685171,828260-1,NT
1701968,Yunnan Catkin Yew,Amentotaxus yunnanensis,H.L.Li,2685185,828263-1,VU
1685569,,Amesiodendron chinense,(Merr.) Hu,3784591,782003-1,LR/nt
1409196,"Pride-of-Burma, Amherstia, Pride of Burma, Queen Amherstia, Tree of Heaven, Flame amherstia, Queen of flowering trees, Orchid tree",Amherstia nobilis,Wall.,2968146,473718-1,EW
1359606,"Eared redstem, Earleaf ammannia, Redstem, Wright's Ammannia",Ammannia auriculata,Willd.,3188714,30030870-2,LC
1359607,"Monarch Redstem, Blistering Ammania, Acrid weed, Blistering ammannia, Toothcup",Ammannia baccifera,L.,3188716,552663-1,LC
1700175,Java cardamom,Amomum maximum,Roxb.,5301789,795588-1,LC
1429452,"Bengal cardamom, Greater cardamom, Hill cardamom, Nepal cardamom, Winged cardamom, Indian cardamom, Black cardamom, Large cardamom, Big cardamon, Brown cardamom, Bengal Cardamoms, Greater Indian cardamom",Amomum subulatum,Roxb.,5301632,872166-1,DD
1464092,,Amorphophallus amygdaloides,Hett. & Sizemore,2871435,1021605-1,
1464103,,Amorphophallus atroviridis,Hett.,2871667,979834-1,
1772746,"Voodoo lily, Voodoo lily or Devil's tongue",Amorphophallus bulbifer,(Schott) Blume,2871732,84310-1,
1464118,,Amorphophallus cicatricifer,Hett.,2871518,979835-1,
1420808,"Devil's tongue, Elephant-yam, Konjac, Leopard-palm, Snake-palm, Umbrella arum, Elephant-foot yam, Konnyaku potato, Voodoo lily, Voodoo palm, Vubjjjgovh",Amorphophallus konjac,K.Koch,2871520,84377-1,
1464202,,Amorphophallus muelleri,Blume,2871712,84409-1,
1385921,"Elephant foot yam, Telinga-potato, Telingo-potato, Pungapung, Sweet-yam, Elephant-yam, Whitespot giant arum, Suweg, सूरन, White-spot giant arum, Voodoo lily, Dragon Arum, పుల్లగంద, Peony-leaf Arum, Mae, Iles-iles, කිඩාරම්, ওলকচু, Peony-leaf Amorphophallus, Deepak V Mani",Amorphophallus paeoniifolius,(Dennst.) Nicolson,2871533,60444138-2,LC
1464223,,Amorphophallus prainii,Hook.f.,2871613,84426-1,
1464229,,Amorphophallus pygmaeus,Hett.,2871400,979853-1,
1464268,,Amorphophallus yunnanensis,Engl.,2871513,84467-1,
1719783,,Ampelocissus arachnoidea,(Hassk.) Planch.,4054310,67333-1,
1697528,,Ampelocissus barbata,(Wall.) Planch.,4054232,67340-1,
1697544,,Ampelocissus divaricata,(Wall. ex M.A.Lawson) Planch.,4054024,67354-1,
1697562,Wild Indian grape,Ampelocissus latifolia,(Roxb.) Planch.,4053742,67372-1,
1697586,,Ampelocissus rugosa,(Wall.) Planch.,4053380,67393-1,
1420828,"Hairy Porcelainberry, Amur Peppervine, Porcelain Berry, Porcelain Vine, Amur pepper vine",Ampelopsis glandulosa,(Wall.) Momiy.,7293727,869644-1,
1697613,"Japanese peppervine, East Asian peppervine",Ampelopsis japonica,(Thunb.) Makino,7394232,869647-1,
1721479,,Amphicarpaea edgeworthii,Benth.,2960189,473866-1,
1569977,,Amphicarpaea ferruginea,Benth.,2960203,473868-1,
1464272,,Amydrium medium,(Zoll. & Moritzi) Nicolson,2870238,84475-1,
1384594,"Cashewnut, Cashew, Cashew apple, Cashew-nut tree, Maranon, Pajuil, Caju, జీడి మామిడి, Jambu Mente, Cashew tree, Casoy, Cushew Tree",Anacardium occidentale,L.,5421368,319068-2,LC
1498825,"Atlas Daisy, Bertram, Pelitory of Spain, Pellitory, Roman Pellitory, Spanish Pellitory, Pellitory of Spain",Anacyclus pyrethrum,(L.) Lag.,7423507,941366-1,VU
1429663,"Levantnut, Poison-berry, Fishberry, Crow killer, Fish berries, Levant berries, Indian berry, Malayan fishberry",Anamirta cocculus,(L.) Wight & Arn.,3829613,580121-1,
1379722,"Pineapple, Ananas, Phaeneapole, אננס, Nanas (Malay), అనాస, Manas, 菠蘿, BROMELIADS!!!!, Šéstotó'emeno, Nenas, Draconian, Lanas, Pīnæppel, 黄梨, Pineapple Bromeliad, Piña",Ananas comosus,(L.) Merr.,5288819,12322-2,
1498855,,Anaphalis contorta,(D.Don) Hook.f.,4933534,176397-1,
1498871,,Anaphalis griffithii,Hook.f.,3137039,176415-1,
1417760,"Pearly Everlasting, Common Pearlyeverlasting, Western Pearly Everlasting, Western Pearlyeverlasting, Common Pearly Everlasting, Marguerite, Pearl Everlasting, Siberian Eidelweiss, Grandmother's Sage",Anaphalis margaritacea,(L.) Benth. & Hook.f.,4926336,30173179-2,
1498898,,Anaphalis nepalensis,(Spreng.) Hand.-Mazz.,3136925,60445736-2,
1429686,,Anaxagorea javanica,Blume,3156892,72037-1,LC
1429726,"Creat, Green chireta, King of bitter, Kalmegh, నేలవేము, Sambiloto, Green chiretta",Andrographis paniculata,(Burm.f.) Nees,3173178,45226-1,
1365118,,Andropogon amethystinus,Steud.,4153827,387470-1,
1365122,,Andropogon chinensis,(Nees) Merr.,4151666,387663-1,
1363502,,Andropogon distachyos,L.,4150293,387783-1,
1361915,"Tambuki grass, Gamba grass, Beardgrass, Bluestem Grass, Rhodesian bluegrass, Bluestem, Bluegrass",Andropogon gayanus,Kunth,2706112,387915-1,
1419971,"Big bluestem, Turkeyfoot, Blue-stem-grass, Bluejoint, Tall Bluestem",Andropogon gerardi,Vitman,4932035,30435428-2,
1647789,,Andropogon pumilus,Roxb.,4142337,388438-1,
1659284,Umbelled rockjasmine,Androsace umbellata,(Lour.) Merr.,4007936,700464-1,
1729289,,Anemonastrum demissum,(Hook.f. & Thomson) Holub,3928166,708185-1,
1729290,,Anemonastrum elongatum,(D.Don) Holub,3928160,708186-1,
1729980,,Anemonastrum obtusilobum,(D.Don) Mosyakin,10404690,60476974-2,
1363232,"Garden dill, Dill, Койнут, सोआ, Ἄνηθον, Dill-weed, Common Dill, Indian Dill, شوید, Carrots, Mărar, Asparagus, Common Dill-weed, Kapor",Anethum graveolens,L.,3034646,837530-1,
1718529,,Angelesia splendens,Korth.,2985410,721500-1,LR/lc
1456520,"Dahurian angelica, Fragrant angelica, Chinese angelica",Angelica dahurica,(Hoffm.) Benth. & Hook.f. ex Franch. & Sav.,5537813,60451989-2,
1456523,Purple-flower angelica,Angelica decursiva,(Miq.) Franch. & Sav.,5537806,837599-1,
1456573,Pubescent angelica,Angelica pubescens,Maxim.,5537546,837743-1,
1381164,Tortoise flower,Angelonia biflora,Benth.,3742247,798921-1,
1405335,Willowleaf angelon,Angelonia salicariifolia,Bonpl.,3171808,798952-1,
1368260,"Whitejacket, Kulayadambu",Aniseia martinicensis,(Jacq.) Choisy,2928410,30070865-2,LC
1377605,"Catmint, Indian catmint, Malabar catmint",Anisomeles indica,(L.) Kuntze,3884461,444831-1,
1759617,,Anisomeles malabarica,(L.) R.Br.,3884424,444834-1,
1429917,Mersawa,Anisoptera costata,Korth.,8123894,320546-1,EN
1429937,,Anisoptera megistocarpa,Slooten,5668909,320560-1,NT
1429941,,Anisoptera scaphula,(Roxb.) Kurz,5669291,320572-1,EN
1429950,,Anneslea fragrans,Wall.,7342732,828450-1,LC
1390486,"Chirimoya, Custard-apple, Cherimoya, Sweet apple, Sugar apple, Graveola, Chirimolla, Chirimoyo, Nona, Soursop, Nonaing, Sweetsop, Annona",Annona cherimola,Mill.,5407147,927235-1,LC
1386633,"Corkwood, Cow-apple, Alligator-apple, Mangrove anona, Pond-apple, Monkey-apple, Annone des marais, Bullock's heart, Cherimoyer, Corossolier des marais, Kaitambo, Kaitambu, Uto ni bulumakau, Uto ni mbulumakau, Dog apple, Mangrove annona, Shiningleaved Custard Ap, Alligatorapfel, Custard apple, Palo bobo",Annona glabra,L.,5407100,72208-1,LC
1386673,"Soursop, Sirsak, Guanabana, లక్ష్మణ ఫలం, Prickly custard apple, Graviola, Monkey Apple, Corossol, Wild soursop, Zuurzak, Mullatha, Sorsaka, Lakshman Phal, Cancer fruit, Shelisheli, කටු අනෝදා, Aluguitugui",Annona muricata,L.,5407273,14308-2,LC
1386681,"Custard apple, Bullock's-heart, Ox-heart, Common cachiman, Corazon, Wild sweetsop, Corazón, Sweetsop, Anona corazon, Bullock-heart, Jamaica apple, Maman, రామాఫలం",Annona reticulata,L.,5407123,72295-1,LC
1386663,"Sugar apple, Sweet sop, Custard-apple, Scopapel, Cuban sugar apple, Cachiman, Anón, Ata, Custard-pineapple, Sugar-pineapple, Sharifa, Sirkaya, సింతపలక చెట్టు, القشطه, Skopapel, સીતાફળ, Soursop, Fasadabur, Atis, Seetha phalam, আতা ফল/আতা, Chirimoya, Kanonak, Sitha Phal, सीताफल",Annona squamosa,L.,5407099,72319-1,LC
1718819,,Anodendron parviflorum,(Roxb.) I.M.Turner,9483249,77158412-1,
1611160,Jewel orchid,Anoectochilus brevilabris,Lindl.,5308574,616553-1,
1611170,,Anoectochilus geniculatus,Ridl.,5308508,616576-1,
1611190,"Copper-glint Orchid, Hong Kong Jewel Orchid",Anoectochilus roxburghii,(Wall.) Lindl.,5308555,20008194-1,
1363138,"Maderia-Vine, Basell-potatoes, Mignonette-vine, Bridal wreath, Madeira-vine, Tuber vine, Heartleaf madeiravine, Gulf madeiravine, Heartleaf Madeira-vine, Lamb's-tail, Heart-leaf Madeira vine, Enredadera del mosquito, Shore Horsetail, Binahong",Anredera cordifolia,(Ten.) Steenis,3083508,14549-2,
1611196,,Anthogonium gracile,Wall. ex Lindl.,2816810,616665-1,
1360613,"Cow parsley, Common chervil, Garden Chervil, Chervil, Cerfille, Salad chervil, Sweet cicely, French Parsley, Queen Ann's lace, Feverfew, Choerephyllum, Hasmațuchi",Anthriscus cerefolium,(L.) Hoffm.,5371746,837913-1,
1719788,"Sackingtree, Upastree, Poison tree, Antiaris",Antiaris toxicaria,(J.F.Gmel.) Lesch.,7262663,850341-1,LC
1641329,,Antidesma acidum,Retz.,3076532,338815-1,LC
1408479,"Chinese-laurel, Herbert River-cherry, Queensland-cherry, Currant-tree, Salamander-tree, Wild cherry, Bignay, Bignay China-laurel, China laurel",Antidesma bunius,(L.) Spreng.,3076436,338853-1,LC
1430134,,Antidesma coriaceum,Tul.,3076449,338879-1,LC
1404008,"Black currant-tree, Guncaq/guncar/gucil, Goncar, Tonduripis",Antidesma ghaesembilla,Gaertn.,3076438,128660-3,LC
1430166,,Antidesma montanum,Blume,3076595,339006-1,LC
1430173,,Antidesma neurocarpum,Miq.,3076696,339015-1,LC
1422568,Tassel-berry,Antidesma venosum,E.Mey. ex Tul.,3076520,339151-1,LC
1377016,"Chain-of-love, Coral vine, Mountain-rose coralvine, Queen's jewels, Confederate-vine, Mexican-creeper, Bee bush, San Miguelito vine, Corallita, San Miguel Vine, Mexican coral vine, Queen's wreath, Bride's Tears, Cemetary vine, Miss Rebecca, Coralita, Coralito, Cemetery vine, Chain of love, Honolulu creeper, Pink vine, St James' flower, St Michael's flower, పిచ్చి బఠానీ, Heavenly Vine, Memitos",Antigonon leptopus,Hook. & Arn.,2889355,15860-2,
1359845,"Snapdragon, Dragon Plant, میمون, Greater Snapdragon, Common snapdragon, Large snapdragon, Garden snapdragon, Great snapdragon, Dragon's-mouth, ""common snapdragon, Lion jaws, Bonny Rabbits, Rabbit's Mouth, Zijevalica, Common snapdragon; garden snapdragon; snapdragon, Dog Flower",Antirrhinum majus,L.,3172001,799180-1,
1709261,,Antrophyum callifolium,Blume,4047651,17023050-1,
1419482,"Rohituka Tree, Pithraj Tree, Amoora",Aphanamixis polystachya,(Wall.) R.Parker,5597304,577579-1,LC
1490828,"Mukutree, Scabrous aphananthe, Tulip wood, Sandpaper tree",Aphananthe aspera,(Thunb.) Planch.,4159921,850347-1,LC
1430216,,Aphananthe cuspidata,(Blume) Planch.,8293016,850349-1,
1363218,"Celery, Wild Celery, Celeriac, Smallage, Garden Celery, Marsh parsley, کرفس, Sledri",Apium graveolens,L.,5371879,838067-1,LC
1415397,Mauritian grass,Apluda mutica,L.,5289910,389110-1,
1408597,White pear,Apodytes dimidiata,E.Mey. ex Arn.,3597463,434212-1,LC
1463545,"Floating lace Plant, Drifting Sword Plant, Floating laceplant, Floating-leaf aponogeton",Aponogeton natans,(L.) Engl. & K.Krause,5328578,82958-1,LC
1430253,,Aporosa arborea,(Blume) Müll.Arg.,5383405,339191-1,LC
1430328,"Bastard Rukam, Rukam Utan",Aporosa frutescens,Blume,5383378,339224-1,LC
1430366,,Aporosa nervosa,Hook.f.,5383523,339251-1,LC
1641451,,Aporosa penangensis,(Ridl.) Airy Shaw,5383518,339306-1,LC
1430404,,Aporosa symplocoides,(Hook.f.) Gage,5383420,339277-1,LC
1415463,Reflexed appendicula,Appendicula reflexa,Blume,5325001,616948-1,
1430484,"Indian aloewood, Malayan eaglewoodtree, Eaglewood, Lign-aloes, Aloeswood, Agarwood, Agalwood, Agar, Agaru, Aloewood, Malayan Eaglewood Tree, Paradise Wood, Kaju ghâru, Malayan eaglewood, Incense wood",Aquilaria malaccensis,Lam.,5524063,830835-1,CR
1693401,"Chinese agarwood, Incense tree, Chinese Eaglewood",Aquilaria sinensis,(Lour.) Spreng.,5523984,830849-1,VU
1366780,"Peanut, Goober, Groundnut, Amazambane, Monkey nut, ”kizɔ́ɔ́, Kacang tana, Kacang tanah, Asɔbɔ́, Beleŋ, Biyɛ́, Bí', Granut, Hiondé, Iiso, Kokoy sonson, Kɔsí, Kə̀nà, Maɓɔngɔ, Mbiyāʼ, Mbiáŋ, Moso, Mənzʉ, Mɨntsʉmbí, Mɨ̀ndə́ké, Njighísi, Owondo, Pinda, PiriÃ¨n, Péli, Swaa, Tɔmbaŋa, Wundε, Wòndòo, Ziimaami, Zoɔkɔ, Òwònò, Ɔsɔb, Ǹtsɔ̀ŋndzə̄, ߕߌ߬ߦߊ, ManÁ, ManÁ Largo, Earthnut, పల్లి (వేరుశనగ), मूंगफली",Arachis hypogaea,L.,5353770,318562-2,
1704347,East Indian hollyfern,Arachniodes carvifolia,(Kunze) Ching,2650952,17427460-1,
1704352,Big-caudate hollyfern,Arachniodes chinensis,(Rosenst.) Ching,7319214,17427500-1,
1435207,"Simpler hollyfern, Caudate hollyfern, Simpler East Indian holly fern, Simpler holly fern",Arachniodes simplicior,(Makino) Ohwi,2650954,17427950-1,
1426715,"Spider Orchid, Air-flower arachnis",Arachnis flos-aeris,(L.) Rchb.f.,5313055,617011-1,
1421051,"Chinese angelica tree, Chinese aralia",Aralia chinensis,L.,3036940,89608-1,VU
1467070,,Aralia leschenaultii,(DC.) J.Wen,3037075,971073-1,LR/lc
1570313,,Archidendron clypearia,(Jack) I.C.Nielsen,2941309,475044-1,LC
1719790,,Archidendron ellipticum,(Blume) I.C.Nielsen,8638856,475051-1,LC
1430621,,Archidendron globosum,(Blume) I.C.Nielsen,2941218,475057-1,LC
1418873,Jengkol,Archidendron jiringa,(Jack) I.C.Nielsen,2941605,475066-1,LC
1570341,,Archidendron lucidum,(Benth.) I.C.Nielsen,2941456,475074-1,LC
1396002,"Great Burdock, Greater burdock, Burdock, Beggar's-buttons, Lappa, Edible burdock, Gobo, Greater Burrdock, Harlock, Woodland Burdock, Cuckold, Cockle Buttons, Fox's-clote, Thorny Bur, European Burdock, Woodland burrdock, Brusture, Stor Kardborre, Great Burrdock",Arctium lappa,L.,7353729,178385-1,
1499416,"African daisy, White Arctotis, Blue-eyed African daisy",Arctotis stoechadifolia,P.J.Bergius,5406226,178706-1,
1408623,"Coralberry, Coralberry-tree, Coralbush, Hen's-eyes, Spiceberry, Scratchthroat, Christmas berry, Oblong leaf coralberry, Big coralberry, Australian holly, Coral ardisia",Ardisia crenata,Sims,5414379,586890-1,
1406545,"Shoebutton, Shoe-button ardisia, Shoebutton ardisia, Inkberry, Seashore ardisia, China-shrub, Lampeni, Tagpo in Filipino, Coralberry, Lampennè, Ive been calling it a banana leaf ficus",Ardisia elliptica,Thunb.,5414375,586971-1,LC
1430773,Low shoebutton,Ardisia humilis,Vahl,5558193,587087-1,
1659686,,Ardisia mamillata,Hance,5557539,587222-1,
1659822,,Ardisia polycephala,Wall. ex A.DC.,8212350,587438-1,LC
1659832,,Ardisia primulifolia,Gardner & Champ.,5558460,587450-1,
1659862,,Ardisia quinquegona,Blume,7331031,587496-1,LC
1659931,,Ardisia sieboldii,Miq.,7330962,587600-1,LC
1409371,China-Shrub,Ardisia solanacea,Roxb.,5414378,18339-2,LC
1660026,,Ardisia wallichii,A.DC.,7769147,587737-1,EN
1385881,"Indian-nut, Areca palm, Areca-nut, Areca-nut palm, Catechu, Pinang palm, Betel palm, Betel-nut palm, Betelnut, Betelnut palm, Betel nut plam, Pinang, పోక చెట్టు, Supari",Areca catechu,L.,2736531,664107-1,LC
1417560,"Australian areca palm, Bungua, Wild areca palm, Triandra palm",Areca triandra,Roxb. ex Buch.-Ham.,2736565,664230-1,LC
1426858,,Arenga caudata,(Lour.) H.E.Moore,2733957,664247-1,
1468483,Fishtail palm,Arenga hookeriana,(Becc.) Whitmore,2734011,664253-1,LC
1468489,Lang kap,Arenga obtusifolia,Mart.,2733990,664260-1,LC
1409242,"Malay sago palm, Areng palm, Black-fiber palm, Gomuti palm, Sugar palm, Sagwine",Arenga pinnata,(Wurmb) Merr.,2733997,664261-1,LC
1356300,"Bermuda thistle, Mexican-poppy, Mexican prickly-poppy, Mexican thistle, Yellow thistle, Yellow-flower Mexican-poppy, Prickly-poppy, Mexican Pricklypoppy, Yellow Pricklypoppy, Thistle, Thorn Poppy, Yellow Prickly-poppy, Mexican prickle poppy, Devil's fig, Binneguy Thistle, Yellow Poppy, Yellow mexican poppy, బలురక్కసి, Poppy weed, Opium Thistle",Argemone mexicana,L.,2888485,18816-2,
1729533,,Argentina festiva,(Soják) Soják,8015413,77146915-1,
1729536,,Argentina leuconota,(D.Don) Soják,8022597,77146925-1,
1729542,,Argentina microphylla,(D.Don) Soják,8380317,77146932-1,
1670743,,Argostemma verticillatum,Wall.,2917297,743839-1,
1408638,"Marguerite, Marguerite Daisy, Boston daisy, Paris Daisy, Paris marguerite, White marguerite, مینای چمنی, بابونه, Federation daisy, Molimba Pink",Argyranthemum frutescens,(L.) Sch.Bip.,3104491,178745-1,
1728756,,Argyreia argentea,(Roxb.) Sweet,8173453,60454727-2,
1527068,,Argyreia capitiformis,(Poir.) Ooststr.,7324204,265154-1,
1728761,,Argyreia hookeri,C.B.Clarke,3678859,265196-1,
1409197,"Elephant creeper, Baby wood-rose, Elephant-climber, Elephant-vine, Silken-cord, Silver-morning-glory, Wood-rose, Woolly-morning-glory, Silver morning glory, Woolly morning glory, Elephant ear vine, Hawaiian baby woodrose",Argyreia nervosa,(Burm.f.) Bojer,2928692,265238-1,
1773112,,Argyreia obtusifolia,Lour.,2928691,265244-1,
1728762,,Argyreia roxburghii,(Sweet) Choisy,8530381,265270-1,
1728763,,Argyreia setosa,(Roxb.) Sweet,10984468,77176656-1,
1783489,,Argyreia sikkimensis,(C.B.Clarke) Ooststr.,8505318,265282-1,
1424231,Silver morning glory,Argyreia splendens,(Hornem.) Sweet,3678723,265288-1,DD
1465247,,Arisaema concinnum,Schott,2867415,85608-1,
1465249,"Himalayan cobra lily, Jack-in-the-pulpit",Arisaema consanguineum,Schott,2866814,85609-1,
1465268,,Arisaema franchetianum,Engl.,2867210,85649-1,
1465271,,Arisaema garrettii,Gagnep.,2867236,85652-1,
1465285,Jacquemont's Cobra-Lily,Arisaema jacquemontii,Blume,2867146,85681-1,LC
1465322,Arnica,Arisaema nepenthoides,(Wall.) Mart.,2866845,85736-1,
1420854,"Showy cobra-lily, Cobra-lily",Arisaema speciosum,(Wall.) Mart.,2866892,85815-1,
1420865,"Arisaema, Whipcord cobra lily",Arisaema tortuosum,(Wall.) Schott,2867254,85841-1,
1363434,"Annual-bristle grass, Six-weeks three-awn, Sixweeks Threeawn, Mule Grass, Six-weeks Tree-awn Grass, Annual bristlegrass, Common needlegrass, Common Needle-grass, سه سیخکی، سیف",Aristida adscensionis,L.,2706277,319759-2,
1364908,,Aristida cumingiana,Trin. & Rupr.,4128639,389345-1,
1363436,చీపురు గడ్డి,Aristida funiculata,Trin. & Rupr.,4127452,389437-1,
1647964,,Aristida hystrix,L.f.,4126691,389501-1,
1409061,,Aristida setacea,Retz.,4123089,389775-1,
1408667,Indian birthwort,Aristolochia acuminata,Lam.,8207569,92718-1,
1363606,Wormkiller,Aristolochia bracteolata,Lam.,3588540,92786-1,
1470602,,Aristolochia griffithii,Hook.f. & Thomson ex Duch.,3589043,92982-1,
1408674,Indian birthwort,Aristolochia indica,L.,7313567,93025-1,
1470647,,Aristolochia kongkandae,Phuph.,3589686,77080301-1,
1389431,"Elegant Dutchman's-Pipe, Calico flower, Dutchman's pipe, Pelican flower, Duck, Duck vine, Purple Heart",Aristolochia littoralis,Parodi,2873993,93074-1,
1384234,"Gaping dutchman's pipe, Pelican flower, Marsh clubmoss, Dutchman’s pipe",Aristolochia ringens,Vahl,2873998,93285-1,
1470876,,Aristolochia zollingeriana,Miq.,5836315,93453-1,
1409282,"Climbing Ilang-Ilang, Climbing ylang-ylang, Tail grape, మనోరంజితము / ఫలసంపంగి",Artabotrys hexapetalus,(L.f.) Bhandari,3154909,72395-1,
1431102,,Artanema longifolium,(L.) Vatke,7666226,799419-1,
1357268,"Wormwood, Absinthe, Absinthe wormwood, Absinthium, Absinth wormwood, Absinth Sagewort, Common Sagewort, Common Wormwood, Absinthe Sagewort, Lad's Love, Old Man, Insipid absinth, Old woman, Oldman wormwood, Wormwood [plant], افسنطین، خاراگوش، مروه",Artemisia absinthium,L.,3121319,300106-2,
1382106,"Sweet sagewort, Sweet Annie, Sweet Wormwood, Annual wormwood, Annual mugwort, Soya, Bebaru Cina, Annual Sagewort, Tansy",Artemisia annua,L.,8373355,304416-2,
1431141,"Yin-chen wormwood, Capillary artemisia, Capillary wormwood",Artemisia capillaris,Thunb.,3120722,179314-1,
1362645,"Tarragon, Russian tarragon, French tarragon, Silky wormwood, Wild tarragon, False Tarragon, Green Sagewort, Wormwood, Dragon Wormwood, Dragon Sagewort, Estragon, Linear-leaved Wormwood, Tarragon Sagewort, Little Dragon, True Tarragon, Tarhon",Artemisia dracunculus,L.,3121581,307848-2,
1499660,Korean wormwood,Artemisia indica,Willd.,3120972,179626-1,
1417767,"White mugwort, Guizhou mugwort",Artemisia lactiflora,Wall. ex DC.,3121137,179704-1,
1397320,"Wormseed, Sea wormwood, Maritime wormwood",Artemisia maritima,L.,3121650,179785-1,
1357289,"Yin-chen wormwood, Redstem wormwood, Red-Stem Wormwood, Virgate wormwood, Red-stemmed wormwood",Artemisia scoparia,Waldst. & Kit.,3120713,180092-1,
1364152,"Mugwort, Common wormwood, Felonherb, Green-ginger, Artemisia, Hierba De San Juan, Eurasian Wormwood, Common Mugwort, Lobed Wormwood, Mother Of Herbs, Chrysanthemum weed, Douglas Mugwort, Sailor's Tobacco, Wild Chrysanthemum, Chinese moxa, Old Man, St. John's plant, Naughty man, Old uncle Henry, Traveler's herb, Wild wormwood, Ragweed, Pelin negru, Ngải cứu, The Sleeping Crone, Sagebrush, Bijvoet",Artemisia vulgaris,L.,3120946,20812-2,
1364440,"Jointhead, Small carpet grass, Small Carpgrass, Small carpetgrass, Jointhead arthraxon, Creek grass, Joint-head Arthraxon, Joint-Head Grass, Hairy jointgrass, Small carp grass",Arthraxon hispidus,(Thunb.) Makino,5290201,390037-1,
1364441,,Arthraxon lancifolius,(Trin.) Hochst.,5674603,390046-1,
1648115,,Arthraxon prionodes,(Steud.) Dandy,5674566,390067-1,
1380614,Lesser creeping fern,Arthropteris palisotii,(Desv.) Alston,4196858,17370240-1,
1363145,"Breadfruit, Dugdug, Breadfruit Tree, Pana, Artocarpus",Artocarpus altilis,(Parkinson) Fosberg,2984573,582598-1,
1431146,,Artocarpus altissimus,(Miq.) J.J.Sm.,3765235,582600-1,
1431147,,Artocarpus anisophyllus,Miq.,7262640,850354-1,VU
1601538,Chaplash,Artocarpus chama,Buch.-Ham.,8116945,927743-1,
1419496,Terap,Artocarpus elasticus,Reinw. ex Blume,7425575,850378-1,LC
1402426,"Jackfruit, কাঠাল, పనస, Nangka, Jack, Jak, Jacktree, Jack fruit tree, Jak-fruit, Jackfruit Tree, Pala pazham, 菠萝蜜, Lamkhuang, Langka, कटहल, फणस (Marathi), उमर, Fenesi, Na'a",Artocarpus heterophyllus,Lam.,2984565,850389-1,
1419497,"Chempedak, Champedak, Tjampedak, Jack fruit, Campedak, Jack tree",Artocarpus integer,(Thunb.) Merr.,2984566,582622-1,LC
1431156,,Artocarpus kemando,Miq.,3764693,850399-1,NT
1419498,"Monkey-jack, Monkey-jack-tree, Monkeyfruit",Artocarpus lacucha,Buch.-Ham.,7880698,927744-1,
1431157,,Artocarpus lanceifolius,Roxb.,7776286,850407-1,LC
1791645,,Artocarpus montanus,E.M.Gardner & Zerega,10673216,77210966-1,
1419500,"Monkey-jack, Monkey jackfruit",Artocarpus rigidus,Blume,2984576,850443-1,LC
1400845,"Bamboo Orchid, Philippines Orchid",Arundina graminifolia,(D.Don) Hochr.,2795522,1003834-2,
1648181,,Arundinella hookeri,Munro ex Keng,5673435,390670-1,
1365276,"Reed grass, River grass",Arundinella nepalensis,Trin.,5673346,390700-1,LC
1728711,,Arundinella pumila,(Hochst. ex A.Rich.) Steud.,5673294,390719-1,
1363442,"Bamboo reed, Giant-reed, Spanish-reed, Arundo grass, Cow cane, Donax cane, Giant cane, River cane, Spanish cane, Reed, Wild cane, Reedgrass, Cana brava, Arundo, Cane, Carrizo, Giant reed grass, Spanish cane/reed, قمیش، نی هندی",Arundo donax,L.,2703041,390837-1,LC
1470882,,Asarum blumei,Duch.,3589072,93464-1,
1363822,"Tropical Milkweed, Bastard ipecacuana, Cottonbush, Red milkweed, Scarlet milkweed, Milky cottonbush, Bastard-ipecac, Madagascar cottonbush, West Indian ipecacuana, Wallflower cottonbush, False ipecac, Red-cotton, Redhead, Redhead cottonbush, Wild ipecac, Wild oleander, Swallowwort, Bloodflower, Bloodflower milkweed, Hierba de la cucaracha, Wild ipecacuanha, Ipecacuanha, Ipecacuanha Hippety- iguana, Ipecacuanha Hippetyiguana, Butterfly weed, Milkweed, Blood-flower milkweed, Red-head cottonbush, Bastard ipecacuanha, Indian root, Mexican milkweed, Orange milkweed, Silk flower, Red-head plant, Silkweed, Royal crown flower, ""Red milkweed"" - Asclepias incarnata !!!, Swamp milkweed",Asclepias curassavica,L.,3170241,94213-1,
1431171,"Chinese asparagus, Lucid Asparagus, Shiny asparagus",Asparagus cochinchinensis,(Lour.) Merr.,2768772,531041-1,DD
1417653,Fern asparagus,Asparagus filicinus,Buch.-Ham. ex D.Don,2768732,531104-1,DD
1386178,"Asparagus-fern, Spiny Asparagus, Wild Asparagus, Asparagus",Asparagus racemosus,Willd.,2768632,531271-1,
1471499,,Aspidistra connata,Tillich,2769911,77071364-1,
1471517,,Aspidistra grandiflora,Tillich,2769888,77086968-1,
1471530,,Aspidistra longifolia,Hook.f.,2769910,531591-1,
1471566,,Aspidistra subrotata,Y.Wan & C.C.Huang,2769906,932542-1,
1720442,Egyptian Spleenwort,Asplenium aethiopicum,(Burm.f.) Becherer,2650613,17370980-1,
1408769,,Asplenium affine,Sw.,4257449,17038750-1,
1702250,,Asplenium antrophyoides,Christ,4257291,17239640-1,
1438177,Little spleenwort,Asplenium exiguum,Bedd.,2650701,17043180-1,
1720477,Spleenwort,Asplenium longissimum,Blume,4256436,17046410-1,
1409110,,Asplenium macrophyllum,Sw.,8020334,17046770-1,
1720481,Rainforest spleenwort,Asplenium normale,D.Don,2650655,17048230-1,
1408865,,Asplenium pellucidum,Lam.,4258061,17048990-1,
1702475,Protruding spleenwort,Asplenium prolongatum,Hook.,4256698,17304410-1,
1720447,,Asplenium salignum,Blume,4257201,17050770-1,
1720700,,Asplenium simile,Blume,4258730,17051620-1,
1426289,Shallow-teeth spleenwort,Asplenium tenerum,G.Forst.,8273923,17052550-1,
1702558,,Asplenium thunbergii,Kunze,4256791,17052720-1,
1702603,Brown scaled spleenwort,Asplenium yoshinagae,Makino,7310823,324069-2,
1500053,Rough-surface aster,Aster ageratoides,Turcz.,5387639,180576-1,
1500057,,Aster albescens,(DC.) Wall. ex Hand.-Mazz.,5387533,180587-1,
1382107,"European Michaelmas-daisy, Michaelmas Aster, Italian aster, Italian starwort, Summer Michaelmas daisy, Michaelmas Daisy, Fall Aster",Aster amellus,L.,8133114,331070-2,
1500135,Bristle-hair aster,Aster hispidus,Thunb.,7921044,927447-1,
1729683,,Aster trinervius,Roxb. ex D.Don,7496501,24217-2,
1721909,,Aster verticillatus,"(Reinw.) Brouillet, Semple & Y.L.Chen",9595615,77117789-1,
1687651,"Tall False-buck's-beard, Tall false buck's beard",Astilbe rivularis,Buch.-Ham. ex D.Don,7596861,790314-1,
1420649,"Chinese astilbe, Astilbe",Astilbe rubra,Hook.f. & Thomson,7339513,790315-1,
1572842,"Chinese milk-vetch, Chinese milkvetch, Chinese clover",Astragalus sinicus,L.,5345082,479842-1,
1405641,"Chinese violet, Coromandel, Creeping foxglove, Ganges primrose, Asystasia, Philippine violet, Primrose, Asytasia, Thập vạn thác, Asystasia Flower",Asystasia gangetica,(L.) T.Anderson,3173254,45742-1,
1748480,,Asystasia intrusa,(Forssk.) Blume,7468660,45747-1,
1431179,Asystasia,Asystasia nemorum,Nees,3774884,45769-1,
1420503,Chinese box-orange,Atalantia buxifolia,(Poir.) Oliv. ex Benth.,7696628,771380-1,LC
1682196,"Cochin China atalantia, Cochin-china-atalantia",Atalantia citroides,Pierre ex Guillaumin,7861000,771388-1,DD
1682203,Indian atalantia,Atalantia monophylla,DC.,8708284,771414-1,LC
1682204,Bombay atalantia,Atalantia racemosa,Wight ex Hook.,8320858,771423-1,LC
1729959,,Athyrium badium,(Ching) Christenh.,9739580,77182817-1,
1702807,,Athyrium clarkei,Bedd.,5644513,17054520-1,
1390554,"Japanese painted fern, Oriental Ladyfern, Fern",Athyrium niponicum,(Mett.) Hance,7125894,17055840-1,
1702966,"Vidal’s ladyfern, Japanese lady fern, Vidal's lady fern",Athyrium vidalii,(Franch. & Sav.) Nakai,7289194,17307320-1,
1702968,,Athyrium wallichianum,Ching,5644367,17373730-1,
1500396,Southern tsangshu,Atractylodes lancea,(Thunb.) DC.,3122433,182976-1,
1363180,"Garden orache, Mountain Spinach, Orache, Arrach, French Spinach, Garden orach, Red Orach, Armuelle mole, Bledos moles, Garden saltbush, Garden atriplex, Orach",Atriplex hortensis,L.,3083761,272934-2,
1789280,,Atuna excelsa,(Jack) Kosterm.,3745558,167938-1,
1548648,Chinese acuba,Aucuba chinensis,Benth.,3033094,271445-1,LC
1548653,Himalaya laurel,Aucuba himalaica,Hook.f. & Thomson,3033058,271450-1,LC
1363469,"Wild oats, Red oat, Tree oat, Oat, Side oat, Oats, Wild oat, Green mountain, Storm king, Tartar king, White tartar, Common oat, Saat-Hafer, Uvedzu, Āte, ओट, जई, Algerian Oat, Cultivated Oats, Common Oats, Cultivated Oat, Naked Oats, Oatgrass (common)",Avena sativa,L.,2705290,391732-1,
1366296,"Bilimbi, Tree-sorrel, Bilimbi-tree, Cucumber-tree, Blimbe, Blimbing asam, Belimbing, Pickle Fruit, Kamias (Philippines), Birambi",Averrhoa bilimbi,L.,2891640,371869-1,LC
1366297,"Starfruit, Carambola, Blimbing, Five-corner, Star pickle, Caramba, Chinese gooseberry, Country gooseberry, Five FIngers, কামরাঙা, Belimbing, Bhlimbhing, വൈരപ്പുളി, Cây Khế",Averrhoa carambola,L.,2891641,371870-1,DD
1431183,,Avicennia alba,Blume,6413459,861116-1,LC
1363349,"Grey mangrove, White mangrove, Gray Mangrove, Manawa, Grey Avicennia, Blackwood, Parwa, حرا",Avicennia marina,(Forssk.) Vierh.,2925403,861130-1,LC
1431184,"Baen, Bina, White mangrovetree, White mangrove, Indian mangrove",Avicennia officinalis,L.,6413451,861138-1,LC
1402995,"Carpet grass, American carpet grass, Broadleaf Carpetgrass, Dorrington grass, Louisiana grass, Blanket grass, Broadleaf carpet grass, Lawn grass, Tropical carpet grass, Tropical carpetgrass, Savannah grass, Broad-leaf carpetgrass, Flat jointgrass",Axonopus compressus,(Sw.) P.Beauv.,2705924,392087-1,LC
1407413,"Caratao grass, Common carpet grass, Carpet grass, Common Carpetgrass, Durringtongrass, Narrow-leaf carpetgrass",Axonopus fissifolius,(Raddi) Kuhlm.,2705932,27338-2,
1403789,"Yapana, Triplinerved eupatorium",Ayapana triplinervis,(Vahl) R.M.King & H.Rob.,3142644,27457-2,
1431187,"Neem Tree, Sentang",Azadirachta excelsa,(Jack) Jacobs,3852944,577602-1,LC
1405342,"Neem, Neem Tree, नीम, వేప, Indian lilac, Nimtree, Margosa, নিম, چریش, نیم کا درخت, വേപ്പ്, લીમડો, Maina, Mkilifi, வேம்பு இலை, Mwarobaini",Azadirachta indica,A.Juss.,3190474,1213180-2,LC
1592935,,Azanza lampas,(Cav.) Alef.,3939827,559027-1,LC
1372610,"Needle Bush, Beehanger, Mistletoe",Azima tetracantha,Lam.,3796625,779315-1,LC
1356370,"Mosquito fern, Mosquito-plant, Fairy-moss, Carolina mosquitofern, Eastern mosquito fern, Carolina azolla, Carolina mosquito fern, Atlantic azolla, Pacific Azolla, Pacific Mosquitofern, Water Fern",Azolla caroliniana,Willd.,2650105,17056910-1,
1748551,"Feathered mosquitofern, Mosquito Fern, Ferny azolla, Green azolla, Water velvet, Pinnate mosquito fern, Feathered mosquito fern, African azolla",Azolla pinnata,R.Br.,2650106,17057020-1,LC
1431196,,Baccaurea minor,Hook.f.,3082155,339649-1,LC
1419884,Rambai,Baccaurea motleyana,(Müll.Arg.) Müll.Arg.,3082113,339652-1,LC
1431200,Wild rambai,Baccaurea parviflora,(Müll.Arg.) Müll.Arg.,3082081,339660-1,LC
1431201,,Baccaurea polyneura,Hook.f.,3082102,339667-1,LC
1737407,"Menteng, Kapundung",Baccaurea racemosa,(Reinw.) Müll.Arg.,3082122,339676-1,LC
1419886,"Baccaurea, Burmese-grape, Latke",Baccaurea ramiflora,Lour.,3082142,339677-1,LC
1431206,,Baccaurea sumatrana,(Miq.) Müll.Arg.,3082179,339692-1,LC
1374978,"Kinka-oil, Kinka oil ironweed, Ironweed, Purple fleabane",Baccharoides anthelmintica,(L.) Moench,3087253,183904-1,
1645938,,Bacopa floribunda,(R.Br.) Wettst.,3731692,799512-1,LC
1403533,"Monnier's hedge hyssop, Herb-of-Grace, Herb of grace, Brahmi, Coastal Waterhyssop, Thyme-leafed gratiola, Water Hyssop, ब्राह्मी, Coastal Water Hyssop, Coast bacopa, Monnier water hyssop, Bacopa, Indian pennywort, Indian water hyssop, నీటిబ్రహ్మి",Bacopa monnieri,(L.) Wettst.,7836060,1072674-2,LC
1424353,,Badula insularis,A.DC.,3721694,587781-1,
1542854,,Balakata baccata,(Roxb.) Esser,3063658,1007111-1,LC
1383949,,Balanophora abbreviata,Blume,4195229,103224-1,
1473415,,Balanophora dioica,R.Br. ex Royle,7974253,103237-1,
1431210,Fox's tail balanophora,Balanophora fungosa,J.R.Forst. & G.Forst.,7147896,103250-1,
1473417,,Balanophora harlandii,Hook.f.,7309786,103255-1,
1473420,,Balanophora latisepala,(Tiegh.) Lecomte,4927572,60474093-2,
1473421,,Balanophora laxiflora,Hemsl.,4195050,103272-1,
1473427,,Balanophora subcupularis,P.C.Tam,4195279,957795-1,
1431215,"Common bamboo, Giant bamboo, Plains bamboo, Balcooa bamboo, Cape bamboo, Balku, Clumping Bamboo, Boro bans",Bambusa balcooa,Roxb.,4144244,392253-1,
1404622,"Indian thorny bamboo, Thorny bamboo, Giant thorny bamboo, Spiny bamboo, Common bamboo, Surinaamse bamboe, Yello bamboo, Bamboo",Bambusa bambos,(L.) Voss,2705752,392256-1,
1648372,"White-powder bamboo, Tropical Blue Bamboo",Bambusa chungii,McClure,4143825,392290-1,
1718534,"Chinese dwarf bamboo, Chinese-goddess bamboo, Hedge Bamboo, Oriental hedge bamboo, Chinese bamboo",Bambusa multiplex,(Lour.) Raeusch. ex Schult.f.,2705757,1097548-2,
1648428,Bush bamboo,Bambusa oliveriana,Gamble,4141684,392446-1,
1718535,"Giant thorny bamboo, Indian thorny bamboo, Thorny bamboo",Bambusa spinosa,Roxb.,7370875,1043127-2,
1419983,"Bengal bamboo, Spineless Indian bamboo, Bamboo, Calcutta cane",Bambusa tulda,Roxb.,2705765,392551-1,
1419984,"Verdant bamboo, Puntingpole bamboo, Punting-pole bamboo, Buddha bamboo, Buddha's belly bamboo, Dwarf bamboo",Bambusa tuldoides,Munro,2705762,392553-1,
1718536,"Buddha bamboo, Buddha's-Belly bamboo, Punting-pole bamboo, Verdant bamboo, Dwarf bamboo",Bambusa ventricosa,McClure,4140151,392561-1,
1404286,"Wamin Bamboo, Common bamboo, Golden bamboo, Feather bamboo",Bambusa vulgaris,Schrad. ex J.C.Wendl.,7661971,392574-1,
1385131,"Philippine-violet, Bluebell, Bluebell barleria, Crested Philippine-Violet, Blue Togor, Purple angel, Popli, Shooting star",Barleria cristata,L.,3173128,45927-1,
1404999,"Hop-headed barleria, Hophead Philippine violet, Hop-head, Dog bush, Hop-head Philippine-violet",Barleria lupulina,Lindl.,3173126,46059-1,
1409074,"Barleria, Porcupine-flower, Dog bush, Yellow Hedge Barleria, ముళ్ళగోరింత",Barleria prionitis,L.,3173129,46147-1,
1423537,,Barleria strigosa,Willd.,3770457,46236-1,
1734322,"Flower of Pakistan, Monkey-flower tree",Barnebydendron riedelii,(Tul.) J.H.Kirkbr.,3931454,1210001-2,LC
1431222,"Freshwater mangrove, Mango-pine, Itchytree, Indian oak, Stream barringtonia, Wild rambal, Attupezhu, Cheriyasamsthradhi, Small Indian Oak, হিজল, Lộc Vừng",Barringtonia acutangula,(L.) Gaertn.,3082835,591177-1,LC
1385700,"Mango-pine, Mangobark, Beach barringtonia, Asian barringtonia, Fish-killer-tree, Fish-poison-tree, Sea Putat, Box fruit, Barringtonia, Bishop's cap, Fish poison tree, Mitre cap, Pain tree, Sea poison tree, Botong",Barringtonia asiatica,(L.) Kurz,3082920,469061-1,LC
1431227,,Barringtonia macrocarpa,Hassk.,3082833,77306599-1,
1431228,Red putat,Barringtonia macrostachya,(Jack) Kurz,3082792,469115-1,LC
1385699,"Brackwater mangrove, Cassowary-pine, Freshwater mangrove, Powderpuff-tree, Mango-pine, Mangobark, Cornbeefwood, Derbyshire-pine, Fish-poison-tree, China-pine, Putat kampung, Fish-killer tree, Fish-poison wood, Hijalna, Yakooro, Common putat, Powder-puff Tree",Barringtonia racemosa,(L.) Spreng.,3082727,155081-3,LC
1383999,"Indian-spinach, Malabar-spinach, బచ్చలి, Spinach, Vine-spinach, Malabar-nightshade, Ceylon-spinach, လှိုန်, Red vine spinach, Common Stonewort, Binahong, Alugbati (Filipino name), পুই শাক, Guyana Callaloo, Gendola, Alogbate (tagalog)",Basella alba,L.,3083504,164286-1,
1377423,"Musk-basil, Little spurflower",Basilicum polystachyon,(L.) Moench,3882375,155574-3,
1418499,"Burningbush, Kochia, Belvedere, Mexican Firebrush, Mexican Fireweed, Mock Cypress, Summer-cypress, Common Kochia, Common Red Sage, Red Belvedere, Mexican burning bush, جاروی قزوینی،",Bassia scoparia,(L.) A.J.Scott,5383936,164422-1,
1366771,"Dwarf white bauhinia, Bauhinia, Mountain ebony, Dwarf white orchid tree, White bauhinia, Bell Bauhinia",Bauhinia acuminata,L.,2953747,481080-1,LC
1366773,"Orchid Tree, Jerusalem-date, Butterfly-flower, Pink bauhinia, Napoleon's plume, Napoleon’s plume, Butterfly bauhinia, Mariposa, Napoleon's cocked hat, Pink butterfly tree, Pine Fua Lola, Pine",Bauhinia monandra,Kurz,2953715,30129-2,DD
1366759,"Orchid Tree, গুলপীয়া কাঞ্চন, Camel's-foot, Purple bauhinia, Butterfly-orchid-tree, Butterfly-tree, Hawaiian Orchid Tree, Hong Kong Orchid Tree, Purple Camel's Foot, Camel's foot tree, Fall orchid tree, Australian orchid tree, Bauhinia, Bull hoof tree, Purple orchid tree, Pie de Cabra, Pink Butterfly Tree, Purple Butterfly Tree, అడ్డాకు, कचनार(kachnar), Pata de Vaca, सुनाखरी",Bauhinia purpurea,L.,2953871,481605-1,LC
1366774,"Bidi-leaf tree, Burmese Silk Orchid",Bauhinia racemosa,Lam.,2953160,481612-1,LC
1366760,"Bell bauhinia, Yellow bauhinia, St. Thomas-tree, St Thomas tree, Bush neat's foot, Fleur du Sacr≠-coeur, Flor de Azufre, Guacamaya Americana, Yellow Butterfly Tree, Yellow Kanchan",Bauhinia tomentosa,L.,2953031,30193-2,LC
1389161,"Mountain ebony, Orchidtree, Butterfly tree, Poor man's orchid, Buddhist bauhinia, Sping orchid tree, Pink bauhinia, Pink camel's-foot, Sabot Boeuf, Camel's foot, Purple orchid tree, नेपाली  नाम कोइरालो, Pata-de-vaca, Bauhinia, Casco de venado, Bunga Makao",Bauhinia variegata,L.,2953251,481756-1,LC
1369878,"Easter-lily-vine, Nepal trumpet-flower, Herald's-trumpet, Easter lily vine, Easter herald's trumpet",Beaumontia grandiflora,Wall.,5535537,77539-1,
1775917,,Beesia calthifolia,(Maxim. ex Oliv.) Ulbr.,3927581,709225-1,
1473948,Heartleaf begonia,Begonia adscendens,C.B.Clarke,4156808,104130-1,
1790703,,Begonia albopunctata,"Y.M.Shui, W.H.Chen & H.Q.Nguyen",9403009,77175484-1,
1474130,,Begonia burkillii,Dunn,8393376,104345-1,
1474165,,Begonia cathcartii,Hook.f. & Thomson,4156669,104387-1,
1474168,,Begonia cavaleriei,H.Lév.,4156624,104391-1,VU
1474246,,Begonia crenata,Dryand.,8229732,104479-1,
1474300,,Begonia dioica,Buch.-Ham. ex D.Don,4157472,104556-1,
1474405,,Begonia furfuracea,Hook.f.,4930862,104720-1,EN
1474472,,Begonia handelii,Irmsch.,7303268,104806-1,
1474479,,Begonia hatacoa,Buch.-Ham. ex D.Don,7770892,104816-1,
1474486,,Begonia hemsleyana,Hook.f.,4930923,104825-1,VU
1474604,,Begonia kingiana,Irmsch.,4158133,104969-1,
1474615,,Begonia kui,C.I Peng,4157973,77082848-1,
1772926,,Begonia longiciliata,C.Y.Wu,4156871,984319-1,
1474691,,Begonia longifolia,Blume,4156860,105081-1,
1788665,,Begonia mariachristinae,Wahlsteen,10814397,77186958-1,
1417934,Iron-cross begonia,Begonia masoniana,Irmsch. ex Ziesenh.,7303407,105166-1,
1790556,Toad wart Begonia,Begonia melanobullata,C.I Peng & C.W.Lin,9367769,77148184-1,
1474794,,Begonia minicarpa,H.Hara,4157985,105211-1,
1474799,,Begonia modestiflora,Kurz,7704253,105218-1,
1474842,,Begonia nepalensis,(A.DC.) Warb.,4157339,105264-1,
1417937,,Begonia palmata,D.Don,8047443,105340-1,
1474933,,Begonia pedatifida,H.Lév.,4158795,105385-1,
1474969,Painted leaf begonia,Begonia picta,Sm.,4157045,105429-1,
1409128,"Painted-leaf begonia, King begonia, Rex begonias, Rex begonia, Begonia, Red Jurassic Splash, Jurassic Rex Begonia",Begonia rex,Putz.,4156721,105573-1,
1475091,,Begonia rockii,Irmsch.,4159247,20011631-1,
1475179,,Begonia sikkimensis,A.DC.,7303321,105735-1,
1475364,بگونیا,Begonia variegata,Y.M.Shui & W.H.Chen,4158025,77070269-1,
1475389,,Begonia wallichiana,Lehm.,8421682,106001-1,
1565306,,Beilschmiedia erythrophloia,Hayata,6135898,462771-1,LC
1565348,,Beilschmiedia kunstleri,Gamble,4176830,462817-1,LC
1424362,,Beilschmiedia roxburghiana,Nees,7616592,462937-1,LC
1357317,"Daisy, Bruisewort, Perennial daisy, Common daisy, English daisy, Lawndaisy, Dæges eage, Gänseblüemli, Հայկական Վարդ, Double Daisy, Meadow Daisy, Cultivated Bellis, Common Bellis, Day's Eye, Bone Flower, Gowan (SCO), Woundwort, Cultivated Daisy, Fleabane Daisy, British Daisy, Mary's Rose, Tusensköna (SV), Százszorszép (HU), Paardenbloem, Стокротки багаторічні, آگلونما, European Daisy, Garden Daisy, مینای چمنی",Bellis perennis,L.,3117424,184409-1,
1384535,"Chinese-watermelon, Ash-pumpkin, Ash gourd, Winter-melon, Chinese preserving-melon, Wax gourd, White gourd, White-pumpkin, Beligo, Konḍur, भतुआ, Chinese squash, Chinese Winter Melon, White gourd melon",Benincasa hispida,(Thunb.) Cogn.,2874524,163640-3,
1424363,"Nicobar palm, Bentinckia palm",Bentinckia nicobarica,(Kurz) Becc.,2735560,664852-1,EN
1475466,Asiatic barberry,Berberis asiatica,Roxb. ex DC.,7539048,106433-1,
1721495,"Leatherleaf mahonia, Beale's Barberry, Beale's Mahonia, South China Barberry, Beale's Berberis",Berberis bealei,Fortune,3033889,106450-1,
1475654,Hooker's barberry,Berberis hookeri,Lem.,7300427,106749-1,
1729311,Nepal barberry,Berberis napaulensis,(DC.) Spreng.,7756258,60461528-2,
1417952,Chinese hollygrape,Berberis oiwakensis,(Hayata) Laferr.,3980964,1000126-1,
1390605,,Berberis pruinosa,Franch.,3981583,107010-1,
1475914,,Berberis temolaica,Ahrendt,3981415,107132-1,
1475917,,Berberis thomsoniana,C.K.Schneid.,3981367,107135-1,
1400119,"Japanese barberry, زرشک قرمز, Thunberg's barberry, Barberry, Japanese berberis, Red barberry, Comden, Agracejo, Asif, Red Japanese Barberry, زرشک زینتی, Тумбергова жутика",Berberis thunbergii,DC.,3033896,107136-1,
1475959,,Berberis wallichiana,DC.,3981546,107193-1,LC
1400120,"Mrs Wilson's barberry, Wilson barberry",Berberis wilsoniae,Hemsl.,3981814,107208-1,
1665483,Large-leaf paniculous Supplejack,Berchemia floribunda,(Wall.) Brongn.,3876453,1013645-1,LC
1687658,"Chinese Bergenia, Chinese Elephant's Ears, Rock begonia",Bergenia pacumbis,(Buch.-Ham. ex D.Don) C.Y.Wu & J.T.Pan,5567668,945348-1,LC
1687659,Purple bergenia,Bergenia purpurascens,(Hook.f. & Thomson) Engl.,7339454,790378-1,
1775947,"Curry Leaf, Currybush, Indian bay, Curry leaf tree, Karapincha, కరివేప, Korokeling",Bergera koenigii,L.,3832804,771522-1,LC
1747830,Waterfire tree,Bergia ammannioides,Roxb.,8339627,324615-1,LC
1363354,,Bergia capensis,L.,5646095,324620-1,LC
1535290,,Berneuxia thibetica,Decne.,4196355,316108-1,
1748481,Trincomalee,Berrya cordifolia,(Willd.) L.Laurent,11293099,833319-1,LC
1363199,"Swiss chard, Sea beet, Beetroot, چغندر, Beet, Common Beet, Root Beet, Sugar Beet, Spinach Beet, Red Beet, Cultivated beet, Wild spinach, Silverbeet",Beta vulgaris,L.,8971274,164505-1,
1476157,"Indian birch, Naga birch, Himalayan birch",Betula alnoides,Buch.-Ham. ex D.Don,5331519,295031-1,LC
1772755,,Betula kweichowensis,Hu,5331851,107818-1,
1431269,,Bhesa indica,(Bedd.) Ding Hou,3793960,159984-1,LC
1431270,Malayan spindle tree,Bhesa paniculata,Arn.,3793929,159987-1,LC
1431271,Red-flowered Malayan spindle tree,Bhesa robusta,(Roxb.) Ding Hou,3793921,159988-1,LC
1719806,"Cat's claw, Mauritius thorn, Mysore thorn, Shoofly, Thorny poinciana, Wait-a-while",Biancaea decapetala,(Roth) O.Deg.,3974372,481887-1,LC
1719807,"Gango, Césalpinie sappan, Indisches Rotholz, Sappanwood, 苏木, Sappan, Bakam, Pattangi",Biancaea sappan,(L.) Tod.,2958871,481889-1,LR/lc
1364141,"Spanish-needles, Hemlock beggar-ticks, Bipinnate beggar-ticks, Bipinnate cobbler's pegs, Blackjack, Spanish blackjack, 털가막살이, Spanish needle, Bipinnate Beggartick, Spannish-Needles, Bipinnate beggarticks, Spanish needles beggar-ticks, አደይ አበባ",Bidens bipinnata,L.,5389402,184769-1,
1364142,"Yellow-flowered blackjack, Spanish needles, Yellow-flower spanish needle, Five-leaved black jack",Bidens biternata,(Lour.) Merr. & Sherff,5392065,184771-1,
1364143,"Spanish-needles, Beggar-ticks, Blackjack, Cobblers'-pegs, Hairy beggar-ticks, Hairy bidens, Farmer's Friends, Soldier's vegetables, Z'Herbe Zuedruite, Hairy Beggarticks, Rebbhâ sangkap, Hairy Beggar's ticks, Railway beggarticks, Beggar's ticks, Cobbler's pegs, Common beggarticks, Fisi`uli, Romerillo, Beggar's-tick, White beggar's ticks, Common blackjack, Railway daisy, Beggartick, Shepherd's needle, Spanish needle, Bidens, Bur-marigold, Cuckold, Kofe tonga, Sticktight, Farmers Friends, Begger Weed",Bidens pilosa,L.,5391845,32564-2,
1400144,"Three-lobe Beggar-ticks, Trifid bur-marigold, Water-agrimony, Marigold-bur, Erect-bur-marigold, Three-Lobe Beggarticks, Threelobe beggarticks, ЦӀегьрекарч, Three-lobe Beggartick, Three-part Beggarticks, Leafy-bracted Beggarticks, Three-parted Beggarticks, European Beggarticks, Straw-stemmed Beggarticks, Swamp Beggars' Ticks, Three-lobed Beggarticks, Trifid Burr Marigold, Bur beggarticks, Leafy-bract beggarticks, Three-cleft bur-marigold, Tripartite bur-marigold, Bastard Agrimony, Bastard Hemp, Burr Marigold, Three-lobed beggar-ticks, دو دندان،  گونه ای گل آفتاب رو،",Bidens tripartita,L.,5391862,185293-1,LC
1407720,"Lifeplant, Sensitive wood sorrel, South Pacific palm",Biophytum sensitivum,(L.) DC.,3628231,371965-1,
1366244,South Pacific palm,Biophytum umbraculum,Welw.,3628150,371969-1,
1376200,"Bishopwood, Needlebark, Java-cedar, Javanese bishopweed, Javanese bishopwood, Kainfal, Toog, Java bishopwood, Bishop's Wood, Bishopweed, Javawood, Tiger Tree, Bischofia",Bischofia javanica,Blume,5383085,339921-1,LC
1729317,,Bistorta macrophylla,(D.Don) Soják,7291186,693213-1,
1400176,"Alpine bistort, Serpent-Grass, Alpine Knotweed, Viviparous Bistort, Viviparous Knotweed",Bistorta vivipara,(L.) Delarbre,2889299,60430544-2,
1377104,"Lipstick tree, Annatto, Achiote, Arnatto, Roucou, Roucu, Rucu, Anatto, Blood tree, Annato, Arnotto, Urucum, Woucou, Lipstick plant",Bixa orellana,L.,2874863,33335-2,LC
1357323,"Paniculated spot flower, Paniculated spot flowers, Para cress, Para cress flower, Spot flower",Blainvillea acmella,(L.) Philipson,5385687,185404-1,
1597474,,Blastus cochinchinensis,Lour.,5600005,566788-1,
1415190,"Midsorus fern, Oriental blechnum, Centipede fern",Blechnum orientale,L.,7296799,17059900-1,
1444909,,Blepharis integrifolia,(L.f.) E.Mey. & Drège ex Schinz,7931750,46538-1,
1444918,,Blepharis maderaspatensis,(L.) B.Heyne ex Roth,5575447,46553-1,
1419670,"Chinese ground orchid, Hyacinth orchid, Urn orchid, Bletilla, Hardy orchid, Hyacinth bletilla",Bletilla striata,(Thunb.) Rchb.f.,2808791,617803-1,
1407725,"Akee, Vegetable Brain, Akee-apple, Aki, Achee, Ackee apple, Ackee",Blighia sapida,K.D.Koenig,3189955,782152-1,LC
1373480,,Blumea axillaris,(Lam.) DC.,5395843,185498-1,
1373483,"Ngai camphor, Ngai camphorshrub, Ngai camphortree, Buffalo-ear, Capa, Sembung, Nagi camphor, Sambong, Tawawo, Đại bi, Sembong, Telinga Kerbau",Blumea balsamifera,(L.) DC.,5395786,185502-1,LC
1501384,,Blumea fistulosa,(Roxb.) Kurz,5395671,185557-1,
1729708,,Blumea flava,DC.,5389439,185558-1,
1777750,,Blumea hieraciifolia,(Spreng.) DC.,7758821,185583-1,
1417777,"Blumea, Malay blumea, Batard",Blumea lacera,(Burm.f.) DC.,5395639,185603-1,
1501440,,Blumea virens,DC.,5395721,185737-1,
1431278,,Blumeodendron kurzii,(Hook.f.) J.J.Sm. ex Koord. & Valeton,3075033,339961-1,LC
1431280,,Blumeodendron tokbrai,(Blume) Kurz,3075042,339969-1,LC
1440150,"Bambooplant, Roundfruit blyxa, Round-fruit blyxa",Blyxa aubertii,Rich.,2865952,431616-1,LC
1399487,"Oriental bamboo plant, Japanese bamboo plant",Blyxa japonica,(Miq.) Maxim. ex Asch. & Gürke,2865980,431629-1,LC
1694469,,Boehmeria clidemioides,Miq.,7300656,850551-1,
1378605,"Ramie, China-grass, Chinese silkplant, Chinese Grass, Ramie Chinese grass, Rhea-fibre, False nettle, Chinese silk-plant, Rhea Plant, Zhu ma",Boehmeria nivea,(L.) Gaudich.,2984359,55676-3,
1407731,Pendulous Boehmeria,Boehmeria penduliflora,Wedd. ex D.G.Long,7769607,907440-1,
1426656,,Boehmeria virgata,(G.Forst.) Guill.,4100434,850807-1,LC
1420504,,Boenninghausenia albiflora,(Hook.) Rchb. ex Meisn.,7269004,771536-1,
1361985,"Red spiderling, Spreading hogweed, Tarvine, Creeping spiderling, Hogweed, Kolan, Patchouli, Spreading hog weed, Common Hog Weed, Common Hogweed, Pigweed, Wineflower, పునర్ణవి, Punarnava, पुनर्नवा, Punarnava (Sanskrit), পুনর্নবা/গাদাপুঁই (Bangla), Punarnava (Nepali/Sanskrit), સાટોડી",Boerhavia diffusa,L.,3086282,326899-2,
1383276,"Erect spiderling, Hogmeat, Hogweed",Boerhavia erecta,L.,3086281,319111-2,
1359665,Anena,Boerhavia repens,L.,3086288,604264-1,
1431282,"Chinese-keys, Rotund boesenbergia, Chinese Ginger, Fingerroot, Koncè, Temu kunci",Boesenbergia rotunda,(L.) Mansf.,2758480,872224-1,LC
1720537,Aquatic fern,Bolbitis heteroclita,(C.Presl) Ching,4012211,17308340-1,
1362194,"Sea club-rush, Alkali bulrush, Saltmarsh bulrush, Saltmarsh club-rush, Bayonet-grass, Purua-grass, Cosmopolitan Bulrush, Prairie Bulrush, Sea Clubrush, Leafy three-square, Seaside Bulrush, Salt-marsh Bulrush, Saltmarsh tuber-bulrush",Bolboschoenus maritimus,(L.) Palla,2718307,298094-1,LC
1388744,"Red silk cottontree, Northern-cottonwood, Red silk-cotton, Kapoktree, Red cottontree, Silk cottontree, Indian kapok, Simal, Cotton tree, Red silk-cotton tree, Malabar simal, Pochote, Wild chestnut, Silk cotton tree, Indian bombax, Malabar Semul, Red Cotton Tree, Silk Cotton., బూరుగ పత్తి, Sumbal, सेमल और साल्मली, Randu, Malabulak, کاپوک",Bombax ceiba,L.,3152226,559120-1,LC
1660054,"Primrose, Cudjoewood, Small Aillenob",Bonellia macrocarpa,(Cav.) B.Ståhl & Källersjö,7151936,60430438-2,LC
1719809,Sparrow False Pimpernel,Bonnaya antipoda,(L.) Druce,3733807,799766-1,LC
1719810,"Hairy Slitwort, Fringed false pimpernel",Bonnaya ciliata,(Colsm.) Spreng.,3733766,799773-1,LC
1719813,,Bonnaya tenuifolia,(Colsm.) Spreng.,3733520,799812-1,LC
1468672,"Borassodendron palm, Machado's palm, Malayan giant fan palm",Borassodendron machadonis,(Ridl.) Becc.,2735608,664868-1,VU
1407736,"Palmyra palm, Wine palm, Tala palm, Toddy palm, Doub palm, Brab, Sugar palm, Cambodian palm, Asian Palmyra palm, Black palm, Lontar palm, Sea coconut, Nungu Palm, తాటి చెట్టు",Borassus flabellifer,L.,2733934,664873-1,LC
1593006,,Boschia griffithii,Mast.,8110153,559207-1,LC
1778457,,Bosmania membranacea,(D.Don) Testo,10689300,77204881-1,
1404212,"Australian bluestem, Burnett River-bluegrass, Caucasian Bluestem, Forest-bluegrass, Plains bluestem, Purple plume grass, Purple plumegrass, Caucasian blue stem",Bothriochloa bladhii,(Retz.) S.T.Blake,2704093,392701-1,
1362951,"King ranch bluestem, Yellow bluestem, Plains bluestem, East Indies bluestem, Turkestan bluestem, Bearded finger-grass, Beardgrass, Dogstooth grass",Bothriochloa ischaemum,(L.) Keng,2704102,1191417-2,
1399488,"Indian bluegrass, Pitted beardgrass, Hurricane grass, Indian couch grass, Pitted bluestem, Seymour grass, Barbados sourgrass, Sweet pitted grass, Silver grass, Donna Grass, Pitted beard grass",Bothriochloa pertusa,(L.) A.Camus,2704108,65406-3,
1409021,Leaf between flower,Bothriospermum zeylanicum,(J.Jacq.) Druce,4063474,113651-1,
1721964,Glabrous-ternate Grapefern,Botrychium ternatum,(Thunb.) Sw.,7961574,30394895-2,
1783523,,Boucerosia crenulata,(Wall.) Wight & Arn.,3581407,94963-1,
1784118,,Boucerosia umbellata,(Haw.) Wight & Arn.,3581135,94990-1,
1419247,"Gandaria, Meurinya, Pao gânḍâri, မရာၚ်",Bouea macrophylla,Griff.,3659935,69262-1,LC
1719814,"Plum-mango, Mariantree, Narrow-leaved Kundang, Burmese plum, Marian plum",Bouea oppositifolia,(Roxb.) Meisn.,3659898,69265-1,LC
1751366,,Bouffordia dichotoma,(Willd.) H.Ohashi & K.Ohashi,10854344,77190805-1,
1362132,"Bougainvillea, Paper-flower, گل کاغذی, বাগানবিলাস, Red bougainvillea, Lesser bougainvillea, Colorado Spruce, Lesser Bouganvillea, కాగితం పూల చెట్టు, جهنمية, Thai Delight Bougainvillea, Trinitaria, జాబు పూల చెట్టు, Rhododendron, Glabrous Bougainvillea, جهنمي, Smooth Bougainvillea, Lesser Paperflower, Lesser Paper Flower, Glabrous Paper Flower, Bugambilia, Primavera, Hoa giấy, Flor de curazao, Glabrous Paperflower, 三角梅",Bougainvillea glabra,Choisy,5384862,35444-2,LC
1362134,"Great bougainvillea, Bougainvillea, گل کاغذی, Paper flower, Trinitaria, Garden bougainvillea, Brazil Bougainvillea, Morinda spruce, Bougainvilla, కాగితం పూల చెట్టు, കടലാസ് പൂവ്, بوگن ویلیا, Kagitham poolu, Pink rose shrub, Βουκαμβίλια, Nice, Bugambilia, جهنمية, Daisy, စက္ကူပန်း (in Burmese), Veranera, Croton flowers",Bougainvillea spectabilis,Willd.,7167078,604358-1,
1748770,,Brachypterum microphyllum,Miq.,2947577,482162-1,LC
1759668,Hog creeper,Brachypterum scandens,(Roxb.) Miq.,10779326,60470396-2,
1417781,Swan River daisy,Brachyscome iberidifolia,Benth.,3144603,185950-1,
1492301,,Brachystemma calycinum,D.Don,3815492,151926-1,
1608452,,Brackenridgea elegantissima,(Wall.) Kanis,3696324,605812-1,LC
1467130,,Brassaiopsis dumicola,W.W.Sm.,3036206,90055-1,EN
1421054,,Brassaiopsis glomerulata,(Blume) Regel,3036209,90063-1,LC
1467141,,Brassaiopsis hainla,(Buch.-Ham.) Seem.,3036292,90067-1,
1362418,Mustard,Brassica cretica,Lam.,3042837,279298-1,LC
1363904,"Mustard greens, Brown mustard, India mustard, Oriental mustard, Leaf mustard, Vegetable mustard, Indian mustard, Chinese mustard, ꠟꠣꠁ ꠢꠣꠉ, Dijon-mustard, Mustard, Mustard Salade, Spinach mustard, Tuberous-rooted mustard, White mustard, Chinese turnip, Broad-leaf mustard, Japanese mustard, Wild mustard, Mustard Cabbage, Charlock, ఆవ, Japanese Red Giant Mustard",Brassica juncea,(L.) Czern.,3042751,60442520-2,
1363909,"Cabbage, Kale, Broccoli, Brussels sprouts, Purple Ornamental Cabbage, Kohlrabi, Cauliflower, Collards, Brussel Sprouts, గోబి గడ్డ, Wild cabbage, గోబి పువ్వు, Chinese Broccoli, Colewort, Verdzu, Wild Mustard, Байзаа, गोभी, Pak Choi, Purple Russian kale, کلم, Kål, Kembang kol, Red Cabbage, قرنابيط, کەلەرم, Romanesco broccoli, کلم وحشی, Blumenkohl, كرورب, Purple cabbage, also referred to as red cabbage,, Cabbage rose, Romanescu",Brassica oleracea,L.,3042845,279435-1,DD
1363906,"Field mustard, Pak choi, Turnip, Bok choy, Rape, Colbaga, Tyfon, Bird's Rape, Birdsrape Mustard, Rape Mustard, Turnip Rape, Wild Mustard, Wild Rutabaga, Wild Turnip, Bargeman's Cabbage, Garden turnip, Forage turnip, Chinese flowering cabbage, Mustard Spinach, Brown sarson, Canola, Celery cabbage, Colza, Napa (nappa) cabbage, Seventop turnip, Turnip mustard, Wintercress, ఆవ, Mizuna, Rapini, Choy Sum, Sawi hijau, کلزا, Broccoletti di rapa, Sayur hijau, Friarielli, Cime di rapa, TAra mera, КлампI, Nabos.(Spanish)",Brassica rapa,L.,7903057,279485-1,
1450099,,Bretschneidera sinensis,Hemsl.,4030419,782165-1,EN
1718747,"Katuk, Star gooseberry, Sweet leaf bush, Chakramuni",Breynia androgyna,(L.) Chakrab. & N.P.Balakr.,9197670,77176875-1,LC
1427184,Waxy leaf,Breynia fruticosa,(L.) Müll.Arg.,5383016,340076-1,LC
1407737,"Cup Saucer Plant, Cupped coral-berry tree",Breynia retusa,(Dennst.) Alston,5383065,340099-1,LC
1718713,,Breynia spatulifolia,(Beille) Welzen & Pruesapan,9285312,77145022-1,
1424377,"Officinal Breynia, เพี้ยะฟาน",Breynia vitis-idaea,(Burm.f.) C.E.C.Fisch.,5382985,340112-1,LC
1641559,,Bridelia ovata,Decne.,3076220,340199-1,LC
1427190,,Bridelia retusa,(L.) A.Juss.,3076196,340219-1,LC
1427192,,Bridelia stipularis,(L.) Blume,3076290,340241-1,LC
1427193,Kenidai,Bridelia tomentosa,Blume,3076120,340245-1,LC
1601580,"Cow tree, Milk Tree",Brosimum utile,(Kunth) Oken,8042591,582724-1,LC
1721504,Small paper mulberry,Broussonetia monoica,Hance,5569721,850856-1,LC
1362912,"Paper mulberry, Wauke, Tapa-cloth-tree, Tapa Cloth Tree, Common paper mulberry, 构树, برگ انجیر, Jalpa, चैट चेयर",Broussonetia papyrifera,(L.) L'Hér. ex Vent.,5361944,850861-1,LC
1381468,"Bush Violet, Jamaican-Forget-Me-Not, Jamaica forget-me-not, Jamaican forget-me-not, Amethyst Flower, Pensamientos de Pobre",Browallia americana,L.,2932934,814568-1,
1368796,"Rose-of-Venezuela, Rose of Venezuela, Scarlet Flame Bean",Brownea grandiceps,Jacq.,2970463,482418-1,LC
1382109,"Macassar kernels, Java brucea, Chinese sumac",Brucea javanica,(L.) Merr.,5555210,813610-1,LC
1729328,"Angel's tears, Angel's trumpet, White angel's trumpet, Mexican trumpet flower",Brugmansia suaveolens,(Humb. & Bonpl. ex Willd.) Sweet,9406432,77109576-1,EW
1427200,"Black mangrove, White Burma mangrove",Bruguiera cylindrica,(L.) Blume,5602619,719525-1,LC
1440309,"Oriental mangrove, Kankra, Burmese mangrove, Black mangrove, Large-fruit orange mangrove, Large-leaf mangrove, Nobble-root mangrove, Orange mangrove, Red mangrove, Large-leafed orange mangrove",Bruguiera gymnorhiza,(L.) Lam. ex Savigny,6370900,719532-1,LC
1422221,"Oriental mangrove, Six-angled orange mangrove, Upriver orange mangrove",Bruguiera sexangula,(Lour.) Poir.,6370882,719546-1,LC
1377974,"Yesterday Today and Tomorrow, Brazil raintree, Kiss me quick, Morning-noon-and-night, Yesterday, Today and tomorrow, Ballgowned Nightshade",Brunfelsia pauciflora,(Cham. & Schltdl.) Benth.,6402571,814676-1,LC
1427206,"Sparrow’s Mango, Lightwood, Little gooseberry tree, Satinwood, Sparrow's mango",Buchanania arborescens,(Blume) Blume,5544059,69275-1,LC
1419259,"Almondette, Chironji",Buchanania cochinchinensis,(Lour.) M.R.Almeida,5544043,20008347-1,
1737408,,Buchanania sessifolia,Blume,10703029,69338-1,LC
1760598,Snow Rose,Buchozia japonica,(Thunb.) Callm.,12254482,77219732-1,
1365246,"Dog tail, Asian Butterfly-bush, White Butterfly Bush, Asian Sagewood",Buddleja asiatica,Lour.,3173333,545686-1,LC
1365253,"Butterfly bush, Buddleia, Violet Butterfly Bush, Summer lilac, Orange-eye, Orange-Eye Butterfly-Bush, Orange eye butterflybush, Orange-eyed butterfly-bush, Orange-eye butterfly bush, Budleia, Orangeye Butterfly-bush, دم موشی, Letnji jorgovan, Budleja Dawida, Tangelo barberry",Buddleja davidii,Franch.,3173338,545734-1,
1688470,,Buddleja myriantha,Diels,7619554,545828-1,
1440317,Pole butterflybush,Buddleja officinalis,Maxim.,3173336,545844-1,LC
1772757,,Bulbophyllum affine,Lindl.,2845743,618260-1,
1612025,Ambrosia Orchid,Bulbophyllum ambrosia,(Hance) Schltr.,2844202,618298-1,
1612053,,Bulbophyllum antenniferum,(Lindl.) Rchb.f.,2843677,618326-1,
1612060,,Bulbophyllum apodum,Hook.f.,2846187,618337-1,
1790911,,Bulbophyllum baosangii,"Vuong, B.N.Tu, V.H.Bui, R.Amsler & Cootes",12215619,77220009-1,
1612131,,Bulbophyllum bicolor,Lindl.,2789073,618417-1,
1612136,,Bulbophyllum biflorum,Teijsm. & Binn.,2845509,618424-1,
1612147,,Bulbophyllum blepharistes,Rchb.f.,2845639,618442-1,
1612221,,Bulbophyllum careyanum,(Hook.) Spreng.,2845447,618531-1,
1612330,,Bulbophyllum corolliferum,J.J.Sm.,2844529,618677-1,
1612336,,Bulbophyllum crassipes,Hook.f.,2846240,618686-1,
1612359,,Bulbophyllum cupreum,Lindl.,2843686,618711-1,
1612407,,Bulbophyllum depressum,King & Pantl.,2843351,618774-1,
1612479,,Bulbophyllum emarginatum,(Finet) J.J.Sm.,2844451,618862-1,
1612503,,Bulbophyllum evrardii,Gagnep.,2844573,618888-1,EN
1612526,,Bulbophyllum fascinator,(Rolfe) Rolfe,2845422,618913-1,
1718321,,Bulbophyllum fenestratum,J.J.Sm.,2844801,618916-1,
1612572,,Bulbophyllum frostii,Summerh.,2844392,618979-1,
1408957,Wispy umbrella orchid,Bulbophyllum gracillimum,(Rolfe) Rolfe,2842833,619052-1,
1612649,,Bulbophyllum guttulatum,(Hook.f.) N.P.Balakr.,2845321,619071-1,
1612689,,Bulbophyllum hirundinis,(Gagnep.) Seidenf.,2844633,619112-1,
1718322,,Bulbophyllum lasiochilum,C.S.P.Parish & Rchb.f.,7634204,619275-1,
1419672,Leopard Spotted Bulbophyllum,Bulbophyllum leopardinum,(Wall.) Lindl. ex Wall.,2844033,619298-1,LC
1718323,,Bulbophyllum lepidum,(Blume) J.J.Sm.,2843545,619301-1,
1612867,,Bulbophyllum lilacinum,Ridl.,2845911,619328-1,
1419673,Lobb's bulbophyllum,Bulbophyllum lobbii,Lindl.,2843737,619351-1,
1718325,,Bulbophyllum longerepens,Ridl.,7391041,619357-1,
1387799,Pale umbrella orchid,Bulbophyllum longiflorum,Thouars,2842939,619365-1,
1612899,,Bulbophyllum longissimum,(Ridl.) J.J.Sm.,2844068,619380-1,
1612928,Large Flowered Bulbophyllum,Bulbophyllum macranthum,Lindl.,2845849,619411-1,LC
1612965,,Bulbophyllum maxillare,(Lindl.) Rchb.f.,2844732,619469-1,
1612972,,Bulbophyllum medusae,(Lindl.) Rchb.f.,2846072,619477-1,
1613035,,Bulbophyllum morphologorum,Kraenzl.,2845157,619582-1,
1613157,,Bulbophyllum ovalifolium,(Blume) Lindl.,2843300,619732-1,
1613199,Yellow-flowered Bulbophyllum,Bulbophyllum pecten-veneris,(Gagnep.) Seidenf.,2843372,619799-1,
1613238,,Bulbophyllum picturatum,(Lodd.) Rchb.f.,2845553,619848-1,
1613313,,Bulbophyllum purpurascens,Teijsm. & Binn.,2844120,619943-1,
1613406,,Bulbophyllum rufinum,Rchb.f.,2844855,620062-1,
1613607,,Bulbophyllum thaiorum,J.J.Sm.,2843581,620306-1,
1613625,,Bulbophyllum tixieri,Seidenf.,2842736,968696-1,
1613686,,Bulbophyllum umbellatum,Lindl.,2843560,620394-1,
1613706,,Bulbophyllum vaginatum,(Lindl.) Rchb.f.,2846303,620417-1,
1613752,,Bulbophyllum wendlandianum,(Kraenzl.) Dammer,2843564,77099082-1,
1389580,Watergrass,Bulbostylis barbata,(Rottb.) C.B.Clarke,5292372,298125-1,
1386476,Dense watergrass,Bulbostylis densa,(Wall.) Hand.-Mazz.,5292267,298174-1,LC
1381762,,Bulbostylis thouarsii,(Roem. & Schult.) Lye ex Veldkamp & Verloove,6311109,77142618-1,
1456896,"Bupleurum, Chinese thoroughwax, Hare's-ear, Mountain hare's ear, Slender hare's ear",Bupleurum chinense,DC.,6027145,839099-1,
1360637,,Bupleurum fruticescens,L.,6027094,839163-1,
1360658,"Slender Hare's-ear, Smallest hare's-ear",Bupleurum tenuissimum,L.,3635987,839434-1,
1485697,,Burmannia disticha,L.,5300998,126599-1,LC
1729329,,Butea buteiformis,(Voigt) Grierson,2951335,482550-1,
1729330,"Bastard teak, Flame of the forest, Palas, మోదుగ, Yellow Palash",Butea monosperma,(Lam.) Kuntze,8234570,482566-1,LC
1784214,"Climbing Palas, Flame of the Forest, Kinobaum, Palas lata, Pilachivalli, Dhak, Palas, Bengal kino",Butea superba,Roxb. ex Willd.,7797090,482585-1,
1450110,,Butomopsis latifolia,(D.Don) Kunth,2864611,58284-1,LC
1418159,"Harland's boxwood, Harland boxwood, Japanese Boxwood",Buxus harlandii,Hance,4939125,340293-1,
1398472,"Carolina Water-shield, Carolina fanwort, Fanwort, Washington-grass, Washington-plant, Fish-grass, Green cabomba, Grey fanwort, Purple cabomba",Cabomba caroliniana,A.Gray,2882443,273581-2,
1366954,"Pride-of-Barbados, Mexican Bird of Paradise, Peacock Flower, गुलमोहर, Dwarf poinciana, Paradise-flower, Barbados flower-fence, Barbados-pride, Flower-fence, Dwarf flamboyant, Pride of Barbados, Kemerakan, Red Bird of Paradise, Barbados flower, Aigrette, Flamboyant Nain, Petit Flamboyant, Krishnachura, చిన్న తురాయి, Peacock Tree, Gulmohar, Merak, হলুদ রাধাচূড়া, Rainbow rose bush",Caesalpinia pulcherrima,(L.) Sw.,2958715,1164658-2,LC
1501779,"Erra Gobbi, Pink Node Flower, Thuk Jhaar",Caesulia axillaris,Roxb.,3094956,187438-1,LC
1380750,"Pigeon-pea, Red gram, Yellow dhal, Congo-pea, Congo Bean, Dhal, Tropical green pea, Guḍi, Undis, Cajan pea, Bengal pea, Dal, కంది, Mbaazi (Swahili)",Cajanus cajan,(L.) Huth,7587087,1152177-2,
1407763,"Showy pigeonpea, Peanut grass, Showy pigeon pea, Tropical clover",Cajanus scarabaeoides,(L.) Thouars,2960284,118241-3,LC
1385973,"Caladium, Heart of Jesus, کالادیوم, Angel-wings, Pink Beauty, Elephant's-ear, Heart-of-Jesus, Fancy-leaf caladium, Artist's pallet, Wild caladium, Wild eddo, Elephant’s ear, Mother-in-law plant, Fancy-leafed Caladium, Fancy-leaved caladium, ফুটুকি কচু, Raspberry moon, Bicolour Caladium, Carolyn Wharton, White elephant ear, کالادیوم قرمز, Mansarover",Caladium bicolor,(Aiton) Vent.,2868390,30010088-2,
1648972,,Calamagrostis scabrescens,Griseb.,4107726,394807-1,
1468771,,Calamus erectus,Roxb.,5294170,665073-1,
1468792,,Calamus gracilis,Roxb.,5293943,665113-1,
1772764,,Calamus inermis,T.Anderson,5294326,665155-1,
1427274,"Rattan, Manan rattan palm, Kordam, Rotan manau, Rattan palm",Calamus manan,Miq.,5294092,665221-1,
1417583,"Osier-like rattan palm, Bitter rattan palm",Calamus viminalis,Willd.,5294114,665477-1,
1718354,,Calanthe masuca,(D.Don) Lindl.,2795298,620946-1,
1614232,,Calanthe rosea,(Lindl.) Benth.,2795167,621022-1,
1614233,,Calanthe rubens,Ridl.,2795215,621023-1,
1614248,,Calanthe speciosa,(Blume) Lindl.,2795172,621048-1,
1773725,"Nun's-Hood Orchid, Nun Orchid",Calanthe tankervilleae,"(Banks) M.W.Chase, Christenh. & Schuit.",12246654,77214592-1,
1614260,,Calanthe tricarinata,Lindl.,2795225,621072-1,
1414747,"Christmas orchid, The Christmas Orchid",Calanthe triplicata,(Willemet) Ames,2795051,621074-1,
1614275,Pink Orchid,Calanthe vestita,Wall. ex Lindl.,2795000,621102-1,
1773723,,Calanthe wallichii,"(Lindl.) M.W.Chase, Christenh. & Schuit.",12248798,77214600-1,
1418341,Mexican calceolaria,Calceolaria mexicana,Benth.,3725541,41487-2,
1720939,"Parnassus-leaved Water Plantain, Parnassus-leaf caldesia, Caldesia",Caldesia parnassifolia,(Bassi) Parl.,5329163,58293-1,LC
1357330,"Calendula, Garden Marigold, همیشه بهار, Pot Marigold, Ruddles, Marigold, Scotch-marigold, Scottish-marigold, English marigold, Red calliandra, Common Pot Marigold, Garden-pot Marigold, Hen-and-chickens, స్వర్ణ బంతి, Poor Man's Saffron, Nagietek, European Calendula",Calendula officinalis,L.,5391480,187894-1,
1574047,,Callerya cinerea,(Benth.) Schot,2952284,979778-1,
1366522,"Powderpuff-tree, Red powder-puff, Blood red tassel flower, Stickpea, Lehua-haole, Powder puff, Flor de la Cruz, Pompon, Powder puff bush, Powder puff tree, Red powderpuff, Zhu ying hua",Calliandra haematocephala,Hassk.,2982155,42180-2,LC
1719818,,Calliandra selloi,(Spreng.) J.F.Macbr.,2981788,42298-2,
1427332,Beautyberry Tree,Callicarpa arborea,Roxb.,5609976,861250-1,LC
1419250,"Beauty berry, Bodinier's beautyberry",Callicarpa bodinieri,H.Lév.,7309012,861269-1,
1424389,,Callicarpa candicans,(Burm.f.) Hochr.,6412107,861282-1,LC
1558745,"Purple Beauty-berry, Purple Beautyberry, Beautyberry",Callicarpa dichotoma,(Lour.) K.Koch,5341132,60475856-2,
1558746,,Callicarpa dolichophylla,Merr.,5609799,861307-1,LC
1558759,,Callicarpa giraldii,Hesse ex Rehder,7308913,861328-1,
1558777,,Callicarpa kochiana,Makino,7308852,861360-1,
1407768,Urn-fruit beauty-berry,Callicarpa macrophylla,Vahl,5609508,861393-1,LC
1558803,,Callicarpa nudiflora,Hook. & Arn.,5609427,861416-1,LC
1427336,Velvetleaf,Callicarpa pedunculata,R.Br.,7308776,861432-1,LC
1390640,"China Aster, Annual-aster, Chinese Aster, Garden aster, Bellis, مینا چینی, Ochiul boului; Ruji de toamnă, Shevanti, Садова айстра, Aster Powder Puffs",Callistephus chinensis,(L.) Nees,3092946,188023-1,
1410904,"Mar&iacute, A, Santa-Mar&iacute, Brazil beauty leaf, Calaba oil plant, Poon spar of Travancore, Antilles calophyllum, María, Santa-María",Calophyllum calaba,L.,5421070,427119-1,
1373792,"Indian-laurel, Balltree, Beautyleaf, Satin touriga, Beach calophyllum, Beach touriga, Borneo-mahogany, Alexandrian-laurel, Laurelwood, Indian doomba oiltree, Tacamahac-tree, Mastwood, Tamanu, Kamani, Indiapoon beauty-leaf, Mastwood beauty-leaf, Poon, Dilo oil tree, Dingkaran, Borneo mahogony, Takamaka, Oil-nut Tree, పున్నాగ (పొన్న) చెట్టు",Calophyllum inophyllum,L.,9531830,427190-1,LC
1775967,"Poonspar, Sirpoontree, Poonspar Tree",Calophyllum polyanthum,Wall. ex Choisy,5556276,427265-1,NT
1427372,,Calophyllum pulcherrimum,Wall. ex Choisy,5556265,427270-1,LC
1427373,,Calophyllum rigidum,Miq.,5556244,427280-1,LC
1424392,"Nicobar canoetree, Bitangoor boonot",Calophyllum soulattri,Burm.f.,8029877,136326-3,LC
1427384,,Calophyllum teysmannii,Miq.,6032514,427317-1,LC
1368949,"Calopo, Wild ground nut, Male-fern",Calopogonium mucunoides,Desv.,2959433,483437-1,
1407773,"Crown flower, Giant Milkweed, Bowstring-hemp, Crownplant, Giant milkwood, Yercum fibre, Tembega, Giant Indian milkweed, Ivory plant, Aank, జిల్లేడు",Calotropis gigantea,(L.) W.T.Aiton,3579089,95173-1,
1389027,"French-cotton, Mudar, Prince-of-Wales crown, Roostertree, Sodom's-milkweed, Sodom-apple, Apple-of-Sodom, Auricula-tree, Cabbagetree, Camelweed, Giant-milkweed, Kapoktree, Rubberbush, Rubbertree, Small crownflower, Swallowwort, Apple of Sodom, Liberty Tree, Sprain Leaf, Mudar plant, Felt plant, Dead-Sea fruit, کرک، استبرق, Calotropis",Calotropis procera,(Aiton) W.T.Aiton,5414566,1004515-2,LC
1397332,"Marsh Marigold, Cowflock, Cowslip, Meadow-bright, Kingcup, Yellow Marsh-Marigold, American Cowslip, Common Marsh Marigold, Giant Kingcup, Mayblob, Yellow Elkslip, Cow's-lip, May blobs, Mollyblobs, Калюжниця болотяна",Caltha palustris,L.,5371685,42867-2,LC
1414403,"Japanese false bindweed, Ivy morning glory, Ivy-leaved false bindweed, Japanese bindweed, Japanese morning glory",Calystegia hederacea,Wall.,2928449,265660-1,
1693064,,Camellia caudata,Wall.,7620074,828506-1,LC
1693096,,Camellia euphlebia,Merr. ex Sealy,7313845,829902-1,EN
1693107,,Camellia forrestii,(Diels) Cohen-Stuart,7313830,829906-1,LC
1379149,"Camellia, Rose of Winter, Japanese Camellia, Rosebud Camelia, Camellia Albino Botti, Camellia Don Pedro, Camellia Eugene De Massina, Camellia Princess Mary, Donckelaer's Japanese Camellia, Common camellia, Camelia, Countess Lavinia, رز سرما, Fairy Blush, Pompilia, Καμέλια (ιαπωνική), Nuccio's Bella Rossao, کاملیا",Camellia japonica,L.,3189636,828524-1,LC
1693135,Nepal Camellia,Camellia kissii,Wall.,7979840,828527-1,LC
1775977,"Tea-oil-plant, Tea-oil plant, Himalayan camellia",Camellia oleifera,C.Abel,8307542,828535-1,LC
1693205,Golden Camellia,Camellia petelotii,(Merr.) Sealy,7152728,829954-1,EN
1379181,"Camellia, Sasanqua camellia, Christmas camellia, Камелия сасанква, Mountain Tea, Tea Camellia, Sazanka (JA), Tea-flower Camellia, كاميليا ساسانكوا (AR), کاملیا, Sazanka Camellia",Camellia sasanqua,Thunb.,3189637,927409-1,LC
1379192,"Black tea, Tea, Teabush, Teaplant, Japanese tea, Common tea, Green tea, Tea camellia, Chai, Chinese Tea, Matcha, Black tea or green tea, తేయాకు (TE)",Camellia sinensis,(L.) Kuntze,3189635,828548-1,DD
1693267,,Camellia tsaii,Hu,7313867,829992-1,LC
1718837,,Camonea pilosa,(Houtt.) A.R.Simões & Staples,9387488,77163300-1,
1724194,"Hog Vine, Yellow merremia, Yellow wood rose, Yellow morning glory, Yellow hogvine, Greater bindweed",Camonea umbellata,(L.) A.R.Simões & Staples,9452352,77163301-1,
1718838,Grape leaf wood rose,Camonea vitifolia,(Burm.f.) A.R.Simões & Staples,9619573,77163302-1,
1418357,,Campanula pallida,Wall.,5411542,140779-1,
1614413,,Campanulorchis globifera,(Rolfe) Brieger,2815731,908490-1,
1427393,,Campnosperma auriculatum,(Blume) Hook.f.,8338076,69379-1,LC
1454897,,Cananga brandisiana,(Pierre) Saff.,8414628,77102839-1,LC
1403813,"Ylang-ylang, Macassar oiltree, Ilang-ilang, Perfumetree, Woolly-pine, Ylang-ylang-tree, Cananga tree, Macassar-oil tree, Dwarf ylang-ylang tree, Ylang-ylang tree, Kenanga, చెట్టు సంపెంగ, ലാങ്കി",Cananga odorata,(Lam.) Hook.f. & Thomson,5407583,72580-1,LC
1418148,"Chinese olive, Chinese olive tree, Chinese white olive",Canarium album,(Lour.) DC.,7504976,127264-1,LC
1485951,East Indian copal,Canarium bengalense,Roxb.,5635972,127288-1,LC
1427413,,Canarium littorale,Blume,5636188,127395-1,LC
1427419,Kedongdong tree,Canarium patentinervium,Miq.,5636070,127458-1,LC
1427420,,Canarium pilosum,A.W.Benn.,5636051,127464-1,LC
1485988,"Indian white-mahogany, Black dammar, Black dhup, Black damar, Black Dammer",Canarium strictum,Roxb.,5421349,127527-1,EN
1719820,,Canarium sumatranum,Boerl. & Koord.-Schum.,5635833,127533-1,LC
1366545,"Savanna canavalia, Wild Sword Bean",Canavalia africana,Dunn,2962182,483606-1,
1366546,"Maunaloa, Liane Caiman, Tu Tu Faroa, Xiao dao dou, Wild Bean",Canavalia cathartica,Thouars,2962193,167471-3,
1366542,"Horse-bean, Jack-bean, Wonder-bean, Gotani-bean, Giant stock-bean, Seaside-bean, Sword-bean, Chickasaw, Limabean, Garde Place, Overlook Bean, Pois de Sabre",Canavalia ensiformis,(L.) DC.,7799711,1209500-2,
1409435,"Scimitar-bean, Sword-bean, Sword jackbean, Horse bean, Broad Bean, Japanese jack bean, Patagonian bean",Canavalia gladiata,(Jacq.) DC.,2962057,483647-1,
1418900,Asian beach jackbean,Canavalia lineata,(Thunb.) DC.,2962029,483666-1,
1366543,"Bay-bean, Beach-bean, Mackenzie-bean, Seaside jack-bean, Fire-bean, Coastal canavalia, Coastal jack-bean, Bay Pod, Coastal bean, MayKenzie bean, Seaside bean, Coastal jackbean, Sea Peas, Horse-bean, Seaside swordbean, Wild jackbean, Liane Caiman, Liane Cocorico, Mate de Costa, Narrow Jackbean, Pois Liane, Sea Bean",Canavalia rosea,(Sw.) DC.,2962021,30187778-2,LC
1400750,"Louisiana canna, Brazilian Arrow-Wood, Maraca amarilla, Aquatic canna",Canna glauca,L.,5303128,796016-1,
1356134,"Canna lily, Indian-shot, گل اختر, Canna, African arrowroot, Queensland arrowroot, Purple arrowroot, Sierra Leone arrowroot, Edible canna, Cannon, Indian canna, Arrowroot canna, Achira, African arrowfoot, Australian arrowroot, Calenda, English shot, Small-flowered canna, Gruya, Red canna, Saka siri, Tous-les-mois arrowroot, Yellow canna, Canna lilly, మెట్ట తామర, કેની or કેના, Ganyong, Coyol, Kolabati",Canna indica,L.,8034409,319130-2,
1356780,"Cannabis, Marijuana, Weed, Ganja, Pot, Mary Jane, Hemp, شاهدانه, Wacky tobacci, Devil's lettuce, Cannabis sativa, Grass, Sticky Icky, Hashish, Indica, Dank, Bud, గంజాయి, Imbanje, Skunk, Doja, Homegrown, गजि, Indian hemp, Reefer, Zaza, Marihoochy, Electric lettuce, Cabbage, Loud, Hash, Common hemp, Lucifer’s Quinoa, Nova, Heebie Jeebie, ଗଞ୍ଜେଇ, Rabid Cabbage, Jazz cabbage, Dunk, Marahootah, Spilf, Wiwi, Dagga, Top shelf shit, กัญชา, Brain food, Martian Cigarettes, Electric puha, Allen, Enjaga, Bhang, ভাঙগছ, Mbanje, Parastā Kaņepe (LVL), Erva, Skunk plant, गाजा, Green, Cheesy j, Illicit Herb, గంజాయీ, Daddy, गांजा, Конопля посевная, High grade, Penis enlargement pills, Chiba, Pond weed, Meowywana, Bang in pashto, Anil katariya, Crip, Flower, Up in a tree, Instagram grade, Коноплі звичайні",Cannabis sativa,L.,5361880,306087-2,
1424536,"Canscora, Winged-Stem Canscora",Canscora alata,(Roth) Wall.,3840335,366544-1,
1427432,,Canscora diffusa,(Vahl) R.Br. ex Roem. & Schult.,7270041,366552-1,
1427436,,Canthium horridum,Blume,2898630,745464-1,
1671258,,Canthium parvifolium,Roxb.,2917463,745582-1,
1783580,,Canthiumera siamensis,(K.Schum.) K.M.Wong,10722443,77195145-1,
1649039,,Capillipedium assimile,(Steud.) A.Camus,4106183,395030-1,
1649050,"Small-flower scented-top, Golden-beard, Scented-top grass, Scented top, Scented golden-beard, Small-flowered cane, Small-flowered capillipedium",Capillipedium parviflorum,(R.Br.) Stapf,4106001,395045-1,
1356285,"Karira, Sodada, Retama caper",Capparis decidua,(Forssk.) Edgew.,7782352,146394-1,LC
1427439,Thai caper,Capparis micracantha,DC.,5601856,146597-1,LC
1491044,,Capparis multiflora,Hook.f. & Thomson,5601805,146615-1,LC
1491050,,Capparis olacifolia,Hook.f. & Thomson,5601722,146645-1,
1379569,"Indian caper, Wild caper bush, Hedge caper-bush, Hedge Caper, Corymbose caper",Capparis sepiaria,L.,7273413,146769-1,LC
1427441,Ceylon caper,Capparis zeylanica,L.,5601836,146890-1,
1363910,"Shepherd's Purse, Mother's heart, Shephered's purse, Shepherdspurse, Common Shepherd's Purse, Pickpocket, Blind weed, Lady's-purse, Pick-purse, Toywort, Shepardspurse, کیسه کشیش",Capsella bursa-pastoris,(L.) Medik.,5375388,30092589-2,
1361992,"Peppers, Chili, Bell Pepper, Jalapeño, Chilli, Habanero, Chile pepper, Red capsicum, Red Pepper, Chili Pepper, Banana Pepper, Bird Pepper, Pepper, Sweet pepper, Cayenne Pepper, Paprika, Green pepper, Red Ghost Pepper, Green chilli, Capsicum, Green Capsicum, Hot Pepper, Pimiento, Seasoning Pepper, Hungarian Pepper, Ornamental Pepper, Pod pepper, Sweet and chili peppers, Cabai, فلفل, Tabasco, Ghost pepper, Ohnivec Chilli, فلفل زینتی, কাঁচামরিচ, Chile, Cili (Malay), Aji Amarillo, فلفل دلمه, మిరప, Sweet roasting pepper, California Pepper, Kashmiri, Calabrian diavolicchio, Orange Bell, Fish Pepper, Sweet Banana Pepper, मिर्च, Trinidad Scorpion, شطة, Felfel, Thai Super Chilli, জলকীয়া, Pepperoncini, Asian Tongue-Chilli, Yellow Pepper, Chile piquin, Padron",Capsicum annuum,L.,2932944,316944-2,LC
1356148,"Chilli, Tabasco pepper, Cayenne-pepper, Capsicum, Hot pepper, Bird pepper, Red chili, Spur pepper, Wild pepper, Bird-chilli, Bird's eye chilli, Chilli pepper, Bell Pepper, Jalapeño, మిరప, Chiltepin, فلفل, Habanero Chilli Pepper",Capsicum frutescens,L.,8403992,316959-2,LC
1758038,"Woolly senecio, Cocoon plant, Thin Casper",Caputia tomentosa,(Haw.) B.Nord. & Pelser,9390174,77123770-1,
1407777,"Carallawood, Corkybark, Freshwater mangrove, Billabong-tree",Carallia brachiata,(Lour.) Merr.,3873929,719554-1,LC
1402299,African crabwood,Carapa procera,DC.,3851350,577711-1,LC
1363884,"Common bittercress, Hairy bittercress, Bittercress, Hairy Bitter-cress, Hoary Bittercress, Bristly bittercress, Flick weed, Small Bittercress, Lamb's cress, Pepperweed, Shot weed, Tiny weed, Lesser Bittercress, Hairy Cardamine, Rzeżucha Włochata (PL), Mäkilitukka (FI), Garden Bittercress, Common Cardamine, Quersonnette (FR), Lambscress, Michitanetsukebana (JA), Rosettkarse (NO), Common Shotweed",Cardamine hirsuta,L.,3046258,280380-1,
1719822,"Hidden Bittercress, Asian Wavy Bittercress",Cardamine occulta,Hornem.,3690997,280533-1,
1419316,"Himalaya Lily, Himalayan Lily",Cardiocrinum giganteum,(Wall.) Makino,2752917,532549-1,
1372710,"Faux persil, Balloon vine, Balloonvine Heartseed, Blister creeper, Chinese cypress, Heart seed, Heart's pea, Love in a puff",Cardiospermum corindum,L.,3189932,782195-1,
1360468,"Balloonvine, Heart-pea, Lesser balloonvine, Winter-cherry, Small balloonvine, Black winter cherry, Heart seed, Love in a puff, Small balloon vine, Balloonvine Heartseed, Blister creeper, Chinese cypress, Heart's pea, బుడ్డకాకర",Cardiospermum halicacabum,L.,3189939,782206-1,LC
1440597,"Heartseed, Sprainbush Vine, Small-fruited balloon vine",Cardiospermum microcarpum,Kunth,3189937,782221-1,LC
1531002,Nerved-scale sedge,Carex aphanolepis,Franch. & Sav.,2726105,298592-1,
1407781,Greater brown sedge,Carex brunnea,Thunb.,2728632,927466-1,
1728679,,Carex esenbeckii,Kunth,2710419,299662-1,
1531399,,Carex filicina,Nees,2724401,299730-1,LC
1531451,Gibbous sedge,Carex gibba,Wahlenb.,2729235,299924-1,
1415344,,Carex indica,L.,2712224,330926-2,
1531727,Sluggish sedge,Carex lenta,D.Don,2723688,300613-1,
1531796,Maculate sedge,Carex maculata,Boott,2722370,300836-1,LC
1531902,,Carex myosurus,Nees,2726304,301124-1,LC
1720901,,Carex nubigena,D.Don,7919351,301252-1,
1728805,,Carex parvula,O.Yano,9571696,77149514-1,
1532233,,Carex scaposa,C.B.Clarke,2724718,302115-1,
1532263,,Carex setigera,D.Don,2723458,302220-1,
1728685,,Carex uncinioides,Boott,2710269,302807-1,
1567649,"Patana oak, Tummy wood, Ceylon oak, Kumbi, Slow match tree, Wild guava, Fountain tree",Careya arborea,Roxb.,3083448,469163-1,
1378024,"Papaya, Pawpaw, Papaw, Tree melon, Melon-tree, Mamon, Pepaya, పొప్పడి (బొప్పాయి) చెట్టు, Mamoeiro-fêmea, पपीता, 木瓜 (Mandarin), پپیتے کا درخت, Katès, Gwanda, Đu đủ, Betik (Malay), Kapayas (higaynon), Papaya Tree, Lechosa, Gedang, มะละกอ, פאפאיה, Kates Grendel, شجرة البابايا, Kepayas (Brunei Malay), মপফল(অমিতা), خربزه درختی",Carica papaya,L.,2874484,30011248-2,DD
1407786,"Karaunda, Bengal-currants, Carandas-plum, Karanda, Kerenda, Christ thorn, Christ's thorn, Jasmine flowered carrisa, వాక్కాయ చెట్టు, করমচা, Kanna",Carissa carandas,L.,5414419,77691-1,DD
1363812,"Egyptian carissa, Carandas-plum, Currentbush, Kunkerberry, Num-num, Bush Plum, Conkerberry, Currant Bush, Wild karanda, Simple-spined num-num, Arabian num num, Spiny-leaved monkey-orange",Carissa spinarum,L.,5536282,77756-1,LC
1399510,Common carpesium,Carpesium abrotanoides,L.,3094849,189330-1,
1502181,,Carpesium nepalense,Less.,3094859,189356-1,
1728637,,Carpinus viminea,Lindl. ex Wall.,8590936,295290-1,LC
1364165,"Safflower, Dyer's-saffron, False saffron, Fake Saffron, Parrot Seed, Kasombhâ, Kesumba, ꯀꯨꯁꯨꯝꯂꯩ, Bastard saffron, Saff flower, Safflor, Common safflower-thistle, కుసుమ, Saffron thistle, گلرنگ",Carthamus tinctorius,L.,3138327,324467-2,
1469032,,Caryota kiriwongensis,Hodel,3593240,60453504-2,
1718356,Giant mountain fishtail palm,Caryota maxima,Blume,8245256,665614-1,
1385870,"Fishtail palm, Tufted fishtail palm, Burmese fishtail palm, Clustered fishtail palm, Clustering fishtail palm, Common fishtail palm, 鱼尾棕, Fishtail Caryota",Caryota mitis,Lour.,2738902,665616-1,LC
1469034,"Giant fishtail palm, Thai giant caryota, Fishtail Palm",Caryota obtusa,Griff.,2738916,665622-1,LC
1385871,"Fish-tail palm, Jaggery palm, Sago palm, Solitary fishtail palm, Wine palm, Toddy palm, Fishtail palm, Kitul-tree, Kittool palm, Elephant's palm, Indian sago palm",Caryota urens,L.,2738914,665636-1,LC
1369909,"Luckynut, पीली कनेर, Yellow oleander, Kaner, فندق خوشبختی, خرزهره زرد يا شيناس, Milk tree, Exile tree, Be-still tree, Trumpet flower, Bee-still Tree, పచ్చ గన్నేరు, কলকে ফুল, அரளி, תבטיה הרדופית, Ki Hujan, Ginje, Nagasari",Cascabela thevetia,(L.) Lippold,3169652,47927-2,LC
1683649,,Casearia tomentosa,Roxb.,6043389,779706-1,LC
1574524,,Cassia bakeriana,Craib,5357132,484178-1,
1368528,"Golden Shower Tree, Amaltas, Indian-laburnum, अमलतास, Golden shower, Purging cassia, Liquorice Plant, Trommelstok, Golden-rain, Pudding pipe tree, Purging fistula, Golden-shower senna, Drumstick tree, Shower of gold, Cassie, Crown of Gold Tree, Purging Cassi, The Indian Laburnum, Pudding-pie-tree, Casse-habitant, చెట్టు తంగేడు, املتاس, Golden cassia, فلوس، خیار شنبر, خرنوب هندی",Cassia fistula,L.,5357108,484507-1,LC
1400481,"Pink Shower, Appleblossom cassia, Coral shower, Horse cassia, Pink shower tree",Cassia grandis,L.f.,5357158,484607-1,LC
1407791,"Appleblossom shower, Rainbow shower, Pink cassia, Apple Blossom, Apple-blossom cassia, Apple-blossom senna, Pink shower, Javanese cassia, Pink and white shower, Pink shower tree, Apple-blossom Shower, Apple-blossum Cassia, Jointwood",Cassia javanica,L.,5357125,484704-1,LC
1418692,Himalayan heather,Cassiope fastigiata,(Wall.) D.Don,5683588,327316-1,
1538045,,Cassiope pectinata,Stapf,5683526,327325-1,
1364284,"Dodder-laurel, Woevine, Lovevine, Bush-dodder, False dodder, Seashore-dodder, Devil's gut, Fish-net vine, Eastern Hemlock-spruce, Fine-stem Lovevine, Yellow Dodder, Yellow love",Cassytha filiformis,L.,3033999,463202-1,
1427462,Papua New Guinea Oak,Castanopsis acuminatissima,(Blume) A.DC.,5333166,295374-1,LC
1547704,,Castanopsis echinocarpa,Miq.,5333036,295388-1,LC
1419061,"Indian-chestnut, Oak-chestnut",Castanopsis indica,(Roxb. ex Lindl.) A.DC.,5332911,295397-1,LC
1427478,,Castanopsis megacarpa,Gamble,5332930,358404-1,
1427481,,Castanopsis nephelioides,King ex Hook.f.,5332918,295371-1,NT
1427488,,Castanopsis schefferiana,Hance,5332908,295407-1,NT
1427490,,Castanopsis wallichii,King ex Hook.f.,5333116,295373-1,VU
1383149,"Beach sheoak, Australian beefwood, Australian-pine, Beefwoodtree, Horsetail she-oak, Horsetailtree, Whistling-pine, Whistlingtree, Beach casuarina, Beach she-oak, Beach-oak, Coast she-oak, Coastal she-oak, Ironwood, Australian pine tree, Common ironwood, Horsetail casuarina, Casuarine, She-oak, South Sea ironwood, Beefwood, Casuarina, Horse-tail beefwood, Bull oak, Common ru, Horse-tail tree, Australian oak, Beach sea-oak, Austrlian beefwood, సరుగుడు, Causarina, درخت دم اسبی،  کاج استرالیایی, Agoho pine",Casuarina equisetifolia,L.,2891930,159856-1,LC
1401889,"Periwinkle, Vinca, Sadabahar, सदाबहार (देसी), নয়নতারা, सदाबहार, Madagascar periwinkle, நித்தியகல்யாணி, پریوش, బిళ్ళగన్నేరు, Sadaphuli, নয়নতৰা, Graveyardplant, Cape periwinkle, Rose periwinkle, Rosy periwinkle, Old-maid, Pink periwinkle, Bright-eyes, Old-maid-flower, Churchyard Blossom, Madalena Blanco, Old Church Blossom, Old Maids Olleander, Red periwinkle, Madagascar rosy periwinkle, Cayenne jasmine, Tonga, Teresita, Dừa cạn, सदाफुली, हिंदी में भेजो, فينكا, แพงพวย, Khum Bairagi, બારમાસી, Tapak dara, Playera, इसमें क्या प्रॉब्लम है, ڤینکا, Βιγκα, Tattoo Vinca, ટીકડી ફૂલ, Madagascan Periwinkle, Vinca Minor. Periwinkle.",Catharanthus roseus,(L.) G.Don,3169830,77880-1,
1574591,,Cathormion umbellatum,(Vahl) Kosterm.,2983918,485486-1,LC
1671335,,Catunaregam longispina,(Link) Tirveng.,2910925,987285-1,
1379645,"Emetic-nut, Thicket xeromphis, Mountain pomegranate, Karegida, Common emetic",Catunaregam spinosa,(Thunb.) Tirveng.,2910886,745904-1,LC
1427494,,Catunaregam tomentosa,(Blume ex DC.) Tirveng.,2910934,745905-1,
1779139,,Causonis corniculata,(Benth.) J.Wen & L.M.Lu,11038189,77209940-1,
1719823,,Causonis japonica,(Thunb.) Raf.,4055350,60470155-2,
1783396,,Causonis maritima,(Jackes) Jackes,11189797,77211310-1,
1720154,"Bush grape, Fox grape, Three-leaf cayratia, Three-leaved wild vine, కనుపుతీగె / పులిమడ",Causonis trifolia,(L.) Mabb. & J.Wen,10995009,77164230-1,
1700357,,Cautleya gracilis,(Sm.) Dandy,5302424,872261-1,LC
1700358,,Cautleya spicata,(Sm.) Baker,5302421,796211-1,LC
1719824,,Cayratia mollissima,(Wall.) Gagnep.,7293851,869705-1,
1388740,"White silk-cotton tree, Kapok, White silk cottontree, Kapoktree, Silk cottontree, Silk Cotton Tree, Giant kapok, God's tree, Cotton Tree, Devil's Tree, Fromager, Jumbie tree, P.W.D. Tree, Silk, White cotton tree, Cotton, Cotton silk tree, White kapok, తెల్ల బూరుగ, Money Tree",Ceiba pentandra,(L.) Gaertn.,5406697,1166232-2,LC
1494039,,Celastrus hookeri,Prain,3793702,160320-1,
1390975,"Oriental bittersweet, Japanese bittersweet, Staffvine, Asian bittersweet, Asian Staff-vine, Oriental Staff-vine, Asiatic Bittersweet, Chinese bittersweet, Round-leaved bittersweet, Invasive Bittersweet, Round leaf bittersweet",Celastrus orbiculatus,Thunb.,3169169,927512-1,
1414827,"Oriental bittersweet, Celastrus, Staff vine, Intellect plant, Black Oil Plant, Climbing staff plant",Celastrus paniculatus,Willd.,7265565,160439-1,
1363271,"Silver Cockscomb, Cockscomb, Dragon's Breath, Celosia, تاج خروس, Quail Grass, Brain Celosia, పట్టు కుచ్చులు, Silver Cock's-Comb, Feather cockscomb, Cock's-comb, Silvery cock's-comb, Wool flower, Lagos spinach, Silver and red foxtail, Crimson cockscomb, Fireweed, Jesus' plant, Red fox, Silver-spiked cockscomb, Silvery celosia, Red-spinach, Lalik Ayam, Garkha, Rudrajata, Abanico, Gadrya, Twisted Orange Celosia, Sitavarka, Mayursikha, Jatadhari, Imarti, గునుగు, Feathery cockwomble, Cresta de gallo, Plumed Cock's Comb, सिउरे फुल, Cresta di gallo, Dark purple, Plumed Cockscomb, Selosia, Prince of Wales feathers, Purple Cockscomb",Celosia argentea,L.,3085191,316350-2,LC
1373456,"Kaju lulu, Malaiino",Celtis philippensis,Blanco,7303643,56400-3,LC
1418377,"Chinese hackberry, Japanese hackberry, Chinese nettletree, East Asian hackberry, Chinese elm",Celtis sinensis,Pers.,4159594,851171-1,LC
1418378,Nilgiri Elm,Celtis tetrandra,Roxb.,7366997,851188-1,LC
1427153,"Fountain Grass, Black Fountaingrass, Swamp foxtail grass, Chinese pennisetum, Chinese fountain grass, Dwarf Fountain Grass, Chikarashiba (JP)",Cenchrus alopecuroides,(L.) Thunb.,5671747,395190-1,
1389964,"Pearl-Millet, बजड़ी, Bulrush millet, Cat-tail millet, Pokograss, Ornamental millet",Cenchrus americanus,(L.) Morrone,5828197,77105978-1,
1363463,"Buffel-grass, Buffalo Grass, African Foxtail Grass, African foxtail, خورنال",Cenchrus ciliaris,L.,4109540,395214-1,LC
1363016,"Kikuyu Grass, Sandbur, Kikuyo Grass, West African pennisetum, Fescue, Kikuyo",Cenchrus clandestinus,(Hochst. ex Chiov.) Morrone,5828201,77105989-1,LC
1363464,"Mossman River grass, Bur grass, Innocent-weed, Hedgehog grass, Spiny sandbur, Southern sandbur, Southern sandbur grass, Southern Sandburr, Common sandbur, Field sandbur, Sandburr, Burrgrass, Southern burgrass, Spiny burrgrass, Love Grass, چمن تشی درشت",Cenchrus echinatus,L.,5289739,316518-2,LC
1381394,,Cenchrus hordeoides,(Lam.) Morrone,5828227,77106005-1,LC
1389966,"Feathertop, Long-style feathergrass",Cenchrus longisetus,M.C.Johnst.,5290192,51255-2,
1721005,"Oriental pennisetum, Fountain grass, Oriental fountain grass, White Fountain Grass",Cenchrus orientalis,(Rich.) Morrone,8124374,77106061-1,LC
1730684,"Kyasuma grass, Hairy fountain grass, Annual Mission Grass, Deenanathgrass",Cenchrus pedicellatus,(Trin.) Morrone,5828233,77106022-1,LC
1363019,"Elephant grass, Napier Grass, Bana Grass, Napier's Fodder, Herbe elephant, Merker grass",Cenchrus purpureus,(Schumach.) Morrone,5828220,77106033-1,LC
1363021,"Fountain grass, Crimson fountaingrass, Grass, African Fountain Grass, Crimson fountain grass, آبشاری",Cenchrus setaceus,(Forssk.) Morrone,5828232,77106046-1,LC
1363466,"Cow sandbur, Anjangrass, Birdwoodgrass",Cenchrus setigerus,Vahl,5673992,321572-2,
1718537,"Mission grass, Feathery pennisetum, West Indies pennisetum",Cenchrus setosus,Sw.,5673987,395321-1,
1411387,"Cornflower, Bachelor's Button, Hurtsickle, Thimbles, Corn-pinks, Brushes, Blaver, Witch's-bells, Blue-poppy, Bluebonnets, Blue bottle, Garden Cornflower, Blue Cap, Strawflower, Kornblomster (DK)",Centaurea cyanus,L.,3089561,190310-1,
1384653,"Gotu kola, থানকুনি, Pennyweed, Bramhi, Marsh pennywort, Sheeprot, Thankuni, Asiatic pennywort, Indian pennywort, Asian pennywort, Spadeleaf, Centella, Ovate-leaved marsh pennywort, Coinwort, Asian Coinleaf, Indian penny-wort, Pohekula, Ji xue cao, Vallarai, বৰ মানিমুনি, Pegagan, Piduh",Centella asiatica,(L.) Urb.,3034128,1197718-2,LC
1365779,"Scrub sandbur, Barbed grass",Centotheca lappacea,(L.) Desv.,2706433,395345-1,
1403834,"Larkdaisy, Brazilian button flower",Centratherum punctatum,Cass.,3090864,51409-2,
1368938,"Mexican Butterfly-Pea, Flor de conchitas, Bluebell, Centro, Butterfly pea, Choreque Negro, Fleur Languette, Flor de Pito, Flor de Pito Blanco, Snake Plant",Centrosema pubescens,Benth.,2964904,485611-1,
1719827,"Lettuce tree, Cabbage tree",Ceodes grandis,(R.Br.) D.Q.Lu,3701578,999302-1,
1719828,"Umbrella Catchbirdtree, Birdcatcher Tree, Bird-lime Tree",Ceodes umbellifera,J.R.Forst. & G.Forst.,3086267,604437-1,LC
1361635,White helleborine,Cephalanthera damasonium,(Mill.) Druce,2795952,622369-1,
1614887,Long-bract cephalanthera,Cephalanthera longibracteata,Blume,2795856,622388-1,
1671341,,Cephalanthus angustifolius,Lour.,2923933,746200-1,NT
1772772,,Cephalanthus tetrandrus,(Roxb.) Ridsdale & Bakh.f.,2923940,746238-1,
1397596,"Fortune's plum-yew, Chinese plum-yew, Fortune's Yew Plum, Chinese cow's-tail pine",Cephalotaxus fortunei,Hook.,2685265,261815-1,LC
1356697,"Mouse-ear chickweed, Sticky Mouse-ear, Sticky mouse-ear chickweed, Clammy chickweed, Sticky chickweed, Clammy mouse-ear chickweed, Glomerate Mouse-Eared Chickweed, Big chickweed, Mouseear chickweed",Cerastium glomeratum,Thuill.,3085440,152274-1,
1357093,"Common hornwort, Hornwort, Coontail, Rigid hornwort, Coon's-Tail, Hornworts, Ditchweed, Coon’s Tail, Common Coontail, Hornweed, Morass weed, ক্যাসাঁল",Ceratophyllum demersum,L.,2882398,30006047-2,LC
1357094,"Prickly Hornwort, Soft Hornwort",Ceratophyllum muricatum,Cham.,5333327,163079-1,LC
1400700,"Floating fern, Floating Antlerfern, Horn fern",Ceratopteris pteridoides,(Hook.) Hieron.,2651590,17242590-1,
1400701,"Water fern, Water horn fern, Water sprite, Floating stag's-horn fern, Indian fern, Water Hornfern",Ceratopteris thalictroides,(L.) Brongn.,2651586,17064190-1,LC
1415482,,Ceratostylis subulata,Blume,2835912,622584-1,
1414808,"Rubbertree, Beach milkwood, Madagascar ordeal-bean, Grey milkwood, Pink-eyed cerbera, Sea-mango, Dogbane, Dogbone, Reva, Pong-pong, Sea pong-pong",Cerbera manghas,L.,7155766,77906-1,LC
1420139,"Suicide Tree, Pong-pong, Sea Mango, Buta-buta, Pong-pong tree, Reva, Yellow-eyed cerbera, Chatthankai, Chiute, Dog-bane, Grey Milkwood, Bintaro",Cerbera odollam,Gaertn.,7155753,77913-1,LC
1418192,"Hedge cactus, Queen-of-the-night, Queen of the night, Spiny tree cactus",Cereus hildmannianus,K.Schum.,5384000,53030-2,LC
1427520,,Ceriops decandra,(Griff.) W.Theob.,7642884,941633-1,NT
1427521,"Spurred mangrove, Black mangrove, Indian mangrove",Ceriops tagal,(Perr.) C.B.Rob.,3086518,719711-1,LC
1459828,,Ceropegia longifolia,Wall.,3574499,95648-1,
1407798,"Crimson cestrum, Purple cestrum, Red cestrum",Cestrum elegans,(Brongn. ex Neumann) Schltdl.,6403186,815003-1,LC
1380602,"Night jasmine, مسك الليل, Raat Rani, محبوب شب, Night-jessamine, Lady-of-the-night, Night-blooming jasmine, Night-blooming cestrum, Night cestrum, Night flowering jessamine, Queen of the night, Cestrum, Lady of the night, Night-scented cestrum, Night-scented jessamine, Poisonberry, Night-blooming jessamine, Night Jassamine, Iki he po, Night flowering jassamine, Lady of the night), Jasmin de nuit, రే మల్లె, Night queen, ليلة القدر, നിശാറാണി, Wild Bermuda Jasmine, Huele de Noche, Jasmine, محبوبه شب, रातराणी, হাসনাহেনা, Dạ lý hương",Cestrum nocturnum,L.,2928791,316386-2,LC
1574694,"Tropical sensitive pea, Pig's senna",Chamaecrista absus,(L.) H.S.Irwin & Barneby,2949868,54310-2,LC
1363779,"Five-leaf cassia, Japanese-tea, Fishbone cassia, Chamaecrista, Fish-bone Cassia, False sensitive plant",Chamaecrista mimosoides,(L.) Greene,2949769,54606-2,LC
1400510,"Sensitive partridge pea, Sensitive-pea, Sensitive cassia, Wild sensitive-plant, Sensitive Plant, Partridge-pea, Wild sensitive-pea, Shame Plant",Chamaecrista nictitans,(L.) Moench,2950302,30485908-2,LC
1721514,Field sensitive pea,Chamaecrista nomame,(Makino) H.Ohashi,8541694,946976-1,
1671391,,Chassalia curviflora,(Wall.) Thwaites,2912772,746289-1,
1415483,Mermaid’s tail,Cheirostylis montana,Blume,2814885,622746-1,
1779076,,Cheniella corymbosa,(Roxb. ex DC.) R.Clark & Mackinder,10805020,77165911-1,
1720155,Glaucous Climbing Bauhinia,Cheniella glauca,(Benth.) R.Clark & Mackinder,10856210,77165916-1,
1389975,"Sowbane, Maple-leaved Goosefoot, Soybane, Mapleleaf Goosefoot, Maple-leaf goosefoot, Hybrid Goosefoot, Hybrid Sowbane",Chenopodiastrum hybridum,"(L.) S.Fuentes, Uotila & Borsch",7551162,77121009-1,
1363179,"Fig-leaf goosefoot, Fig-Leaved Lamb'S-Quarters, Fig-leaved Goosefoot, سلمه تره, Figleaf Goosefoot, Goosefoot, Sokkati soppu, Feigenblättriger Gänsefuß (DE), Leaf graina, Laba gâștei, Figowcojta Pólšica (HSB), Chénopode à Feuilles de Figuier (FR), Fig-leaved Chenopodium, Stippelganzenvoet (NL), Bathu",Chenopodium ficifolium,Sm.,3083862,164928-1,
1729344,,Chesneya nubigena,(D.Don) Ali,5357277,486150-1,
1615184,,Chiloschista lunifera,(Rchb.f.) J.J.Sm.,2847814,622820-1,
1615194,,Chiloschista usneoides,(D.Don) Lindl.,2847808,622830-1,
1779781,"Square bamboo, Square-stem bamboo, Square-stemmed Bamboo",Chimonobambusa quadrangularis,(Franceschi) Makino,4154003,395729-1,
1609044,,Chionanthus mala-elengi,(Dennst.) P.S.Green,7326229,942251-1,LC
1427540,Northern Olive,Chionanthus ramiflorus,Roxb.,7326156,608794-1,LC
1427549,,Chisocheton patens,Blume,3852402,577914-1,LC
1427550,,Chisocheton pentandrus,(Blanco) Merr.,7271486,577920-1,LC
1418423,,Chloranthus elatior,Link,7469977,77112331-1,
1494981,Serrate-leaf chloranthus,Chloranthus serratus,(Thunb.) Roem. & Schult.,7339068,167822-1,
1418424,"Chulantree, Jin su lan, Cha-ran",Chloranthus spicatus,(Thunb.) Makino,3750517,167824-1,
1363583,"Giant finger grass, Purpletop chloris, Swollen windmill grass, Swollen fingergrass, Peacock plumegrass, Purple-top chloris, Plushgrass, Airport grass, Feather finger grass, Finger grass, چمن مقدس",Chloris barbata,Sw.,5289612,1168070-2,
1363579,"Abyssinian Rhodes grass, Rhodes grass, Gayana Windmill Grass, Rhodes windmill-grass",Chloris gayana,Kunth,5289618,395891-1,
1363580,Spiderweb chloris,Chloris pycnothrix,Trin.,5678495,395997-1,
1363582,"Feather finger grass, Feather windmill grass, Feathered chloris, Feathertop Rhodes grass, Feathertop grass, Feathery Rhodes grass, Oldland grass, Sweet grass, Woolly-top Rhodes grass, Hairy Rhodes grass, Feater finger-grass, Feather fingergrass, Feather-top chloris, Feathertop rhodesgrass, Feather-top, Showy Windmill Grass, Klossiegras, Showy chloris",Chloris virgata,Sw.,5289624,396063-1,
1407810,"Spider plant, کاپنس گندمی

خانواده: لیلیاسه ها (سوسنی ها), Hen-and-chickens, Ribbonplant, Spider-ivy, Walking anthericum, Green Spider Plant, Mala Madre, Hen and chicken, Listón (Mexico), برگ گندمی، عنکبوتی, Spider air plant, عنكبوتة, Il falangio",Chlorophytum comosum,(Thunb.) Jacques,2774846,532810-1,
1426708,"Siam lily, Spider Plant",Chlorophytum laxum,R.Br.,2774395,532931-1,
1471741,,Chlorophytum nepalense,(Lindl.) Baker,2774691,532987-1,
1386086,,Chlorophytum tuberosum,(Roxb.) Baker,2774912,533112-1,LC
1419264,,Choerospondias axillaris,(Roxb.) B.L.Burtt & A.W.Hill,3661517,69446-1,LC
1423517,Frangipani vine,Chonemorpha fragrans,(Moon) Alston,3616952,78008-1,
1427555,"Butterfly plant, Butterfly wing, Swallowtail plant",Christia obcordata,(Poir.) Bakh.f.,5349935,486277-1,
1409294,Red butterfly wing,Christia vespertilionis,(L.f.) Bakh.f.,5349925,486281-1,LC
1403855,"Hagonoy, Ki Rinyuh, Bitter bush, Jack in the bush, Siam weed, Triffid weed, Christmasbush, Butterfly-weed, Devilweed, Jack-in-the-bush, Paraffin-weed, Archangel, Paraffin bush, Sam-solokh, Awolowo weed, বন মটমটিয়া/মটমটে (Bangla), Tivra Gandha/Baghdhoka (Hindi),, കമ്മ്യൂണിസ്റ്റ് പച്ച, Babybush, Odorata Pantai, Blahum, Germany habi(local Assamese)",Chromolaena odorata,(L.) R.M.King & H.Rob.,3087725,57443-2,
1426138,Giradol,Chrozophora plicata,(Vahl) A.Juss. ex Spreng.,3054448,60464929-2,
1767421,,Chrozophora rottleri,(Geiseler) Spreng.,3054492,60464927-2,
1391154,"Indian chrysanthemum, Chrysanthemum, गुलदाऊदी (Hindi), शेवंती (Marathi), داودی ایندیسوم, চন্দ্রমল্লিকা, Indian dendranthema, చామంతి, Kurjo, Mums, ସେବତୀ (Odia), Gadawari (Nepali)",Chrysanthemum indicum,L.,3150814,193510-1,
1400996,"Coco plum, Hog plum, Icaco Coco-Plum, Coco Plant, Icaco, Abajeru, Paradise plum, Coco, Cocoa Plant, Cocoa Plum, Fat Pork, Kokoplum, Ekaks",Chrysobalanus icaco,L.,2985082,722181-1,LC
1415484,,Chrysoglossum ornatum,Blume,2782282,623082-1,
1363102,"Italian Jasmine, Yellow Jasmine, Italian yellow jasmine",Chrysojasminum humile,(L.) Banfi,9534100,77144222-1,LC
1728772,,Chrysojasminum subhumile,(W.W.Sm.) Banfi & Galasso,9453304,77144237-1,LC
1365381,"Pilipiliula, Lesser spear grass, Mackie's pest, Love grass, Golden False Beard Grass, Golden false beardgrass, Bajang-Bajang, Golden beardgrass, Seed grass",Chrysopogon aciculatus,(Retz.) Trin.,5290133,396110-1,
1441314,"Golden beard grass, Red false beardgrass",Chrysopogon fulvus,(Spreng.) Chiov.,5290136,396142-1,
1361917,"Scented Grass, Brush grass",Chrysopogon gryllus,(L.) Trin.,5674318,396147-1,
1649257,,Chrysopogon nodulibarbis,(Hochst. ex Steud.) Henrard,5677530,396163-1,
1365380,,Chrysopogon serrulatus,Trin.,5677426,396181-1,
1363538,"Cuscus grass, Vetiver, Vetiver grass, Khus-khus, Khus-khus grass, False beardgrass, Khuskhus Vetiver, Khuskhusgrass, Khas-khas, Motgrass, وتیور، علف خس خس",Chrysopogon zizanioides,(L.) Roberty,5677150,396213-1,
1687717,,Chrysosplenium nepalense,D.Don,7418247,790626-1,
1432729,"Burmese almondwood, Chittagong-wood, East Indian-mahogany, Indian redwood, Bastard-cedar, Chickrassy, White-cedar, Burma almond wood, Indian mahogany",Chukrasia tabularis,A.Juss.,4934732,60465537-2,LC
1418433,"Scythian-lamb, Golden chicken fern, Vegetable lamb",Cibotium barometz,(L.) J.Sm.,4195539,1160435-2,
1363794,"Bengal gram, Garbanzo, Chickpea, Gram, Channa, Kichererbse, चना, Garbanzo Bean, Bush Garbanzo Bean, Hummus, نخود, శనగ",Cicer arietinum,L.,2947311,486336-1,
1357495,"Chicory, Chickory, Coffeeweed, Belgium endive, Coffee chicory, Succory, French endive, Witloof, Blueweed, Blue Sailors, Common Chicory, Bunk Chicory, Wild Chicory, Belgian Endive, Wild Succory, Hendibeh, Common Cichory, Radicchio, کاسنی, Cikoria, Цикорій, Cigoriņi (LVL), Beyaz hindiba, Red ribbed cichory, Mavi hindiba, Kasni, Αντίδι, Radika, Cicoare, Cikorija, Цикорий",Cichorium intybus,L.,5392252,194533-1,
1776013,"Chinese cinnamon, Chinese-cassia, Cassia, Cassia-bark, Cassia-bark tree, Saigon cinnamon, Bastard cinnamon",Cinnamomum aromaticum,Nees,3033982,463288-1,
1565551,,Cinnamomum bejolghota,(Buch.-Ham.) Sweet,7304259,463310-1,LC
1424419,"Batavia cinnamon, Batavia-cassia, Indonesian-cassia, Java-cassia, Korintje-cassia, Malaysian Cinnamon, Padang cassia, Padang cinnamon",Cinnamomum burmanni,(Nees & T.Nees) Blume,3033985,463328-1,LC
1389656,"Camphor-laurel, Camphortree, Japanese camphor, Japanese camphortree, Camphor, Camphorwood, Majestic beauty camphor, Japanese camphor tree, 樟树, Cây long não, درخت کافور",Cinnamomum camphora,(L.) J.Presl,3033991,463336-1,LC
1389655,Nepal camphorwood,Cinnamomum glanduliferum,(Wall.) Meisn.,4175713,463435-1,LC
1565624,,Cinnamomum glaucescens,(Nees) Hand.-Mazz.,4175703,463436-1,LC
1737410,Wild Cinnamon,Cinnamomum iners,(Reinw. ex Nees & T.Nees) Blume,8028551,463467-1,LC
1719830,"Selasian Wood, Martaban Camphor Wood, Saffrol Laurel",Cinnamomum parthenoxylon,(Jack) Meisn.,4181342,463600-1,LC
1427579,,Cinnamomum subavenium,Miq.,4179952,463705-1,LC
1729346,"Indian bark, Indian-cassia, Indian Bay leaves",Cinnamomum tamala,(Buch.-Ham.) T.Nees & C.H.Eberm.,9128079,463718-1,LC
1565807,,Cinnamomum tenuipile,Kosterm.,4179675,463724-1,LC
1404903,"Cinnamon, True cinnamon tree, Ceylon cinnamon tree, Ceylon cinnamon, True Cinnamon, Sri Lanka Cinnamon, Cinnamon bark tree, दालचीनी (Daalchini), దాల్చిన, Cinamamoum Zylanicum ( Ceylon Cinnamon), ତେଜ ପତ୍ର",Cinnamomum verum,J.Presl,3033987,463752-1,VU
1776016,,Cipadessa baccifera,(Roxb. ex Roth) Miq.,3851819,577971-1,LC
1397350,"Alpine Enchanter's-nightshade, Dwarf enchanter's nightshade, Small Enchanter's-Nightshade, Alpine enchanter’s-nightshade, Enchanter's nightshade, Alpine Circaea",Circaea alpina,L.,3188797,58893-2,
1609598,South enchanter’s nightshade,Circaea mollis,Siebold & Zucc.,7322810,611476-1,
1609600,,Circaea repens,Wall. ex Asch. & Magnus,8300330,611484-1,
1503832,,Cirsium falconeri,(Hook.f.) Petr.,3113469,195335-1,
1721587,"East Asian thistle, Japanese thistle, Tiger thistle, No-azami",Cirsium japonicum,DC.,3112887,195527-1,
1402343,"Velvetleaf, False pareira-root, Abuta, False pareira brava, बाटुलोपाते(नेपाली)",Cissampelos pareira,L.,3033937,59219-2,
1427582,"Heart-leaf-grape, Endeavour River-vine",Cissus adnata,Roxb.,4052376,67492-1,
1697704,,Cissus assamica,(M.A.Lawson) Craib,4053180,869775-1,
1719831,"Climbing-begonia, Trailing-begonia, Rex-begonia-vine, Rex begonia vine",Cissus discolor,Blume,4054691,869840-1,
1422299,"Javanese treebine, Grape ivy",Cissus nodosa,Blume,3039163,67814-1,
1360883,"Winged treebine, Veldt-grape, Devil's backbone, Adamant creeper, Bone setter, Cactus vine, Ceylon cinnamon, Climbing cactus, Edible stemmed vine, Four-angled vine, Kangaroo vine, Succulent-stemmed wild grape, Veld grape, Adament creeper, నల్లేరు, பிரண்டை, Chonga, Cucumber Cactus, Pirandai",Cissus quadrangularis,L.,7130673,67898-1,
1697868,,Cissus repanda,(Wight & Arn.) Vahl,7293753,67904-1,
1415029,"Cissus, Sambung tulang",Cissus repens,Lam.,3039164,67906-1,
1378864,"Fiddlewood, Florida fiddlewood, Spiny fiddlewood, Bois carre, Bois cocklet, Bois fidele, Cutlet, Fairy tree, Figbush, Koklet, Pendula, Lady chancellor tree, Susanna Berry, Savannah Berry, Susanna, Yellow fairy tree, Small's fiddlewood, West Indian fiddlewood",Citharexylum spinosum,L.,2925396,322339-2,LC
1363149,"هندوانه ابوجهل،  خیار گرگو, Bitter-apple, Bitter-cucumber, Vine-of-Sodom, Wild gourd, Colocynth, Bitter gourd, Alhandal, Desert gourd, Egusi, Tumba, Vine of Sodom, Perennial wild melon, Citron, خیار تَهرو",Citrullus colocynthis,(L.) Schrad.,2874622,291930-1,
1363148,"Watermelon, Afghan-melon, Bastard-melon, Dessert watermelon, Watermeloen, Green spleenwort, Wild melon, Wild Watermelon, Citrul, Egusi melon, هندوانه, పుచ్చ, Patia, Semangka, Hendevaneh, Congo watermelon",Citrullus lanatus,(Thunb.) Matsum. & Nakai,2874621,291938-1,
1403434,"Lime, Key lime, Egyptian lime, Indian lime, Mexican lime, West Indian lime, Sour lime, Kalamansi, Palestinian Sweet Lime, Egyptian Sweet Lime, لیمو،, Hybrid Lime, Philippine Lime (Calamansi), Jeruk purut, Tangerine, Acidic Lime, Laims, Hybrid Citrus",Citrus × aurantiifolia,(Christm.) Swingle,3190164,59599-2,
1403435,"Sour orange, نارنج, Seville orange, Bigarade, Bitter orange, King-orange, Citrus x limonia, Orange, Tangelo, Kumquat, Grapefruit, Hybrid Orange, Bitter Orange Tree, Lime tree, Marmalade Orange, Kitchen Orange, Hybrid Citrus, Max-chrysanthemum, نارنج سیاه, Citrus, Pomelo, Bigarade Orange, Culinary Orange",Citrus × aurantium,L.,8077391,59600-2,
1403436,"Lemon, Lemon-tree, Mandarin lime, Lime of Persia, Kitchen Lemon, నిమ్మ, Grape fruit, لیمو شیرین،",Citrus × limon,(L.) Osbeck,7647136,60454758-2,
1404728,"Kaffir lime, Mauritius papeda, Makrut-lime, Papeda, Limau purut, Kieffer lime, Leech lime, Mauritius bitter orange, Indonesian lime leaves, Thai Bai Makrut, Thai lime, Wild lime, Jeruk Purut, ईडलिंबू, Ewé Tea",Citrus hystrix,DC.,6433679,771927-1,LC
1420517,"Kumquat, Meiwa kumquat, Cherry Orange, Oval-kumquat, Cumquat, Round kumquat, Marumi kumquat, Swingle round Kumquat, Orange, QumKwat, Kumkat",Citrus japonica,Thunb.,3831801,771939-1,
1372591,"Pomelo, Shaddock, Pummelo, Bali lemon, Yu, Buntan, Citron, పంపర పనస, জাম্বুরা, गागल, 柚子树, Tangelo, پاملا, Pumelo, Grapefruit, Orange, Ponderosa lemon, Jeruk bali, Giant Citrus, Citrus, Chakotra",Citrus maxima,(Burm.) Merr.,3190160,30075266-2,LC
1364043,"Lemon, Citron, Buddha's hand, Limette, Cidran, Etrog, Ethrog, Cedrat Lemon, మాది ఫల చెట్టు, Lime tree, Citrus, Meyer lemon, Cedrate, Cedro (IT), Cidracuahuitl (NAH), Jherruk Katès (MAD), فارسی, بالنگ",Citrus medica,L.,3190157,59603-2,LC
1391291,"Godetia, Farewell-to-spring, Farewell to spring, Satin-flower, Herald of summer, Clarkia, Codetia, كوديشا",Clarkia amoena,(Lehm.) A.Nelson & J.F.Macbr.,5420978,59701-2,
1391292,"Pinkfairies, Large-flower Clarkia, Large-flowered Clarkia, Deer Horn, Elkhorns Clarkia, Ragged Robin, Deerhorn clarkia, Pinkfairy",Clarkia pulchella,Pursh,5420982,59746-2,
1427590,Horsewood,Clausena anisata,(Willd.) Hook.f. ex Benth.,8012566,772111-1,LC
1424430,Pink limeberry,Clausena excavata,Burm.f.,5834596,772128-1,LC
1372472,"Chinese clausena, Wampi, Wampee, Vampi",Clausena lansium,(Lour.) Skeels,3190413,772147-1,LC
1543216,,Cleidion javanicum,Blume,3073794,341255-1,LC
1615339,,Cleisostoma arietinum,(Rchb.f.) Garay,2785661,623393-1,
1615360,,Cleisostoma filiforme,(Lindl.) Garay,2785633,623453-1,
1641615,,Cleistanthus gracilis,Hook.f.,3081601,341366-1,LC
1427602,,Cleistanthus sumatranus,(Miq.) Müll.Arg.,3081665,341478-1,LC
1663518,,Clematis acuminata,DC.,7277571,709456-1,
1776020,"Armand clematis, Evergreen clematis",Clematis armandi,Franch.,,709497-1,
1663550,,Clematis buchananiana,DC.,7738341,709553-1,
1663564,,Clematis chrysocoma,Franch.,7276969,709591-1,
1663614,,Clematis gouriana,Roxb. ex DC.,7276632,329403-2,
1663619,,Clematis grata,Wall.,7683806,709739-1,
1663622,,Clematis grewiiflora,DC.,3920991,709744-1,
1663623,,Clematis grossa,Benth.,7276611,709746-1,
1398482,"Solitary clematis, Simple-leaved clematis",Clematis integrifolia,L.,6374790,60366-2,
1391296,"Himalayan clematis, Anemone clematis, Clematis Montana",Clematis montana,Buch.-Ham. ex DC.,6376216,709900-1,
1663697,Nepal clematis,Clematis napaulensis,DC.,3930024,709907-1,
1663739,,Clematis puberula,Hook.f. & Thomson,7277854,710014-1,
1427607,Itol,Clematis smilacifolia,Wall.,7277742,710071-1,
1663805,,Clematis uncinata,Champ. ex Benth.,7277589,710165-1,
1411500,"Virgin's-bower, Devil's darning needles, White clematis, Devil's-Darning-Needles, Virginia Bower, Virginia Clematis, Virginia Virgin's-bower, Autumn Clematis, Barba de Viejo",Clematis virginiana,L.,3033541,710188-1,
1360161,"Old-man's-beard, Traveler's-joy, Old Man's Beard, Traveller's Joy, Fragrant clemati, Evergreen Traveler's-Joy, Evergreen clematis, Travellers joy, Graybeard, Curpen, Повет, Clematis, Powojnik Pnący (PL)",Clematis vitalba,L.,3033558,319145-2,
1729347,,Clematis zeylanica,(L.) Poir.,3926315,710211-1,
1427608,,Cleome chelidonii,L.f.,7837747,146970-1,
1356245,"African cabbage, Spiderwisp, Spider whisp, Spiderflower, Massamby, Kaffir cabbage, Bastard mustard, Cat's whiskers, African spiderflower, African spider-flower, Whiskered Spider Flower, Acaya, Mouzambi, వామింట",Cleome gynandra,L.,3054225,60518-2,
1381391,"Fringed spiderflower, Bhubbhuwân, Consumption weed, Yellow cleome, Ciliate Spider-flower, বেগুনি হুরহুরে, Maman Ungu, Fringed Spider-flower, Maman lanang, Maman lelaki, Gunda, Cacabean (Jawa Barat), Boboan., Purple Cleome",Cleome rutidosperma,DC.,3054196,147293-1,
1409477,Volantines preciosos,Cleome speciosa,Raf.,3054228,147320-1,
1381489,"Spiny spiderflower, Spiny spider flower, Spider flower, Pink queen, Prickly spider flower, Spiderplant, Spider Spine Flower, Cats Whisker",Cleome spinosa,Jacq.,3054201,60589-2,
1356255,"Asian Spider-flower, کنجد شیطان، کنجد وحشی, Asian spiderflower, Wild Massamby, Tickweed, Dog mustard, Sticky cleome, Yellow Spider Flower, Wild mustard, కుక్కవావింట, ผักเสี้ยนผี, ہلہل",Cleome viscosa,L.,3054214,320133-2,
1378722,"Glory-flower, Rose glorybower, Glorybower, Rose Glory-bower, Mexican Hydrangeas, کلرودندرون، پیچ معین التجار",Clerodendrum bungei,Steud.,2925351,861960-1,LC
1378733,White butterfly bush,Clerodendrum calamitosum,L.,3894771,861967-1,
1378737,"Glory-bower, Stickbush, Fragrant clerodendron, Chinese glory bower, Julius plague, Lady Nugent's rose, Moselle, Rosalba, Stinking bush, Hazari Mogra, Fragrant Cleodendron",Clerodendrum chinense,(Osbeck) Mabb.,2925357,946989-1,LC
1718359,,Clerodendrum colebrookeanum,Walp.,7373689,861993-1,
1558959,,Clerodendrum cyrtophyllum,Turcz.,7308161,862022-1,LC
1406401,"Turk's turbin, Turk's-turban, Tubbeflower, Tube flower, Indian glory bower, Bowing Lady, India Tubeflower, Sky Rocket, ভাঁটফুল",Clerodendrum indicum,(L.) Kuntze,2925349,862153-1,LC
1559016,"Bhaat, Kattiyaaku (కత్తియాకు), Dombea, Vattappalam",Clerodendrum infortunatum,L.,3892486,862159-1,
1409479,"Japanese Glorybower, Glory bower, Holly crown of Jesus",Clerodendrum japonicum,(Thunb.) Sweet,2925348,862167-1,LC
1419254,"Wallich's glorybower, Bridal veil, Swaddling flower",Clerodendrum laevifolium,Blume,7307919,862186-1,LC
1559058,,Clerodendrum mandarinorum,Diels,3891594,862240-1,LC
1559078,Light bulb plant,Clerodendrum nutans,Wall. ex Jack,8173793,862283-1,
1400354,"Pagoda-flower, Cleodendrum",Clerodendrum paniculatum,L.,3890745,862301-1,
1495722,,Clethra delavayi,Franch.,7330807,327585-1,LC
1419870,"Bird claw cleyera, Japanese cleyera, Sakaki",Cleyera japonica,Thunb.,3189627,828636-1,LC
1403867,Jackass breadnut,Clibadium surinamense,L.,3104771,319147-2,LC
1445030,Belalai Gajah,Clinacanthus nutans,(Burm.f.) Lindau,3774284,46937-1,
1441541,"Slender wild basil, Slender wild calamint",Clinopodium gracile,(Benth.) Kuntze,2926958,445784-1,
1766261,,Clinopodium umbrosum,(M.Bieb.) K.Koch,7656634,77118678-1,
1588570,Common bluebead lily,Clintonia udensis,Trautv. & C.A.Mey.,2753567,533176-1,
1366903,"Laurel-Leaf Pigeonwings, Butterfly pea, Laurel-leaf pigeon wings",Clitoria laurifolia,Poir.,2946665,274773-2,
1441547,"Butterfly-pea, Atlantic Pigeonwings, Pigeonwings",Clitoria mariana,L.,2946542,274776-2,
1362003,"Butterfly-pea, अपराजिता, অপরাজিতা, Asian pigeonwings, Kembang telang, శంఖపుష్పం, Sanka, Cordofan-pea, Darwin-pea, Blue-pea, Bluebellvine, Blue Pidgeon-wings, Kembhâng bungo, Blue pea vine, Pigeon wings, Blue clitoria, Blue butterfly pea, Aral, Asian Pigeon Wings, Aug Chan, Bang San 'Khao, Bang San Deng, Blue Vine, Bong Biet, Butterfly Bean, Chandra Kanta, Concha Blanca, Conchita Azul, Conchita Blanca, Diego, Hab Al Zherate, Jungle Lau Bakal, Kalina, Kembang Tlang Bulu Ad Mda, Kordofan Pea, Liane Madame, Liane Polisson, Liane Ternate, Mella, Minni, Mussel-shell Creeper, Oung Mai Phyu, Pai Noung Ni, Scaly Buckler-fern, Vishnu Kantisoppu, Zapatico de la Reina, Bluebell, శంఖం, Telang, Gokarna, Sangu Poo, Blue Turnip, અપરાજિતા, Nilkantha Pushpa, Pussy Flower, အောင်မဲညို (in Burmese), নীলকন্ঠ, Hoa đậu biếc, Aparajita (अपराजिता)",Clitoria ternatea,L.,2946519,486606-1,
1427613,Stinging-hair cnestis,Cnestis palala,(Lour.) Merr.,7326564,264264-1,LC
1389079,"Snake's bed seeds, Monnier's snowparsley, Monnier’s snowparsley",Cnidium monnieri,(L.) Cusson,3034720,840463-1,
1363157,"Ivy gourd, దొండకాయ, कुंदरु, దొండ, Little gourd, Scarlet-Fruited Gourd, Scarlet gourd, Scarlet-fruited ivy gourd, Kovai fruit, Pain-cure, Tindora, Wall-rue, टोंडले, তেলাকুচা, বেলিপকা, Kundaru",Coccinia grandis,(L.) Voigt,2874564,291972-1,
1403199,"Seagrape, Platterleaf, Shore sea-grape, Jamaican kino, Bay grape, Common sea grape, Jamaica kino, Kino, Uva de playa, Common seagrape, Seaside grape, Shore grape, Bay grape tree, Anggur Laut, Uva Caleta.",Coccoloba uvifera,(L.) L.,2888831,693918-1,LC
1441555,"Sarsaparilla, Snailseed",Cocculus diversifolius,DC.,3033949,580534-1,
1431308,Patalagarudi,Cocculus hirsutus,(L.) W.Theob.,3829491,941634-1,
1419488,"Laurel-Leaf Snailseed, Laurel-leaved snailseed, Platter-leaf",Cocculus laurifolius,DC.,3829341,580575-1,LC
1407834,"Queen Coralbead, Hue-hue, Inalua",Cocculus orbiculatus,(L.) DC.,3033943,580605-1,
1377188,"Cottontree, Silk cottontree, Silk-cotton tree, Katira, Buttercup Tree, Golden Silk cotton tree, The Yellow Silk - Cotton Tree, Torch wood, Yellow Silk Cotton Tree",Cochlospermum religiosum,(L.) Alston,2874867,169697-1,LC
1385873,"Coconut palm, Coconut, Kelapa, Coconut tree, नारियल, Copra, Common coconut palm, Coco palm, కొబ్బరి, Cocotier, Cocotero, Coco, নারকেল, Pol - පොල්, Koko, نارگیل, Niyog, Óćéț",Cocos nucifera,L.,2735117,666160-1,
1407835,False tick trefoil,Codariocalyx gyroides,(Roxb. ex Link) Hassk.,2968942,486651-1,
1575219,"Semaphore-plant, Telegraph-plant, Dancing plant",Codariocalyx motorius,(Houtt.) H.Ohashi,2968949,486652-1,
1409198,"Variegated Croton, Croton, کروتون, Sloppy painter, Mamey Croton, Codiaeum variegatum Gold Finger, Croton petra, Zanzibar Croton, کروتون لکه طلایی - کروتون آکوبا, Wunderstrauch, Garden croton, Banana Croton, Fire Croton, नाग पान, كروتون, Tamara, Painted Leaf, Real Name , Origanated in  South India., Pinux, My Common Name is Petra Croton., Puring",Codiaeum variegatum,(L.) Rumph. ex A.Juss.,3071476,85073-3,LC
1445034,,Codonacanthus pauciflorus,(Nees) Nees,3774207,46944-1,
1551426,,Codonanthe devosiana,Lem.,3824273,378716-1,
1489573,,Codonopsis gracilis,Hook.f. & Thomson,5412890,141798-1,
1718538,,Coelachne simpliciuscula,(Wight & Arn. ex Steud.) Munro ex Benth.,4114272,396464-1,
1772777,,Coelogyne articulata,(Lindl.) Rchb.f.,2838675,623769-1,
1615528,,Coelogyne barbata,Lindl. ex Griff.,2811651,623773-1,
1788719,,Coelogyne bracteosa,(Rchb.f.) M.W.Chase & Schuit.,12222482,77220188-1,
1615553,,Coelogyne corymbosa,Lindl.,2811653,623824-1,
1419694,Brown Rock Orchid,Coelogyne fimbriata,Lindl.,2811501,623858-1,
1419695,"Loose Coelogyne, Bearded Coelogyne",Coelogyne flaccida,Lindl.,2811433,623859-1,
1772782,,Coelogyne gardneriana,Lindl.,2828299,623872-1,
1615586,,Coelogyne huettneriana,Rchb.f.,2811669,623889-1,
1772783,"Necklace orchid, Rattlesnake orchid",Coelogyne imbricata,(Hook.) Rchb.f.,2838747,623892-1,
1419696,,Coelogyne lawrenceana,Rolfe,2811717,623915-1,
1615598,,Coelogyne lentiginosa,Lindl.,2811688,623916-1,
1419697,,Coelogyne mooreana,Rolfe,2811474,623955-1,
1419698,,Coelogyne nitida,(Wall. ex D.Don) Lindl.,2811392,623965-1,
1615631,,Coelogyne ovalis,Lindl.,2811454,623974-1,
1772785,,Coelogyne pallida,(Lindl.) Rchb.f.,2838772,623980-1,
1410161,Necklace orchid,Coelogyne pulverula,Teijsm. & Binn.,2811545,624007-1,
1615658,,Coelogyne rochussenii,de Vriese,2811671,624033-1,
1419700,,Coelogyne stricta,(D.Don) Schltr.,2811369,624061-1,
1419701,,Coelogyne tomentosa,Lindl.,2811561,624076-1,
1615690,,Coelogyne trinervis,Lindl.,2811700,624081-1,
1615703,,Coelogyne viscosa,Rchb.f.,2811765,624102-1,
1360376,"Coffee, Arabian coffee, Arabica coffee, Coffeetree, قهوه،, Սուրճ Արապիքա",Coffea arabica,L.,2895345,747038-1,EN
1783429,Bengal coffee,Coffea benghalensis,B.Heyne ex Roth,12179811,747048-1,LC
1409498,"Congo coffeetree, Robusta Coffee, Congo coffee, ロブスタコーヒーノキ (JP)",Coffea canephora,Pierre ex A.Froehner,2895528,747068-1,LC
1722743,"Liberica coffee, Excelsa coffee, Liberian Coffee",Coffea liberica,W.Bull,8524134,747169-1,LC
1363505,"Job's-tears, Adlay, Adlay millet, ᏎᎷ ᎤᏂᏥ ᎠᏯᏟᏗ, Adley millet, Adlai, Coixseed, Hato mugi, Tear grass, Coix Millet, Gromwell Reed, Job's tear grass, Job’s tears, గొలుగులు",Coix lacryma-jobi,L.,2706301,30100521-2,
1378124,"Bitter cola, Gbanja kola, Kola, Ghanja kola, Kola nut, Gbanja cola tree",Cola nitida,(Vent.) Schott & Endl.,5406687,822755-1,LC
1363863,"Seruppadi, Creeping Coldenia",Coldenia procumbens,L.,4059906,113918-1,LC
1559275,"Indian squirrel tail, Opposite-leaf drysophylia, Dhursuli (nepali)",Colebrookea oppositifolia,Sm.,3884974,445892-1,LC
1749482,"Cuban oregano, Mexican mint, Indian borage, Country, French thyme, Indian mint, Soup mint, Spanish thyme, Thick leaf thyme, Broad leaf thyme, Karpoora Valli (Tamil), Broadleaf thyme, Ajwayan leaf (India), Orégano Poleo, Orégano brujo, Doddapatre, Oregano, கற்பூரவள்ளி, Stingy thyme",Coleus amboinicus,Lour.,5341313,445902-1,
1748272,"Ajwain Plant, Indian borage, Orégano, Boldo, Buui, Caraway, Panikuruke, Wild Oregano, False Boldo, Plecthantrus, Forskohlii",Coleus barbatus,(Andrews) Benth. ex G.Don,8030165,60454692-2,
1749485,"Dog-be-gone, Pee-off plant, Scaredy cat plant, Scary Cat Plant, SCARDY Cat Plant",Coleus caninus,(B.Heyne ex Roth) Vatke,5605819,445934-1,
1773541,,Coleus pallidus,(Wall. ex Benth.) A.J.Paton,10412422,77201158-1,
1784787,,Coleus paniculatus,Benth.,5605330,446113-1,
1748318,"Country potato, Hausa potato, Sudan potato",Coleus rotundifolius,(Poir.) A.Chev. & Perrot,5341496,446145-1,
1748897,"Coleus, Common coleus, Painted nettle, Hullwort, Flybush, Plectranthus scutellarioides, Scutellaria-like Coleus, 五彩苏, حسن یوسف, 洋紫蘇",Coleus scutellarioides,(L.) Benth.,5341492,446165-1,
1789528,,Coleus tomentifolius,(Suddee) Suddee,10092700,77201315-1,
1465497,Tiger tauro,Colocasia affinis,Schott,5330759,86578-1,
1362626,"Elephant's-ear, Taro, Elephant Ears, بابا آدم, Arbi [Colocasia taro], Cocoyam, Dasheen, Eddo, Wild taro, Chinese potato, Eddoe, Egyptian colocasia, Kalo, Yam, Malanga, చామ, Tibetan Taro, Dawl, Wentii, Lompong, Talas, Edeoru in igbo",Colocasia esculenta,(L.) Schott,5330776,1170772-2,LC
1465498,Fallax tauro,Colocasia fallax,Schott,5330769,86589-1,LC
1772791,,Colocasia fontanesii,Schott,5330810,86590-1,
1559288,"Himalayan mint shrub, Scarlet-flowered colquhounia",Colquhounia coccinea,Wall.,3882269,446244-1,
1407839,"Wild coffee, Beach berrybush, Indian snakewood, Asian Nakedwood, Hoop-withe, Latherleaf",Colubrina asiatica,(L.) Brongn.,5372467,1013670-1,LC
1356027,,Combretum aculeatum,Vent.,3698905,169878-1,LC
1496916,,Combretum acuminatum,Roxb.,3698895,169879-1,
1380629,"Scarlet comb, Flame Vine",Combretum coccineum,(Sonn.) Lam.,3699496,170002-1,
1379770,"Rangoon creeper, Madhumalti, मधुमालती, Quisqualis, Combretums, Chinese honeysuckle, Drunken sailors, Indian jessamine, Quisqual, Akar Dani, Drunken Sailor, Ladder brake, Shi jun zi, ياسمين هندي أحمر, రాధా మనోహరం, মধুমালতি, ملکه صبا, ထားဝယ်မှိုင်း (in Burmese), الكيكوال الهندي, Sử quân tử, ಮಧು ಮಾಲತಿ, Madhumalti dwarf",Combretum indicum,(L.) DeFilipps,8040307,77101543-1,
1496984,,Combretum latifolium,Blume,8344668,170206-1,
1497025,,Combretum punctatum,Blume,7327066,170400-1,
1427628,,Combretum quadrangulare,Kurz,3698705,170410-1,LC
1729349,,Combretum roxburghii,Spreng.,7752146,170437-1,
1361037,"Benghal dayflower, Wandering-Jew, Hairy wandering-Jew, Dayflower, Indian dayflower, Benghal commelina, Jio, Hairy honohono, Tropical spiderwort, Bengal day flower, Whiskered commelina, Garden Commelina, వెన్నాద్రి, Kena, Ranasiri, Three brothers, Gubbachi bale, Amruthakada, Kacchata, Benghal wandering Jew, Kanchara, عنکبوت گرمسیری یا یهودی سرگردان, Kanavaazhai, بطری بنگال",Commelina benghalensis,L.,2763941,332090-2,LC
1441607,Carolina Dayflower,Commelina caroliniana,Walter,2764260,317281-2,LC
1391332,"Dayflower, Asiatic dayflower, Wandering Jew, Seven-angled Pipewort, Common dayflower, Asian Dayflower, Mouse flower, Morning Glory",Commelina communis,L.,2764179,319150-2,
1398493,"Climbing dayflower, Spreading dayflower, Birdbill Dayflower, Creeping Day Flower, Common dayflower, Creeping-spiderwort, Day Flower, Water Grass, French Weed, Baby dayflower, Honohono, Canutillo (Cuba), Honohono grass, Creeping Commelina",Commelina diffusa,Burm.f.,2764202,172020-1,LC
1441609,"Blue wandering-jew, Nkwasia, Rat's ear, Day flower, Kanpet",Commelina forskaolii,Vahl,4270425,172066-1,
1497311,Longleaf dayflower,Commelina longifolia,Lam.,2764030,172166-1,
1497318,,Commelina maculata,Edgew.,2764447,172182-1,
1497338,,Commelina petersii,Hassk.,2764166,172255-1,
1497380,,Commelina suffruticosa,Blume,2764382,172374-1,
1416730,"Brown kurrajong, Scrub Christmas tree",Commersonia bartramia,(L.) Merr.,7323037,822821-1,LC
1379521,,Commicarpus chinensis,(L.) Heimerl,7327348,604461-1,
1682444,,Comptonella oreophila,(Guillaumin) T.G.Hartley,7269351,913834-1,
1378867,"Pink petrea, Shower orchid, Lluvia de orquideas, Shower of orchids, Woolly congea, Chinese Thuja",Congea tomentosa,Roxb.,2925568,862610-1,
1709481,,Coniogramme affinis,Hieron.,7335704,17281420-1,
1709495,Oriental bamboo fern,Coniogramme intermedia,Hieron.,7335657,17281480-1,
1709496,"Bamboo fern, Japanese bamboo fern",Coniogramme japonica,(Thunb.) Diels,8391312,17070310-1,
1720401,,Coniogramme serrulata,(Blume) Fée,7970190,17070350-1,
1364006,"Wild morning-glory, Bindweed, Field Bindweed, Morningglory, پیچک, Field Convolvulus, White convolvulus, Common bindweed, Lesser bindweed, Small bindweed, Corn bind, Corn lily, Creeping Jenny, European Bindweed, Perennial Morningglory, Smallflowered Morningglory, European Morning Glory, Perennial Morning Glory, Small-flowered Morning Glory, Cornbine, Field morning glory, Possession vine, Bearwind, Ropebind, Smallflowered morning glory, پیچک وحشی و نام محلی دیگر آن در منطقه ما نوجوک nowjuk نامیده شده, Tīruma Tītenis (LVL), Volbură, Rochița rândunicii, Hedge Bindweed, Поветица, Gloire du matin, Cwlwm y Cythraul (WELSH/CYM.), חבלבל השדה, Sövényszulák, Strangler",Convolvulus arvensis,L.,2928390,265849-1,
1729350,,Corallodiscus lanuginosus,(Wall. ex R.Br.) B.L.Burtt,8590854,379106-1,
1378363,"East Indian mallow, Jute, West African mallow, Papaw okra, Wild jute, Jutes",Corchorus aestuans,L.,3152092,320794-2,
1378374,"Jute, White jute, ꠔꠤꠔꠣ ꠘꠣꠟꠤ, Jute plant, Round-podded jute",Corchorus capsularis,L.,3152082,833552-1,
1378368,,Corchorus fascicularis,Lam.,4260572,833576-1,
1359626,"Jew's-mallow, Tossa jute, Nalta jute, Guse, Idelele, Igogola, Indian jute, Ngenge, Long-fruited jute, Melokhia, Molochia, Pot-herb jute, Red jute, Egyptian spinach, Bush okra, West African sorrel, Ewedu (Yoruba- Nigeria)",Corchorus olitorius,L.,3152084,320796-2,
1418023,"Indian-cherry, Fragrant manjack, Snotty gobbles, Glue berry, Anonang, Pink pearl, Bird lime tree, Clammy-cherry, Cordia-tree, Glueberry-tree, Sebesten, New Guinea cordia, Pegamento berry tree, బంకనక్కర, ఇరికి చెట్టు",Cordia dichotoma,G.Forst.,5341270,114098-1,LC
1477477,,Cordia grandis,Roxb.,5662094,114193-1,
1424453,"Snot berry, Sandpaper saucer-berry, Mugotahozi",Cordia monoica,Roxb.,7295132,114369-1,LC
1369999,"Indian-cherry, Sudan-teak, Clammy-cherry, Sapistan, Sapistan-tree, Glueberry, Sebastan-tree, Sebesten-plum, Selu, Assyrian-plum, Small cordia, Lasura, Sebesten, Lasoda, Sapistan plum, سَپِستان",Cordia myxa,L.,5341290,114380-1,LC
1363836,"Grey-leaved cordia, Grey-leaved saucer berry, Grey-leaved saucer-berry",Cordia sinensis,Lam.,5660676,114552-1,LC
1370026,"Mareer, Marer, Island-walnut, Beach cordial, Sea trumpet, Kou",Cordia subcordata,Lam.,5341267,114575-1,LC
1402019,"Broadleaf palm-lily, Ti plant, Good-luck-plant, کردلین, Ti, Palm-lily, Tree-of-kings, Ti-palm, Bongbush, Common dracaena, Tree of kings, Cây huyết dụ, Cordyline Negra, Miss Andrea (CV), Name, Croto, Kiwi plant, Strawberries on fire, Dragon plant, Ti Leaf, Tukud Pari (PAM), Hanjuang/Andong (Indonesia)",Cordyline fruticosa,(L.) A.Chev.,2766278,533580-1,LC
1391349,"Large-flowered Tickseed, Tickseed, Large-flower tickseed, American tickseed, Largeflower tickseed, Big-flowered Tickseed, Bigflower Tickseed, اشرفی  درشت،, Ketona tickseed, Largeflower Coreopsis, Bigflower Coreopsis",Coreopsis grandiflora,Hogg ex Sweet,3133927,20005010-1,
1391350,"Coreopsis, Tickseed, Garden coreopsis, Lance-leaf tickseed, Lanceleaf tickseed, オオキンケイギク, 大金鶏菊, Lance-leaved Tickseed, Lance-leaved Coreopsis, Coreopsis Daisy, Long-stalked Coreopsis, Sand Coreopsis, Sand Tickseed, Lance coreopis, Lance-leaf Coreopsis, Lanceleaf Coreopsis, Lancetlapu Brūnacīte (LVL)",Coreopsis lanceolata,L.,3133938,319152-2,
1789111,"Sea dahlia, Winter marguerite",Coreopsis maritima,Hook.f.,3133980,198097-1,
1391351,"Plains coreopsis, Calliopsis, Garden tickseed, Painted tickseed, Annual coreopsis, Golden tickseed, Atkinson's Tickseed, Golden Coreopsis, Atkinson's Coreopsis, Common Tickseed, Dyer's Tickseed, Plains Tickseed, Tickseed, Dye-flower, Dyer's Coreopsis, Golden eye",Coreopsis tinctoria,Nutt.,3133950,198219-1,
1363224,"Cilantro, Coriander, ধনীয়া, Chinese-parsley, Katombhâr, Ketumbah, धनिया, मल्लि, ꯐꯗꯤꯒꯣꯝ, Common coriander, Indian parsley, Kottimira(కొత్తిమీర), כוסברה, Kothimira, Bergkoriander, گشنیز, Coriandolo",Coriandrum sativum,L.,3034871,840760-1,
1728638,,Coriaria napalensis,Wall.,9036108,271362-1,
1411545,"Bunchberry dogwood, Bunchberry, Crackerberry, Creeping dogwood, Pudding-berry, Dwarf cornel, Canadian Bunchberry, Canada Bunchberry, Canadian Dwarf Cornel, Cornel-berry, Dwarf Dogwood, Crackerjacks, ودط, گدرناوزت, ول کدط, Quatre Temps",Cornus canadensis,L.,3082270,271519-1,
1418489,"Bentham's cornel, Bentham's dogwood, Evergreen dogwood, Strawberry dogwood",Cornus capitata,Wall.,7161042,271525-1,LC
1418490,"Wedding cake tree, Giant dogwood, Table dogwood",Cornus controversa,Hemsl.,7846556,271543-1,LC
1418492,"Hong Kong dogwood, Himalayan strawberry tree",Cornus hongkongensis,Hemsl.,7322062,271589-1,LC
1528090,"Largeleaf Dogwood, Large-leaf dogwood",Cornus macrophylla,Wall.,3663105,271610-1,LC
1528094,,Cornus oblonga,Wall.,7322129,330225-2,LC
1639206,,Corydalis flaccida,Hook.f. & Thomson,5531788,672226-1,
1639505,,Corydalis sheareri,S.Moore,5531081,672499-1,
1639527,,Corydalis stracheyi,Duthie ex Prain,7314881,672517-1,
1554485,,Corylopsis himalayana,Griff.,7329051,430568-1,LC
1476295,"Himalayan hazel, Himalayan hazelnut, Himalaya hazel, Himalaya hazelnut",Corylus ferox,Wall.,2876008,295456-1,LC
1426719,White cinnamon orchid,Corymborkis veratrifolia,(Reinw.) Blume,2801433,102013-3,
1469252,Traing,Corypha lecomtei,Becc. ex Lecomte,5293455,666322-1,LC
1407854,"Talipot palm, Fan palm",Corypha umbraculifera,L.,5293281,666347-1,DD
1409512,"Buri palm, Gebang palm, Cabbage palm",Corypha utan,Lam.,5293447,666349-1,LC
1364120,"Cosmos, Garden cosmos, Mexican-aster, Common Cosmos, Annual Cosmos, Cosmea, ستاره ای, Rosenkära, Mararite, Fluturas, Japoneze, Planta fluturas, オオハルシャギク (JA), Cosmo Gloria, Kochia",Cosmos bipinnatus,Cav.,3098912,198320-1,
1406252,"Cosmos, Wild cosmos, Foxtail, Kenikir, King's Salad Cosmos",Cosmos caudatus,Kunth,3098932,198324-1,
1373705,"Orange cosmos, Sulphur cosmos, Yellow cosmos, Cosmos, Poppy, Golden Cosmos, Klondike cosmos, Mexican aster, কসমস, నారింజ రిక్క బంతి, Mărărițe oranj (RO), Cosmos Soufré (FR)",Cosmos sulphureus,Cav.,3098951,198368-1,
1391399,"Acuminate cotoneaster, Acuminate-leaved Cotoneaster, Mucronate Cotoneaster, Pointed-leaved cotoneaster",Cotoneaster acuminatus,Lindl.,3025566,722392-1,
1391376,"Creeping cotoneaster, Squarrose Cotoneaster, Adpressed cotoneaster",Cotoneaster adpressus,Bois,3025764,722395-1,
1391400,"Purpleberry cotoneaster, Purple-berry cotoneaster, Open-fruited Cotoneaster",Cotoneaster affinis,Lindl.,3025799,722400-1,
1391408,"Franchet's cotoneaster, Franchet Cotoneaster, Orange cotoneaster, Engraved cotoneaster",Cotoneaster franchetii,Bois,3026162,722494-1,
1667002,One-stoned cotoneaster,Cotoneaster hebephyllus,Diels,3025736,722514-1,
1391412,"Entire-leaved cotoneaster, Rockspray, Thyme-leaved Cotoneaster, Thymeleaf Cotoneaster",Cotoneaster integrifolius,(Roxb.) G.Klotz,3026105,722537-1,
1397662,"Small-leaf cotoneaster, Chinese rockspray, Little-leaf cotoneaster, Littleleaf cotoneaster, Rock Cotoneaster, Rockspray cotoneaster, Small-leaved Cotoneaster, Smallleaf cotoneaster, Rock-spray cotoneaster",Cotoneaster microphyllus,Wall. ex Lindl.,3025626,722578-1,
1391392,Distichous Cotoneaster,Cotoneaster nitidus,Jacques,3026064,722604-1,
1729441,"Cluster-flower cotoneaster, Caucasian cotoneaster",Cotoneaster racemiflorus,(Desf.) Schltdl.,7401321,77120298-1,
1391419,"Himalayan cotoneaster, Simons' cotoneaster, Khasia Berry",Cotoneaster simonsii,Baker,3026107,722682-1,
1667147,,Cotoneaster verruculosus,Diels,3026332,722725-1,
1364148,,Cotula anthemoides,L.,3112123,198423-1,
1427647,,Cotylelobium melanoxylon,(Hook.f.) Pierre,4096722,320618-1,LC
1385701,"Cannonball-tree, నాగ మల్లి, Carrion tree, Cannon ball tree, नागलिंग, Nagalinga Pushpa, Ngọc kỳ lân, Nag kesor, False Sal, Chinese Loquat, Cây hàm rồng, நாகலிங்க பூ, Cây Tha La",Couroupita guianensis,Aubl.,3082562,592385-1,LC
1538243,,Craibiodendron yunnanense,W.W.Sm.,4174877,327704-1,LC
1559316,,Craniotome furcata,(Link) Kuntze,3905818,446283-1,
1409060,"Ebolo, Redflower ragleaf, Thickhead, Fireweed, Red-flower ragleaf",Crassocephalum crepidioides,(Benth.) S.Moore,3115443,199488-1,
1407860,Yoruban bologi,Crassocephalum rubens,(Juss. ex Jacq.) S.Moore,3115421,199518-1,
1358237,"Caper tree, Garlic pear tree, Three-leaf caper",Crateva adansonii,DC.,3871686,147449-1,LC
1418386,"March dalur, Sacred Garlic Pear, Garlic-pear, Sacred barma, Templeplant, Marsh dalur, Temple tree",Crateva religiosa,G.Forst.,3054263,147489-1,LC
1491121,,Crateva unilocularis,Buch.-Ham.,3871303,147499-1,LC
1427649,Gerongong,Cratoxylum arborescens,(Vahl) Blume,7330035,433048-1,LC
1427651,Yellow Cow Wood,Cratoxylum cochinchinense,(Lour.) Blume,3712064,433054-1,LC
1718813,Pink mempat,Cratoxylum formosum,(Jack) Benth. & Hook.f. ex Dyer,7330024,433057-1,LC
1427654,,Cratoxylum maingayi,Dyer,3711990,433063-1,LC
1505395,"Teeth-margin crepidiastrum, Maiden’s Revenge, Frogspit",Crepidiastrum denticulatum,(Houtt.) Pak & Kawano,3094819,1013748-2,
1452927,,Crinum amoenum,Ker Gawl. ex Roxb.,7760374,60455993-2,
1382710,"Mangrove lily, Grand Crinum, Poisonbulb, Asiatic poisonbulb, Bhâkong, Sigandai, Giant crinum, Crinum lily, Poison lily, Seashore lily, Spider lily, Swamp lily, سوسن عنکبوتی, Náng, Mangrove lilly",Crinum asiaticum,L.,2853796,63796-1,
1410192,Pink stripped trumpet lily,Crinum latifolium,L.,2853901,63951-1,
1452979,"Onion plant, Thai water onion, Water onion",Crinum thaianum,J.Schulze,2853596,64089-1,EN
1409186,"Firecracker-flower, కనకాంబరం, Firecracker-plant, अबोली, ଇଟମଳା ଫୁଲ, Montagnarde",Crossandra infundibuliformis,(L.) Nees,6359825,47014-1,LC
1759693,,Crossostephium chinense,(L.) Makino,7970844,200598-1,
1729353,,Crotalaria acicularis,Buch.-Ham. ex Benth.,2942070,60457282-2,
1407866,Rattlebox,Crotalaria alata,Buch.-Ham. ex D.Don,2941976,77084818-1,
1719837,Taiwan crotalaria,Crotalaria albida,B.Heyne ex Roth,2942052,487779-1,LC
1367049,Hairy rattlepod,Crotalaria calycina,Schrank,2941944,487922-1,
1367062,,Crotalaria cleomifolia,Welw. ex Baker,2942628,487966-1,
1719838,,Crotalaria cytisoides,Roxb. ex DC.,8425911,488009-1,
1367125,"Gambia-pea, Gamba-pea",Crotalaria goreensis,Guill. & Perr.,2941759,488187-1,
1407868,Bushy rattlepod,Crotalaria grahamiana,Wight & Arn.,2941791,488195-1,
1367363,,Crotalaria hirta,Willd.,2941737,488244-1,
1405703,"Woolly rattlepod, Silver rattlepod, Shakeshake, Small Yellow Popbush, Snake Bush, Fuzzy crotalaria, Fuzzy rattlepod, ChipilÁn Macho, Velvety Rattlebox",Crotalaria incana,L.,2942375,316245-2,
1363688,"Indian-hemp, Madras-hemp, Sunn crotalaria, Sunn-hemp, Sann-hemp, Bengal Hemp, Brown Hemp, Grand Sonnette, Grand Tcha-tcha, Jubbulpore Hemp, Sun Hemp",Crotalaria juncea,L.,2942877,322601-2,
1427659,"Birdflower, Wild sunhemp, Oldland rattlepod",Crotalaria laburnifolia,L.,2942065,488337-1,
1575791,Trefoil rattlepod,Crotalaria medicaginea,Lam.,2942291,488481-1,
1367365,"Caracas rattlebox, Pine Kotalelia",Crotalaria micans,Link,2941831,322606-2,LC
1406426,"Moreton Island rattlepod, Smooth crotalaria, Smooth rattlebox, Salts rattlebox, Streaked rattlepod, Striped crotalaria, Broad-leaved rattlepod, Crotalaria, Ding Ding, Money Bush, Pine Kotalelia, ঘণ্টাকর্ণ, Bird plant",Crotalaria pallida,Aiton,8260433,322608-2,
1409199,"Five-leaf crotalaria, Sen, Sonnette",Crotalaria quinquefolia,L.,2942956,488755-1,LC
1402811,"Rattlebox, Devil-bean, Wedge-leaf crotalaria, Wedge-leaf rattlepod, Rattleweed, Rattlepod, Big Yellow Popbush, Yellow rattlebox, Wedgeleaf rattlebox, Wedgeleaf rattlepod, Large Yellow Rattlebox, Big Yellow Pupbush, Cascabelillo, Pois France Marron, Shack Shack, Yellow Lupin",Crotalaria retusa,L.,2942610,322611-2,
1575881,"Rattlebox, Purple-flower rattlebox",Crotalaria sessiliflora,L.,2942762,488859-1,
1366997,"Rattlebox, Showy crotalaria, Showy rattlebox, Showy rattlepod, Silent rattlepod, Cats Bell, Showy Rattle-box, Yellow Crotalaris, Rattleweed",Crotalaria spectabilis,Roth,2942727,322612-2,
1367425,"Curara-pea, West Indian rattlebox, West Indies Rattlebox",Crotalaria trichotoma,Bojer,2941939,488985-1,
1362004,,Crotalaria uncinella,Lam.,2941986,489013-1,LC
1367369,"Blue-flower rattlepod, Blue rattlesnake, Purple Popbush, Blue Rattleweed, Blue Rattle-box, Blue Rattlepod, Blue-Flowered Rattlepod, Cascavelle á Fleurs Bleues, Purple Rattlebox, Sweet Pea, Tooth-Leaved Rattlepod, Warty Crotalaria, Warty Rattlebox, Blue Andana, గిలిగిరింత",Crotalaria verrucosa,L.,2942654,489042-1,
1375802,"Bonpland's Croton, Croton, Rushfoil, గాలివాన మొక్క, বনতুলসী (Bangla),  Kala Bhangra (Hindi)",Croton bonplandianus,Baill.,3058543,342170-1,
1427662,,Croton caudatus,Geiseler,3057531,342252-1,LC
1375850,Hairy Croton,Croton hirtus,L'Hér.,3058942,70337-2,
1544086,,Croton persimilis,Müll.Arg.,3058717,343215-1,LC
1375848,"Purging croton, Croton",Croton tiglium,L.,3057656,343631-1,LC
1427680,,Crypteronia griffithii,C.B.Clarke,3646066,552854-1,
1427683,,Crypteronia paniculata,Blume,8173081,552858-1,LC
1565843,,Cryptocarya amygdalina,Nees,4178658,463791-1,LC
1427690,,Cryptocarya ferrea,Blume,7304213,463891-1,LC
1427693,,Cryptocarya impressa,Miq.,4176314,463940-1,LC
1566144,,Cryptocarya wightiana,Thwaites,4180909,464177-1,LC
1718884,,Cryptochilus acuminatus,"(Griff.) Schuit., Y.P.Ng & H.A.Pedersen",10800556,77179076-1,
1728860,,Cryptochilus strictus,"(Lindl.) Schuit., Y.P.Ng & H.A.Pedersen",10756396,77179078-1,
1465505,,Cryptocoryne albida,R.Parker,2869268,86658-1,LC
1718363,Water Trumpet,Cryptocoryne ciliata,(Roxb.) Schott,7551029,86671-1,LC
1709532,,Cryptogramma brunoniana,Wall. ex Hook. & Grev.,8311786,71737-2,
1773277,,Cryptolepis buchananii,R.Br. ex Roem. & Schult.,5525050,95915-1,
1616419,"Lily-leaf Orchid, Little Spider Orchid",Cryptostylis arachnites,(Blume) Hassk.,2806951,624743-1,
1419754,"Japanese cryptotaenia, Japanese honewort, Japanese Wild Parsley, Mitsuba, Trefoil, East Asian wildparsley, Japanese parsley",Cryptotaenia japonica,Hassk.,3034432,840846-1,
1529498,Mertas,Ctenolophon parvifolius,Oliv.,3644243,607749-1,VU
1384461,"Bristly bryony, Madras pea pumpkin, Pea pumpkin, Rough bryony",Cucumis maderaspatanus,L.,8364646,292230-1,
1363647,"Cantaloupe, Melon, Muskmelon, خربزه, खरबुज्जा, Oriental melon, Honeydew, Armenain Yard Long Cucumb, Armenian cucumber, Common Melon, Dudaim melon, Smooth Rock-spleenwort, Snake cucumber, కర్బూజ, كانتالوب, Watermelon, Кагын, Pepene, Rock Melon",Cucumis melo,L.,2874570,292238-1,
1384472,"Cucumber, خیار, Garden Cucumber, Cucumbers, Gherkin, Timun, Oriental Cucumber, Suyo Long Cucumber, তিয়হঁ, దోస, Zucchini, Melon, Mint, Dosa (in Telugu), Kastravec, Pepino, သခွား (in Burmese), Gurke, Tèmon, Krastavac, Mentimun, Pepene, ᎦᎦᎹ, Komkomro, Salatalık, خیار سَوز, Lemon cucumber, Long green beef plant",Cucumis sativus,L.,2874569,292296-1,
1391483,"Great pumpkin, Winter squash, Pumpkin, Hubbard Squash, Giant Pumpkin, Squash, Red gourd, Atlantic Giant Pumpkin, Banana Squash, Boston marrow, Buttercup Squash, Calabaza, Marrow, Turban Squash, Vegetable marrow, Mo'ôhtáemâhoo'o, Winter Pumpkin, Wüirü, Hokkaido Squash, Mammoth Pumpkin, Pumkin, Queensland Blue Squash, Winter Marrow, کدو, Turks Turban Squash, Labu kuning, Cherokee Bush, Kabocha Squash, గుమ్మడి, Labu Parang, Sunshine Kabocha Squash, کدو تنبل, خربزه, Zuchinni, Turkish Turban",Cucurbita maxima,Duchesne,2874515,30006538-2,
1399145,"Butternut squash, Pumpkin, Squash, West Indian pumpkin, Butternut pumpkin, Spanish gourd, Calabaza pumpkin, Cheese pumpkin, Red gourd, Golden cushaw, Winter crookneck squash, Squash gourd, Crookneck squash, Dickinson pumpkin, Kentucky field pumpkin, Long Island cheese pumpkin, Seminole pumpkin, Tahitian squash, Tennessee sweet potato, Calabaza, Large cheese pumpkin, Neck pumpkin, Musky gourd, Cushaw, Canada crookneck, Squash/Pumpkin, Cushaw squash, Auyama, Japanese pumpkin, Swahili Marenge, Baby Bok Choy, Labu, Waluh, Labu Kuning",Cucurbita moschata,Duchesne,2874509,320034-2,
1384485,"Bitter bottle gourd, Zucchini, Pumpkin, Courgette, Zucchini squash, Squash, Spaghetti squash, Summer Squash, Field pumpkin, Marrow, Bush squash, Autumn pumpkin, Delicata squash, Pattypan squash, Squash and gourd varieties, Yellow crookneck squash, Cocozelle, Jack-o-lantern Pumpkin, Vegetable Marrow, American Pumpkin, Ornamental Gourd, Edible gourd, Garden marrow, Pumpkinseeds, Styrian Pumpkin, Vegetable Gourd, Ampalaya, గుమ్మడి, کدو مسمایی یا کبابی, Better lemon, Borage, کودی کباب, Acorn Squash",Cucurbita pepo,L.,2874508,292416-1,LC
1367878,"Scurfy-pea, Blackdot, Malaysian scurfpea, Indian Bread Root, Babchi, Malay tea, Malayan scurf pea",Cullen corylifolium,(L.) Medik.,2948930,489225-1,LC
1363235,"Cumin, Cymen, Гьефер, Cummin, Green cumin, White cumin",Cuminum cyminum,L.,3034775,840882-1,
1701493,Formosan China fir,Cunninghamia konishii,Hayata,5284275,676724-1,EN
1388922,"Chinese-fir, China-fir, Cunninghamia, Alipa",Cunninghamia lanceolata,(Lamb.) Hook.,5284278,676725-1,LC
1356026,"Elfin Herb, Mexican Heather, False heather, Elfin bush, Hyssop-leaf Waxweed",Cuphea hyssopifolia,Kunth,3188698,553043-1,
1720952,"Funeral cypress, Mourning cypress, Chinese weeping cypress",Cupressus pendula,Thunb.,7719763,676769-1,
1407885,Palm-Grass,Curculigo capitulata,(Lour.) Kuntze,2852556,64141-1,
1427709,"Golden eye-grass, Black Musale, Kali Musli, Nelamuli, Nelataale, Nilappana, Talamuli, 仙茅, Black musli, Kali musali",Curculigo orchioides,Gaertn.,2853024,64163-1,
1423787,"Tumeric, Copper Curcuma, Temu, Curcuma, Temmo Èreng (MAD), Rusty Curcuma, Blue-green Curcuma",Curcuma aeruginosa,Roxb.,2757635,796418-1,LC
1420908,"Siam Tulip, Thai tulip ginger",Curcuma alismatifolia,Gagnep.,2757556,796420-1,NT
1420909,"Mango-ginger, Temmo pao, Amada, আমআদা",Curcuma amada,Roxb.,2757535,796421-1,
1420910,"East Indian arrowroot, East India arrowroot",Curcuma angustifolia,Roxb.,2757542,796424-1,
1420912,"Wild turmeric, Yellow zedoary, Curcuma, Temu agung, Narrow Leaved Turmeric",Curcuma aromatica,Salisb.,2757544,796426-1,
1383769,"Turmeric, Indian-saffron, Common Turmeric, Kunyit, Kunyèt, Kurkuma, हर्दी, పసుపు, Haldi (Pakistan), Common Curcuma, Flankton, 黄姜 (Mandarin), হলুদ (in Bengali)",Curcuma longa,L.,2757624,796451-1,DD
1700405,,Curcuma neilgherrensis,Wight,2757541,796455-1,
1427715,"Hidden Ginger, Temu tihing, Jewel of Thailand, Pink tower curcuma",Curcuma petiolata,Roxb.,2757553,796463-1,DD
1420914,"Temmo labâk, Temu lawak, Java ginger, Javanese turmeric",Curcuma zanthorrhiza,Roxb.,2757547,796485-1,DD
1400380,"Zedoary, White turmeric, Temmo potè, Temu putih, Long zedoary, Zittverrot (Swedish), Round zedoary, Sa-nwin (Myanmar), কেটুৰী",Curcuma zedoaria,(Christm.) Roscoe,2757545,872393-1,DD
1364024,"Smooth-seed alfalfa dodder, Alfalfa dodder, Smallseed Alfalfa Dodder, Smoothseed alfalfa dodder, Clustered dodder",Cuscuta approximata,Bab.,2927520,267291-1,
1427718,"Australian dodder, Southern dodder, Peruvian dodder",Cuscuta australis,R.Br.,7154776,267308-1,
1364019,"Dodder, Field dodder, Prairie dodder, Common dodder, Yellow dodder, Golden dodder, Western field dodder, Fiveangled dodder, Large-seeded alfalfa dodder, American field dodder, Bushclover dodder, Five-angled dodder, Five-cornered dodder, Lespedeza dodder, سس رایج",Cuscuta campestris,Yunck.,3610757,72786-2,
1364023,"Chinese dodder, Common dodder",Cuscuta chinensis,Lam.,3610749,267360-1,
1442086,"Japanese dodder, Asian large dodder",Cuscuta japonica,Choisy,2927548,267500-1,
1423789,"Giant dodder, Indian dodder, Beggar weed, Devil's gut, Dodder, Dodder of thyme, Greater dodder, Hell weed, Lesser dodder, Scald weed, Strangle tare, Southern Asian dodder, Amar Bel",Cuscuta reflexa,Roxb.,2927545,267630-1,LC
1366550,"Siam-bean, Guar, Guar-bean, Calcutta-lucerne, Cluster-bean, Guar Gum, గోరు చిక్కుడు",Cyamopsis tetragonoloba,(L.) Taub.,2946183,489242-1,
1489616,,Cyananthus inflatus,Hook.f. & Thomson,5409762,141877-1,
1418369,,Cyananthus lobatus,Wall. ex Benth.,5409767,141885-1,
1497403,,Cyanotis arachnoidea,C.B.Clarke,5303388,172445-1,
1423790,"Creeping cradle plant, చిన్న వెన్నాద్రి",Cyanotis axillaris,(L.) D.Don ex Sweet,8544796,927758-1,LC
1423579,,Cyanotis cristata,(L.) D.Don,5303371,172463-1,LC
1497438,,Cyanotis vaga,(Lour.) Schult. & Schult.f.,5303311,172546-1,
1405308,"Little Ironweed, Purple fleabane, Vernonia, Little ironweed, Blue fleabane, Inflammation bush, Strong-man bush, Tropical fleabane, Vernonia, Ash fleabane. Minor weed, Tagulinau (Filipino), Sky Mustard, सहदेवी, Japanese: mura-saki-mukashi- yomogi, reinan-nogiku, yambaru-higotai",Cyanthillium cinereum,(L.) H.Rob.,6445734,962413-1,
1720303,,Cyanthillium patulum,(Aiton) H.Rob.,3125201,962414-1,
1505856,,Cyathocline purpurea,(Buch.-Ham. ex D.Don) Kuntze,3142265,200839-1,LC
1451224,,Cyathula capitata,Moq.,8303480,60146-1,
1407523,"Pastureweed, Small prickly chaff flower",Cyathula prostrata,(L.) Blume,5384314,60185-1,
1776046,"Cottony chaff flower, Woolly pastureweed",Cyathula tomentosa,(Schult.) Moq.,5548492,60196-1,
1701616,,Cycas × multifrondis,D.Y.Wang,3595025,993114-1,
1701583,,Cycas clivicola,K.D.Hill,2683259,1007290-1,LC
1701592,Cycad,Cycas edentata,de Laub.,2683238,1004281-1,EN
1701613,Fork-leaf cycas,Cycas micholitzii,Dyer,2683299,297014-1,VU
1701624,Cycad,Cycas pectinata,Buch.-Ham.,2683250,297022-1,VU
1701625,,Cycas petrae,A.Lindstr. & K.D.Hill,3595046,20012495-1,
1701634,,Cycas sexseminifera,F.N.Wei,2683215,988620-1,LC
1418604,Cycad,Cycas siamensis,Miq.,2683286,297036-1,VU
1701637,,Cycas simplicipinna,(Smitinand) K.D.Hill,2683276,988558-1,NT
1701649,,Cycas zeylanica,(J.Schust.) A.Lindstr. & K.D.Hill,2683266,20006946-1,CR
1600992,,Cyclea peltata,(Lam.) Hook.f. & Thomson,8187840,580706-1,
1719840,,Cyclocarpa stellaris,Afzel. ex Urb.,7472821,167881-3,
1489665,Spider berry,Cyclocodon lancifolius,(Roxb.) Kurz,3164997,142009-1,
1409543,Aloe-leafed Cymbidium,Cymbidium aloifolium,(L.) Sw.,5305656,624936-1,
1616580,,Cymbidium atropurpureum,(Lindl.) Rolfe,5305746,624949-1,
1616584,Two-colored Cymbidium,Cymbidium bicolor,Lindl.,5305536,624954-1,
1616592,Orchid,Cymbidium dayanum,Rchb.f.,5305582,624984-1,
1419706,Orchid,Cymbidium devonianum,Paxton,5305553,624987-1,
1419707,"Fukien-orchid, Common Fragrant Cymbidium, Four-season orchid, Oriental cymbidium, New Year's Day orchid, Four seasons orchid, Golden-thread orchid, Spring orchid",Cymbidium ensifolium,(L.) Sw.,5305481,624992-1,
1616597,Indian cymbidium,Cymbidium erythraeum,Lindl.,5305564,624996-1,
1616598,,Cymbidium erythrostylum,Rolfe,5305731,624997-1,
1616600,,Cymbidium finlaysonianum,Lindl.,5305698,625003-1,
1616601,,Cymbidium floribundum,Lindl.,5305706,50880941-1,
1616609,,Cymbidium hookerianum,Rchb.f.,5305704,625040-1,
1616611,,Cymbidium insigne,Rolfe,5305627,625051-1,
1616612,,Cymbidium iridioides,D.Don,5305725,625056-1,
1616614,White bamboo-leaf orchid,Cymbidium lancifolium,Hook.,5305513,625062-1,
1616616,"Boat orchid, Low's cymbidium",Cymbidium lowianum,(Rchb.f.) Rchb.f.,5305736,625076-1,
1720854,Ink Orchid,Cymbidium sinense,(Andrews) Willd.,5305617,625174-1,
1616648,,Cymbidium tigrinum,C.S.P.Parish ex Hook.,5305723,625206-1,
1616650,Tracey's Boat Lip Orchid,Cymbidium tracyanum,L.Castle,5305552,77110029-1,LC
1649560,"Kachi grass, Ginger grass",Cymbopogon caesius,(Hook. & Arn.) Stapf,4151099,396888-1,
1363530,"Lemongrass, West Indian lemongrass, West Indian lemon grass, Citronella, Fever grass, Melissa grass, Squinant, Oil grass, Citronella grass, నిమ్మ గడ్డి, नींबू घास, Sereh, Capim-santo, Capim-limão, कागती घाँस (नेपाली मा), 香茅 (Mandarin), Sả, Serai (Malay), Erva-príncipe",Cymbopogon citratus,(DC.) Stapf,2705275,396896-1,
1423794,"East Indian lemon grass, Ginger Grass, Lemongrass, East indian lemongrass, Cochin lemongrass, Malabar grass, Malabar lemongrass",Cymbopogon flexuosus,(Nees ex Steud.) W.Watson,8571291,396927-1,
1728717,"Lemon grass, Iwarancusa grass",Cymbopogon iwarancusa,(Jones ex Roxb.) Schult.,4138896,396948-1,
1427734,"Lemon grass, Geranium grass, Palmarosa, Roha grass, Rusa grass, Rosha grass, Ginger grass, Motia grass, Sofia grass",Cymbopogon martini,(Roxb.) W.Watson,4138713,396962-1,
1363531,"Giant turpentine grass, Citronella, Citronella grass, New citronella grass, Ceylon citronella, Nard grass, Lemon grass",Cymbopogon nardus,(L.) Rendle,2705267,396972-1,
1365329,,Cymbopogon nervatus,(Hochst.) Chiov.,4138622,396973-1,
1530704,"Species code: cr, Smooth ribbon seagrass, Sea grass",Cymodocea rotundata,Asch. & Schweinf.,5328491,602937-1,LC
1728816,,Cynanchum acidum,(Roxb.) Oken,3573208,95981-1,
1423801,"Caustic bush, Caustic creeper, Rapunzel plant, Somabutta, Soma",Cynanchum viminale,(L.) L.,7504382,77120427-1,
1355882,"Artichoke, Cardoon, Scottish thistle, Spanish artichoke, Artichoke thistle, Scotch thistle, Globe artichoke, Prickly artichoke, Cardy, Cardoon Artichoke, Wild artichoke, Mediterranean Artichoke",Cynara cardunculus,L.,3112364,200876-1,
1363526,"Bermudagrass, چایر- مرغ, Common Bermuda grass, Green couch, Plain couch, Common couch, Indian couch, Bahama Grass, Brakgras Salu, Dog's-tooth grass, Indian doab, Couch grass, Devil's grass, Dubo, Scutch grass, Cocksfoot-grass, Devil grass, Dhub grass, Dog's-tooth-grass, Hariali grass, Ziba grass, Chiendent pied-de-poule, Common bermudagrass, Zebra tail, Crabgrass, St. Augustine Grass, గరిక - దూర్వాలు, Dharo, Tahoma ThirtyOne, پنجه مرغی",Cynodon dactylon,(L.) Pers.,6109637,397065-1,
1424578,,Cynodon radiatus,Roth,5677401,397123-1,
1399940,"Chinese-forget-me-not, Chinese forget-me-not, Chinese Hound's Tongue, Chinese Hound's-toungue, فراموشم نکن",Cynoglossum amabile,Stapf & J.R.Drumm.,2925816,115031-1,
1370056,,Cynoglossum lanceolatum,Forssk.,7960618,115164-1,
1477891,Prickly hound's tongue,Cynoglossum wallichii,G.Don,2925818,115321-1,
1368621,"Namu-namu, Nam Nam",Cynometra cauliflora,L.,2966855,489381-1,LC
1415657,Balitbitan,Cynometra ramiflora,L.,2966890,489480-1,LC
1718749,,Cyperus albescens,(Steud.) Larridon & Govaerts,9410332,77154548-1,
1363288,"Foxtail flat sedge, Mat sedge, Foxtail Flatsedge, Foxtail Sedge, Chufa sedge, Nut grass, Yellow nut sedge, Fostail sedge",Cyperus alopecuroides,Rottb.,2715045,303722-1,LC
1362441,"Umbrella sedge, Umbrella papyrus, Umbrella palm, Umbrella plant, Umbrella grass, Umbrella flatsedge, نخل مرداب, False Papyrus",Cyperus alternifolius,L.,2714156,303729-1,LC
1404954,"Foothill flat sedge, Foothill Flatsedge",Cyperus amabilis,Vahl,2716444,303735-1,LC
1423758,"Navua sedge, Greater kyllinga",Cyperus aromaticus,(Ridl.) Mattf. & Kük.,2718810,303818-1,
1363289,"Chintul, Guinea-rush, Jointed flat sedge, Piripiri, Jointed Flatsedge",Cyperus articulatus,L.,2713638,303822-1,LC
1748704,,Cyperus ascopusillus,Goetgh.,9524172,77140512-1,
1748690,Downy nutgras,Cyperus bifax,C.B.Clarke,2714881,303918-1,
1427744,"Shortleaf Spikesedge, Globe Kyllinga, Green kyllinga, Mullumbimby couch",Cyperus brevifolius,(Rottb.) Hassk.,2718767,30313989-2,LC
1532705,Compact sedge,Cyperus compactus,Retz.,2714640,304142-1,LC
1363290,"Poorland flat sedge, Flat sedge, Poorland Flatsedge, Hedgehog cyperus, Annual sedge",Cyperus compressus,L.,2713479,304155-1,LC
1363291,"Chinese matgrass, East Indian mattinggrass, Galingale",Cyperus corymbosus,Rottb.,2713778,304212-1,
1386558,"Coastal-Plain Flat Sedge, Coastal plain flatsedge, Cuspidate sedge",Cyperus cuspidatus,Kunth,2716516,304245-1,
1426256,Old World Flatsedge,Cyperus cyperinus,(Retz.) Valck.Sur.,2715877,304256-1,
1398489,"Pacific island flat sedge, Pacific Island Flatsedge",Cyperus cyperoides,(L.) Kuntze,2714453,74580-2,LC
1423804,,Cyperus denudatus,L.f.,2715328,304296-1,LC
1363292,"Dirty-Dora, Small-flower umbrella-plant, Variable flat sedge, Rice sedge, Difformed flatsedge, Variable flatsedge, Smallflower Umbrella Sedge, Small-flower flatsedge, Small-flower umbrella plant, Small-flower umbrella sedge, One-arm sedge, Small-flowered nutsedge, Smallflower Umbrellaplant",Cyperus difformis,L.,2714796,304311-1,LC
1407905,"Diffused flatsedge, Dwarf Umbrella Grass",Cyperus diffusus,Vahl,2713932,304313-1,LC
1356274,"Digitate cyperus, Finger flat sedge, Finger Flatsedge, Finger flatsegde, Red-root Flatsedge",Cyperus digitatus,Roxb.,2714238,304315-1,LC
1748389,,Cyperus dipsacoides,(Schumach.) Bauters,9293985,77140516-1,
1405033,"Piedmont Flatsedge, Piedmont flat sedge, Slender cyperus, Remote sedge",Cyperus distans,L.f.,2713460,301880-2,LC
1386562,"Foxtail flatsedge, Fostail sedge, Matsedge",Cyperus dives,Delile,2715374,304350-1,LC
1423805,,Cyperus dubius,Rottb.,2714915,304357-1,LC
1442199,"Woodrush Flat Sedge, Woodrush flatsedge, Deeproot sedge, Deep-root sedge",Cyperus entrerianus,Boeckeler,2715757,74636-2,
1363293,"Umbrella sedge, Pale galingale, Tall flat sedge, Drain flat sedge, Tall flatsedge, Nutgrass, Tall nutgrass, Umberella sedge, Chufa, Earth almond, Zula nuts, Edible galingale, Tall cyperus, Lovegrass sedge, Tall umbrella plant, American galingale, Umbrella Cyperus",Cyperus eragrostis,Lam.,2715482,304426-1,LC
1361087,"Yellow nutsedge, Earth-almond, Tigernut, Water-grass, Yellow nut sedge, Yellow nut-grass, Chufa, Ground Almond, Nut Grass, Edible Cyperus, Yellow Nutgrass, Perennial Yellow Flatsedge, Earth Nut, Chufa Flatsedge, Rush nut, Nut flatsedge, Sweet Tiger Nut",Cyperus esculentus,L.,2716226,300668-2,LC
1386596,"Giant sedge, Umbrella sedge",Cyperus exaltatus,Retz.,2715206,304447-1,LC
1391507,"Yellow flat sedge, Yellow flatsedge, Yellow galingale, Annual yellow flatsedge, Pale flatsedge, Yellow cyperus, Yellowish umbrella sedge, Yellowish sedge, Yellowish cyperus",Cyperus flavescens,L.,2730906,74698-2,LC
1391508,Yellow Flatsedge,Cyperus flavidus,Retz.,2730773,304527-1,LC
1361088,"Brown Galingale, Brown flatsedge, Black Cyperus, Brown Cyperus, Brown umbrella sedge",Cyperus fuscus,L.,2716489,330929-2,LC
1401436,"Dwarf papyrus sedge, Haspan flat sedge, Haspan Flatsedge",Cyperus haspan,L.,2715828,304701-1,LC
1532803,"Dwarf water reed, Cyperus grass plant",Cyperus helferi,Boeckeler,2715325,304714-1,
1442212,"Peduncled Spike Sedge, Queensland sedge",Cyperus hyalinus,Vahl,2731093,304777-1,
1363295,"Shingle flat sedge, Shingle flatsedge, Unbrella plant, Shingle flatsegde",Cyperus imbricatus,Retz.,2714233,304793-1,LC
1386563,"Umbrella sedge, Grasshopper's cyperus, Rice flat sedge, Ricefield Flatsedge, Rice flatsedge, Iria Flatsedge, Rice-field flatsedge",Cyperus iria,L.,2715729,304844-1,LC
1748702,,Cyperus isolepis,(Nees) Bauters,9629830,77140479-1,LC
1380644,"Javanese Flat Sedge, Javanese flatsedge, Marsh cyperus, Bunch sedge",Cyperus javanicus,Houtt.,2713705,304865-1,
1363303,"Smooth flat sedge, Boredrain sedge, Smooth flatsedge",Cyperus laevigatus,L.,2713559,304938-1,LC
1401440,Persian cyperus,Cyperus laxus,Lam.,2713471,304973-1,
1424819,White-margined sedge,Cyperus macrostachyos,Lam.,2730317,305092-1,LC
1718496,,Cyperus melanospermus,(Nees) Valck.Sur.,8644383,305145-1,
1423724,"Cockscomb kyllinga, Asian spike sedge",Cyperus metzii,(Hochst. ex Steud.) Mattf. & Kük.,2718837,305157-1,
1424895,,Cyperus michelianus,(L.) Delile,2714056,1054019-2,LC
1397938,"Asian flatsedge, Awned rice flatsedge",Cyperus microiria,Steud.,2715429,305180-1,
1427158,"White-Head Spike Sedge, Whitehead spikesedge, White Kyllinga, White Water Sedge, White-Flowered Kyllinga, Whitehead Spike Sedge, Flatsedge, Rumput Mata Lalat",Cyperus mindorensis,(Steud.) Huygh,9452699,77140538-1,
1423807,,Cyperus mitis,Steud.,2715454,305204-1,LC
1532890,,Cyperus mollipes,(C.B.Clarke) K.Schum.,2714705,305210-1,LC
1532914,Little bluestem,Cyperus niveus,Retz.,2716380,305316-1,
1380512,,Cyperus nutans,Vahl,2713473,305339-1,LC
1389282,"Calingale, Rusty flat sedge, Fragrant flat sedge, Fragrant Flatsedge, Rusty Flatsedge, Fragrant Cyperus, Fragrant Umbrella Sedge, Gates Cyperus, Scented Flatsedge, Yellow nutsedge, Flatsedge",Cyperus odoratus,L.,2715219,74939-2,LC
1427748,"Mat sedge, Korai, Galingale",Cyperus pangorei,Rottb.,2714265,305436-1,LC
1532934,,Cyperus paniceus,(Rottb.) Boeckeler,2714129,305440-1,LC
1361089,"Papyrus, Egyptian paperplant, Paper reed, Papyrus Sedge, Bulrush, Egyptian paper plant, Paper plant, نخل مرداب",Cyperus papyrus,L.,2716311,330934-2,LC
1427749,,Cyperus pedunculatus,(R.Br.) J.Kern,2731082,305500-1,
1403951,"Bunchy flat sedge, Bunchy sedge, Field sedge, Many-spiked sedge, Many-spike Flatsedge, Manyspike flatsedge, Yellow cyperus",Cyperus polystachyos,Rottb.,2730407,75004-2,LC
1427750,,Cyperus procerus,Rottb.,2716134,305619-1,LC
1728689,,Cyperus pseudokyllingioides,Kük.,2712034,305651-1,LC
1407324,"Low Flat Sedge, Low flatsedge",Cyperus pumilus,L.,8219353,330935-2,LC
1718498,,Cyperus richardii,Steud.,2718873,305776-1,
1361090,"Nutgrass, Coco-grass, Ground-almond, Purple nut sedge, Purple nut-grass, Red nut sedge, Nut sedge, Java-grass, Nutgrass flatsedge, Purple Nutsedge, Common Nut Sedge, Purple Nutsegde, Purple nutgrass, Common nutsedge, Jawa grass, Galingale, Purple Flatsedge, Purple flat sedge, Chaguan humatag, Lemon Grass / Cymbopogon, Hương phụ, اویارسلام ارغوانی",Cyperus rotundus,L.,2714818,305797-1,LC
1532997,,Cyperus rupestris,Kunth,2713751,305829-1,
1422468,"Purple-glume flat sedge, Purpleglume Flatsedge, Bloodscale sedge, Purple-glume flatsedge",Cyperus sanguinolentus,Vahl,2730818,332091-2,LC
1391514,"Tidal marsh flat sedge, Flat sedge, Tidalmarsh flatsedge, Tidal-marsh flatsedge, Mountain nutsedge",Cyperus serotinus,Rottb.,2715620,305908-1,
1410243,"Fragrant kyllinga, Fragrant spike sedge, Kyllinga weed, Clover knockoff",Cyperus sesquiflorus,(Torr.) Mattf. & Kük.,3583416,75123-2,LC
1386609,"Roadside flat sedge, Roadside flatsedge, Brown speckled sedge",Cyperus sphacelatus,Rottb.,2715182,305967-1,
1411668,"Bearded flat sedge, Awned Flat Sedge, Bearded flatsedge, Awned Flatsedge, Awned Cyperus, Awned Nutsedge, Squarrose Flatsedge, Squarrose Umbrella Sedge, Aromatic sedge",Cyperus squarrosus,L.,2714313,324890-2,LC
1407910,Nutgrass,Cyperus stoloniferus,Retz.,2714571,306015-1,LC
1533058,Roadside flatsedge,Cyperus tenuiculmis,Boeckeler,2713608,306116-1,LC
1748353,,Cyperus tenuifolius,(Steud.) Dandy,7999024,75177-2,
1386575,Narrow-spiculate flatsedge,Cyperus tenuispica,Steud.,2715449,306131-1,LC
1720913,Uniola Flatsedge,Cyperus unioloides,R.Br.,2730590,306261-1,LC
1386576,Roadside Flatsedge,Cyperus zollingeri,Steud.,2715199,306363-1,LC
1697938,Eared Cyphostemma,Cyphostemma auriculatum,(Roxb.) P.Singh & B.V.Shetty,4052974,943016-1,DD
1426742,Shining panicgrass,Cyrtococcum oxyphyllum,(Hochst. ex Steud.) Stapf,4132960,397257-1,
1427760,"Broad-leaved bowgrass, Bowgrass",Cyrtococcum patens,(L.) A.Camus,2705908,397258-1,
1427761,,Cyrtococcum trigonum,(Retz.) A.Camus,4132897,397265-1,
1407913,"Asiatic holly fern, Dwarf Netvein Hollyfern, Dwarf holly fern",Cyrtomium caryotideum,(Wall. ex Hook. & Grev.) C.Presl,2650828,17075960-1,
1722287,"Long-leaf Asian hollyfern, Sickle-leaved holy fern",Cyrtomium devexiscapulae,(Koidz.) Ching,4039250,17387000-1,
1391519,"Asian Hollyfern, Holly Fern, House Holly-fern, Japanese Holly Fern, Japanese Netvein Hollyfern, Sickle-leaved holly fern",Cyrtomium falcatum,(L.f.) C.Presl,2650829,17268360-1,
1391521,"Asian Netvein Hollyfern, Fortune's Net-veined Hollyfern, Fortune’s hollyfern, Fortune's holly fern, Fortune's Cyrtomium",Cyrtomium fortunei,J.Sm.,2650827,17075980-1,
1704660,,Cyrtomium lonchitoides,(Christ) Christ,4038969,17076010-1,
1719842,"Burma yellow heart, Tembusu",Cyrtophyllum fragrans,(Roxb.) DC.,7863745,546043-1,LC
1409243,"Lipstick palm, Maharajah palm, Sealing wax palm, Red sealing-wax palm, Pokok Pinang Raja",Cyrtostachys renda,Blume,2735421,666411-1,LC
1427769,"Pine, Java dacryberry, Java podocarpus, Malayan yellowwood",Dacrycarpus imbricatus,(Blume) de Laub.,2687843,687949-1,LC
1423810,,Dacrydium elatum,(Roxb.) Wall. ex Hook.,7349606,262007-1,LC
1427776,,Dacryodes costata,(A.W.Benn.) H.J.Lam,3992440,127876-1,LC
1427782,,Dacryodes rostrata,(Blume) H.J.Lam,3993735,127920-1,LC
1427784,,Dacryodes rugosa,(Blume) H.J.Lam,3993714,127922-1,LC
1639620,,Dactylicapnos scandens,(D.Don) Hutch.,3603377,672611-1,
1363544,"Durban crowfoot, Duck grass, Comb fringe grass, Crowfoot grass, Finger comb grass, Finger grass, Coast button grass, Common crowfoot, Helicopter grass, Egyptian grass, Durban crowfoot grass, Beach wiregrass, Coast buttongrass, Crow foot grass, Durban Crow-foot Grass, Durban crowsfoot grass, Egyptian Finger Grass, علف پنجه ای مصری",Dactyloctenium aegyptium,(L.) Willd.,2706188,397387-1,
1417809,"Tree dahlia, Bell tree dahlia, Giant dahlia",Dahlia imperialis,Roezl ex Ortgies,5387165,200959-1,NT
1391643,"Dahlia, Pinnate dahlia, کوکب, Garden dahlia, Hypnotica dahlia, దాలియా, Dalia, Rare Flower, Text, ডালিয়া, 大丽花, Dahlia maxi, Cultivated Dahlia",Dahlia pinnata,Cav.,5387142,30027297-2,
1414959,Dalbergia,Dalbergia candenatensis,(Dennst.) Prain,2968466,490125-1,LC
1576177,"Rose Wood, Siamese Rosewood, Thailand Rosewood, Tracwood",Dalbergia cochinchinensis,Pierre,2968506,490142-1,CR
1776047,Burma Blackwood,Dalbergia cultrata,T.S.Ralph,8108643,1006521-1,NT
1576233,,Dalbergia horrida,(Dennst.) Mabb.,2968703,490259-1,NT
1576237,Hwangdan,Dalbergia hupeana,Hance,2968584,490264-1,LC
1367781,"East Indian rosewood, Malabar rosewood, Bombay blackwood, Black rosewood, Indian blackwood, Indian rosewood, Blackwood, Indonesian Rosewood, Sonakling, East Indian Rose Wood, Indonesia rosewood, పెద్దేగి చెట్టు",Dalbergia latifolia,Roxb.,2968662,490295-1,VU
1427820,,Dalbergia pinnata,(Lour.) Prain,2968756,490399-1,LC
1363744,"Sissoo, Sisu, Indian rosewood, Shisham, North Indian rosewood, Sheesham, Sisso, Sissoo Tree, జిట్టేగి",Dalbergia sissoo,Roxb. ex DC.,2968532,490469-1,LC
1576330,,Dalbergia tonkinensis,Prain,2968740,490502-1,VU
1576339,,Dalbergia volubilis,Roxb.,2968408,490521-1,LC
1379563,Spurgecreeper,Dalechampia scandens,L.,3055569,319177-2,LC
1783905,,Dalhousiea bracteata,(Roxb.) Graham ex Benth.,2970581,490954-1,
1719976,,Dalrympelea sphaerocarpa,(Hassk.) Nor-Ezzaw.,8215024,77107773-1,LC
1672144,Indian damnacanthus,Damnacanthus indicus,C.F.Gaertn.,2903461,748107-1,
1420786,Nepalese paper plant,Daphne bholua,Buch.-Ham. ex D.Don,7311442,831159-1,
1420792,Winter daphne,Daphne odora,Thunb.,7670260,831309-1,
1729357,Nepal paper plant,Daphne papyracea,Wall. ex G.Don,8225728,60454702-2,
1693482,,Daphne sureil,W.W.Sm. & Cave,5523870,831365-1,
1728641,,Daphniphyllum chartaceum,K.Rosenthal,4262000,344221-1,LC
1728642,,Daphniphyllum himalense,(Benth.) Müll.Arg.,4930379,60461871-2,LC
1454979,,Dasymaschalon dasymaschalum,(Blume) I.M.Turner,6027815,77085883-1,LC
1418624,"Akalbir, False hemp",Datisca cannabina,L.,2874725,316093-1,
1391658,"Indian Apple, Moonflower, Angel'S Trumpet, Downy Thornapple, Desert Thornapple, Downy Thorn-apple, Hoary Thorn-apple, Pricklyburr, Recurved Thorn-apple, Sacred Datula, Sacred Datura, Thorn-apple, Fireweed, Joy Juice, Pricklybur, Toloache, تاتوره  علفی، -, Datura, ধুতরো, ఉమ్మెత్త",Datura innoxia,Mill.,2928755,316945-2,
1356150,"Devil's trumpet, Jimsonweed, Hoary thorn-apple, Metel, Downy thorn-apple, Hindu datura, Hindu thorn-apple, Horn-of-plenty, Purple thorn-apple, Kacobhung, Kacubung, Yellow-flowered thorn apple, Fireweed, Entire-leaved thorn-apple, Prickly burr, Thorn apple, Downy Thornapple, Indian Apple, Pricklybur, Recurved Thorn-apple, Toloache, Desert thornapple, Angel's trumpet, Moonflower, Prickly datura, Sacred datura, ఉమ్మెత్త, Purple people eater",Datura metel,L.,2928747,314739-2,
1360549,"Moonflower, Jimsonweed, Datura, Devil's trumpet, Thorn-apple, False castor-oil, Common thorn-apple, Purple thorn-apple, Devil's apple, Jamestown Weed, Mad Apple, Stinkwort, Fireweed, Stramonium Jimsonweed, False castor-oil plant, Apple of Peru, Common Thornapple, Stramonium, ఉమ్మెత్త, Kecubung, تاتوره, تاتوره، گل بوقی، گل ماه, Spikklubba, Hell's Bells",Datura stramonium,L.,2928751,314738-2,
1363227,"Queen Anne's lace, Wild Carrot, Carrot, Morcov sălbatic, Divlja šargarepa, Bee's nest, Sea carrot, Bees' Nest, Carrots, Bird's nest, Devil's-plague, هویج وحشی, Yarrow, White button lace, هویج, گلپر, גֶּזֶר קִפֵּחַ",Daucus carota,L.,3034742,841063-1,LC
1729874,"Ball fern, Squirrelfoot fern",Davallia bullata,Wall. ex Hook.,7756434,17078250-1,
1720595,,Davallia divaricata,Blume,7769165,17078690-1,
1790220,Haresfoot fern,Davallia embolostegia,Copel.,4204773,17244940-1,
1720596,Haresfoot fern,Davallia heterophylla,Sm.,7310469,17079100-1,
1416974,Haresfoot fern,Davallia pectinata,Sm.,4204717,17080040-1,
1778072,,Davallia perdurans,Christ,4204661,17080100-1,
1750253,,Davallia repens,(L.f.) Kuhn,4204959,17080500-1,
1400417,Monkey tail fern,Davallia solida,(G.Forst.) Sw.,7148557,17080730-1,
1720559,"Black rabbitsfoot fern, Ball fern, Fern squirrelfoot, Black Rabbit's Foot Fern",Davallia trichomanoides,Blume,7310467,324087-2,
1778211,Rabbits Foot,Davallia tyermannii,(T.Moore) H.J.Veitch,11921953,77222150-1,
1729926,,Davallodes pulchra,(D.Don) M.Kato & Tsutsumi,4205278,77090970-1,
1718716,,Debia ovatifolia,(Cav.) Neupane & N.Wikstr.,9397645,77147274-1,
1427827,Orange Wild Rhea,Debregeasia longifolia,(Burm.f.) Wedd.,4099305,851412-1,LC
1419300,Blue Sausage Tree,Decaisnea insignis,(Griff.) Hook.f. & Thomson,5686494,107240-1,
1773425,,Decalobanthus boisianus,(Gagnep.) A.R.Simões & Staples,9590157,77163190-1,
1718845,Merremia,Decalobanthus peltatus,(L.) A.R.Simões & Staples,9413254,77163209-1,
1427836,Jiang guo xian,Deeringia amaranthoides,(Lam.) Merr.,3675567,60226-1,
1427841,,Dehaasia cuneata,(Blume) Blume,4179649,464289-1,LC
1791426,,Deinostigma tamianum,(B.L.Burtt) D.J.Middleton & H.J.Atkins,10799515,77157237-1,
1363783,"White Gul Mohur, Creamy Peacock Flower, Yellow Gul Mohur, Mwangi, Sukela",Delonix elata,(L.) Gamble,2956174,491229-1,LC
1363784,"Flamboyant, Royal poinciana, Flame-of-the-forest, Flametree, Gul Mahor, Gold Mohar, Peacock-flower, Flamboyant Tree, Flamboyan, July Tree, Flamboyant poinciana, Fire tree, Flame of the forest, Pine, Poinciana, తురాయి, بونسيانا, צאלון נאה, Mukarabani, Sein-pan-gyi, Pride of Barbados, Phoenix Tree, Tabachin (Mexico), Coral tree, Kaalvarippoo",Delonix regia,(Bojer ex Hook.) Raf.,2956176,491231-1,LC
1360162,"Larkspur, Doubtful Knight's-spur, Oriental Knight’s Larkspur, Rocket Larkspur, Nemţişor de câmp",Delphinium ajacis,L.,3033833,77254-2,
1663908,,Delphinium anthriscifolium,Hance,3923581,710404-1,
1664219,,Delphinium stapeliosmum,Brühl,3927257,711033-1,
1617251,"Angel-fish Dendrobe, Angel-fish Dendrobium, Angelfish Orchid, Inward-bent dendrobium",Dendrobium aduncum,Lindl.,5316694,626745-1,
1617278,,Dendrobium anceps,Sw.,5317507,626794-1,
1617292,Unscented Dendrobium,Dendrobium anosmum,Lindl.,5316950,626808-1,
1419713,"Hooded dendrobium, Hooded Orchid",Dendrobium aphyllum,(Roxb.) C.E.C.Fisch.,5316701,626817-1,LC
1617394,,Dendrobium brunneum,Schuit. & Peter B.Adams,8216889,77110425-1,
1617395,,Dendrobium brymerianum,Rchb.f.,5316521,626977-1,
1617455,,Dendrobium christyanum,Rchb.f.,5315480,627084-1,
1409550,"Fried-egg Orchid, Orchid, ꯈꯣꯉꯨꯃꯦꯂꯩ",Dendrobium chrysotoxum,Lindl.,5317521,627099-1,
1417334,Hairy flickingeria,Dendrobium comatum,(Blume) Lindl.,5324240,627136-1,
1617521,,Dendrobium crepidatum,Lindl. & Paxton,5317107,627186-1,
1617526,,Dendrobium cruentum,Rchb.f.,5316785,627201-1,
1409551,"Pigeon orchid, Dove orchid, Anggrék cicing, Orchid, Dove flower, Small white orchid, Sparrow orchid",Dendrobium crumenatum,Sw.,5316744,627202-1,
1617533,,Dendrobium cumulatum,Lindl.,5316293,627214-1,
1419716,"Densely flowered Dendrobium, ꯃꯦꯂꯩ ꯂꯩꯁꯅꯥ",Dendrobium densiflorum,Lindl.,5316645,627283-1,
1617588,,Dendrobium devonianum,Paxton,5316408,627290-1,
1617619,,Dendrobium draconis,Rchb.f.,5317540,627331-1,
1617638,,Dendrobium eriiflorum,Griff.,5316505,627366-1,
1617641,,Dendrobium erosum,(Blume) Lindl.,5316391,627370-1,
1617663,,Dendrobium falconeri,Hook.,5317673,627407-1,
1617670,,Dendrobium farmeri,Paxton,5317527,627414-1,
1419717,,Dendrobium fimbriatum,Hook.,5308651,627426-1,
1772798,,Dendrobium findlayanum,C.S.P.Parish & Rchb.f.,8237184,627429-1,
1419718,Orchid,Dendrobium formosum,Roxb. ex Lindl.,5315899,627462-1,
1617773,,Dendrobium hancockii,Rolfe,5316886,627585-1,
1617774,,Dendrobium harveyanum,Rchb.f.,5316798,627588-1,
1617778,,Dendrobium hekouense,Z.J.Liu & L.J.Chen,8145256,77111205-1,
1617788,,Dendrobium hercoglossum,Rchb.f.,5316187,627607-1,
1617792,,Dendrobium heterocarpum,Wall. ex Lindl.,5316081,627610-1,
1617818,,Dendrobium hymenanthum,Rchb.f.,5317223,627647-1,
1617847,,Dendrobium infundibulum,Lindl.,5316060,627690-1,
1617868,,Dendrobium jenkinsii,Wall. ex Lindl.,5317530,627723-1,
1617962,,Dendrobium leonis,(Lindl.) Rchb.f.,5316157,627832-1,
1419719,Lindley’s Dendrobium,Dendrobium lindleyi,Steud.,5315301,627858-1,
1617982,Bent-racemed Dendrobium,Dendrobium lituiflorum,Lindl.,5317512,627868-1,
1617986,"Anemone Dendrobe, Loddiges' Dendrobium",Dendrobium loddigesii,Rolfe,5317287,627875-1,
1617996,,Dendrobium longicornu,Lindl.,5316927,627886-1,
1618079,"Seokgok, Carrot fern",Dendrobium moniliforme,(L.) Sw.,5317412,628025-1,
1728643,Musky-smelling Dendrobium,Dendrobium moschatum,(Banks) Sw.,5316318,628047-1,
1618105,,Dendrobium nakaharae,Schltr.,5952240,628075-1,
1409292,"Noble Dendrobium, Dendrobium, Rock Orchid, Dendrobium Stem, Orchid, Noble Rock Orchid",Dendrobium nobile,Lindl.,5317489,628105-1,
1618225,,Dendrobium pendulum,Roxb.,5315469,628241-1,
1618260,,Dendrobium plicatile,Lindl.,5324319,628292-1,
1618267,,Dendrobium polyanthum,Wall. ex Lindl.,5315870,628303-1,
1618309,,Dendrobium pulchellum,Roxb. ex Lindl.,5316317,628361-1,
1618410,,Dendrobium sanguinolentum,Lindl.,5315867,628539-1,
1618419,,Dendrobium scabrilingue,Lindl.,5315297,628555-1,
1618436,Toothbrush orchid,Dendrobium secundum,(Blume) Lindl. ex Wall.,5316971,628587-1,
1618456,,Dendrobium signatum,Rchb.f.,5316248,628611-1,
1618536,,Dendrobium sulcatum,Lindl.,5317536,628714-1,
1618570,"Virula kanki (విరుల కంకి), Cane of flowers, విరుల కంకి",Dendrobium thyrsiflorum,B.S.Williams,8288918,60456844-2,
1618593,,Dendrobium trantuanii,Perner & X.N.Dang,5315629,70028862-1,
1618617,,Dendrobium truncatum,Lindl.,5315800,628831-1,
1618632,,Dendrobium unicum,Seidenf.,5317515,628853-1,
1618681,,Dendrobium wattii,(Hook.f.) Rchb.f.,5316961,628947-1,
1718539,"Giant Burmese timber bamboo, Black asper bamboo, Giant bolo",Dendrocalamus asper,(Schult.f.) Backer,2703315,397862-1,
1408976,Giant bamboo,Dendrocalamus giganteus,Munro,4145704,397880-1,LC
1420010,Tama bamboo,Dendrocalamus hamiltonii,Nees & Arn. ex Munro,4145651,397884-1,
1420011,"Ma bamboo, Sweet bamboo, Sweet giant bamboo, Taiwan giant bamboo, Wideleaf bamboo, Giant bamboo",Dendrocalamus latiflorus,Munro,2703197,397888-1,
1420013,"Male bamboo, Solid bamboo, Calcutta bamboo, Iron bamboo, సాదనపు వెదురు",Dendrocalamus strictus,(Roxb.) Nees,2703316,397912-1,
1427863,,Dendrocnide sinuata,(Blume) Chew,4098506,851471-1,LC
1427864,,Dendrocnide stimulans,(L.f.) Chew,4098487,851473-1,LC
1718571,,Dendrolirium lasiopetalum,(Willd.) S.C.Chen & J.J.Wood,6315481,77104574-1,
1407923,Horsebush,Dendrolobium umbellatum,(L.) Benth.,2946798,491250-1,LC
1427866,,Dendrophthoe pentandra,(L.) Miq.,4001649,548340-1,
1729734,,Dennstaedtia appendiculata,(Wall. ex Hook.) J.Sm.,8683364,17081400-1,
1423818,"Bhoomipat Phool/Dudhia/Shwet Kerui (Bangla, India)",Dentella repens,(L.) J.R.Forst. & G.Forst.,2900952,748287-1,LC
1407925,,Deparia boryana,(Willd.) M.Kato,4016717,17554320-1,
1720504,"False spleenwort, Japanese false spleenwort, Black lady fern, Japanese lady fern",Deparia japonica,(Thunb.) M.Kato,2650993,17554370-1,
1703024,Simple-leaf false spleenwort,Deparia lancea,(Thunb.) Fraser-Jenk.,8582197,17569920-1,
1389356,"Japanese False Spleenwort, Petersen’s false spleenwort, Japanese lady fern",Deparia petersenii,(Kunze) M.Kato,7125872,17554430-1,
1367789,"Tobbhâ, Derris, Oiltree, Tuba root, Derris Root",Derris elliptica,(Wall.) Benth.,5350305,491300-1,
1576700,,Derris montana,Benth.,5350229,491376-1,
1367788,"Three-leaf derris, Threeleaf derris",Derris trifoliata,Lour.,5350336,491450-1,
1726176,"Scorpion Tick-Trefoil, Scorpion ticktrefoil, Samoan clover",Desmodium scorpiurus,(Sw.) Desv. ex DC.,8224320,135026-3,
1427883,Dwarf ylang-ylang,Desmos chinensis,Lour.,3155130,72771-1,
1363590,"Halfa Grass, Crowfoot Grass, Sacrificial grass",Desmostachya bipinnata,(L.) Stapf,4142071,398084-1,LC
1554870,,Deutzia compacta,Craib,7319014,790814-1,
1554872,,Deutzia corymbosa,R.Br. ex G.Don,7538462,790821-1,
1419184,"Fuzzy pride-of-Rochester, Bridal Wreath, Fuzzy Deutzia, Crenate pride-of-Rochester, Deutzia, Pride-of-Rochester, Rough Deutzia, Scabrous Deutzia",Deutzia crenata,Siebold & Zucc.,2985963,790823-1,LC
1419185,,Deutzia discolor,Hemsl.,7550653,790827-1,
1554908,,Deutzia purpurascens,(Franch. ex L.Henry) Rehder,3645382,790890-1,
1418938,"Tamarind-plum, Keranji, Velvet tamarind",Dialium indum,L.,2970993,492321-1,LC
1427891,,Dialium platysepalum,Baker,2970972,492347-1,LC
1718519,"Harebell, Cerulean flaxlily, New Zealand lilyplant, Umbrella-dracaena, Flax lily",Dianella ensifolia,(L.) Redouté,8365251,533828-1,
1791250,,Dianthera candicans,(Nees) Benth. & Hook.f. ex Hemsl.,7386681,1123723-2,
1356843,"Carnation, Clove pink, Divine-flower, Gilly-flower, Border carnation, Franklin's Tartar, Wild carnation, Sclopon, میخک قرنفلی",Dianthus caryophyllus,L.,3085420,153205-1,
1398495,"Japanese pink, Dianthus, Indian pink, Rainbow pink, Annual pink, China pink, Pink, Chinese Pink, ডায়েন্থাস, مێخەکی کورت, Chinese Dianthus, قرنفل صيني, قرنفل قزم, Carnation, حسني يوسف",Dianthus chinensis,L.,3085418,153215-1,
1391716,"Fringed pink, Intermediate Fringed Pink, Large Pink, Superb pink",Dianthus superbus,L.,6363496,153941-1,
1411747,"Deertongue, Panic clandestin, Deertongue dichanthelium, Deer-Tongue Rosette Grass, Deer-tongue Panicgrass, Deer-tongue Grass, Hidden Panicgrass, Deertongue grass",Dichanthelium clandestinum,(L.) Gould,2702543,79344-2,
1788584,"Broad-Leaf Rosette Grass, Broadleaf rosette grass, Broad-leaved Panic Grass, Broad-leaved Panicgrass",Dichanthelium latifolium,(L.) Harvill,2702559,79364-2,
1361241,"Kleberg's Bluestem, Hindi grass, Two-flowered goldenbeard, Diaz bluestem, Kleberg bluestem, Marvel grass, Sheda grass, Delhi grass, Ringed dichanthium, جوگاره، مرغا",Dichanthium annulatum,(Forssk.) Stapf,2702446,398528-1,
1407936,"Angleton Bluestem, Angleton grass, Awned dichanthium, Bluestem",Dichanthium aristatum,(Poir.) C.E.Hubb.,2702445,398529-1,
1423821,"Roadside Bluestem, Nadi blue grass",Dichanthium caricosum,(L.) A.Camus,2702450,398532-1,
1363548,,Dichanthium foveolatum,(Delile) Roberty,4133054,398544-1,
1649771,"Silky Bluestem, Queensland bluegrass",Dichanthium sericeum,(R.Br.) A.Camus,2702451,398571-1,
1535317,,Dichapetalum gelonioides,(Roxb.) Engl.,7309891,163210-1,LC
1364071,"Lawnleaf, Kidneyweed, Mercury Bay-weed, Asian pony's-foot, Dichondra, False pennywort, Galenga-grass, Asian ponysfoot, Carolina Dichondra, Smallflowered Ponysfoot, Tropical Pony-foot, Fare kulağı",Dichondra micrantha,Urb.,2928666,79457-2,LC
1399576,Medicine Daisy,Dichrocephala integrifolia,(L.f.) Kuntze,3115588,201291-1,
1359183,"Shami, Sicklebush, Marabou-thorn, Aroma, Marabu, Chinese lantern tree, Afrikaans - Sekelbos",Dichrostachys cinerea,(L.) Wight & Arn.,2975891,492423-1,LC
1445131,,Dicliptera bupleuroides,Nees,7264383,47472-1,
1421136,Chinese Foldwing,Dicliptera chinensis,(L.) Juss.,5415360,47485-1,
1445220,,Dicliptera madagascariensis,Nees,5575462,47593-1,
1445251,"Panicled foldwing, Atrilal",Dicliptera paniculata,(Forssk.) I.Darbysh.,5575270,77079550-1,
1776068,,Dicliptera tinctoria,(Nees) Kostel.,5575022,47708-1,
1364111,,Dicoma tomentosa,Cass.,3103375,201373-1,
1424463,"Old World Forkedfern, Uluhe, Old World forked fern, Scrambling fern",Dicranopteris linearis,(Burm.f.) Underw.,5275373,17245530-1,LC
1706087,"Old world forked fern, False staghorn fern, Savannah fern, Scrambling fern",Dicranopteris pedata,(Houtt.) Nakaike,5579308,17434920-1,
1497477,,Dictyospermum conspicuum,(Blume) J.K.Morton,2763383,172657-1,
1729359,,Didymocarpus aromaticus,D.Don,5830564,380326-1,
1400521,Mahogany fern,Didymochlaena truncatula,(Sw.) J.Sm.,4047017,17084790-1,LC
1619141,,Didymoplexis micradenia,(Rchb.f.) Hemsl.,2785297,629737-1,
1723184,,Diectomis fastigiata,(Sw.) P.Beauv.,8335407,398608-1,
1356512,False amaranth,Digera muricata,(L.) Mart.,6429755,60279-1,
1397916,"Woolly digitalis, Grecian foxglove, Digitalis, Woolly foxglove, Aconitum vulparia, Austrian Digitalis, Austrian Foxglove, Balkan foxglove, Wooly digitalis, Wooly foxglove, Greek foxglove",Digitalis lanata,Ehrh.,5414989,802028-1,
1364079,"Foxglove, Digitalis, Fairy's Glove, Purple foxglove, Common Foxglove, Fairy Fingers, Lady's glove, Fairy Cap, Virgin's Glove, Vingerhoedskruid, Fingerborgsblomma (Swedish), Herba da cobra, Fox gloves, Witch's Thimble, Common Digitalis, Lady's Slipper, Fairy's Petticoats, Revebjelle, Flop-a-dock, Garden Foxglove, Coventry Bells, Flop-poppy, Fingerbøl",Digitalis purpurea,L.,5414995,802077-1,
1718540,"Abyssinian finger grass, African Couchgrass, African couch grass, Abyssinian fingergrass, Dunn's fingergrass, Blue couchgrass",Digitaria abyssinica,(Hochst. ex A.Rich.) Stapf,5289929,1209084-2,
1361242,"Southern crabgrass, Crabgrass, Asian crabgrass, Tropical crabgrass",Digitaria bicornis,(Lam.) Roem. & Schult.,5289968,1218147-2,
1363421,"Tropical finger grass, Common crabgrass, Crabgrass, Summer grass, Southern crabgrass, Southern Crab Grass, Henry crabgrass, Bamboo grass, Hairy fingergrass, Manna grass, Polish millet, Wild crabgrass, Henry's crabgrass, Fingergrass, Kukaepua'a, Saulangi, Smooth crabgrass, Tropical crabgrass",Digitaria ciliaris,(Retz.) Koeler,5289998,1038558-2,
1364743,"Queensland blue couch, Blue serangoon grass, Blue stargrass, Green serangoon grass, Blue couch, Blue couch grass, Crabgrass, Swazi grass, Swaziland fingergrass",Digitaria didactyla,Willd.,5289960,398752-1,
1403012,"Yellow Crabgrass, Creeping crabgrass, Yellow crab grass",Digitaria fuscescens,(J.Presl) Henrard,5289932,80254-2,
1364774,"Jamaican Crab Grass, Jamaican crabgrass, Hay Grass, Jamaica Crabgrass",Digitaria horizontalis,Willd.,5289958,329014-2,LC
1649856,"Crab Grass, Red Millet, Smooth Summer Grass, Smooth Summergrass, Smooth Crab Grass, Smooth crabgrass, Smooth finger-grass, Small Crabgrass, Smooth fingergrass",Digitaria ischaemum,(Schreb.) Muhl.,5290003,398891-1,
1364751,"Wire crabgrass, Indian crabgrass, Slender crab-grass, India Crabgrass, False couch grass",Digitaria longiflora,(Retz.) Pers.,5289974,398933-1,
1364757,Naked Crabgrass,Digitaria nuda,Schumach.,5289967,329018-2,LC
1364759,,Digitaria perrottetii,(Kunth) Stapf,5675377,399035-1,
1389968,"Timorese crabgrass, Trailing Crabgrass",Digitaria radicosa,(J.Presl) Miq.,5289954,399084-1,
1363424,"Common Crabgrass, پنجه کلاغی, Hairy crabgrass, Hairy finger grass, Hairy summer grass, Large crabgrass, Crab finger grass, Purple crabgrass, Summer grass, Crab-grass, Northern Crabgrass, Hairy fingergrass, Red fingergrass, Bearded sprangletop, Hairy crab grass, Redhair crabgrass, Sprangletop, Crab-grass, hairy finger-grass, مَرغ",Digitaria sanguinalis,(L.) Scop.,5289972,399115-1,
1364764,,Digitaria setifolia,Stapf,5675240,399131-1,
1364810,"Bristly crabgrass, East Indian Crab Grass, East Indian crabgrass, Slim crabgrass, Mau'u-kukaepua'a, Itchy crabgrass",Digitaria setigera,Roth,5289961,1203032-2,
1649928,"Blackseed crabgrass, Blackseed finger grass, Black-seed fingergrass",Digitaria ternata,(A.Rich.) Stapf,5675188,1052355-2,
1363426,"Purple crabgrass, Violet Crab Grass, Violet crabgrass, Purpe-fruited fingergrass",Digitaria violascens,Link,5289995,399226-1,
1427912,,Dillenia grandifolia,Wall. ex Hook.f. & Thomson,7378835,60476474-2,LC
1378249,"Dillenia, Elephant-apple, Chulta, Showy dillenia, Indian rose apple, Hondapara Tree, Quả sổ",Dillenia indica,L.,5383898,316684-1,LC
1418633,Ovate dillenia,Dillenia ovata,Wall. ex Hook.f. & Thomson,5383896,316725-1,LC
1423823,,Dillenia pentagyna,Roxb.,5681100,316734-1,
1535483,"Shrubby dillenia, Malayan dillenia, Wormia",Dillenia suffruticosa,(Griff.) Martelli,5383897,316765-1,
1773678,,Dimetia hedyotidea,(DC.) T.C.Hsu,10719202,77212575-1,
1728776,,Dimetia scandens,(Roxb.) R.J.Wang,9411691,77127922-1,
1400220,"Longan tree, Kléngkéng, Longan, Dragon's-eye, Lengeng, Longan Eyeball tree, چشالو, আঁশ ফল, Nhãn, Longan biji Lada, Lengkeng merah (Ruby Longan), Iongan",Dimocarpus longan,Lour.,3190008,782795-1,DD
1361243,"Viper grass, Dinebra, Cat's tail grass",Dinebra retroflexa,(Vahl) Panz.,2703240,399377-1,
1650035,"Climbing bamboo, Java bamboo",Dinochloa scandens,(Blume ex Nees) Kuntze,4149851,399398-1,
1374921,"Greater yam, Water yam, White yam, Yam, Ten-months yam, Guyana arrowroot, Winged yam, Lisbon yam, Obi, Yams, Greater Yams, Asiatic yam, Name-de-agua",Dioscorea alata,L.,2754476,317625-1,
1374900,"Air-potato, Bitter yam, Cheeky yam, Aerial yam, Potato yam, Air yam, Sosèyan, Ubi aung, Otaheite yam, Wild yam, Bulb bearing yam, పెండలము",Dioscorea bulbifera,L.,2755489,323908-2,
1427932,"Dioscorea, Elephant's Foot, Medicinal Yam",Dioscorea deltoidea,Wall. ex Griseb.,2755586,317890-1,
1380529,"Chinese yam, Lesser yam, Asiatic yam, Fancy yam, Potato yam, Gan shu",Dioscorea esculenta,(Lour.) Burkill,2755195,317946-1,
1535766,Mountain yam,Dioscorea hamiltonii,Hook.f.,2754651,318038-1,NT
1418638,"Asiatic bitter yam, Intoxicating yam, Ghâḍḍhung, Jangga, Janèng",Dioscorea hispida,Dennst.,2755784,318077-1,
1442574,"Chinese yam, Cinnamon vine, Yam vine",Dioscorea oppositifolia,L.,2754965,318348-1,
1535971,,Dioscorea pubera,Blume,2755048,318471-1,
1427950,,Diospyros areolata,King & Gamble,4071167,322087-1,LC
1408942,"Mabolo, Mabola-tree, Velvet persimmon, Velvet-apple, Butterfruit",Diospyros blancoi,A.DC.,3032974,322146-1,
1536480,,Diospyros borneensis,Hiern,4070432,322157-1,LC
1427951,Black ebony,Diospyros buxifolia,(Blume) Hiern,4070235,322176-1,LC
1427957,,Diospyros decandra,Lour.,4070543,322304-1,
1427958,,Diospyros diepenhorstii,Miq.,4070383,322322-1,LC
1427961,"Ebony, Indian Ebony, Ceylon ebony, East Indian ebony",Diospyros ebenum,J.Koenig ex Retz.,3032979,322347-1,DD
1371387,Sea ebony,Diospyros ferrea,(Willd.) Bakh.,3032960,322393-1,
1391735,"Persimmon, Japanese persimmon, خرمالوی ژاپنی, Kaki plum, Chinese date plum, Chinese persimmon, Kaki, Japanese date Plum, Japanska jabuka, فاكهة الكاكا, Hyli Persimmon, Caqui, Indian Bilva fruit, الكاكي, Λωτός, کاکی",Diospyros kaki,L.f.,3032984,322553-1,LC
1427970,Common Malayan ebony,Diospyros lanceifolia,Roxb.,7616116,60461111-2,
1427975,"Mountain ebony, Indian persimmon, Black-and-white ebony, Gaub, Malabar ebony, Pale moon ebony, Timbiri",Diospyros malabarica,(Desr.) Kostel.,7295796,322658-1,
1427976,"Sea ebony, Broadleaf ebony, Malaysian persimmon, Borad-leaved ebony",Diospyros maritima,Blume,3032994,322671-1,LC
1427978,"Mountain persimmon, Bombay ebony, Mottled ebony",Diospyros montana,Roxb.,4070768,322732-1,
1536778,,Diospyros oblonga,Wall. ex G.Don,7561016,322785-1,LC
1427998,,Diospyros sumatrana,Miq.,4070138,323069-1,DD
1428004,,Diospyros wallichii,King & Gamble,4070464,323188-1,LC
1491323,,Dipelta yunnanensis,Franch.,3855866,148499-1,
1391743,"Brown Beetle Grass, Bearded Sprangletop, Mexican Sprangletop, Beetlegrass, Brown silvertop grass, Malabar sprangletop",Diplachne fusca,(L.) P.Beauv. ex Roem. & Schult.,8010581,60458632-2,
1426766,,Diplaziopsis javanica,(Blume) C.Chr.,4015917,17085560-1,
1407950,,Diplazium dilatatum,Blume,7289120,17320890-1,
1417919,"Vegetable fern, Pahko^, ঢেঁকীয়া",Diplazium esculentum,(Retz.) Sw.,2650858,17086810-1,LC
1722126,,Diplazium maximum,(D.Don) C.Chr.,2650879,17087800-1,
1424483,,Diplazium proliferum,(Lam.) Kaulf.,8294748,17088350-1,
1720498,,Diplazium subserratum,(Blume) T.Moore,4016066,17088960-1,
1703208,Forest twinsorus fern,Diplazium sylvaticum,(Bory) Sw.,4015949,93766-3,
1601006,,Diploclisia glaucescens,(Blume) Diels,7268813,580755-1,
1410297,"Lollipop-climber, Striped-cucumber, Native bryony",Diplocyclos palmatus,(L.) C.Jeffrey,7317695,292565-1,
1619201,,Diploprora truncata,Rolfe ex Downie,2819019,629986-1,
1776070,Sichuan teasel,Dipsacus asper,Wall. ex DC.,7491014,60453523-2,
1491334,,Dipsacus inermis,Wall.,7300994,319266-1,
1415287,,Dipteris conjugata,Reinw.,4097810,17089530-1,
1428016,"Hairy-leaf apitong, Hairy-leaved apitong",Dipterocarpus alatus,Roxb. ex G.Don,7804561,320626-1,VU
1428038,"Apitong, Keruing belimbing",Dipterocarpus grandiflorus,(Blanco) Blanco,7685317,320683-1,EN
1428039,,Dipterocarpus hasseltii,Blume,4097056,320689-1,EN
1536198,,Dipterocarpus intricatus,Dyer,4096937,320699-1,EN
1428041,,Dipterocarpus kerrii,King,4096913,320701-1,EN
1428045,Neram tree,Dipterocarpus oblongifolius,Blume,4096601,320725-1,LC
1428046,,Dipterocarpus obtusifolius,Teijsm. ex Miq.,4096576,320727-1,NT
1428049,"Hollong, Hollong gurjuntree",Dipterocarpus retusus,Blume,7299010,320751-1,EN
1536212,Eng gurjuntree,Dipterocarpus tuberculatus,Roxb.,4097209,320775-1,NT
1776072,"East Indian copaiba balsam, Gurjan, Gurjun",Dipterocarpus turbinatus,C.F.Gaertn.,4097195,320776-1,VU
1428054,,Dipterocarpus verrucosus,Foxw. ex Slooten,4097111,320783-1,NT
1428055,,Dischidia bengalensis,Colebr.,3571031,96902-1,
1428057,Kidney plant,Dischidia imbricata,(Blume) Steud.,7729793,96955-1,
1428058,,Dischidia major,(Vahl) Merr.,3582258,96981-1,
1428059,"String of Nickels, Button orchid, အုန်းစိမ်း (in Burmese), Manaog ka Irog",Dischidia nummularia,R.Br.,7439694,96997-1,
1496777,,Disporum cantoniense,(Lour.) Merr.,2770795,534036-1,
1724225,"Hairy Woodrose, Hairy morning glory",Distimake aegyptius,(L.) A.R.Simões & Staples,9350913,77163214-1,
1724223,Roadside Woodrose,Distimake cissoides,(Lam.) A.R.Simões & Staples,9444833,77163224-1,
1718847,"Noyau Vine, White woodrose, Alamo Vine",Distimake dissectus,(Jacq.) A.R.Simões & Staples,9293992,77163242-1,
1724226,"Rock Rosemary, Five-fingered morning glory, Mile-a-minute",Distimake quinquefolius,(L.) A.R.Simões & Staples,9340539,77163286-1,
1718846,"Spanish arborvine, Wood rose, Hawaiian woodrose, Spanish woodbine, Yellow morning glory, Regret vine",Distimake tuberosus,(L.) A.R.Simões & Staples,9636531,77163293-1,
1419165,"Evergreen witch hazel, Isu tree, Isunoki",Distylium racemosum,Siebold & Zucc.,7329084,430636-1,LC
1454183,,Dobinea vulgaris,Buch.-Ham. ex D.Don,8215490,782834-1,
1566184,,Dodecadenia grandiflora,Nees,7304381,464341-1,LC
1403445,"Florida hopbush, Sticky hopbush, Giant hopbush, Hopshrub, Broadleaf hopbush, Hopbush, Hopseed bush, Purple Hop-Bush, Jamaica dogwood, Switchsorrel, Sand olive, Broad-leaf hopbush, Native hopbush, Candlewood, Soapwood, Ake-ake, Hop-seed bush, Varnish leaf",Dodonaea viscosa,Jacq.,5421144,30058367-2,LC
1476602,Cat tail tree,Dolichandrone serrulata,(Wall. ex DC.) Seem.,4091062,109555-1,LC
1778793,Mangrove trumpet-tree,Dolichandrone spathacea,(L.f.) K.Schum.,3172487,109557-1,LC
1428067,,Dolichos trilobus,L.,2975585,493282-1,
1377992,"Hydrangea tree, Pink ball, Congo jute",Dombeya acutangula,Cav.,6029552,822892-1,LC
1759669,"Pink-ball-tree, African mallow, Christmas rose, Hydrangea tree, Mexican rose, Pink ball dombeya, Pink ball tree, Tassel tree",Dombeya wallichii,(Lindl.) Benth. ex Baill.,5406688,823281-1,
1428068,,Donax canniformis,(G.Forst.) K.Schum.,5302997,796535-1,
1718375,Star apple,Donella lanceolata,(Blume) Aubrév.,5333765,786737-1,LC
1373230,"Horsefly's-Eye, Horsefly’s eye, Rushlike Dopatrium, Dopatrium",Dopatrium junceum,(Roxb.) Buch.-Ham. ex Benth.,3172223,802166-1,LC
1741451,"Eastern leopardsbane, Cultivated Leopard's-bane, Leopard's-bane, Garden Leopard's-bane",Doronicum caucasicum,M.Bieb.,7757204,202039-1,
1419504,"Snakewort, Tusilla, Torn's herb",Dorstenia contrajerva,L.,2984541,319180-2,
1749809,"Cylindrical Snake Plant, African spear, Spear sansevieria, St George's lance, Snake Plant",Dracaena angolensis,(Welw. ex Carrière) Byng & Christenh.,10961470,77182375-1,
1428070,"Don kayu sugih, Fortune plant, Song of India",Dracaena angustifolia,(Medik.) Roxb.,5304502,534103-1,
1471895,Dragon's Blood,Dracaena cambodiana,Pierre ex Gagnep.,5304576,534134-1,LC
1471896,,Dracaena cantleyi,Baker,5304492,534138-1,
1471899,Cambodian Dragon Tree,Dracaena cochinchinensis,(Lour.) S.C.Chen,5304529,534147-1,LC
1471905,,Dracaena elliptica,Thunb. & Dalm.,5304612,534178-1,LC
1748113,"Snake plant, Iguanatail, African bowstring hemp, Skoonma se tong (Afrikaans), سانسور یا سبز",Dracaena hyacinthoides,(L.) Mabb.,10754273,77164234-1,
1718844,"Snake plant, Mother in laws tongue, سانسوریا، زبان مادر شوهر،, Mother-in-law's tongue, Viper's bowstring hemp, Snake Sansevieria, Bowstring hemp, Good luck plant, Mother-in-law's nose, African bowstring hemp, Serpentaria, Lengua de suegra, Sansevieria trifasciata reclassified, Espada-de-Iansã, Espada-de-são-jorge, Espada-de-santa-bárbara, Vipers bowstring hemp, St. George's Sword, పాంకూసం, Curarina, பாம்புக் கற்றாழை",Dracaena trifasciata,(Prain) Mabb.,11041822,77164235-1,
1759640,"Snake plant, Stripe plant",Dracaena zeylanica,(L.) Mabb.,10774703,77164236-1,
1382641,"Indian-squill, White-squill, Inidan squil",Drimia indica,(Roxb.) Jessop,2776661,534525-1,
1536278,Williams Sundew,Drosera burmanni,Vahl,,321803-1,LC
1383981,Indian Sundew,Drosera indica,L.,3190722,321866-1,LC
1720857,"Pale sundew, Shield sundew",Drosera lunata,Buch.-Ham. ex DC.,3190865,321886-1,
1751146,"Tropical chickweed, Whitesnow, Heart-leaf drymary, West Indian chickweed",Drymaria diandra,Blume,5588135,154119-1,
1778008,Santa Rosa fern,Drynaria coronans,(Wall. ex Mett.) J.Sm.,4025407,17091030-1,
1720603,,Drynaria drynarioides,(Hook.) Christenh.,8704484,77150557-1,
1790214,,Drynaria heracleum,(Kunze) T.Moore,8303832,17091270-1,
1729865,,Drynaria propinqua,(Wall. ex Mett.) J.Sm. ex Bedd.,7126732,1113831-2,
1411017,"Basket fern, Oak leaf fern",Drynaria quercifolia,(L.) J.Sm.,7126715,17091780-1,
1420157,"Basket fern, Fern",Drynaria rigidula,(Sw.) Bedd.,7126699,17091820-1,
1707860,,Drynaria roosii,Nakaike,4024368,17560360-1,
1720604,,Drynaria sparsisora,(Desv.) T.Moore,4024274,17091910-1,
1704737,"Shaggy shield fern, Black wood fern",Dryopteris atrata,(Wall. ex Kunze) Ching,5656424,17323700-1,
1729812,,Dryopteris barbigera,(Hook.) Kuntze,7319571,17092830-1,
1720518,,Dryopteris cochleata,(D.Don) C.Chr.,5655205,1002170-2,
1704809,,Dryopteris hirtipes,(Blume) Kuntze,7319666,17095970-1,
1704826,,Dryopteris juxtaposita,Christ,5656041,17248610-1,
1704839,Sunset fern,Dryopteris lepidopoda,Hayata,7319493,17283460-1,
1401242,Alpine Woodfern,Dryopteris wallichiana,(Spreng.) Hyl.,5275137,17392950-1,
1428110,,Drypetes pendula,Ridl.,3075764,345140-1,LC
1379100,"Duabanga, Lampati",Duabanga grandiflora,(Roxb. ex DC.) Walp.,3989330,553409-1,LC
1729630,,Dubyaea hispida,DC.,3097575,202225-1,
1729701,,Duhaldea cappa,(Buch.-Ham. ex D.Don) Pruski & Anderb.,8661547,70029926-1,
1378717,"Golden dewdrops, Skyflower, Pigeon berry, Damayanti (దమయంతి), Geisha girl?, China doll, Golden Dew Drop, Golden dewdrop, Angel's whisper, Adonis, Garden dew-drop, Brazilian sky flower, Forget-me-not bush, Golden tears, Forget-me-not tree, Pidgeonberry, Poison macca, Lemon Basil, Mseveni, Vanilla bush, دارايي, Japanese Geisha Girl, Gentlemen's Agreement, কাটা মেহেদি, Geisha Girl., Yellow bush, Chancy Jones, شبنم طلایی",Duranta erecta,L.,2925655,330606-2,LC
1408974,"Durian, Dhurin, 榴槤",Durio zibethinus,L.,7502854,559531-1,DD
1420161,"Hill jelutong, Jelutong",Dyera costulata,(Miq.) Hook.f.,3169754,78323-1,LC
1408936,"Areca palm, Golden Palm, نخل اریکا, Cane palm, Yellow Butterfly Palm, Butterfly palm, Golden-yellow palm, Yellow palm, Madagascar palm, Bamboo palm, Yellow cane palm, Areca Betelpalme, 散尾葵, گولڈن پام, Oil palm, Clumping Golden cane palm, Pinang, Sugar palm, Golden Dypsis, Came palm, Golden fan palm, Cghk, Yellow Dypsis",Dypsis lutescens,(H.Wendl.) Beentje & J.Dransf.,2735935,985360-1,NT
1407999,,Dysolobium grande,(Wall. ex Benth.) Prain,2963397,493578-1,
1428148,,Dysoxylum flavescens,Hiern,7630209,578127-1,LC
1388787,"Jerusalem-tea, Epazote, Spanish-tea, Wormseed, American wormseed, Mexican-tea, American Worm, Wormbush, Wormseed Goosefoot, Indian goosefoot, Bitterweed, Jesuit's tea, Paico",Dysphania ambrosioides,(L.) Mosyakin & Clemants,5568446,1198060-2,
1388785,"Jerusalem-oak, Jerusalem-oak goosefoot, Feather-geranium, Sticky Goosefoot, Jerusalem goosefoot",Dysphania botrys,(L.) Mosyakin & Clemants,5568428,1076147-2,
1445420,,Ecbolium ligustrinum,(Vahl) Vollesen,5576253,947242-1,
1363242,"Turquoise crossandra, డిసెంబర్ పూల చెట్టు",Ecbolium viride,(Forssk.) Alston,7264277,48609-1,
1418523,"Blue Echeveria, Hens and chicks, Old Hens and Chicks, Echeveria Glauco, এচিভরিয়া (hens and chicks), Echeveria Peacockii, Glaucus leaved Echeveria",Echeveria secunda,Booth ex Lindl.,7334137,274039-1,
1398120,"Purple Coneflower, Echinacea, Red Echinacea, Eastern purple coneflower, Broad-leaved Purple Coneflower, Purple Cone-flower, Garden coreopsis, Echinacea Cheyenne Spirit, White coneflower, Snake root, Hedgehog Coneflower, Red coneflower, White Swan Coneflower, Futility nolo, 紫松果菊, Coneflower",Echinacea purpurea,(L.) Moench,3150935,1174497-2,LC
1424916,"Awnless Barnyard Grass, Barnyard Millet, Corn-panic Grass, Deccan Grass, Jungle Rice, Jungle Ricegrass, Millet-rice, Shama Millet, Wild Millet, Marsh grass, Swamp grass, Awnless barnyardgrass, Birds' rice, Small barnyard grass",Echinochloa colonum,(L.) Link,6431411,399655-1,
1391823,"Barnyardgrass, Barnyard Millet, Cocksfoot Grass, Cockshin Grass, Cockspur, Cockspur Grass, Cockspur-panic, Water Grass, Wild Millet, Large Barnyard Grass, Common Barnyard Grass, Japanese millet, Jungle rice, Prickly grass, Cockspur [grass], سوروف, Rikkakananhirssi (FI)",Echinochloa crus-galli,(L.) P.Beauv.,2702808,399660-1,LC
1364410,"South American barnyard grass, Gulf barnyard grass, Gulf Cockspur Grass, Peacock cockspur, Gulf cockspur, Gulf cockspurgrass, Gulf barnyardgrass, Gulf cock's-spur grass",Echinochloa crus-pavonis,(Kunth) Schult.,2702804,30149942-2,LC
1364416,"Siberian millet, Billion-dollar grass, Indian barnyard millet, White millet, White panicum, White-panic, Japanese-Millet, Sawa millet, Japanese barnyard millet, Sama, Billion-dollar barnyard grass, Shama Millet, ఊదలు",Echinochloa frumentacea,Link,2702822,30158481-2,LC
1364415,"Early barnyard grass, Hairy millet, Rice-Field Grass, Early Water Grass, Early watergrass, Rice cockspur, Early barnyardgrass, Large Cockspur, Rice Barnyardgrass",Echinochloa oryzoides,(Ard.) Fritsch,2702820,399717-1,
1363372,"Limpopo grass, Antelope grass, Kalahari watergrass",Echinochloa pyramidalis,(Lam.) Hitchc. & Chase,2702805,88106-2,LC
1405355,"Hippo Grass, Burgu grass, Long-awn water grass, Long-awned watergrass",Echinochloa stagnina,(Retz.) P.Beauv.,2702806,399746-1,LC
1506625,Indian globe thistle,Echinops echinatus,Roxb.,5392787,202469-1,
1364146,"Bhringaraj, False daisy, White twinheads, Eclipta, White eclipta, Swamp Daisy, Marsh eclipta, American false daisy, Congo lana, Thistles, Trailing Eclipta, Yerba de tago, Yerba de tajo, Gunta galagaraku (గుంట గలగరాకు), কেশরাজ/ কলোকেশী/ ভ্রিংরাজ, Trash Plant, Bhringraj (Bangladesh and India)",Eclipta prostrata,(L.) L.,5384950,1186403-2,LC
1442820,"Paperbush, Oriental paperbush, Indian paper tree, Mitsumata",Edgeworthia chrysantha,Lindl.,5420855,831625-1,
1420798,"Nepalese paperbush, Indian papertree, Japanese paper plant, Mitsumata, Paperbush",Edgeworthia gardneri,(Wall.) Meisn.,5523712,831626-1,LC
1408003,"Kodo Wood, Oboval-leaf ehretia, Brown-cedar, Koda, Silky-ash, Wild peach, Kodo tree",Ehretia acuminata,R.Br.,7132425,115963-1,LC
1418029,,Ehretia dicksonii,Hance,4066801,116012-1,LC
1477969,,Ehretia macrophylla,Wall.,7295372,116070-1,LC
1418030,"Fukien-tea, Philippine-tea, Scorpion-Bush, Ceylon boxwood, Fukien tea tree, Philippine Tea Tree, Small-leaf Ehretia",Ehretia microphylla,Lam.,4066311,116079-1,
1431572,,Ehretia obtusifolia,Hochst. ex A.DC.,4066252,116088-1,LC
1477988,Mandinbo,Ehretia tinifolia,L.,7751398,116139-1,LC
1477991,,Ehretia wallichiana,Hook.f. & Thomson ex C.B.Clarke,8314081,116161-1,
1358494,"Russian olive, Oleaster, درخت سنجد, Trebizond-date, Eastern Oleaster, Sweet Olive, Russian silverberry, Elaeagnus, Russian Elaeagnus, Wild olive",Elaeagnus angustifolia,L.,3039269,323646-1,LC
1537045,"Oleaster, Wild olive",Elaeagnus latifolia,L.,4048232,323739-1,
1391838,"Autumn olive, Spreading oleaster, Autumn elaeagnus, Autumn Oleaster, Oleaster, Autumn Berry, Oriental Silverleaf, Japanese silverberry, Umbellata oleaster, سنجد ژاپنی",Elaeagnus umbellata,Thunb.,3039267,927281-1,LC
1385882,"African oil palm, Oil palm, Macaw-fat, Palm oil tree",Elaeis guineensis,Jacq.,2731882,666802-1,LC
1409579,"Blue marble tree, Blue-fig, Blue-quandong, Quandong, Ultrasan beads, Blue Quandong Fruit, Rudraksha, रूद्राक्ष, రుద్రాక్ష",Elaeocarpus angustifolius,Blume,7426040,833771-1,LC
1423844,"Indian Olive, Rugged Oil-Fruit",Elaeocarpus floribundus,Blume,7290985,833820-1,LC
1423845,"Lily of the valley tree, Rudraksha",Elaeocarpus grandiflorus,Sm.,8368501,833832-1,LC
1537292,"Hainan oil-fruit tree, Rudrakshi, 海南杜英",Elaeocarpus hainanensis,Oliv.,4032315,833840-1,LC
1428204,,Elaeocarpus nitidus,Jack,7291075,833892-1,LC
1428217,,Elaeocarpus rugosus,Roxb. ex G.Don,7832521,324370-1,LC
1428221,,Elaeocarpus stipularis,Blume,7291033,833967-1,LC
1537513,,Elaeocarpus tuberculatus,Roxb.,4031240,833987-1,
1408008,,Elaphoglossum angulatum,(Blume) T.Moore,4011267,17102250-1,DD
1544626,"Tapos, Buah perah (బహు పరాగ్)",Elateriospermum tapos,Blume,3071462,345259-1,LC
1364179,"Eurasian Waterwort, Threestamen waterwort, Mudwort, Three-stamened waterwort, Longstem Waterwort, Three-stamen waterwort, Long-stemmed waterwort, Waterwort, American waterwort, Longstem Water-wort",Elatine triandra,Schkuhr,5421095,89520-2,LC
1694817,,Elatostema cyrtandrifolium,(Zoll. & Moritzi) Miq.,7300767,851829-1,
1694917,,Elatostema integrifolium,(D.Don) Wedd.,7300561,851937-1,
1776091,,Elatostema latifolium,(Blume) Blume ex H.Schroet.,4098646,851971-1,
1694957,,Elatostema lineolatum,Wight,7300505,851985-1,
1695009,,Elatostema monandrum,(Buch.-Ham. ex D.Don) H.Hara,7300924,852037-1,
1695032,,Elatostema obtusum,Wedd.,7300886,852060-1,
1695071,,Elatostema platyphyllum,Wedd.,7300825,852111-1,
1695117,,Elatostema salvinioides,W.T.Wang,7300726,852165-1,
1361091,"Needle spike-rush, Dwarf hair-grass, Needle spikerush, Least Spikerush, Needle spikesedge, Wonsan Spikerush, Slender spikerush",Eleocharis acicularis,(L.) Roem. & Schult.,2717570,1169169-2,LC
1386352,"Acute Spikerush, Hollow-stem Spikerush",Eleocharis acutangula,(Roxb.) Schult.,2716800,157356-3,LC
1533130,Purple Spikerush,Eleocharis atropurpurea,(Retz.) J.Presl & C.Presl,2717771,306687-1,LC
1418621,"Chinese Water Chestnut, Water chestnut, Ground-chestnut, Waternut",Eleocharis dulcis,(Burm.f.) Trin. ex Hensch.,2717712,306797-1,LC
1363274,"Spike-rush, Canada Spikesedge, Bent spikerush, Canada spikerush, Capitate spikerush, Geniculate spikerush, Knee spikerush",Eleocharis geniculata,(L.) Roem. & Schult.,2716850,1029981-2,LC
1391846,"Dwarf Spike-rush, Dwarf Club-rush, Dwarf spikerush, Dwarf spikesedge, Little-head spike-rush, Little-head spikerush, Little-headed spikesedge, Small spikerush, Dwarf Hair-grass, Small Spike-rush, Estuarine Spike-Rush, Little-headed Spikerush, Low Spikerush, Tiny Spikerush, Barbed spikerush, Colorado spikerush",Eleocharis parvula,"(Roem. & Schult.) Link ex Bluff, Nees & Schauer",2716818,30239137-2,
1401481,"Coastal-Plain Spike-Rush, Coastal plain spikerush, Coastal plane spikerush",Eleocharis retroflexa,(Poir.) Urb.,2716932,73589-3,LC
1533285,Small-flower Spikerush,Eleocharis setifolia,(A.Rich.) J.Raynal,2717269,307104-1,LC
1428237,,Eleocharis spiralis,(Rottb.) Roem. & Schult.,2717378,30271617-2,LC
1374997,"False tobacco, Tobacco-weed, Elephant's-foot, Elephantopus, Soft Elephant's-Foot, Soft elephantsfoot, Hawaiian elephant's foot, Elephant Foot, Ground-itch bush, Lengua-de-Vaca, Devil's grandmother, Tapak Liman (Indonesian)",Elephantopus mollis,Kunth,5395928,202942-1,
1379562,"Rafarafa, Talpa' tana, Tampak Liman, Elephant's foot, Prickly-leaved elephant's foot, Elephant's foot / Sulaiman Seal / Rumput Tapak Sulaiman, Tapak Liman",Elephantopus scaber,L.,5395925,202958-1,
1383771,"Cardamom, Small Cardamom, एला, Green cardamom, True cardamom, Cardamon, Cluster cardamom, ఏలకులు, Cardamom ginger, Kapolaga, Kapulaga sabrang",Elettaria cardamomum,(L.) Maton,2759871,796556-1,
1363414,"Finger millet, African finger millet, Goose grass, Rapoko grass, Indian millet, African millet, Dragon's Claw Millet, Ragi, రాగులు",Eleusine coracana,(L.) Gaertn.,2705957,399945-1,
1361245,"Crowfoot grass, Goose grass, Crabgrass, Wire grass, Yard grass, Indian Goosegrass, Dutch Grass, India Goosegrass, Crowsfoot Grass, Silver Crabgrass, Irongrass, Bullgrass, Fowlfootgrass, Fowl-foot Grass",Eleusine indica,(L.) Gaertn.,2705953,74675-3,LC
1405232,"Ogiera, Eleutheranthera ruderalis",Eleutheranthera ruderalis,(Sw.) Sch.Bip.,3119915,202984-1,
1381631,Lagrimas De La Virgen,Eleutherine bulbosa,(Mill.) Urb.,2749556,89940-2,
1559462,,Elsholtzia argyi,H.Lév.,3899550,446615-1,
1559464,,Elsholtzia blanda,(Benth.) Benth.,8002762,446619-1,
1411878,"Crested late-summer-mint, Vietnamese Balm, Crested latesummer mint, Crested late-summer mint, Crested Elsholtzia, Ciliate Elsholtzia, Vietnamese lemon mint",Elsholtzia ciliata,(Thunb.) Hyl.,2927075,90101-2,
1419260,,Elsholtzia fruticosa,(D.Don) Rehder,7308971,446645-1,
1559489,,Elsholtzia pilosa,(Benth.) Benth.,3900245,446683-1,
1559496,,Elsholtzia stachyodes,(Link) Raizada & H.O.Saxena,7931356,446695-1,
1559497,,Elsholtzia strobilifera,(Benth.) Benth.,7308877,446700-1,
1442891,Purple scalystem,Elytraria imbricata,(Vahl) Pers.,3173240,1167021-2,
1650429,"Silver-spike grass, Spike grass",Elytrophorus spicatus,(Willd.) A.Camus,4152785,400609-1,LC
1428247,Vidanga,Embelia ribes,Burm.f.,7330952,588451-1,
1373553,"Cupid's shaving-brush, Sow thistle, Purple sow thistle, Red tassel-flower, Emilia, Lilac Tasselflower, Consumption weed, Red tasselflower, Flora's paintbrush, Lilac Pualele, Salade Madame Hector",Emilia sonchifolia,(L.) DC.,5401598,203080-1,
1672446,,Emmenopterys henryi,Oliv.,2901228,748742-1,
1428286,,Endospermum diadenum,(Miq.) Airy Shaw,3063636,345279-1,LC
1719868,,Engelhardia roxburghiana,Lindl.,4205463,442229-1,LC
1719870,,Engelhardia spicata,Lechen ex Blume,7310512,442232-1,LC
1423850,Species code: Ea,Enhalus acoroides,(L.f.) Royle,2866113,160634-3,LC
1428296,Indian Whitehead,Enicostema axillare,(Poir. ex Lam.) A.Raynal,3170131,367187-1,LC
1538570,Chinese enkianthus,Enkianthus deflexus,(Griff.) C.K.Schneid.,7328292,328068-1,LC
1418705,Hanging bell flower,Enkianthus quinqueflorus,Lour.,7328257,328088-1,LC
1363368,,Enneapogon persicus,Boiss.,4152264,400645-1,
1419517,Snow Banana,Ensete glaucum,(Roxb.) Cheesman,2763038,584796-1,LC
1602415,"Rock Banana, Cliff Banana",Ensete superbum,(Roxb.) Cheesman,2763083,584808-1,NT
1414746,"Matchbox-bean, Gogovine, St. Thomas-bean, Elva-climber, Swordbean, Nickerbean, St Thomas bean",Entada phaseoloides,(L.) Merr.,2976244,493866-1,
1366377,"African dream herb, Snuff box sea bean, Sea-bean, Cacoon Vine, Ladynut, Liane Sabre, Liane Staub, Mackary Bean, Elephant creeper",Entada rheedei,Spreng.,2976236,493874-1,
1368549,"Earpod tree, Pacara earpod tree, Oreja de Negro, Pacara Ear-pod-tree, Timb¢ Colorado",Enterolobium contortisiliquum,(Vell.) Morong,2961170,1032130-2,LC
1650455,Longstalk umbrellagrass,Enteropogon dolichostachyus,(Lag.) Keng,5679687,400671-1,
1374243,"Buffalo-Spinach, Enhydra",Enydra fluctuans,Lour.,5402447,203207-1,LC
1776095,,Epicharis densiflora,Blume,5597549,578442-1,
1359681,"Rosebay Willowherb, Fireweed, French-willow, Great Willowherb, Willowherb, Great Willow Herb, Wickup, Bay willowherb, French willowherb, Rosebay, Иван-чай/ кипрей, Zburatoare, Camenerio, Mjölkört, Tall stalk with pink flowers on it, Rallarrose, Іван-чай, بید علفی, Mjölke (mjölkört, rallarros)(Swedish), Rallaros, Geitrams (Norwegian), Ugunspuķe (LVL), Ugunspuķe, Fiore di Sanr’Anna (Italian), Pufuliță",Epilobium angustifolium,L.,8053718,92411-2,LC
1359686,"Smallflower hairy willowherb, Weed, Hoary Willowherb, Small-flower willowherb, Small-Flower Hairy Willowherb, Small-flowered willowherb, Small-flowered Hairy Willowherb, Small-Flowered Willow-Herb, Smaller Hairy Willowherb, Sparse-flowered Willowherb, Downy willowherb, Hairy Willowherb, Smallflower Epilobium",Epilobium parviflorum,Schreb.,3189157,612163-1,LC
1609783,,Epilobium sikkimense,Hausskn.,3666456,612327-1,
1609808,,Epilobium wallichianum,Hausskn.,3665660,612435-1,
1409193,"Dutchman's pipe cactus, Lady of the night., Queen of the night, Night Blooming Cereus, ब्रह्मकमल, Orchid cactus, Dama de la noche, Lady of the night, Queen of night, Midnight Cereus, Night Queen, Brahma kamala, Moonflower, బ్రహ్మకమలం, Moon Flower Cactus",Epiphyllum oxypetalum,(DC.) Haw.,5384031,132938-1,LC
1391975,"Ghost Orchid, Leafless epipogium, Spurred coral-root, Spurred Coralroot",Epipogium aphyllum,Sw.,2849252,633401-1,
1621547,,Epipogium roseum,(D.Don) Lindl.,2849262,633406-1,
1409602,"Golden pothos, Money plant, پیتوس ابلق, Devil's-ivy, پتوس, Marble queen pothos, Variegated philodendron, Pothos, Pothos 'n Joy', Neon Pothos, Manjula, Ivy, Pearls and Jade Pothos, پیتوس., Global Green pothos, Snow queen pothos, Golden hunter's-robe, Silver Vine, Solomon Islands' Ivy, Hunter's robe, Ivy arum, Taro vine, Devil's vine, Tonga Vine, Pothos vine, Centipede tonga vine, Solomon Islands ivy arum, Marble queen, Variegated pothos, پتوس ارتشی, پتوس نئون, Gullranka, Sri Gading, Julieta (Mexico), پتوس مرمری, Lemon & Lime Pothos, Sirih gading, Painted-by-fae, ધન વેલ, Jessenia pothos, Doras vine, Devil’s ivy, ရွှေလာငွေလာ (in Burmese)",Epipremnum aureum,(Linden & André) G.S.Bunting,2868323,87014-1,
1465674,,Epipremnum giganteum,(Roxb.) Schott,2868332,87025-1,
1385967,"Pothos, Devil's-ivy, Golden pothos, NJoy Photos, Marble queen pothos, Money plant, Pearls and Jade Pothos, Variegated-philodendron, Variegated pothos, Jade Pothos, Baltic Blue Pothos, Tongavine, Centipede tongavine, Semblung, Dragon-tail plant, Taro vine, Hunter's robe, Centipede tonga vine, Solomon Islands ivy arum, Marble queen, Avocado, سایه, Happy Leaf, N Joy Pothos, פוטוס, پوتوس،, Manjula Pothos, Julieta, Marble Planet, Dragon Tail, Neon",Epipremnum pinnatum,(L.) Engl.,2868272,87046-1,
1409207,"Flame-violet, Carpet plant, Strawberry begonia",Episcia cupreata,(Hook.) Hanst.,3172881,380772-1,
1552666,,Epithema carnosum,Benth.,5589725,380830-1,
1783581,,Equilabium molle,(Aiton) Mwany. & A.J.Paton,10604331,77201356-1,
1729715,,Equisetum diffusum,D.Don,7368615,77045800-1,
1356397,"Branched horsetail, Boston horsetail, Branched scouringrush, Transvaal horsetail, Droukgrass",Equisetum ramosissimum,Desf.,2687940,93010-2,LC
1365801,,Eragrostiella bifaria,(Vahl) Bor,4140136,400741-1,
1363549,"Rough lovegrass, Large plume agrostis, Plume agrostis",Eragrostis aspera,(Jacq.) Nees,4150175,400806-1,
1363560,"Thalia love grass, Wire lovegrass, Thalia lovegrass, Wiry lovegrass",Eragrostis atrovirens,(Desf.) Trin. ex Steud.,2705341,400813-1,LC
1363550,"Pitted love grass, Mediterranean love grass, Mediterranean lovegrass, Pitted love gras, Pitted Lovegrass",Eragrostis barrelieri,Daveau,2705431,322547-2,
1363551,"Stink grass, Gray love grass, Candygrass, Gray lovegrass, Snake grass, Stink Lovegrass, Lovegrass, Strong-scented Lovegrass, Stinking lovegrass, Greater lovegrass, Grey love grass, Stink love grass, Greater Love-grass, Strongscented lovegrass",Eragrostis cilianensis,(All.) Vignolo ex Janch.,2705369,1104599-2,
1391998,"Gophertail Lovegrass, Gophertail grass, Woolly love grass, Woolly Lovegrass",Eragrostis ciliaris,(L.) R.Br.,2705373,1156566-2,
1421226,"Cuming's Love Grass, Cuming's lovegrass",Eragrostis cumingii,Steud.,2705351,400986-1,
1363553,"African love grass, Boer love grass, Weeping love grass, Weeping Lovegrass, African lovegrass, Blue lovegrass, Boer lovegrass, Catalina Lovegrass, Curved Lovegrass",Eragrostis curvula,(Schrad.) Nees,2705378,1169955-2,
1650540,"Long Lovegrass, Long love grass, Clustered lovegrass",Eragrostis elongata,(Willd.) J.Jacq.,2705362,401051-1,
1365415,"Slimflower love grass, Slimflower lovegrass, Slim-flower Lovegrass",Eragrostis gangetica,(Roxb.) Steud.,2705384,401103-1,LC
1363561,"Japanese love grass, Pond love grass, Pond Lovegrass, Delicate lovegrass, Japanese lovegrass",Eragrostis japonica,(Thunb.) Trin.,2705394,401189-1,LC
1392002,"Lehmann's love grass, Lehmann lovegrass",Eragrostis lehmanniana,Nees,8080622,322546-2,
1363555,"Small stink grass, Small love grass, Little love grass, Smaller stinkgrass, Spreading lovegrass, Little lovegrass, Lesser Love-grass, Low Lovegrass, Small lovegrass, Lesser lovegrass",Eragrostis minor,Host,2705449,401317-1,
1361256,"Multi-stem Lovegrass, Japanese lovegrass",Eragrostis multicaulis,Steud.,2705401,401335-1,
1728742,,Eragrostis multiflora,Trin.,8203074,401337-1,
1397775,,Eragrostis nigra,Nees ex Steud.,4143852,401353-1,
1363562,Thalia Lovegrass,Eragrostis papposa,(Roem. & Schult.) Steud.,4143386,401392-1,
1392015,"Carolina lovegrass, Purple Love Grass, Tufted lovegrass, Purple Lovegrass, Western Lovegrass, Pectinate lovegrass",Eragrostis pectinacea,(Michx.) Nees,2705420,1015280-2,
1392016,"Hairy Love Grass, India Love Grass, Indian Love Grass, Indian Lovegrass, Jersey Love-grass, Jersey Lovegrass, Soft Love Grass, Hairy Lovegrass, India Lovegrass, Small Tufted Lovegrass, Soft lovegrass",Eragrostis pilosa,(L.) P.Beauv.,2705400,1180620-2,
1365431,"Tough love-grass, South African lovegrass",Eragrostis plana,Nees,2705350,322531-2,
1363557,"Abyssinian love grass, Tef, Teff, Teff grass, Abyssinian lovegrass, Annual Bunch Grass, Williams lovegrass, T'ef, Ingera",Eragrostis tef,(Zuccagni) Trotter,2705325,1105499-2,
1397791,"Bug's egg grass, Japanese Lovegrass, Japanese love grass, Feather lovegrass, Feathery eragrostis",Eragrostis tenella,(L.) P.Beauv. ex Roem. & Schult.,2705426,1088685-2,
1397784,Elastic Grass,Eragrostis tenuifolia,(A.Rich.) Hochst. ex Steud.,2705397,1064189-2,
1650703,,Eragrostis tremula,Hochst. ex Steud.,4139754,1186146-2,
1363565,"Chinese Love Grass, Chinese lovegrass",Eragrostis unioloides,(Retz.) Nees ex Steud.,2705340,401675-1,LC
1365441,"Sticky love grass, Sticky lovegrass",Eragrostis viscosa,(Retz.) Trin.,2705441,401703-1,
1408034,Blue-sage,Eranthemum pulchellum,Andrews,3172936,48879-1,
1445460,,Eranthemum purpurascens,Wight ex Nees,3776692,48883-1,
1445463,,Eranthemum splendens,(T.Anderson) Bremek. & Nann.-Bremek.,3776418,48911-1,
1445468,,Eranthemum tetragonum,Wall. ex Nees,3776309,48924-1,
1445470,,Eranthemum wattii,(Bedd.) Stapf,3776008,48945-1,
1389921,"American burnweed, Burnweed, American fireweed, Prickly Lettuce, Klein, Malayan groundsel, Pilewort, Fireweed, Eastern Burnweed, Greenus weedus, Gaillardia, Ziti plane",Erechtites hieraciifolius,(L.) Raf. ex DC.,3132457,1152557-2,
1403955,"Brazilian fireweed, Ceylon thistle, Tropical Burnweed, Malayan fireweed",Erechtites valerianifolius,(Link ex Spreng.) DC.,8199967,203365-1,
1409604,"Lazy-man's grass, Centipede grass",Eremochloa ophiuroides,(Munro) Hack.,2704348,401747-1,
1621625,,Eria coronaria,(Lindl.) Rchb.f.,2815544,633611-1,
1621672,,Eria javanica,(Sw.) Blume,2815468,633768-1,
1357568,"Bitter daisy, Blue fleabane, Bitter Fleabane, Bitter boreal daisy, Asais jānītis (LVL), پیر بهار  تلخ،",Erigeron acris,L.,3147080,93523-2,
1737555,"Tall Fleabane, White-top, Daisy Fleabane, Sweet Scabious, Annual fleabane, Eastern daisy fleabane, False-chamomile",Erigeron annuus,(L.) Desf,8392258,203539-1,
1355905,"Fleabane, Argentine fleabane, Wavy-leaf fleabane, Flax-leaf fleabane, Asthma weed, Flaxleaf fleabane, Hairy fleabane, Hairy horseweed, Wavy-leaved fleabane, Horseweed, Buenos Aires Conyza, Flaxleaved fleabane, پير بهار",Erigeron bonariensis,L.,3146717,93603-2,
1392041,"Horseweed, Butterweed, Canadian fleabane, Canadian horseweed, Hogweed, Mare's Tail, Canada Horseweed, Foxtail, Canada Fleabane, Cronquist, Coltstail, Fleawort, Mule Tail, Prideweed, Weld, Fleabane",Erigeron canadensis,L.,3146791,203653-1,
1388806,"Bilbao fleabane, Asthma weed, Broad-leaved fleabane, Tall fleabane, Many-flowered fleabane, Bilbao's Erigeron",Erigeron floribundus,(Kunth) Sch.Bip.,3147018,60473415-2,
1355907,"Australian Daisy, Fleabane, Mexican Fleabane, Seaside Daisy, Santa Barbera daisy, Bony-tip fleabane, Karwinsky's fleabane, Latin American Fleabane, Daisy Fleabane, Mexican daisy, Érigéron des murs, Fuzzweed, Santa Barbara Daisy, Karwinsky’s fleabane, Weed-Daisy, Daisy, Chamomile, Rock Side Daisy",Erigeron karvinskianus,DC.,3147168,204028-1,
1355908,"Tall fleabane, Guernsey fleabane, Broadleaf fleabane, Yahu, Daisy, Bilbao fleabane, Guersey fleabane, پیر بهارک بلند, Fleabane, Tropical Horseweed, Broad-leaved Fleabane, Sumatran Fleabane",Erigeron sumatrensis,Retz.,3146683,204572-1,
1729993,"Japanese Anemone, Japanese windflower, Chinese anemone, Hupei Windflower, Fall-blooming Anemone, Hupei Anemone, Broken Bowl Flower, Japanese anenome, Herbst-Anemone (DE), Hupei Eriocapitella",Eriocapitella hupehensis,(É.Lemoine) Christenh. & Byng,9677963,77184471-1,
1721538,Japanese Thimbleweed,Eriocapitella japonica,(Thunb.) Nakai,3925307,711200-1,
1729991,,Eriocapitella rivularis,(Buch.-Ham. ex DC.) Christenh. & Byng,9649960,77184420-1,
1778269,"Japanese anemone, Windflower",Eriocapitella tomentosa,(Maxim.) Christenh. & Byng,9675867,77184428-1,
1729361,Fall blooming anenome,Eriocapitella vitifolia,(Buch.-Ham. ex DC.) Nakai,3925297,711201-1,
1399565,Ashy pipewort,Eriocaulon cinereum,R.Br.,2691022,335192-1,LC
1387168,Setaceous-leaf pipewort,Eriocaulon setaceum,L.,2690614,335722-1,LC
1428309,Sixangle pipewort,Eriocaulon sexangulare,L.,2690608,335726-1,
1541338,,Eriocaulon sollyanum,Royle,2690855,335742-1,
1428310,Short Pipe-Wort,Eriocaulon truncatum,Buch.-Ham. ex Mart.,2690514,335822-1,LC
1408042,,Eriocaulon willdenovianum,Moldenke,2690404,335858-1,
1748210,,Eriochloa barbatus,(Trin.) S.Yadav & M.R.Almeida,9505679,77142952-1,LC
1403024,"Grass, Slender cup grass, Spring grass, Cup Grass, Tropical cupgrass",Eriochloa procera,(Retz.) C.E.Hubb.,2702527,402044-1,LC
1392058,"Hairy cup grass, Hairy cupgrass, Woolly cupgrass",Eriochloa villosa,(Thunb.) Kunth,2702529,402069-1,
1728690,,Erioscirpus comosus,(Wall.) Palla,2730176,307427-1,
1428311,,Eriosema chinense,Vogel,5348930,494000-1,
1384694,"Culantro, Cilantro, Shadow-beni, Fitweed, Stinkweed, False coriander, Spiritweed, Shadow-benny, Black Benny, Mexican coriander, Puerto Rican coriander, Saw leaf herb, Saw tooth coriander, Spiny coriander, Stinking Weed, বিলাতি ধনিয়াপাতা, Recao. (Puerto Rico), Chadon Beni, Shadow Beni (Trinidad), Thornel Coriander, মানধনিয়া, Coriander Mexican, Bota maosol, Chardon Benit Shadon beni, Thornel",Eryngium foetidum,L.,3034425,841793-1,
1577589,Himalayan Coral Tree,Erythrina arborescens,Roxb.,5349698,494350-1,LC
1366913,"Coral-bean, Purple coraltree, Swamp immortelle, Coral tree, Kaffirboom, Cape Kaffirboom, Sand coker, Swamp Imortelle, Ahuijote, Bucago, Bucayo, Gallito de pantano, Lucky beantree",Erythrina fusca,Lour.,5349620,494431-1,LC
1428319,"Coraltree, Prickly Coral Tree, Indian Coral Tree",Erythrina stricta,Roxb.,5349642,494596-1,LC
1577656,,Erythrina suberosa,Roxb.,5349546,494598-1,LC
1366936,"Coraltree, Indian coraltree, Tiger's claw, Indian coral tree, Sunshine tree, Flame tree, Mountain ebony, Variegated coral tree, Amapola, Arbre á Corail, Dabdab, Easter flower, Immortel Grand, Ci tong",Erythrina variegata,L.,5349581,494614-1,LC
1577668,,Erythrophleum fordii,Oliv.,2971186,494635-1,EN
1428320,,Erythroxylum cuneatum,(Miq.) Kurz,7284882,544029-1,LC
1734602,,Erythroxylum frangulifolium,A.St.-Hil.,3694275,544054-1,EN
1409610,Colombian Coca,Erythroxylum novogranatense,(D.Morris) Hieron.,2873941,97004-2,
1721900,,Eschenbachia japonica,(Thunb.) J.Kost.,3126384,205042-1,
1747791,,Eschenbachia stricta,(Willd.) Raizada,4208366,205047-1,
1507622,"Blueweed, Carter's curse, Toddy's folly",Ethulia conyzoides,L.f.,3091122,205240-1,LC
1374238,,Ethulia gracilis,Delile,3091115,205248-1,
1700479,,Etlingera araneosa,(Baker) R.M.Sm.,2760143,942344-1,LC
1700494,,Etlingera coccinea,(Blume) S.Sakai & Nagam.,2760161,70029982-1,LC
1700495,Siam rose,Etlingera corneri,Mood & Ibrahim,2760137,1016172-1,VU
1408943,"Torch Ginger, Philippine waxflower, Porcelain Rose, Siam Rose, Torch Lily, Porcelain flower, Wax flower, Kecombrang, گلابی دیوا (PNB), ดาหลา, Cardamom, Bunga Kanthan (Malay)",Etlingera elatior,(Jack) R.M.Sm.,2759896,942355-1,DD
1700507,,Etlingera fulgens,(Ridl.) C.K.Lim,2760073,1018093-1,DD
1700521,,Etlingera linguiformis,(Roxb.) R.M.Sm.,2760049,942367-1,LC
1700562,Malay rose,Etlingera venusta,(Ridl.) R.M.Sm.,2759954,942394-1,VU
1382784,"Gippsland-mahogany, Southern-mahogany, Bangalay, Gippsland-mahagany, Mahagany Eucalypt, Mahogany Eucalypt, Bastard-mahogany, Swamp-mahogany, Woollybutt",Eucalyptus botryoides,Sm.,3176253,592741-1,NT
1361792,"Eucalyptus, Murray red gum, Blue gum, Red gum, Red river gum, River gum, River red gum, Eucalyptus source, Long-beak Eucalyptus, River redgum, Cape-york-red-gum, Eucalipto-rojo, River-red-gum, Red river gum tree, Longbeak eucalyptus, Murray River Red Gum, Murray redgum, اکالیپتوس کامالدول",Eucalyptus camaldulensis,Dehnh.,3176197,592777-1,NT
1356282,"Tasmanian bluegum, Blue gum, Victorian blue gum, Southern blue gum, <B>Bluegum Eucalyptus<, B>, Bluegum eucalyptus, Feberträd, Gum-topped Stringybark, Tasmanian blue gum, Blue-gum-tree, Southern-blue-gum, Tasmanian-blue-gum, Blue Gum-tree, Eucalypt, Eucalyptus Tree, Tasmamian Blue Gum, Yukali, Eucalyptus, Mountain ash, اکالیپتوس نیلی, నీలగిరి చెట్టు, Eucalitto Globolo (IT), درخت ویکس, Victorian Bluegum, Fieberbaum (DE)",Eucalyptus globulus,Labill.,3176787,592965-1,LC
1361806,"Swamp Mahogany, Swamp messmate, Swamp stringybark, Robusta Eucalyptus, Beakpod eucalyptus, Kimbarra, White mahogany, Robust eucalyptus, Hardy Eucalyptus",Eucalyptus robusta,Sm.,3176743,593318-1,NT
1361820,"Queensland blue gum, Blue gum, Forest red gum, Red gum, Red ironbark, Red irongum, Bastard-box, Mountain gum, Grey gum, Flooded gum, Stinking gum, Slaty gum, Blue Fum, Forest redgum, Forest-red-gum, Red-forest-gum, Red-gum-tree, Slaty-gum-tree, Bimble-box, Horn-cap Eucalyptus, Yukali",Eucalyptus tereticornis,Sm.,3176719,593412-1,LC
1364842,"Silky browntop, Golden velvet grass",Eulalia aurea,(Bory) Kunth,3232883,402130-1,
1364843,Golden velvetgrass,Eulalia villosa,(Spreng.) Nees,5676654,402207-1,
1621863,,Eulophia andamanensis,Rchb.f.,5311302,634417-1,
1773744,Walking Stick Orchid,Eulophia cernua,"(Willd.) M.W.Chase, Kumar & Schuit.",12208367,77216175-1,
1621914,"Grass-Leaf Wild Coco, Onion-bulb Eulophia, Orchid, Chinese crown orchid, We had no idea!",Eulophia graminea,Lindl.,5312157,634632-1,
1718377,,Eulophia nuda,Lindl.,5312136,634805-1,
1408057,Gonzo orchid,Eulophia pulchra,(Thouars) Lindl.,5311750,634865-1,
1494164,,Euonymus echinatus,Wall.,7265667,160865-1,LC
1392235,"Climbing euonymus, Wintercreeper, Spreading euonymus, Dwarf euonymus, Creeping Spindle, Fortune's Spindle, Winter Creeper Spindletree, Fortune's Spindle-tree, Vinca, Bigleaf Periwinkle, Spreading private, Privet, Euonymus, Spindle",Euonymus fortunei,(Turcz.) Hand.-Mazz.,3169137,160893-1,
1494170,,Euonymus frigidus,Wall.,7265628,160894-1,LC
1494178,,Euonymus grandiflorus,Wall.,7265594,160915-1,LC
1443551,"Hamilton's spindle, Himalayan spindle, Hamilton's spindletree, Hamilton's strawberry bush, Hamilton’s spindletree",Euonymus hamiltonianus,Wall.,7102969,160922-1,LC
1418419,"Japanese Spindle, Evergreen euonymus, شمشاد رسمی, Japanese spindletree, Evergreen spindle, Spindletree, Evergreen spindletree, Japanese spindle tree, Varagated Japanese plant/bush, Evergreen Japanese Spindle, 冬青卫矛, Manhattan, Japansk Benved",Euonymus japonicus,Thunb.,7102937,160944-1,
1494197,,Euonymus lucidus,D.Don,3791652,160986-1,LC
1494243,,Euonymus tingens,Wall.,3793460,161154-1,LC
1362447,"Hemp Agrimony, Boneset, Hemp Thoroughwort, Water hemp agrimony, Holy Rope, علف تب بر، غافث کنفی،, Joe Pye",Eupatorium cannabinum,L.,5402943,205581-1,
1507689,"Dog fennel, French fennel, Sneeze Weed",Eupatorium capillifolium,(Lam.) Small ex Porter & Britton,8297992,99677-2,
1428354,,Eupatorium chinense,L.,5403117,205624-1,
1721945,Fragrant eupatorium,Eupatorium japonicum,Thunb.,5403118,206166-1,
1507726,Lindley’s eupatorium,Eupatorium lindleyanum,DC.,5402831,206259-1,
1426331,"Triangular spurge, Malayan spurge tree, Indian spurge tree, Triangular spruge",Euphorbia antiquorum,L.,3069535,345613-1,LC
1545008,,Euphorbia cristata,B.Heyne ex Roth,3066084,346160-1,
1545141,,Euphorbia epiphylloides,Kurz,3066149,346403-1,EN
1545286,"Griffith's spurge, Fire glow spurge",Euphorbia griffithii,Hook.f.,4930714,346690-1,
1355964,"Madwoman's milk, Sun Spurge, Wolf's-milk, Cat's milk, Wartwort, Water grass, Sun euphorbia, Umbrella spurge, Umbrella milkweed, Madwoman’s Milk, Summer Spurge, Wartweed, Wart Spurge, Churnstaff, فرفیون, خۆژیلك, فرفیون رایج،  شیر سگ رایج،, شیر خوشلیك, خناق الدجاج, Teeterka, جيجان, Sedum autumn joy",Euphorbia helioscopia,L.,3066367,346754-1,
1355965,"Japanese poinsettia, Mexican fireplant, Painted euphorbia, Painted spurge, Paintedleaf, Milkweed, Joseph’s Coat, Jacob's ladder, Joseph's coat, Fiddler's spurge, Governor Grant's livery, Various-leaved spurge, Wild poinsettia, Mexican fire plant, Wild spurge, Lesser green poinsettia, بنت قنسول",Euphorbia heterophylla,L.,3064495,30062970-2,LC
1355966,"Asthmaplant, Garden spurge, Pill-bearing spurge, Asthma spurge, Dove milk, Pillpod Sandmat, Pillpod spurge, Chickenweed, Hairy spurge, Asthma weed, Red milkweed, Asthma herb, Snakeweed, Australian asthma herb, Common Spurge, Pill-pod Broomspurge, Pill-pod sandmat, Spurge, పచ్చ బొట్ల, Tawa-tawa (Tagalog), Mziwaziwa - Swahili, Mziwaziwa",Euphorbia hirta,L.,3068937,101651-2,
1355967,"Chickenweed, Graceful Sandmat, Pillpod euphorbia, Graceful spurge, Baby's breath euphorbia, Large spotted spurge, Milk purslane, Tropical Broomspurge, Spurge, گونه فرفیون وارداتی, علف مرغ, Diamond frost, Snow Blizzard, Baby’s Breath Euphorbia, Summer Fog, ਬੁਟੀ  ਹਜ਼ਾਰ ਦਾਨੀ, Chickenweed Spurge",Euphorbia hypericifolia,L.,3066321,101671-2,
1355982,,Euphorbia indica,Lam.,3063803,346892-1,
1418825,,Euphorbia lacei,Craib,3069957,347031-1,LC
1355983,"Candelabra-cactus, Coral Cactus, Mottled spurge, African milk tree, False cactus, Candelabra spurge, Dragon-bones, Hat-rack-cactus, Devil's Walking Stick, Dragon bone tree, Elkhorn, Frilled Fan, African milk bush, Riñón de Cactus",Euphorbia lactea,Haw.,3069859,347035-1,DD
1355968,"Caper Spurge, Gopherplant, Moleplant, Gopher Spurge, Къртогон",Euphorbia lathyris,L.,3066965,347072-1,
1408062,"Hedge euphorbia, Oleander spurge, Milk spurge, Indian Spurgetree, Crested oleander cactus, Indian spurge tree, Spurge, Sweet-aloes",Euphorbia neriifolia,L.,3064865,347489-1,LC
1545688,,Euphorbia nivulia,Buch.-Ham.,3064863,347506-1,LC
1545770,,Euphorbia parviflora,L.,3069046,347671-1,
1355984,"Green Creeping Spurge, Prostrate sandmat, Blue weed, Ground spurge, Prostrate spurge, Red causticcreeper, Hairy creeping milkweed, Red caustic creeper, Trailing red spurge, Prostrate Broomspurge, Euphorbia, Prostrate Euphorbia, Rongoalathi (Oriya), חלבלוב פושט",Euphorbia prostrata,Aiton,3067891,101913-2,
1355985,"Poinsettia, Christmas flower, بنت قنسول, Nochebuena, Christmas-star, Mexican flameleaf, Paintedleaf, Lobsterplant, Kaju nèmor, Փուէնսեթիա, Garden poinsettia, Common poinsettia, Mexican flame-leaf, Noche Buena (mexican name), రక్త పత్రి, Kastuba, Mango, Pascua, Cuetlaxochitl, পয়েনসেট/পয়েনসিটিয়া, Christmas Weed, Hoa Trạng Nguyên, Fire plant",Euphorbia pulcherrima,Willd. ex Klotzsch,3066465,30176564-2,LC
1545962,Sullu spurge,Euphorbia royleana,Boiss.,3065786,348095-1,
1355970,"Matted Sandmat, Creeping spurge, Round-leafed spurge, Matted spurge, Round-leaved sandmat, Round-leaved spreading spurge, Round-leaved spurge, Roundleaf spurge, Matted Broomspurge, Serpent spurge, چرمک",Euphorbia serpens,Kunth,3064221,101976-2,
1546059,,Euphorbia sikkimensis,Boiss.,3068565,348281-1,
1375487,"Chickenweed, Gulf sandmat, Thyme-leaved spurge, Dwarf spurge, Red caustic creeper, Thyme-leaf Broomspurge, Spurge",Euphorbia thymifolia,L.,3066919,102034-2,
1355972,"Milkbush, Fire Sticks, Penciltree, Pencil Cactus, African milkbush, Indian tree spurge, Rubber euphorbia, Naked-lady, Milkhedge, Petroleum-plant, Fingertree, Blind-eye, Finger Euphorbia, Hedge Euphorbia, False Caper, Ingotsha, Rubber hedge plant, Indiantree spurge, Rubber-hedge euphorbia, African milkbush finger tree, Bone tree, Milk tree, Spurge, Pencil Bush, Herge euphorbia, افوربیا تیروکالی(جون من برگ بده), Daun Patah Tulang, Tulang, Oruyenje",Euphorbia tirucalli,L.,3069353,348517-1,LC
1409303,"Slipper-flower, Devil's backbone, Zig zag plant, Pedilanthus, Slipperplant, Milkbush, Japanese-poinsettia, Redbird-cactus, Redbird-flower, Lady’s Slipper, Red-bird flower, Jacob's ladder, Jewbush, Red-bird cactus, Zigzag plant, Devils backbone, پدیلانتوس( ستون فقرات شیطان), Nagdona, Pdilantos, برگ بیدی, Lady slipoer, Pedilanthus / Devil's backbone",Euphorbia tithymaloides,L.,3069168,102036-2,LC
1546271,,Euphorbia wallichii,Hook.f.,3065773,348725-1,
1362519,,Euploca ovalifolia,(Forssk.) Diane & Hilger,4062375,60430581-2,
1410898,"Four-spike heliotrope, Slender heliotrope, Fourspike heliotrope",Euploca procumbens,(Mill.) Diane & Hilger,4062365,60430582-2,LC
1362518,,Euploca strigosa,(Willd.) Diane & Hilger,4062306,60430587-2,
1428359,Tapering Leaf Eurya,Eurya acuminata,DC.,3591824,828687-1,LC
1640779,Cherry-Leaf Eurya,Eurya cerasifolia,(D.Don) Kobuski,3591364,830082-1,LC
1419873,"East Asian eurya, Wild tea",Eurya japonica,Thunb.,7152601,828738-1,
1640886,,Eurya stenophylla,Merr.,7314055,830212-1,LC
1419604,"Euryale, Foxnut, Gorgon, Prickly Water Lily, Prickly waterlily, Gorgon plant, Makhana",Euryale ferox,Salisb.,5333335,605350-1,LC
1428362,"Ali's umbrella, Ali's walking stick, Tongkat Ali",Eurycoma longifolia,Jack,3709190,813715-1,LC
1389953,"Frost-resistant Rhodes grass, Tassel grass, Winter-growing rhodes grass, Weeping fingergrass, Evergreen chloris",Eustachys distichophylla,(Lag.) Nees,5289812,402222-1,
1608484,,Euthemis leucocarpa,Jack,5552938,606140-1,LC
1729576,,Eutrema scapiflorum,"(Hook.f. & Thomson) Al-Shehbaz, G.Q.Hao & J.Quan Liu",10690315,77164533-1,
1358013,"Dwarf-morning-glory, Blue Daze, Tropical-speedwell, Slender Dwarf Morningglory, Slender dwarf morning-glory, Little Glory, Skyblue dwarf morningglory, Slender dwarf-morning-glory",Evolvulus alsinoides,(L.) L.,2928673,267957-1,
1364026,"Agracejo rastrero, Roundleaf bindweed",Evolvulus nummularius,(L.) L.,2928680,102674-2,
1548869,,Exacum tetragonum,Roxb.,3840363,367566-1,LC
1372178,Eared starviolet,Exallage auricularia,(L.) Bremek.,2916058,748862-1,
1554536,,Exbucklandia populnea,(R.Br. ex Griff.) R.W.Br.,3702513,430650-1,LC
1415639,"River poisontree, Scrub poisontree, Milky mangrove, Blind-your-eye, Blind-your-eye mangrove, Blind-your-eyes-tree, Blindingtree, Geor, Gewa, Blind-your-eyes tree, Buta-buta, Hai qi",Excoecaria agallocha,L.,3071702,348815-1,LC
1423886,"Laila Majnu, Sambhung ḍârâ, Picara",Excoecaria cochinchinensis,Lour.,3071716,348839-1,LC
1650874,,Exotheca abyssinica,(Hochst. ex A.Rich.) Andersson,4123418,402272-1,
1721554,"Tall Buckwheat, Tree spinach, Perennial buckwheat, Wild buckwheat",Fagopyrum cymosum,(Trevir.) Meisn.,4036310,694519-1,
1356095,"Buckwheat, Silverhull buckwheat, Common buckwheat, Japanese buckwheat, Brank, Garden Buckwheat, Beechwheat, French Wheat, Saracen Corn, Bindweed",Fagopyrum esculentum,Moench,2889373,694526-1,
1392244,"India buckwheat, India-wheat, Duckwheat, Green buckwheat, Tartary buckwheat, Bitter Buckwheat, Japanese Buckwheat, Tartarian Buckwheat, Siberian buckwheat, Tartar buckwheat, Kangra Buckwheat, Rough Buckwheat",Fagopyrum tataricum,(L.) Gaertn.,2889378,694553-1,
1419095,Ceylon fagraea,Fagraea ceilanica,Thunb.,7289420,546114-1,LC
1772808,,Fagus sinensis,Oliv.,2882313,295630-1,
1748889,"Moluccan albizia, Batai wood, Sau",Falcataria falcata,(L.) Greuter & R.Rankin,10691906,60471823-2,LC
1392250,"Black Bindweed, Climbing-buckwheat, Cornbind, Wild Buckwheat, Eurasian Black Bindweed, Corn Bindweed, Dullseed Cornbind, Wild False Buckwheat, Bearbine, Black knotweed, Bearbind, هفت بند پیچکی،",Fallopia convolvulus,(L.) Á.Löve,6391461,103354-2,
1397589,"Hairy crabweed, Mulberry-weed, Fat weed, Watersnake hemp",Fatoua villosa,(Thunb.) Nakai,2984652,583157-1,
1428384,"Petthan, Marod phali",Fernandoa adenophylla,(Wall. ex G.Don) Steenis,4093859,109624-1,LC
1428386,Kabista krèkèl,Feroniella lucida,(Scheff.) Swingle,3835743,773617-1,
1360725,"Assa-foetida, Asafetida, Asafoetida, Devil's-dung, Stinking assa, Hing, Stinking gum",Ferula assa-foetida,L.,8113074,842190-1,
1722436,"Brome Six-Weeks Grass, Brome fescue, Squirreltail fescue, Silver grass, Squirrel-tail fescue, Barren fescue, Vulpia hairgrass",Festuca bromoides,L.,2702740,402472-1,
1408075,"Counciltree, Lofty fig, False banyan, Gao shan rong, تين باسق",Ficus altissima,Blume,5361907,852369-1,LC
1601707,"Indian rock fig, Rock pipal",Ficus arnottiana,(Miq.) Miq.,5571944,852422-1,
1384047,,Ficus asperifolia,Miq.,5571887,852431-1,LC
1729375,Acorn fig,Ficus assamica,Miq.,5571866,852438-1,
1419505,"Roxburgh fig, Imperial tree, Himalayan fig, Broad-leaved fig, Elephant ear fig, Roxburgh's fig, פיקוס אוזני",Ficus auriculata,Lour.,5571773,852452-1,LC
1408076,"Indian banyan, Ficus Audrey, మర్రి, Bengal banyan, Bengal fig, East Indian figtree, Banyan, Banyan fig, Banyantree, Horn fig, East India fig, Benyan tree, East Indian Fig, East Indian Fig Tree, انجیر معابد, Bargad, Bot gach ( বট গাছ ), لور, فیکوس بنگال, Indian bangan",Ficus benghalensis,L.,5361919,852482-1,
1382112,"Weeping fig, Ficus, بنجامین ابلق, Benjamin fig, بنجامین, Malayan banyan, Tropic-laurel, Weeping-laurel, Benjamin-tree, Oval-leaf figtree, Java fig, Javatree, Benjamin's fig, Ficus tree, Small-leaved rubber plant, Tropical laurel, Weeping Chinese Banyan, Fig, बकुल, పెద్ద జువ్వి, Bendžamin, स्वामी (नेपाली), Benjaminfikus, تين بنياميني, Golden Ficus, Cây sanh, فیکوس بنجامین، انجیر برگ ریز, פיקוס בנימינה",Ficus benjamina,L.,5361932,852486-1,LC
1719873,"Canoe Ficus, Bamboo leaf fig",Ficus binnendykii,(Miq.) Miq.,7262699,852499-1,
1428399,"Ilat-ilatan (Indonesia), Jack fruit",Ficus callosa,Willd.,5571016,852543-1,LC
1363142,"Edible fig, Common Fig-tree, انجیر, Brown Turkey fig, Fig Tree, Fig, Common fig, Cultivated Fig, Garden Fig, Smokva, అత్తి (Atti), Southern Brown Turkey Fig, Angeer, تين عادي (AR), Improved Celeste, Bodhi Tree, Smochin (romanian)., Chicago Hardy",Ficus carica,L.,5361909,852556-1,LC
1601785,Stem-fruited fig,Ficus caulocarpa,(Miq.) Miq.,5570779,852573-1,LC
1601812,,Ficus concinna,(Miq.) Miq.,5570214,852645-1,LC
1419506,"Mistletoe fig, Delta Fig, Fig Shrub, Mistletoe Rubber Plant",Ficus deltoidea,Jack,7262889,852727-1,LC
1428406,"Drupe fig, Hairy fig, Red fig, Brown-woolly fig, Mysore fig, Zhen guo rong",Ficus drupacea,Thunb.,5361914,852769-1,LC
1403870,"Rubberplant, فیکوس, فیکوس الاستیکا, Rubber tree, Ficus Elastica 'Tineke', India rubber fig, Indian rubbertree, Karet-tree, India rubber tree, Indian Rubber Fig, Indian rubberplant, Indian Rubber Tree, Rubber fig, Indian rubber plant, Assam rubber tree, Fönsterfikus, Burgundy rubber plant, Rubber Bush, Ficus Shivereana, Kaučuk, فیکوس شرابی, 印度榕, Rubber Plant (Black Prince), فیکوس الاستیکا شرابی, Rubber plant tineke, Karet kebo, Rubber dot, Rubber Ficus",Ficus elastica,Roxb. ex Hornem.,5361903,60458499-2,LC
1419507,Erect fig,Ficus erecta,Thunb.,5571945,852802-1,LC
1384054,"Forest sandpaper fig, Sandpaper tree, Brahma's Banyan",Ficus exasperata,Vahl,7687857,852817-1,LC
1428408,"Figs, Common yellow stem fig",Ficus fistulosa,Reinw. ex Blume,7262725,852846-1,LC
1601893,White Sandpaper Fig,Ficus fraseri,Miq.,7642634,852861-1,LC
1428410,Indian Marri,Ficus fulva,Reinw. ex Blume,5571361,852867-1,LC
1601903,,Ficus geniculata,Kurz,7262657,852882-1,
1601913,,Ficus glandulifera,(Wall. ex Miq.) King,7942321,852898-1,LC
1601944,,Ficus henryi,Warb. ex Diels,5570621,852966-1,LC
1601948,Creeping Fig,Ficus heterophylla,L.f.,8418037,852970-1,
1428415,"খস/খসখসে/কাক ডুমুর (Bangla), Kakodumbarika/Malayoo (Sanskrit), Gobla/Kagsha/Kala Umbar (Hindi), Hairy fig, River fig, Rough-leaf fig, Soft fig, బ్రహ్మమేడి, Rough-leaved Fig, തൊണ്ടി, කොට දිඹුල, Hairy Ficus, Cây sung ngái",Ficus hispida,L.f.,7879404,852981-1,LC
1428418,Johore fig,Ficus kerkhovenii,Koord. & Valeton,5569655,583686-1,
1601993,Grey fig,Ficus lacor,Buch.-Ham.,5572206,853069-1,
1428419,Lampung fig,Ficus lamponga,Miq.,7262880,853077-1,LC
1602007,,Ficus laurifolia,Lam.,7582575,853099-1,
1602034,"Banana Leaf Ficus, Amstel King, Alii Ficus, Banana-leaf Fig, Maclelland's Ficus, Ficus",Ficus maclellandii,King,7262766,853160-1,
1409180,"Chinese banyan, Indian Laurel, Ficus ginseng, جینسینگ, Hill's weeping fig, Indian laurel fig, Malay banyan, Curtain fig, Laurel fig, Small-fruit fig, Glossy-leaf fig, Indian laurel tree, Bonsai ficus, Ficus, Bonsai Dollar, انجیر پرده‌ ای, Cây si, पर्दा अंजीर, चीनी बरगद, Gajumaru, Green Island Ficus, চাইনিজ বট, Malayan Banyan, بانيان صيني, چینایي بنیان, چینی بوڑھ, 榕树, Fig, ਚੀਨੀ ਬਰਗਦ, Bargad, فیکوس میکروکارپا (انجیر پرده ای), پردہ انجیر, چيني بنيان",Ficus microcarpa,L.f.,7467639,853217-1,LC
1602064,,Ficus mollis,Vahl,5571047,853238-1,LC
1419509,Oak-leaf fig,Ficus montana,Burm.f.,8041955,853240-1,LC
1602073,,Ficus neriifolia,Sm.,8007516,77094094-1,
1776126,,Ficus nervosa,Roth,7262544,853278-1,LC
1602082,"Amate, Strangler fig",Ficus obtusifolia,Kunth,5361910,853317-1,LC
1602104,Lesser Fiddle-Leaf Fig,Ficus pandurata,Hance,8037208,853368-1,
1428433,Sharp fig,Ficus parietalis,Blume,5569936,853377-1,LC
1602112,,Ficus pedunculosa,Miq.,5569844,853390-1,LC
1363143,"Climbingfig, Creeping fig, Creeping rubberplant, Figvine, Creeping Ficus, Oriental spruce, Tickey-creeper, Creeping rubber plant, Fig, वाघनखी, رضا, Reza, Kenny",Ficus pumila,L.,5361930,853513-1,
1602145,,Ficus punctata,Thunb.,7673670,853516-1,
1419511,"Indian Fig Tree, उदुम्बर (Sanskrit), Cluster fig, Country fig, Redwood fig, Clustertree, Gular, Red river fig, Gular Fig, Crattock, Ju guo rong, Umbar in Marathi language, Goolar Fig, మేడి చెట్టు, Umar, Cluster Fig Tree",Ficus racemosa,L.,5361904,853540-1,LC
1405284,"Peepal tree, Sacred fig, రావి, Bodhi tree, Botree, Peepultree, Bo, Peepul, Holy fig tree, Sacred bo tree, Pipul, Sacred fig tree, Bodi, அரசமரம், Ashvatta tree, Buddha Tree",Ficus religiosa,L.,5361935,853563-1,LC
1428440,"Indian laurel, Indian Laurel Fig, بنجامین, Chinese banyan, Glossy-leaf fig, Malay bayan, Ficus nitida, بن سای, Malay Laurel, Malay Ficus, Indian Ficus, Malesia Laurel, Ficus Exoctica, פיקוס רטוסה, فيكس عادي",Ficus retusa,L.,3765871,853577-1,LC
1423892,Xin ye rong,Ficus rumphii,Blume,5571130,853626-1,
1419512,Trailing fig,Ficus sagittata,Vahl,5571076,853631-1,LC
1719875,,Ficus scaberrima,Blume,5570919,853648-1,LC
1602205,,Ficus semicordata,Buch.-Ham. ex Sm.,7422755,927561-1,LC
1602209,,Ficus simplicissima,Lour.,5570563,853709-1,LC
1428444,,Ficus sinuata,Thunb.,5834136,853712-1,LC
1602235,"Banyan Tree, Ficus",Ficus subpisocarpa,Gagnep.,7262408,584145-1,LC
1602241,,Ficus subulata,Blume,5569896,853785-1,LC
1719877,"Sea fig, ウスク, Cedar fig, Deciduous fig, Sand fig",Ficus superba,(Miq.) Miq.,6358498,853790-1,LC
1426323,"Fig, Dye fig, Humped fig",Ficus tinctoria,G.Forst.,3767426,853840-1,LC
1719878,,Ficus triloba,Buch.-Ham. ex Voigt,8715736,1004157-1,LC
1428452,"Variegated fig, Common red-stem fig, Green-fruit fig, Red-stem fig, Green fruited fig, True Fig Shell, Variable Fig Shell",Ficus variegata,Blume,3234563,853928-1,LC
1419513,"Villous fig, Shaggy leaf fig",Ficus villosa,Blume,5571621,584240-1,
1416105,"Spotted fig, Mountain fig, Grey fig, Spotted White Fig, Fig tree, Huang ge shu, सफेद अंजीर, Pikhan",Ficus virens,Aiton,9512597,853954-1,LC
1421271,"Summer fimbry, Summer fimbristylis",Fimbristylis aestivalis,(Retz.) Vahl,2708266,307664-1,
1533448,,Fimbristylis alboviridis,C.B.Clarke,2708461,307674-1,LC
1386772,,Fimbristylis aphylla,Steud.,2708794,307695-1,LC
1363307,,Fimbristylis bisumbellata,(Forssk.) Bubani,2708744,307729-1,LC
1401484,Puerto Rico Fimbry,Fimbristylis complanata,(Retz.) Link,2708680,1111946-2,LC
1401485,"Tropical Fimbry, Tropical fimbristylis",Fimbristylis cymosa,R.Br.,2709108,307835-1,LC
1386773,"Common fringe-rush, Forked fimbry, Lesser fimbristylis, Tall fringe-rush, Two-leaf fimbristylis, Slender fringerush, Forked fringerush, Annual fringerush, Tall Fimbry, Annual Fimbry",Fimbristylis dichotoma,(L.) Vahl,2708808,307853-1,LC
1533499,Harper's Fimbristylis,Fimbristylis dipsacea,(Rottb.) C.B.Clarke,2709071,307863-1,LC
1428457,,Fimbristylis falcata,(Vahl) Kunth,2708500,1064909-2,
1363309,"West Indian fimbry, Rusty Sedge",Fimbristylis ferruginea,(L.) Vahl,2708137,104946-2,LC
1386792,"Grass-like fimbristylis, Lesser fimbristylis, Grass-Like Fimbry, Fimbry",Fimbristylis littoralis,Gaudich.,2709087,308035-1,LC
1533571,,Fimbristylis microcarya,F.Muell.,2708602,308078-1,LC
1533609,,Fimbristylis polytrichoides,(Retz.) Vahl,2708448,308177-1,LC
1533621,"Five-Angle Fimbry, Fiveangle fimbry",Fimbristylis quinquangularis,(Vahl) Kunth,2709171,308201-1,LC
1386780,"Ditch Fimbry, Few-spikelet fimbristylis",Fimbristylis schoenoides,(Retz.) Vahl,2708724,308245-1,LC
1533644,Rusty fimbristylis,Fimbristylis sieboldii,Miq. ex Franch. & Sav.,2708170,308265-1,
1363311,Curved-awn fimbristylis,Fimbristylis squarrosa,Vahl,2708463,308286-1,LC
1762998,,Fimbristylis velata,R.Br.,2708469,308397-1,
1593765,Indian parasol tree,Firmiana colorata,(Roxb.) R.Br.,7322920,941596-1,LC
1392354,"Chinese Parasoltree, Chinese bottle tree, Chinese parasol-tree, Chinese-bottletree, Japanese varnish tree, Japanese varnishtree, Phoenixtree, Sycamore-leaf sterculia, Varnish tree, Wutong, Chinese Parasol, سیدالاشجار",Firmiana simplex,(L.) W.Wight,3152111,823357-1,LC
1418146,"Nerveplant, Mosaic-plant, Fittonia, Angel Plant, فتونیا یا گل موزایکی, فیتونیا, Silver-nerve, Silver-threads, Snakeskinplant, Silver fittonia, Silver netleaf, Silver netplant, Silver-nerve plant, White-leaved fittonia, Silver-net plant, White nerve plant, Pink Angel, Sneezeweed, White Dwarf, Red vein, Silver Nerveplant, Combo, NEVREPLANT",Fittonia albivenis,(Lindl. ex Veitch) Brummitt,5574508,105033-2,
1420551,"Governor's plum, Governor’s plum, Ramontchi, Batoko plum, Madagascar plum, Indian plum",Flacourtia indica,(Burm.f.) Merr.,5331162,365348-1,LC
1382989,"Indian-plum, Greater krekup, Runeala-plum, Governor's plum, Paniala, Rukam, Governor Plum, Scramberry",Flacourtia jangomas,(Lour.) Raeusch.,5331164,365350-1,
1420552,Rukam,Flacourtia rukam,Zoll. & Moritzi,5331160,111681-1,LC
1379617,"Wild ratan, Supplejack Vine",Flagellaria indica,L.,5287564,366164-1,
1368372,Stain-pod,Flemingia grahamiana,Wight & Arn.,5359839,495259-1,
1368373,"Flemingia, Wild hop",Flemingia macrophylla,(Willd.) Kuntze ex Merr.,5359866,495277-1,
1729378,,Flemingia semialata,Roxb. ex W.T.Aiton,5359883,495302-1,
1408089,"Wild hops, Luck plant, মাখিয়তী, Makhiyoti",Flemingia strobilifera,(L.) W.T.Aiton,5359843,495307-1,
1497487,,Floscopa glabrata,(Kunth) Hassk.,2765547,172721-1,
1497488,,Floscopa glomerata,(Willd. ex Schult. & Schult.f.) Hassk.,2765599,172722-1,LC
1428479,Climbing Flower Cup,Floscopa scandens,Lour.,2765559,172742-1,LC
1376130,"Spinous flueggea, Bushweed, Spinous fluggea",Flueggea leucopyrus,Willd.,5382877,348996-1,LC
1422530,"White berry bush, Common bushweed, Whiteberry-bush, Chinese waterberry, Snowberry tree",Flueggea virosa,(Roxb. ex Willd.) Royle,5382823,1013601-1,LC
1360739,"Fennel, Wild Fennel, Bronze Fennel, Aniseed-weed, Sweet Fennel, Venkel, Common fennel, Giant Fennel, Sweet cumin, సోంపు, Komorač, Saunf, Common Foeniculum, Divlja Mirođija, رازیانه, Fenicul (RO), Копър ( BG ), Adas, Aḍḍhâs, Hinojo",Foeniculum vulgare,Mill.,3034922,842680-1,
1428480,,Fokienia hodginsii,(Dunn) A.Henry & H H.Thomas,2684887,262079-1,
1665679,,Frangula crenata,(Siebold & Zucc.) Miq.,7273631,717363-1,LC
1609137,Chinese ash,Fraxinus chinensis,Roxb.,3172325,608968-1,LC
1408093,"Himalayan manna ash, East Indian Ash, Himalayan ash",Fraxinus floribunda,Wall.,7326078,609022-1,LC
1428484,"Formosan ash, Griffith's ash, Himalayan ash, Philippine ash, Evergreen Ash",Fraxinus griffithii,C.B.Clarke,6433113,609034-1,LC
1638072,,Freycinetia angustifolia,Blume,2863089,670379-1,
1757356,Honey-bell bush,Freylinia lanceolata,(L.f.) G.Don,7485013,803143-1,
1588609,"Sichuan fritillary, Yellow Himalayan Fritillary, Himalayan Fritillary",Fritillaria cirrhosa,D.Don,5300358,535094-1,VU
1361097,Ciliate fuirena,Fuirena ciliaris,(L.) Roxb.,2719118,308456-1,LC
1363304,Yefen,Fuirena umbellata,Rottb.,2718992,308552-1,LC
1357992,"Mauritius-hemp, Giant cabuya, Green-aloe, Giant false agave, Maguey, Sisal, Variegated Yucca, Fake Agave",Furcraea foetida,(L.) Haw.,2769796,64429-1,
1723119,"Wild Sisal, Mauritius hemp",Furcraea selloana,K.Koch,9401237,64452-1,
1672814,,Gaertnera junghuhniana,Miq.,5339665,546293-1,LC
1533761,,Gahnia javanica,Moritzi,2710075,308600-1,
1392412,"Indian blanket flower, Gaillardia, Great blanket-flower, Blanket-flower, Common perennial gaillardia, Common gaillardia, Great blanketflower, Brown-eyed Susan, Great-flowered gaillardia, رعنا زیبا, Denver Daisy Rudbeckia, Common blanketflower",Gaillardia aristata,Pursh,5387859,317387-2,
1364122,"Indian blanket, Sundance, Rose-ring blanket-flower, Rose-ring gaillardia, Annual gaillardia, Fire-wheel, Indian blanket-flower, Firewheel Blanketflower, Fire Wheels, Gaillardia, Gaillardia Daisy, Rose-ring Blanketflower, Showy Blanketflower, Showy Gaillardia, Rosering gaillardia, Blanket Flower, رعنا زیبا, Pretty Gaillardia, Beach Daisy's, Indian Blanketflower, Meadow flower",Gaillardia pulchella,Foug.,5387821,329185-2,
1379574,Florida hammock milkpea,Galactia striata,(Jacq.) Urb.,2984047,106712-2,
1428493,,Galearia fulva,(Tul.) Miq.,5380993,349139-1,LC
1638049,,Galearia maingayi,Hook.f.,5381032,349146-1,
1355935,"Gallant soldier, Quick Weed, Dumb-nettle, Potato-weed, Small-flower galinsoga, Yellow-weed, Galinsoga-weed, Chickweed, Kew weed, Smooth peruvian daisy, Small Flowered Galinsoga, Field Scabious, Galinsoga, Lesser Peruvian-daisy, Small-flowered Quickweed, Joey Hooker, Smallflower Galinsoga, Small-flower Quickweed, Smooth galinsoga, اینگیلیسجه، گل کوچک،, بابونه",Galinsoga parviflora,Cav.,3132570,208554-1,
1357599,"Hairy galinsoga, Shaggy soldier, Fringed quickweed, Peruvian Daisy, Common quickweed, French-weed, Potato-weed, Galinsoga, Quickweed, Shaggy Galinsoga, Gallant Soldier, Soild galinsoga",Galinsoga quadriradiata,Ruiz & Pav.,8298495,208557-1,
1360385,"Stickywilly, Cleavers, Goose Grass, Catchweed, Bedstraw, Sticky weed, Sticky Willie, Catchweed bedstraw, Small goose-grass, Clivers, Cleaverwort, Scarthgrass, White Hedge, Annual Bedstraw, Common Bedstraw, Spring Cleavers, Sticky Bobs, Sweethearts, Harrif, Barweed, Grip Grass, Hayriff, Wicks, Sticky Jack, Stickystuff, Biddy-bid, Sweetheart, Sticky buds, Velcro plant, Old Maids Hairband, Grippy Frogfeet, Robin-run-the-hedge",Galium aparine,L.,2913548,30007294-2,
1672929,,Galium asperifolium,Wall.,2914920,749552-1,
1728646,,Galium elegans,Wall.,7689146,749853-1,
1673107,,Galium hoffmeisteri,(Klotzsch) Ehrend. & Schönb.-Tem. ex R.R.Mill,2913541,987286-1,
1360412,Round-leaved Bedstraw,Galium rotundifolium,L.,2914110,750546-1,
1467311,,Gamblea ciliata,C.B.Clarke,3037427,90502-1,LC
1418449,"Asam gelugur, Asam Gelugor",Garcinia atroviridis,Griff. ex T.Anderson,3711121,427811-1,LC
1428501,False Mangosteen,Garcinia cochinchinensis,(Lour.) Choisy,3715113,427888-1,EN
1423910,"Cowa Fruit, Brindal Berry, Cowa Moangosteen, Cowa mangosteen, Cowa",Garcinia cowa,Roxb. ex Choisy,7589949,427902-1,LC
1418451,"Eggtree, Claudie mangosteen, Gourka, Baniti, Mundu, Rata, Yellow mangosteen",Garcinia dulcis,(Roxb.) Kurz,3189565,427931-1,LC
1496300,,Garcinia dumosa,King,3714772,427932-1,
1496354,Rupohi Thekera,Garcinia lanceifolia,Roxb.,8119004,428033-1,LC
1367388,"Mangosteen, Mangostan, King's-fruit, Purple Mangosteen, Bua Magi, Manggis, Ceylon camboge, Gamboge, Gamboge tree, Mongosteen, Purple Garcinia",Garcinia mangostana,L.,3189571,428073-1,DD
1719881,Pear mangosteen,Garcinia nervosa,(Miq.) Miq.,3713536,428118-1,LC
1496443,Button mangosteen,Garcinia prainiana,King,3713104,428183-1,LR/lc
1496477,,Garcinia schomburgkiana,Pierre,3712759,428230-1,LC
1418457,"Garcinia, Mysore Gamboge, Gamboge, Gambogetree, Sour mangosteen",Garcinia xanthochymus,Hook.f. ex T.Anderson,8231835,1164363-2,LC
1428535,"Golden gardenia, Kedah gardenia, Randa, Yellow Gardenia",Gardenia carinata,Wall. ex Roxb.,5334934,750947-1,LC
1673470,,Gardenia griffithii,Hook.f.,5334930,751046-1,LC
1409220,"Gardenia, Cape jasmine, गन्धराज, Cape-jessamine, Gargenia, Danh-danh, Jasmin, Common gardenia, గంధవర్దనం/ తెల్ల మంగ, গন্ধরাজ, گارڈینیا, তগৰ, Dành dành, Kaca piring, Golden gardenia",Gardenia jasminoides,J.Ellis,5335125,751073-1,LC
1428538,"Kula gardenia, Water gardenia",Gardenia tubifera,Wall. ex Roxb.,5334954,751303-1,LC
1414820,,Garuga floribunda,Decne.,7286844,128051-1,LC
1418158,"Garuga, Grey downy balsam",Garuga pinnata,Roxb.,3993458,128065-1,LC
1622167,,Gastrochilus acutifolius,(Lindl.) Kuntze,5310676,635385-1,
1622171,,Gastrochilus bellinus,(Rchb.f.) Kuntze,5310659,635390-1,
1622199,,Gastrochilus obliquus,(Lindl.) Kuntze,5310682,635454-1,
1539514,Fragrant wintergreen,Gaultheria fragrantissima,Wall.,7328504,330539-1,LC
1539524,,Gaultheria hookeri,C.B.Clarke,4171263,330565-1,
1539555,,Gaultheria nummularioides,D.Don,7328365,330632-1,
1539572,"Japanese Wintergreen, Miquel's spicywintergreen",Gaultheria pyroloides,Hook.f. & Thomson ex Miq.,4169738,330666-1,
1539582,,Gaultheria semi-infera,(C.B.Clarke) Airy Shaw,8159070,330693-1,
1539603,Himalayan Snowberry,Gaultheria trichophylla,Royle,7328129,330725-1,
1578097,,Geissaspis cristata,Wight & Arn.,2932993,495821-1,LC
1719882,,Gelsemium elegans,(Gardner & Champ.) Benth.,4020282,546348-1,
1412137,"Arctic gentian, Whitish Gentian, Alpine gentian",Gentiana algida,Pall.,3170111,367731-1,
1549145,,Gentiana nubigena,Edgew.,3839972,368575-1,
1729382,,Gentiana pedicellata,(D.Don) Griseb.,8350351,368649-1,
1392559,"Spotted gentian, Dotted Gentian, Dotted-flowered gentian",Gentiana punctata,L.,8008282,368760-1,LC
1419100,,Gentiana sino-ornata,Balf.f.,3841284,368930-1,
1748327,Snake pennywort,Geophila herbacea,(Jacq.) K.Schum.,5340387,1211972-2,
1550403,,Geranium nakaoanum,H.Hara,2891348,373361-1,
1550407,"Nepalese crane's-bill, Nepal geranium",Geranium nepalense,Sweet,2890266,373372-1,
1729383,,Geranium ocellatum,Jacquem. ex Cambess.,2890294,373391-1,
1550441,,Geranium polyanthes,Edgew. & Hook.f.,2891472,373500-1,
1550455,,Geranium refractum,Edgew. & Hook.f.,2890964,373570-1,
1410296,"African daisy, Transvaal daisy, Flame-ray daisy, Barberton daisy, Veldt daisy, Baberton daisy, Gerbera daisy",Gerbera jamesonii,Adlam,7969761,208893-1,
1374121,,Gerbera piloselloides,(L.) Cass.,5388701,208929-1,
1497067,"Dhonoti, Enjarigekubsa, Gaichha Lata, Kokoray, Murugudutige, Pullanji Valli, Susavi, Ukshi, Varavalli, 萼翅藤",Getonia floribunda,Roxb.,3699976,170625-1,
1412165,"Yellow avens, Aleppo avens, Common Avens",Geum aleppicum,Jacq.,5369685,30094401-2,
1420030,"Gigantochloa, Bamboo cane, Greater giant bamboo",Gigantochloa verticillata,(Willd.) Munro,2703311,404020-1,
1378559,"Himalayan-nettle, Nilghiri-nettle, Imbabazane, Stinging nettle",Girardinia diversifolia,(Link) Friis,7300847,908775-1,
1428558,,Gironniera nervosa,Planch.,4159442,854113-1,LC
1428559,,Gironniera subaequalis,Planch.,4159324,854119-1,LC
1553758,"Ostrich herb, Red gisekia",Gisekia africana,(Lour.) Kuntze,3794715,361938-1,
1362310,"Common gisekia, Oldmaid, Sand Herbage",Gisekia pharnaceoides,L.,7265816,323294-2,
1400016,"Crown Daisy, Garland chrysanthemum, Chop-suey-green, Japanese-green, Crown marigold, Garden chrysanthemum, Daisy, Chop-suey Greens, Painted Daisy, Chop Suey green",Glebionis coronaria,(L.) Cass. ex Spach,3141115,1013480-1,
1559610,Ground ivy,Glechoma longituba,(Nakai) Kuprian.,3892635,447372-1,
1721557,"American silvertop, Beach silvertop, Corkwing",Glehnia littoralis,(A.Gray) F.Schmidt ex Miq.,8404220,842779-1,
1359650,"Damascisa, Hairy carpetweed, Lotus Sweetjuice, Hairy glinus",Glinus lotoides,L.,3084616,327312-2,LC
1423913,Slender carpetweed,Glinus oppositifolius,(L.) Aug.DC.,7548362,361968-1,LC
1748498,"Quick-stick, Nicaraguan cocoashade, Nicaraguan cocoa shade tree, Mexican lilac",Gliricidia sepium,(Jacq.) Kunth,8082978,496639-1,LC
1409653,,Globba marantina,L.,2757840,796751-1,LC
1700660,,Globba orixensis,Roxb.,2757808,796761-1,LC
1428568,,Globba pendula,Roxb.,2757900,796769-1,LC
1700671,,Globba racemosa,Sm.,2757821,796776-1,LC
1700677,Dancing girl ginger,Globba schomburgkii,Hook.f.,2757889,796781-1,
1700686,,Globba unifolia,Ridl.,2757881,872572-1,VU
1700691,"Changing lady ginger, Dancing girl, Dancing lady ginger, Mauve dancing girl, Mauve dancing ladies ginger, Purple globba, Yellow Dancing Dragon",Globba winitii,C.H.Wright,2757938,872574-1,LC
1428583,,Glochidion rubrum,Blume,3080882,349615-1,LC
1428588,,Glochidion superbum,Baill. ex Müll.Arg.,3080342,77221322-1,LC
1641971,,Glochidion zeylanicum,(Gaertn.) A.Juss.,3080562,349711-1,LC
1408119,"Flame lily, Climbing-lily, Creeping-lily, Glory-lily, Gloriosa lily, Malabar lily, Rothschild's lily, Superb lily, Vine lily, The poison plant, Malabar Glory Lily, Superb climbing lily, నాభి",Gloriosa superba,L.,2740024,535953-1,LC
1373292,"Mudmat, Mudmats",Glossostigma diandrum,(L.) Kuntze,7393608,803375-1,LC
1428600,Rengas,Gluta renghas,L.,3190574,69636-1,NT
1454211,"Black varnishtree, Theetsee, Burmese lacquertree, Burmese varnishtree, Burmese lacquer, Burmese varnish",Gluta usitata,(Wall.) Ding Hou,3662338,69645-1,
1651643,,Glyceria tonglensis,C.B.Clarke,4105138,404210-1,
1366904,"Soybean, Soya, Soya-bean, Edamame, Soja bean, Kaḍhelli, Kedelé, Soja, Sojabohne, सोआबीन, सोयाबीन, Reseeding Soybean, Soy, Wild Soybean, Soybean (German: Soyabohne), Soybeans, GM Soya, Соя, سویا",Glycine max,(L.) Merr.,5359660,60450240-2,
1682738,,Glycosmis mauritiana,(Lam.) Tanaka,7269030,773774-1,LC
1682744,,Glycosmis parva,Craib,3832785,773783-1,
1431722,"Chinese glycosmis, Flower axistree",Glycosmis parviflora,(Sims) Little,3190426,111060-2,LC
1428609,"Gin berry, Orangeberry, আশশেওড়া, দাঁতন গাছ (Bangla), Toothbrush Plant",Glycosmis pentaphylla,(Retz.) DC.,3832728,773786-1,LC
1388924,"Chines swamp cypress, Chinese swamp-cypress, Chinese water-fir, Chinese water-pine, Asian Swamp Cypress, Chinese deciduous cypress",Glyptostrobus pensilis,(D.Don) K.Koch,2684155,262131-1,CR
1718384,"Gmelina, Gumbar, Kumil, Malay Bush-beech, White Teak, Gumhar, Goomar teak, Gray teak, Indian bulang, Snapdragon tree",Gmelina arborea,Roxb. ex Sm.,8247889,77159191-1,LC
1378804,Asian Bushbeech,Gmelina asiatica,L.,5341168,862929-1,LC
1378805,"Wild sage, Hedgehog, Parrot's Beak",Gmelina philippensis,Cham.,6410769,862965-1,LC
1355896,"Western cudweed, Many Stem Cudweed, Indian Cudweed",Gnaphalium polycaulon,Pers.,5390831,209889-1,LC
1419144,"Spanish joint-fir, Buko, Joint fir, Bago, Belinjo, Bigo, Gnemon, Kuliat, Meninjau, Padi oats",Gnetum gnemon,L.,2653133,383520-1,LC
1692516,,Gomphandra tetrandra,(Wall.) Sleumer,9038180,434323-1,LC
1408121,"Milkweed, Swan Plant, Narrow-leaf cotton bush, Bristly-fruited silkweed, Swanbush, Cape cotton, Duckbush",Gomphocarpus fruticosus,(L.) W.T.Aiton,7150619,97610-1,
1559687,,Gomphostemma parviflorum,Wall. ex Benth.,7685212,60473143-2,
1363241,"Gomphrena-weed, Soft khakiweed, Bachelor's button, Prostrate globe amaranth, Batchelor's button",Gomphrena celosioides,Mart.,3084911,60397-1,
1385060,"Bachelor's-button, Globe amaranth, బొగడ బంతి, Common globe-amaranth, Gancéng bajèe, Ratna, Bachelor button, Christ's cloak, St Francis' cord, Gomphrena, Arrasa con todo, Başcıqlı Qomfrena (AZ), امرانث",Gomphrena globosa,L.,3084908,327333-2,
1778672,,Goniocheton lenticellatus,(C.Y.Wu) Mabb.,11618823,77222470-1,
1720643,,Goniophlebium subauriculatum,(Blume) C.Presl,4028759,17109510-1,
1695245,"Melastome, Pouzolz's bush",Gonostegia pentandra,(Roxb.) Miq.,4100866,854135-1,
1695246,,Gonostegia triandra,(Blume) Miq.,4100795,854139-1,
1428632,Ramin,Gonystylus confusus,Airy Shaw,3568794,383604-1,LC
1388578,,Goodyera afzelii,Schltr.,2840801,636055-1,
1622753,,Goodyera foliosa,(Lindl.) Benth. ex C.B.Clarke,2840670,636111-1,
1622782,"White Featherduster Orchid, Small-flowered goodyera",Goodyera procera,(Ker Gawl.) Hook.,2840807,636185-1,
1622795,Giant jewel orchid,Goodyera rubicunda,(Blume) Lindl.,2840887,636200-1,
1622797,Schlechtendal’s rattlesnake plantain,Goodyera schlechtendaliana,Rchb.f.,2840611,636203-1,
1415513,Heart-leaf Beak Goodyera,Goodyera viridiflora,(Blume) Blume,2840854,122767-3,
1380601,"Tree cotton, Asiatic cotton",Gossypium arboreum,L.,3152663,559664-1,
1363950,"American Pima cotton, Brazilian cotton, Egyptian cotton, Peruvian cotton, Long-staple cotton, Sea Island cotton, Gallini cotton, Kidney cotton, Pima cotton, American-Egyptian cotton, Upland cotton, Creole Cotton, Caribbean cotton, Peruvia Cotton, Cotton, Maui Cotton",Gossypium barbadense,L.,3152666,559677-1,LC
1359627,"پنبه عربی, پنبه, Arabian cotton, Levant cotton, Maltese cotton, Syrian cotton, Short-staple cotton, Cultivated cotton, Asiatic cotton, Wild cotton, Cotton Root, పత్తి, پاما",Gossypium herbaceum,L.,3152658,559730-1,DD
1370585,"American cotton, Cotton, Bourbon cotton, American upland cotton, Upland cotton, Creole Cotton, Marie Galante cotton, Mexican Cotton, Short Staple Cotton, כותנה, કપાસ",Gossypium hirsutum,L.,3152661,30042843-2,VU
1776163,,Gouania obtusifolia,Vent. ex Brongn.,5602956,1013684-1,
1428658,"Tiger orchid, Queen of orchids, Giant orchid, Queen orchid",Grammatophyllum speciosum,Blume,2821296,636310-1,
1720754,,Grammitis blechnoides,Grev.,3750805,17110920-1,
1720789,,Grammitis contigua,(C.Presl) Christenh.,7367076,77182272-1,
1720756,,Grammitis cucullata,(Nees & Blume) Blume,3751814,17111080-1,
1428659,Madras carpet,Grangea maderaspatana,(L.) Poir.,8028873,210502-1,LC
1408134,"Caricature-plant, Karotong, Temen",Graptophyllum pictum,(L.) Griff.,3173137,49186-1,
1394929,"Australian silky-oak, Silkoak, Silky Oak, Silver oak, Southern silky-oak, Silk-bark oak, גרווילאה חסונה",Grevillea robusta,A.Cunn. ex R.Br.,2891791,50798-3,LC
1408137,"Phalsa, Indian phalsa, Grewia, Asiatic Grewia, گیلاس گرمسیری،  فالسا",Grewia asiatica,L.,3152080,834064-1,LC
1593909,,Grewia bulot,Gagnep.,4260886,834114-1,
1428668,,Grewia hirsuta,Vahl,4259716,834275-1,LC
1428669,,Grewia laevigata,Vahl,4259449,834315-1,LC
1594067,,Grewia sapida,Roxb. ex DC.,7648569,834540-1,
1720836,,Grona adscendens,(Sw.) H.Ohashi & K.Ohashi,10846639,77187388-1,
1748864,Asian Ticktrefoil,Grona heterocarpos,(L.) H.Ohashi & K.Ohashi,10775938,77187416-1,
1720834,,Grona heterophylla,(Willd.) H.Ohashi & K.Ohashi,10734509,77187422-1,
1720837,"Threeflower Ticktrefoil, Creeping tick trefoil, Three-flower tick trefoil, Three-flower beggar weed, Tropical trefoil, Popa, Trefoil, Three-flower Beggarweed, Three-flower Grona",Grona triflora,(L.) H.Ohashi & K.Ohashi,10833216,77187443-1,
1622872,,Grosourdya appendiculata,(Blume) Rchb.f.,2850459,636426-1,
1379303,"Guaiacum, Lignum-vitae, Guayacan, Brazil Wood, Commoner Lignum Vitae, Guaiac Tree, Guaiacum Resin, Guaiacum Wood, Gum Guaiacum, Pockwood, Tree of Life, Vera, Wood of life, Holly wood, Tree-of-life, Common Lignum Vitae, Common pock wood, Guaïac, Gaïacwood, Roughbark lignum-vitae, Common Lignumvitae, Guaiac Wood",Guaiacum officinale,L.,3986813,873252-1,EN
1378186,"Bastard-cedar, West Indian-elm, Mutamba, Pigeon Wood, Gunstock",Guazuma ulmifolia,Lam.,3152195,823393-1,LC
1371265,"Sea randa, Zebrawood, Beach gardenia, Funeral flower, Sea randia",Guettarda speciosa,L.,2894828,752069-1,LC
1469600,,Guihaia argyrata,"(S.K.Lee & F.N.Wei) S.K.Lee, F.N.Wei & J.Dransf.",2736891,915058-1,
1366953,"Nicker-nut caesalpinia, Yellow nickers, Grey nicker, Green spider melon",Guilandina bonduc,L.,8400302,114706-2,LC
1719887,Hawai'i pearls,Guilandina major,(Medik.) Small,2958773,114718-2,
1778527,,Guilandina minax,(Hance) G.P.Lewis,11219613,77204843-1,
1428675,,Guioa pleuropteris,(Blume) Radlk.,3787288,783264-1,LC
1392658,"Niger, Nigerseed, Ramtilla, Ramtil, Inga, Niger thistle, Nyger",Guizotia abyssinica,(L.f.) Cass.,8584304,210735-1,
1719888,,Gymnacranthera farquhariana,(Wall. ex Hook.f. & Thomson) Warb.,7333592,585679-1,LC
1622912,,Gymnadenia orchidis,Lindl.,2840490,636570-1,
1428687,"Australian cowplant, Gurmar, Periploca of the woods, Gurmar plant (ayurvedic)",Gymnema sylvestre,(Retz.) R.Br. ex Sm.,8040540,60454719-2,
1778038,,Gymnosphaera podophylla,(Hook.) Copel.,5530066,17397240-1,
1776167,,Gymnosporia acuminata,Hook.f. ex M.A.Lawson,7662985,161275-1,
1729385,,Gymnosporia rufa,(Wall.) Hook.f.,11101816,77112605-1,LC
1729386,,Gymnosporia thomsonii,Kurz,3793736,161452-1,
1778810,,Gynochthodes parvifolia,(Bartl. ex DC.) Razafim. & B.Bremer,7976478,77117594-1,
1718579,"Yellow-root, Royoc",Gynochthodes umbellata,(L.) Razafim. & B.Bremer,7533157,77117618-1,LC
1529914,"Gynostemma, Five-leaf gynostemma, Jiao gu lan",Gynostemma pentaphyllum,(Thunb.) Makino,7317960,292905-1,
1666204,Fish eyes,Gynotroches axillaris,Blume,3086530,719749-1,LC
1373530,"Royal velvetplant, Purple velvetplant, Purple-passionvine, Velvetplant, Purple velvet plant, Java velvet plant, Purple passion-vine, Royal velvet plant",Gynura aurantiaca,(Blume) DC.,3115470,211219-1,
1417830,"Red-vegetable, Velvetplant, Cineraria hybrids, Florist's cineraria, Okinawan spinach",Gynura bicolor,(Roxb. ex Willd.) DC.,3139958,211227-1,
1408141,,Gynura divaricata,(L.) DC.,3139895,211249-1,
1373535,"Longevity spinach, Scrambling gynura, Diabetes plant, Sambung nyawa",Gynura procumbens,(Lour.) Merr.,3139818,211304-1,
1373536,,Gynura pseudochina,(L.) DC.,7715188,211306-1,
1721558,"Cow herb, Cowcockle, Cow soapwort, China Cockle, Spring Cockle, Dairy Pink, Cowbasil, Spanish Cockle, Spanish Cowherb, Bladder soapwort",Gypsophila vaccaria,(L.) Sm.,8091998,154685-1,
1426495,"Gyro damson, Helicopter-tree, Coolamon-tree, Twirly-whirly-tree, Propeller tree",Gyrocarpus americanus,Jacq.,7326414,170637-1,LC
1622967,,Habenaria arietina,Hook.f.,2829671,636859-1,
1623048,,Habenaria commelinifolia,(Roxb.) Wall. ex Lindl.,2829079,637050-1,
1623085,"Phantom Orchid, Big white-egret flower",Habenaria dentata,(Sw.) Schltr.,2828859,637143-1,
1623289,,Habenaria marginata,Colebr.,2829246,637654-1,
1623363,,Habenaria pectinata,D.Don,2829876,637868-1,
1623433,"Little Dragon, Red Man Orchid",Habenaria rhodocheila,Hance,2829840,638021-1,
1776168,,Hackelia uncinata,(Royle ex Benth.) C.E.C.Fisch.,4058592,116570-1,
1364854,"Pit-Scale Grass, Pitscale grass, Grass, Lizard-tail grass",Hackelochloa granularis,(L.) Kuntze,2705462,116848-2,
1549589,,Halenia elliptica,D.Don,5596202,369465-1,
1363320,"Fine sea grass, Eel grass, Seagrass, Halodule, Narrowleaf seagrass, Narrow-leaf seagrass, Species code: hu",Halodule uninervis,(Forssk.) Boiss.,2864102,602956-1,LC
1356036,"Caribbean Sea-Grass, Caribbean seagrass, Paddle grass, Tapegrass, Caribbean Waterweed, Species code: hd",Halophila decipiens,Ostenf.,5329611,431748-1,LC
1374261,"Seagrass, Species code: hm",Halophila minor,(Zoll.) Hartog,5329606,431760-1,LC
1423921,"Seagrass, Dugong grass, Paddle weed, Spoon grass",Halophila ovalis,(R.Br.) Hook.f.,5329622,431761-1,LC
1546393,,Hancea penangensis,"(Müll.Arg.) S.E.C.Sierra, Kulju & Welzen",5377985,77086990-1,LC
1546396,,Hancea subpeltata,"(Blume) M.Aparicio ex S.E.C.Sierra, Kulju & Welzen",5378010,77086994-1,LC
1415330,,Haplopteris elongata,(Sw.) E.H.Crane,4047699,1099494-2,
1720430,Shoestring fern,Haplopteris ensiformis,(Sw.) E.H.Crane,4047677,1133878-2,
1720431,Reflexed-margine single-leaf fern,Haplopteris flexuosa,(Fée) E.H.Crane,4047669,17568830-1,
1709622,,Haplopteris mediosora,(Hayata) X.C.Zhang,4047999,60427860-2,
1720434,,Haplopteris scolopendrina,(Bory) C.Presl,4047960,17116610-1,
1729750,,Haplopteris taeniophylla,(Copel.) E.H.Crane,4047943,17568940-1,
1415331,Island single-leaf fern,Haplopteris zosterifolia,(Willd.) E.H.Crane,4047917,1131242-2,
1420617,"Tulip-wood tree, Cooktown tulipwood, Harpul, Dolls eyes, Mogum-mogum",Harpullia arborea,(Blanco) Radlk.,3190016,783304-1,LC
1420618,,Harpullia cupanioides,Roxb.,3786912,783313-1,LC
1428707,,Harrisonia perforata,(Blanco) Merr.,3708966,813738-1,LC
1467322,Himalayan ivy,Hedera nepalensis,K.Koch,3036051,90752-1,
1421059,,Hedera sinensis,(Tobler) Hand.-Mazz.,3036057,90802-1,
1383685,"Scarlet gingerlily, Orange gingerlily, Orange bottlebrush ginger, Red ginger lily, Orange lily, Scarlet ginger-lily, Scarlet butterfly ginger, Pincushion Ginger",Hedychium coccineum,Buch.-Ham. ex Sm.,2758716,796834-1,
1403746,"Butterfly-ginger, White Garland-lily, White ginger lily, White ginger, White butterfly ginger, White butterfly ginger lily, Butterfly lily, Cinnamon jasmine, Garland flower, Garland lily, Ginger lily, White ginger butterfly lily, Garland-flowers, Kahili ginger, Salmon butterfly ginger, Dolon Champa, Sougandhige (సౌగంధిగే)",Hedychium coronarium,J.Koenig,7883492,796836-1,DD
1420915,,Hedychium densiflorum,Wall.,2758768,796838-1,
1700720,,Hedychium ellipticum,Buch.-Ham. ex Sm.,2758757,796842-1,
1408149,"Yellow ginger-lily, Cream-ginger, Yellow-ginger, Cream Ginger-Lily, Cream garland-lily, Wild ginger",Hedychium flavescens,Carey ex Roscoe,2758601,796848-1,
1409679,"Yellow ginger, Yellow ginger lily",Hedychium flavum,Roxb.,2758686,872599-1,
1408150,"Ginger-lily, Yellow-ginger, Kahili ginger-lily, Kahili-ginger, Kahila Ginger-Lily, Kahila garland-lily, Himalayan ginger, Wild ginger, Wild ginger lily, Kahili garland lily, Kahili, Salmon butterfly ginger",Hedychium gardnerianum,Sheppard ex Ker Gawl.,2758700,69077-3,
1428708,,Hedychium longicornutum,Griff. ex Baker,2758610,796871-1,NT
1420916,"Spiked ginger-lily, White ginger lily, Garland flower, Butterfly lily, Butterfly ginger, Garland lily, Ginger-lily, Kahili ginger, Salmon butterfly ginger",Hedychium spicatum,Sm.,2758631,796894-1,LC
1700779,,Hedychium thyrsiforme,Sm.,2758761,796903-1,
1700783,,Hedychium villosum,Wall.,2758673,796908-1,
1700787,,Hedychium yunnanense,Gagnep.,2758766,872624-1,
1789110,"American Sneezeweed, Bitter Sneezeweed, Bitterweed, Five-leaf Sneezeweed, Yellowdicks, Yellow dogfennel, Slender-leaved sneezeweed",Helenium amarum,(Raf.) H.Rock,5401836,118685-2,
1364145,"Sunflower, آفتابگردان, Common sunflower, పొద్దు తిరుగుడు (సూర్యకాంతం), Annual sunflower, Ocľiul a soarilui, Sōlate, Turnesol, Тарымал тоорук, सूर्जमुखी फूल, Wild Sunflower, Garden Sunflower, Surajmukhi, Dwarf sunflower, Teddy bear sunflower, Girasol, সূর্যমুখী, سورج مکھی, گل اَفتاب پَرَست, Napraforgó, Happy birthday plant, Annual Helianthus, Rouge Royale Sunflower, सुर्यमुखी, Danesie, Fuzzy face sunflower, Bumflour, Matahari",Helianthus annuus,L.,9206251,119003-2,LC
1392718,"Thin-leaf sunflower, Ten-petals sunflower, Thinleaf sunflower, Pale Sunflower, Ten-rayed Sunflower, Thin-leaved Sunflower, Forest Sunflower, Ten-petalled sunflower, Heliopsis scarbra",Helianthus decapetalus,L.,3119185,119102-2,LC
1357617,"Jerusalem artichoke, Sunflower Artichoke, Sunchoke, Earth-apple, Topinambur, Топинамбур, Girasole, Canada Potato, Artichoke, Iroquois Potato, Jerusalem Sunflower, Indian potato, Tuberous sunflower, Wild Sunflower, سیب زمینی ترشی, Sunroot, Topinambūrs (LVL)",Helianthus tuberosus,L.,3119175,329252-2,LC
1428719,,Helicia petiolaris,Benn.,5637298,704473-1,LC
1387269,"Macaw-flower, Firebird, Wild plantain, Wild Banana, Caribbean heliconia, Lobster-claw heliconia, Bastard Plantain",Heliconia bihai,(L.) L.,2760874,796925-1,
1402487,"Parakeetflower, Parrot's-flower, Parrot's-plantain, Parrot flower, Parakeet heliconia, False Bird-of-paradise, Golden Torch, Thiên điểu",Heliconia psittacorum,L.f.,2760669,796972-1,
1387268,"False bird of paradise, Lobster Claw, Hanging Heliconia, Hanging lobster claw, Pendant heliconia, False bird-of-paradise, Hanging lobster claws, Crab's claws, Painted lobster claw, Bananeira-do-brejo (Brasil), Heliconia",Heliconia rostrata,Ruiz & Pav.,2760967,796978-1,
1378189,"East Indian screwtree, Red isora, Spiralbush, East Indian Screw Tree",Helicteres isora,L.,5546922,321222-2,LC
1370038,"Garden heliotrope, Cherry-pie, Heliotrope, Peruvian heliotrope, Common heliotrope, Fragrant heliotrope",Heliotropium arborescens,L.,2925807,116670-1,
1720161,"Tree Heliotrope, Velvet soldierbush, Velvet-leaf soldierbush",Heliotropium arboreum,(Blanco) Mabb.,10935948,77164241-1,LC
1363839,"Turnsole, Indian heliotrope, Eye Bright, Scorpion weed, India heliotrope, Indian Turnsole, White cleary, Wild Clary, Alacrancillo, হাতীসোঁৰীয়া বন, తేలు కొండి మొక్క, হাতিশুঁড়, نعناع وحشی",Heliotropium indicum,L.,2925788,116938-1,
1363840,"Prostrate heliotrope, Spreading heliotrope, Dwarf Heliotrope, Creeping heliotrope",Heliotropium supinum,L.,2925777,117268-1,
1590231,,Helixanthera ligustrina,(Wall.) Danser,4001539,548779-1,
1590233,,Helixanthera parasitica,Lour.,4001417,548786-1,
1718593,Asian spiral ginger,Hellenia globosa,(Blume) S.R.Dutta,7722074,60457879-2,
1718594,"White costus, Crape ginger, Malay ginger, Spiral ginger, Cane ginger, Crepe ginger",Hellenia speciosa,(J.Koenig) S.R.Dutta,7584507,60469691-2,
1415280,"Flowering fern, Kamraj",Helminthostachys zeylanica,(L.) Hook.,2650123,17116690-1,
1554750,,Helwingia chinensis,Batalin,7326901,90833-1,LC
1554751,,Helwingia himalaica,Hook.f. & Thomson ex C.B.Clarke,7326895,90834-1,
1554752,,Helwingia japonica,(Thunb.) F.Dietr.,7326897,972474-1,
1399612,"African jointgrass, Batavian quick grass, Limpograss, Halt grass, Red quick, Red swamp grass, Snake grass, Swamp couch, Red swampgrass, Batavian quickgrass",Hemarthria altissima,(Poir.) Stapf & C.E.Hubb.,2706322,404684-1,LC
1651797,"Whip grass, Jove grass",Hemarthria compressa,(L.f.) R.Br.,4151551,404689-1,LC
1392749,"Yellow daylily, Lemon-lily, Stella d'oro, Mother Lily, Lemon day-lily, Yellow day-lily, Lemon Daylily, Pale day lily, Orange Lily, Tiger Lily, Cosmic Struggle Daylily, Day Lily, Asiatic lily, Dwarf Yellow Daylily, Asian lily, Grape Daylily, Ημεροκαλλίδα",Hemerocallis lilioasphodelus,L.,2781103,536346-1,
1776198,,Hemiboea subcapitata,C.B.Clarke,6365806,381343-1,
1718754,Indian Sarsaparilla,Hemidesmus indicus,(L.) R.Br.,8125676,60443873-2,
1719900,,Hemigraphis sumatrensis,(Roth) Boerl.,3781688,49545-1,
1720783,,Hemionitis bicolor,(Roxb.) Christenh.,9710227,77182003-1,
1720698,Heart fern,Hemionitis cordata,Roxb. ex Hook. & Grev.,3749498,17117150-1,
1748861,,Hemionitis cuspidata,(Copel.) Christenh.,9808063,77183022-1,
1720817,,Hemionitis ludens,(Wall. ex Hook.) Christenh.,9673606,77185680-1,
1722384,,Hemionitis michelii,(Christ) Christenh.,9765998,77182836-1,
1720788,,Hemionitis tenuifolia,(Burm.f.) Christenh.,9767592,77182271-1,
1729896,,Hemionitis vestita,(Hook.) J.Sm.,3748650,17117790-1,
1646167,,Hemiphragma heterophyllum,Wall.,5559314,803776-1,
1763534,,Hemipilia chusua,(D.Don) Y.Tang & H.Peng,12265129,77206955-1,
1776206,,Hemsleya dipteriga,Kuang & A.M.Lu,3625486,900064-1,
1552865,,Henckelia dimidiata,(Wall. ex C.B.Clarke) D.J.Middleton & Mich.Möller,8131083,77112898-1,
1552872,,Henckelia grandifolia,A.Dietr.,3823991,381355-1,
1552901,,Henckelia pumila,(D.Don) A.Dietr.,3823358,381362-1,
1719903,,Henckelia urticifolia,(Buch.-Ham. ex D.Don) A.Dietr.,3823004,381367-1,
1748164,"Queensland umbrella tree, Schefflera, Umbrella plant, Octopus tree, Star leaf, Umbrella tree, Australian Umbrella-tree, Amate, Flying helicopter",Heptapleurum actinophyllum,(Endl.) Lowry & G.M.Plunkett,11008739,77213393-1,LC
1790873,,Heptapleurum alpinum,(Grushv. & Skvortsova) Lowry & G.M.Plunkett,12192019,77213399-1,
1773568,,Heptapleurum calyptratum,(Hook.f. & Thomson) Y.F.Deng,10931636,77196875-1,LC
1773685,,Heptapleurum chapanum,(Harms) Lowry & G.M.Plunkett,12073375,77213445-1,VU
1772820,,Heptapleurum delavayi,Franch.,3037726,90861-1,LC
1759623,"Bungaruau, Climbing Umbrella Tree",Heptapleurum ellipticum,(Blume) Seem.,3038037,90868-1,LC
1790881,,Heptapleurum fantsipanense,(Bui) Lowry & G.M.Plunkett,12229382,77213472-1,
1789604,,Heptapleurum farinosum,(Blume) Lowry & G.M.Plunkett,11133444,77213473-1,LC
1773564,Schefflera,Heptapleurum heptaphyllum,(L.) Y.F.Deng,11047823,77196882-1,LC
1789221,,Heptapleurum heterophyllum,(Wall. ex G.Don) Seem.,3038167,90882-1,LC
1772823,,Heptapleurum macrophyllum,Dunn,3038693,90899-1,LC
1787732,,Heptapleurum schizophyllum,Hance,3038148,90927-1,VU
1405834,"Lantern Vine, Bladdermallow, Curly abutilon",Herissantia crispa,(L.) Brizicky,3152514,120630-2,
1408159,"Looking-glass mangrove, Looking-glass-tree, Red mangrove, Tulip mangrove, Beach tulip-oak, Looking glass tree",Heritiera littoralis,Aiton,7725132,823569-1,LC
1428746,,Heritiera simplicifolia,(Mast.) Kosterm.,3668778,823587-1,LC
1424461,Sea hearse,Hernandia nymphaeifolia,(C.Presl) Kubitzki,3685338,430812-1,LC
1415522,"Shiny-leaf Hetaeria, Hairy jewel orchid",Hetaeria oblongifolia,Blume,5319362,638736-1,
1467328,,Heteropanax chinensis,(Dunn) H.L.Li,3036467,90951-1,LC
1467329,Fragant aralia,Heteropanax fragrans,(Roxb.) Seem.,3036460,90952-1,
1392769,"Black spear grass, Bunch spear grass, Bunched spear grass, Spear grass, Tangle grass, Tanglehead, Bunch speargrass, Black speargrass, Common spear grass, Mountain Pili-grass",Heteropogon contortus,(L.) P.Beauv. ex Roem. & Schult.,5290179,404772-1,
1460938,,Heterostemma siamicum,Craib,8309401,98299-1,
1390522,"Para rubber, Rubber Tree, Hevea, Natural rubber, Para Rubber Tree, Pará Rubber Tree, Rubber Plant, Sharinga Tree, Brazilian rubber tree, Rubber",Hevea brasiliensis,(Willd. ex A.Juss.) Müll.Arg.,3071171,349913-1,LC
1370558,,Hewittia malabarica,(L.) Suresh,5549147,945131-1,
1428752,,Heynea trijuga,Roxb. ex Sims,7619515,578838-1,LC
1370453,"Cranberry hibiscus, False roselle, Red-leaf hibiscus, African rosemallow, African rose-mallow, Redleaf hibiscus, Maroon mallow",Hibiscus acetosella,Welw. ex Hiern,3152551,559896-1,
1370424,"Indian-hemp, Bimli-jute, Bastard-jute, Deccan-hemp, Java-jute, Kenaf, Kenaf hibiscus, Bimlipatum, Brown Indian Hemp, Hemp-leaf hibiscus, Decan hemp, Wild stockrose, Brown Indianhemp, Bombay hemp, గోగు",Hibiscus cannabinus,L.,3152547,560068-1,
1594460,,Hibiscus hispidissimus,Griff.,8093304,560352-1,
1370429,Lobed leaf mallow,Hibiscus lobatus,(Murray) Kuntze,4939632,560458-1,
1425093,Nitya Malle (నిత్య మల్లె),Hibiscus micranthus,L.f.,8356610,560520-1,
1370436,"Confederate rose, Cotton-rose, Dixie rosemallow, Changeable-rose, Cotton rose mallow, Confederate rose mallow, Cotton Rosemallow, Changing Rose, Fuyo, Land Lotus, Gentleman's Character, ముద్ద మందారం, Rose of Sharon, Luna Hibiscus",Hibiscus mutabilis,L.,3152555,560549-1,
1408170,Rosemallow,Hibiscus ovalifolius,(Forssk.) Vahl,3935028,560586-1,
1431784,,Hibiscus panduriformis,Burm.f.,7278860,560603-1,
1370541,"Monarch rosemallow, Monarch rose-mallow",Hibiscus radiatus,Cav.,3152595,560723-1,
1370542,"Hawaiian hibiscus, Hibiscus, गुड़हल, Chinese hibiscus, China-rose, জবা ফুল, Kembang Sepatu, Rose-of-China, ముద్దమందారం, ختمى چينى, ମନ୍ଦାର ଫୁଲ, Shoeblackplant, Shoe-black plant, Shoe-flower, Chinese rose, Rose mallow, Rose of China, Chinese roos, Double rose-hibiscus, Hawiian hibiscus, Hibiscus 'Lipstick', Hibiscus rose-of-China, Shoe-back Plant, Tropical Hibiscus, Shoebackplant, Indian Hibiscus, જાસુદ, రిక్క మందారం, మందారం, Rose of Sharon, ఎర్రమందారం, ചെമ്പരത്തി, ختمی گرمسیری, Sepatu, Rose, Shoeback, Hibiscus Pink Versicolor, Mar Pasifico, Gumamela, Auto CRUZ Miramar Co, Cayeno, Hibisco, Jasood, नेपाली  नाम घंटी फुल, گلابی ہیبسکس, Hibiscus syriacus 'Lucy', TAMIL, Common Red, ورد الجمال, JASUD ( In India), Չինական Վարդ, ဇဗ၊ ပ္ကဴ",Hibiscus rosa-sinensis,L.,3152559,560756-1,
1363940,"Indian-sorrel, Roselle, Jamaica-sorrel, Red-sorrel, Sorrel, လဂဝ်, Tropical cranberry, Jamaican sorrell, Red tea, Rosella, Sereni, పుంటికూర (గోంగూర), Lady finger",Hibiscus sabdariffa,L.,3152582,326388-2,
1734685,"Campanilla, Chinese lantern, Fringed Rosemallow, Japanese hibiscus, Coral hibiscus, Fringed hibiscus, Japanese lantern, Parasol hibiscus",Hibiscus schizopetalus,(Mast.) Hook.f.,9064581,560792-1,
1370452,"Prickly hibiscus creeper, Comfort root, Pineland Hibiscus",Hibiscus surattensis,L.,3941020,560886-1,
1392770,"Rose of Sharon, Syrian hibiscus, Common Hibiscus, ختمی درختی, Korean Rose, Blue Hibiscus, Rose-of-Sharon, Althea, Syrian ketmia, Shrub-althaea, Korean Hibiscus, Mugunghwa, Shrub Althea, Shrubby althaea, Althaea, Shrubby rose-mallow, Lil kim, Ibisco cinese, ختمی سوری, Syrian Rose Mallow, Granny Mary's Rose of Sharon, Rose mallow, Agachatmi, kilicotu (tr), Slez, Lady stanley, Hibisco da síria (PT), Сиријски хибискус, Morning glory, Ιβίσκος, 木槿, Tree hollyhock",Hibiscus syriacus,L.,3152583,560890-1,
1408172,"Sea hibiscus, Mahoe, Coast Cottonwood, Linden hibiscus, Cottonwood, Coast hibiscus, Hau tree, Mahoe tree, Wild cotton tree, Hau ( Hawaiian name), Waru Hias - Indonesian, Tilia-leaved Hibiscus, Erickson, Native Hibiscus, Гибискус липовидный",Hibiscus tiliaceus,L.,3152584,30143354-2,LC
1363941,"Flower-of-an-hour, Venice-mallow, Bladder ketmia, Flower Of An Hour, Rosemallow, Modesty, Trilobate Ketmia, Bladder weed, Bladder hibiscus, Shoofly, Puarangi, Hibiscus, Venice rose-mallow, Flowerofanhour, ختمی سه رنگ،, Zămoșiță, Macul-Ciorii",Hibiscus trionum,L.,3152560,122028-2,
1359630,"Tropical Fanleaf, Tropical rose mallow, Wild okra, Grape Leaved Mallow",Hibiscus vitifolius,L.,3152562,560973-1,
1407199,"Madamfate, Star-of-Bethlehem, Tibey, Shrubharebell, Kitolod",Hippobroma longiflora,(L.) G.Don,3168943,1133957-2,
1392778,"Mare's-tail, Common Mare's Tail, Common Mare’s-tail, Marestail, Common Marestail, Mountain Mare's-Tail",Hippuris vulgaris,L.,5372503,430352-1,LC
1408175,"Hiptage, Helicopter-flower, Clustered hiptage, Madhavi latha",Hiptage benghalensis,(L.) Kurz,3191302,556690-1,LC
1408176,"Batwing Fern, Bat's wing fern, Fern mata, Water fern",Histiopteris incisa,(Thunb.) J.Sm.,2650774,17119990-1,
1418566,"Chinese lardfruit, Kadam-seed plant",Hodgsonia macrocarpa,(Blume) Cogn.,7317816,292940-1,
1420244,"Tellicherry bark, Bitter oleander, Conessi bark, Easter tree, Ester tree, Fever-pod, Indrajao, Ivory Tree, Jasmine tree, Tellicherry tree, Conessi, Holarrhena, Kurchibark, Kurchi, Kala-Kuda, কুর্চি/কুরচি/কূটজ (Bangla), Indrayav (Sanskrit) Dudhkhuri (Assamese)",Holarrhena pubescens,Wall. ex G.Don,3169748,79318-1,LC
1378850,"Chinese hatplant, Cup-and-saucer-plant, Mandarin's-hat, Chinese-hat plant, Cup-and-saucer plant, Parasol flower, Cup and Saucer Plant, Hiba",Holmskioldia sanguinea,Retz.,2925665,863073-1,
1783933,"Indian-elm, Jungle corktree, Indian beech tree, Jungle cork tree",Holoptelea integrifolia,(Roxb.) Planch.,4160169,854174-1,LC
1423937,Spurge,Homalanthus populneus,(Geiseler) Pax,3072674,350038-1,LC
1465732,,Homalomena cochinchinensis,Engl.,2868580,87174-1,
1465734,Heart-shaped homalomena,Homalomena cordata,Schott,2868654,87178-1,
1428773,,Homalomena griffithii,(Schott) Hook.f.,4933187,87203-1,
1465789,Flat moon plant,Homalomena occulta,(Lour.) Schott,2868708,87255-1,
1465796,,Homalomena pendula,(Blume) Bakh.f.,4933184,87268-1,
1408181,"Maggie, Emerald Gem, Flat moon plant, Queen of hearts plant",Homalomena rubescens,(Roxb.) Kunth,2868726,87292-1,
1428777,Willow-Leaved Water Croton,Homonoia riparia,Lour.,3071623,350055-1,LC
1536216,,Hopea chinensis,(Merr.) Hand.-Mazz.,5669235,320865-1,EN
1428800,,Hopea griffithii,Kurz,5669074,320905-1,EN
1719914,,Hopea helferi,(Dyer) Brandis,5669049,320910-1,EN
1418642,"Chengal Pasir, Merawan Siput Jantan",Hopea odorata,Roxb.,5669231,320965-1,VU
1363481,"Barley, Common barley, Barli, Bere, Gerste, Ordzu, Арба, Арбай, जौ, तछ्व, Cereal Barley, Six-rowed Barley, Four-rowed barley, Orz, جو, యవలు",Hordeum vulgare,L.,2706056,405391-1,
1602550,Ramtamul,Horsfieldia kingii,(Hook.f.) Warb.,5564660,585728-1,LC
1420648,"Chameleon-plant, Houttuynia, Chameleon, Chameleon-flower, Chinese Lizard Tail, Heartleaf Houttuynia, Tsi, Dokudami, Fishwort, Vap Ca, Heartleaf, মচন্দৰী, 折耳根, 魚腥草, Rainbow Plant, Dj, Fish Leaf, Fish Mint",Houttuynia cordata,Thunb.,5384931,927252-1,
1420329,,Hovenia acerba,Lindl.,7273758,717557-1,LC
1370770,"Japanese raisintree, Chinese raisintree, Japanese raisin tree, Oriental raisin tree, Japanese raisin, Kemponashi, Mulberry",Hovenia dulcis,Thunb.,3039410,717558-1,LC
1783528,,Hoya bella,Hook.,3575282,98387-1,
1409692,"Honeyplant, Waxplant, Hindu Rope, هویا کارنوزا, Porcelainflower, Hoya carnosa compacta, Waxflower, Tri-Colour, Krimson Princess, Sunakhari, Bat Sheba, Hoya Memoria, گل پرتقالی, Turkish Rope, Krinke Kurls, شمعی،, Crazy cnut, Hoya Albo, Princess Hoya, Texas Rope, Red Buttons, Jade snake plant, Wayetii",Hoya carnosa,(L.f.) R.Br.,8658195,107308-3,
1428867,,Hoya coriacea,Blume,8341402,98425-1,
1718760,,Hoya curtisii,King & Gamble,3574763,98437-1,
1428869,,Hoya diversifolia,Blume,7312003,98446-1,
1718761,,Hoya elliptica,Hook.f.,3574543,98453-1,
1718764,,Hoya finlaysonii,Wight,3574423,98465-1,
1460982,,Hoya fusca,Wall.,3574339,98474-1,
1460986,,Hoya imperialis,Lindl.,3574085,98502-1,
1460988,"Sweetheart Plant, Lucky heart, قلب خوش شانس، هویا کری،, Heart leave, Sweetheart Hoya, Wax heart, Valentine Hoya, Hoya Heart",Hoya kerrii,Craib,3573959,98512-1,
1428872,"Furrowed hoya, Grooved wax flower, Lacunose-leaved hoya, Hoya Lacunosa",Hoya lacunosa,Blume,3573874,98519-1,
1420270,,Hoya lanceolata,Wall. ex D.Don,7311926,98524-1,
1718767,,Hoya lasiantha,Korth. ex Blume,3573758,98527-1,
1718768,,Hoya latifolia,G.Don,7311924,98528-1,
1460992,"Cupped Wax Plant, Hanging Wax-plant, String Of Beans",Hoya linearis,Wall. ex D.Don,7410932,98540-1,
1783530,,Hoya lobbii,Hook.f.,3573588,98542-1,
1420272,String-bean-plant,Hoya longifolia,Wall. ex Wight,7918450,98543-1,
1789418,,Hoya loyceandrewsiana,T.Green,3573553,60447849-2,
1773290,,Hoya manipurensis,Deb,3573458,98553-1,
1787794,,Hoya micrantha,Hook.f.,3573342,98565-1,
1428873,Shooting-star hoya,Hoya multiflora,Blume,3573230,98577-1,
1789420,,Hoya obovata,Decne.,3573084,98591-1,
1787797,,Hoya pachyclada,Kerr,3572856,98609-1,
1728821,,Hoya serpens,Hook.f.,3572075,98692-1,
1718782,"Ridley's hoya, Waxflower, Waxplant, Waxvine",Hoya verticillata,(Vahl) G.Don,7311750,98729-1,
1777335,,Hultholia mimosoides,(Lam.) Gagnon & G.P.Lewis,9362258,77158068-1,LC
1418380,"Japanese Hop, Wild Hop, Asian hop",Humulus scandens,(Lour.) Merr.,2984537,584308-1,
1720346,,Huperzia carinata,(Desv.) Trevis.,3991701,169757-3,
1721960,,Huperzia fordii,(Baker) R.D.Dixit,7629865,17515810-1,
1790200,"Common tassel fern, Norfolk Pine",Huperzia goebelii,(Nessel) Holub,3992249,17517350-1,
1720774,Tassel fern,Huperzia nummulariifolia,(Blume) Jermy,3990698,17440770-1,
1408195,"Tassel fern, Common tassel fern, Coarse Tassel Fern",Huperzia phlegmaria,(L.) Rothm.,3992164,169764-3,
1720349,Daggerleaf clubmoss,Huperzia phyllantha,(Hook. & Arn.) Holub,2688499,17518040-1,
1408197,Rock tassel fern,Huperzia squarrosa,(G.Forst.) Trevis.,3990894,1136473-2,
1720351,,Huperzia tetrasticha,(Kunze ex Alderw.) Holub,8672748,17518460-1,
1720044,,Hydnocarpus castaneus,Hook.f. & Thomson,3878251,111741-1,LC
1447612,"Hainan Jatropha, Dragon Horn, Black Shell, Dafengzi Oil",Hydnocarpus hainanensis,(Merr.) Sleumer,3878156,365623-1,VU
1720048,,Hydnocarpus ilicifolius,King,3878122,111748-1,LC
1428887,Ant plant,Hydnophytum formicarum,Jack,2895700,753446-1,
1777332,,Hydrangea ampla,(Chun) Y.De Smet & Granados,8576864,77152136-1,
1776257,Japanese Climbing-hydrangea,Hydrangea anomala,D.Don,7318939,791541-1,
1776258,Rough-leaf hydrangea,Hydrangea aspera,Buch.-Ham. ex D.Don,3645663,791547-1,LC
1554953,,Hydrangea chinensis,Maxim.,7319010,791560-1,
1720139,,Hydrangea febrifuga,(Lour.) Y.De Smet & Granados,8682693,77152127-1,
1776259,,Hydrangea heteromalla,D.Don,3645102,791600-1,LC
1361819,"Hydrangea, Hortensia, Bigleaf Hydrangea, Lacecap hydrangea, Mountain Hydrangea, Chinese sweetleaf, French hydrangea, Lace Cap Hydrangea, ادریسی, Tea of Heaven, Russian sage, Cẩm Tú Cầu (Vietnam), Mop head hydrangea, Hortenzija, Christmas flower, Hydrangea macrophylla var. serrata, Siti Zubaidah, Mophead hydrangea, Annabelle Hydrangea, Southern Pink",Hydrangea macrophylla,(Thunb.) Ser.,2985994,791637-1,
1776262,,Hydrangea robusta,Hook.f. & Thomson,3645777,791671-1,LC
1777329,,Hydrangea schizomollis,Y.De Smet & Granados,8512964,77152143-1,
1721742,,Hydrangea viburnoides,(Hook.f. & Thomson) Y.De Smet & Granados,8592945,77152135-1,
1554991,,Hydrangea xanthoneura,Diels,3645098,791714-1,LC
1389733,"Florida elodea, Hydrilla, Waterthyme, Indian Stargrass, Esthwaite waterweed, Perfect aquatic weed",Hydrilla verticillata,(L.f.) Royle,5329570,114224-3,LC
1428888,Marsh henna,Hydrocera triflora,(L.) Wight & Arn.,5687094,373938-1,LC
1384659,"Lawn marshpennywort, Creeping Charlie, Lawn pennywort, Lawn water pennywort, Lawn Marsh-Pennywort, Sumanggi gunung, Takè cèna, Shiny pennywort, Lawn water pennyword, Marsh Pennywort, Thankuni (Bangla), Dhaniya, সৰু মানিমুনি",Hydrocotyle sibthorpioides,Lam.,8418338,843698-1,LC
1364266,,Hydrolea zeylanica,(L.) Vahl,3612749,432249-1,LC
1674271,,Hydrophylax maritima,L.f.,5339552,753519-1,
1385539,"Hygrophila, Long leaved barleria, Marsh Barbel, Mokharaa (cg)",Hygrophila auriculata,(Schumach.) Heine,5415352,49646-1,LC
1433079,"Starhorn, Stiff beargrass, Temple plant, Giant hygro",Hygrophila corymbosa,(Blume) Lindau,5415353,49671-1,
1783934,Water-wisteria,Hygrophila difformis,(L.f.) Blume,7549085,49676-1,LC
1418524,"East Indian swampweed, Indian swampweed, Miramar-weed, Hygrophila, Dwarf Hygrophila, Indian hygrophila, East Indian hygrophila, Green hygro",Hygrophila polysperma,(Roxb.) T.Anderson,5415355,49756-1,LC
1719973,Erect hygrophila,Hygrophila ringens,(L.) R.Br. ex Spreng.,5575224,60454721-2,
1428892,"Bengal wild rice, Asian watergrass, Awned water rice, Asian water grass",Hygroryza aristata,(Retz.) Nees ex Wight & Arn.,4147943,405424-1,
1578717,South Eastern Asian tick clover,Hylodesmum laxum,(DC.) H.Ohashi & R.R.Mill,2971248,1014613-1,
1578725,Common tick clover,Hylodesmum podocarpum,(DC.) H.Ohashi & R.R.Mill,2971272,1014622-1,
1578726,Chinese wavy-leaf desmodium,Hylodesmum repandum,(Vahl) H.Ohashi & R.R.Mill,2971234,1014628-1,
1403033,"Olive hymenachne, West Indian marsh grass, Hymenachne",Hymenachne amplexicaulis,(Rudge) Nees,2705781,405429-1,
1720486,,Hymenasplenium excisum,(C.Presl) S.Linds.,8415232,60453405-2,
1729771,,Hymenasplenium obscurum,(Blume) Tagawa,4257985,17398780-1,
1706295,Beard filmy fern,Hymenophyllum barbatum,(Bosch) Baker,8222617,17121800-1,
1409048,,Hymenophyllum digitatum,(Sw.) Fosberg,3607448,17557440-1,
1417068,,Hymenophyllum holochilum,(Bosch) C.Chr.,8235099,17123340-1,
1426317,,Hymenophyllum javanicum,Spreng.,3608672,17123540-1,
1416977,,Hymenophyllum pallidum,(Blume) Ebihara & K.Iwats.,3607415,60447928-2,
1720670,,Hymenophyllum tenellum,D.Don,8112107,17125520-1,
1360555,"بنگ دانه, Common henbane, Henbane, Black henbane, Stinking-nightshade, Hog's-bean, Cassilago, بات بات",Hyoscyamus niger,L.,2928978,815932-1,
1364659,,Hyparrhenia bracteata,(Humb. & Bonpl. ex Willd.) Stapf,4147410,126065-2,
1651936,,Hyparrhenia diplandra,(Hack.) Stapf,4147250,405503-1,
1364656,,Hyparrhenia familiaris,(Steud.) Stapf,4109902,405516-1,
1431811,"Tambookie grass, Fine thatching grass, Hairy-bluegrass, Fine hoodgrass, Fine thatchinggrass",Hyparrhenia filipendula,(Hochst.) Stapf,2703245,405519-1,
1363410,"South African bluestem, Thatching grass, Tambookie grass, Coolatai grass, Common thatching grass, Coolatie grass, Tratching grass, Iarba cu Paie",Hyparrhenia hirta,(L.) Stapf,2703243,405537-1,
1651942,,Hyparrhenia newtonii,(Hack.) Stapf,4109498,405555-1,
1364644,,Hyparrhenia nyassae,(Rendle) Stapf,4109473,405558-1,
1361310,"Jaragua grass, Giant thatching grass",Hyparrhenia rufa,(Nees) Stapf,2703246,405583-1,
1412307,"Giant St John's wort, Great St Johnswort, Great St. Johnswort",Hypericum ascyron,L.,3189479,30453546-2,
1393238,Forrest's Tutsan,Hypericum forrestii,(Chitt.) N.Robson,3712539,433440-1,
1428894,Small St John's-wort,Hypericum gramineum,G.Forst.,3189498,433465-1,
1555279,,Hypericum henryi,H.Lév. & Vaniot,7329996,428473-1,
1555280,,Hypericum himalaicum,N.Robson,3711825,433489-1,
1419198,"Hooker's St. Johnswort, Hooker's hypericum",Hypericum hookerianum,Wight & Arn.,6436595,433495-1,
1428896,"Matted St. John's-wort, Matted St John's-wort, Swamp hypericum, Japanese St John's-wort, Japanese St. John's wort",Hypericum japonicum,Thunb.,7948012,323251-2,
1555420,,Hypericum reptans,Hook.f. & Thomson ex Dyer,3712281,433796-1,
1555434,,Hypericum sampsonii,Hance,3711910,433828-1,
1428898,,Hypericum uralum,Buch.-Ham. ex D.Don,3714976,433941-1,
1744020,"Thread-Stem Carpetweed, Threadstem carpetweed",Hypertelis cerviana,(L.) Thulin,9397635,77158665-1,
1408216,Bigfoot fern,Hypodematium crenatum,(Forssk.) Kuhn,4016824,17126060-1,
1385526,,Hypoestes triflora,(Forssk.) Roem. & Schult.,3776474,50026-1,
1779099,,Hypolepis tenuifolia,(G.Forst.) Bernh.,5275022,17126900-1,
1428904,"Asia star-grass, Asia yellow stars, Golden Star Grass",Hypoxis aurea,Lour.,2852790,65352-1,
1428906,Lesser roundweed,Hyptis brevipes,Poit.,7306536,447982-1,
1406363,"Knobweed, False Ironwort, Ironwort, Wild-hops",Hyptis capitata,Jacq.,2926815,447996-1,
1403037,"Caruzo, Water Grass",Ichnanthus pallens,(Sw.) Munro ex Benth.,2704501,405749-1,
1428907,Ichnocarpus,Ichnocarpus frutescens,(L.) W.T.Aiton,7778424,79384-1,
1718398,,Iguanura wallichiana,(Mart.) Benth. & Hook.f. ex Becc.,7933984,60458953-2,
1420655,"Japanese holly, Box-leaf holly, Box-leaved holly",Ilex crenata,Thunb.,5414239,83193-1,
1428912,Marsh holly,Ilex cymosa,Blume,5533710,83213-1,LC
1420664,Himalayan holly,Ilex dipyrena,Wall.,5534633,83237-1,LC
1420672,Farges’s Holly,Ilex fargesii,Franch.,7315837,83283-1,LC
1463685,,Ilex fragilis,Hook.f.,7315769,83310-1,LC
1420717,"Kurogane holly, Round-leaf holly",Ilex rotunda,Thunb.,7154501,83703-1,LC
1463992,,Ilex yunnanensis,Franch.,5533819,83885-1,LC
1688226,,Illicium parvifolium,Merr.,7314083,554531-1,LC
1688229,,Illicium simonsii,Maxim.,3592351,554541-1,LC
1409705,"Chinese star-anise, Staranise Tree, Star-anise, True star anise",Illicium verum,Hook.f.,2889756,554553-1,
1473480,Toothed busy lizzie,Impatiens arguta,Hook.f. & Thomson,4192927,373962-1,
1363815,"Balsam, Garden balsam, Touch-me-not, Rose balsam, Spotted snapweed, ꯈꯨꯖꯪ, Balsam weed, Garden Touch-me-not, Jewel Weed, నీల గోరింట (TELUGU), দোপাটি, Balsam(Gul mehndi), Pacar Air, Patience balsamina, Kamantigui, Balsamina, পাটফুল, Balsamină; Slăbănoģ, Kamantigue, گل حنا, Belsemina",Impatiens balsamina,L.,2891773,373978-1,
1428921,Broad-petaled Balsam,Impatiens platypetala,Lindl.,4193746,374276-1,
1473794,,Impatiens racemosa,DC.,7399973,374298-1,
1789979,,Impatiens santisukii,T.Shimizu,4192982,1017469-1,
1729403,Toothed busy lizzie,Impatiens spirifera,Hook.f. & Thomson,7632177,374353-1,
1397707,"Busy lizzy, Impatiens, گل حنا, Sultan's Balsam, Busy Lizzie, Bizzy lizzy, Balsam, Zanzibar balsam, Sultana, Sultan's flower, Garden impatiens, Patience plant, Patient Lucy, Buzzy lizzy, Maria-sem-vergonha (Brasil), Indoor Beauty, Pink rose, امپیشن, Teresita, Pacar Air, Madagascar periwinkle, Impatiens x hybrids hort, Red spot, Busy-Lissie, Besitos",Impatiens walleriana,Hook.f.,2891772,374419-1,
1363401,"Sharp grass, Alang-alang, Blady grass, Cogon grass, Japgrass, Satintail, Speargrass, Lalang, Silver spikegrass, Japanese blood grass, Kunai grass, Cogon Satin-tail, Cottonwool grass, Sword Grass, Elephant grass, Woollygrass, Red Baron, దర్భగడ్డి, Bloodgrass, Striped Grass",Imperata cylindrica,(L.) Raeusch.,8424006,30138371-2,
1596280,,Indianthus virgatus,(Roxb.) Suksathan & Borchs.,3920483,77098027-1,
1748501,"Bengal indigo, Java indigo, Natal indigo, African indigo",Indigofera arrecta,Hochst. ex A.Rich.,2972067,498996-1,
1367442,"Silky indigo, Hairy Indigo",Indigofera astragalina,DC.,2972077,499007-1,
1729405,Purpleflower indigo,Indigofera atropurpurea,Buch.-Ham. ex Hornem.,2972187,499014-1,LC
1729407,,Indigofera cassioides,Rottler ex DC.,2971507,499119-1,
1359259,,Indigofera coerulea,Roxb.,2971772,60468367-2,
1423609,"Rusty Indigo, Sticky indigo",Indigofera colutea,(Burm.f.) Merr.,8425549,499156-1,
1747873,,Indigofera cordifolia,B.Heyne ex Roth,2972128,499181-1,
1729408,,Indigofera cylindracea,Graham ex Baker,2971533,499204-1,
1729409,,Indigofera dosua,Buch.-Ham. ex D.Don,2972135,499275-1,
1367601,,Indigofera galegoides,DC.,2971494,499375-1,LC
1408928,,Indigofera glabra,L.,2971427,499388-1,
1367457,"Trailing indigo, Creeping indigo, Spicate indigo",Indigofera hendecaphylla,Jacq.,2971634,499440-1,
1402841,"Hairy indigo, Rough hairy indigo, Roughhairy indigo",Indigofera hirsuta,L.,2972082,499456-1,
1579042,Narrowleaf indigo,Indigofera linifolia,(L.f.) Retz.,2971525,499578-1,LC
1367468,,Indigofera nummulariifolia,(L.) Livera ex Alston,2971920,499732-1,
1367477,"Anil indigo, Anil-de-Pasto, Anil de pasto, Guatemala indigo, Small-leaved indigo, West Indian indigo, Wild indigo, Indigo, Indigobush, Indigo Plant, Markham Gungo",Indigofera suffruticosa,Mill.,2971774,500063-1,
1408229,"Dye indigo, Indigo, Indian indigo, True indigo, Tarom, Taum, Common indigo, Bengal Indigo, Ceylon Indigo, Wild Indigo, Chinese indigo, Commercial Indigo, Dyers Indigo, East Asian Indigo Plant, Black Henna, Digo, Indian Maddar, Indigo Sauvage, నీలిమందు మొక్క",Indigofera tinctoria,L.,2972043,500111-1,
1433226,Threeleaf indigo,Indigofera trifoliata,L.,2971584,500126-1,
1410196,Asian Indigo,Indigofera trita,L.f.,4271745,500135-1,LC
1752254,,Indigofera tsiangiana,Metcalf,3968093,500140-1,
1418963,Zollinger's indigo,Indigofera zollingeriana,Miq.,2972275,500204-1,LC
1368144,"Johnstone River-teak, Moluccan ironwood, Pacific-teak, Scrub-mahogany, Borneo-teak, Ifil, Bajam teak, Ipil, Fehi, Gayac",Intsia bijuga,(Colebr.) Kuntze,2963211,500954-1,NT
1428931,"Merbau, Borneo-teak, Malacca teak, Marabaw Tree Of Malacca",Intsia palembanica,Miq.,2963233,500962-1,NT
1512346,"Hooker's inula, Hooker's-fleabane",Inula hookeri,C.B.Clarke,3148331,225929-1,
1512375,"Indian Elecampane, Himalayan Elecampane",Inula racemosa,Hook.f.,4933624,226066-1,
1555790,,Iodes vitiginea,(Hance) Hance,5529313,434395-1,
1496804,,Iphigenia indica,(L.) A.Gray ex Kunth,5294824,536920-1,LC
1369079,"Moon flower, Moonvine, Tropical White Morning-Glory, Moonflower or moon vine, Lilac Bell, White Moonflower, White morning glory, White-flowered morning glory, Moon flowers, Giant Moonflower, Killarney fern, Koali-pehu, Tropical white morningglory, Evening glory",Ipomoea alba,L.,2928631,129128-2,LC
1364027,"Chinese water-spinach, Kangkung, Kang kong, Swamp morning-glory, Water-convolvulus, Water-spinach, Chinese waterspinach, River spinach, Water morning glory, Swamp morningglory, Potato vine, Swamp cabbage, Water sweet potato, Aquatic morning glory, Ung-choi, Water bindweed, কলমি শাক, সাদা কলমি, Ipomea reptans Poir",Ipomoea aquatica,Forssk.,2928525,268410-1,LC
1364034,Ginger-leaf morning-glory,Ipomoea asarifolia,(Desr.) Roem. & Schult.,2928595,268434-1,
1527498,,Ipomoea aspera,(Choisy) Vatke,3678456,268437-1,
1364028,"Sweetpotato, Yam, Imbambaila, A̱nya̱nyiat a̱da̱ngka̱li, Gowi, Konga, Sabbhrâng longghâ, Swētu eorþperu, Séla, Baataat, Ndɔŋ, Ngahi, Ŋòlda᷆ytà, Батат, `Uala, Tuberous-rooted Bindweed, Veined Bristle-fern, Batate, Pasqueflower, చిలగడ దుంప (కంద గడ్డ), Sweet Potato Vine, Cimbwali, בטטה, Kachamba, سیب زمینی شیرین، پندال, Bwansi, پندال زینتی سیاه, Kandolo, 番薯 (Mandarin), Saldais Kartupelis (LVL)",Ipomoea batatas,(L.) Lam.,2928551,1101088-2,DD
1527507,Bellvine,Ipomoea biflora,(L.) Pers.,8302726,268495-1,
1358015,"Railroad-creeper, نیلوفر پیچ, Railway-creeper, Mile-a-minute, Mile-a-minute-vine, Five-leaf morning-glory, Cairo morning-glory, Coastal morning-glory, Mile a minute vine, Mile-a-minute vine, Messina creeper, Coast morning glory, Five-fingered morning glory, Five-leaf morning glory, Cairo Morningglory, Five-fingered morningglory",Ipomoea cairica,(L.) Sweet,2928531,268564-1,LC
1356270,"Morning-glory, Bush Morning Glory, Gloria-de-la-Manana, Gloria de la manana, Shrub ipomoea, Morning glory-bush, Algodão-bravo, కట్ల, Besarm, نیلوفر درختی, Mahanandi",Ipomoea carnea,Jacq.,2928590,30299665-2,
1426341,"Alamovine, Egyptian morning glory",Ipomoea coptica,(L.) Roth,8117771,268686-1,LC
1408231,"Morningglory, Tiny morning glory, Woolly-fruited morning glory",Ipomoea eriocarpa,R.Br.,2928545,268832-1,
1369421,"Scarlet creeper, Red Star Glory, Ivy-leaf morning-glory, Star ipomoea, Scarlet Morning Glory, Ivy-leaved Morning Glory, Red Morning-glory, Ivy-leaf morning glory, Morning-glory, Trompillo, Ivy-leaved Morningglory, Destructive Glory",Ipomoea hederifolia,L.,2928624,268999-1,
1364037,"Fiddle-leaf morning-glory, White-flower beach, Beach morning-glory, Seafoam morning glory, Beach morningglory, Intermediate Polypody",Ipomoea imperati,(Vahl) Griseb.,2928596,60442184-2,
1364032,"Blue dawnflower, Common morning-glory, Morning-glory, Blue morning-glory, Perennial morning-glory, Purple morning-glory, Tall morning-glory, Ocean-blue morning-glory, Purple-flower bellvine, Purple-flower morning-glory, Oceanblue morning-glory, Oceanblue Morningglory, Blue morningglory, Blue dawn flower, Dawnflower, Ocean-blue morning glory, Bejuco-de-Gloria, Indian Dawnflower, Indian Ipomoea, Honeysuckle, Purple Bellvine, Sweet Caroline purple",Ipomoea indica,(Burm.) Merr.,2928598,269086-1,
1408233,"White-flower beach morning-glory, Coastal morning-glory, Whiteflower beach morning-glory, Whiteflower beach morningglory",Ipomoea littoralis,Blume,2928581,269213-1,LC
1418480,"Spanish-flag, Exotic Love Vine, Fire vine, Mint lobata, Firecracker vine, Exotic love",Ipomoea lobata,(Cerv.) Thell.,11065948,129456-2,
1369234,"Mauritanian convolvulus, Natal cotton plant, Giant potato, Large forest ipomoea",Ipomoea mauritiana,Jacq.,4927144,269292-1,
1418481,"Lilac-bell, Purple moonflower, Small moonflower, Moon-vine, Purple morning glory",Ipomoea muricata,(L.) Jacq.,8227635,269359-1,
1369244,"Morning Glory, Japanese morning-glory, Blue morning-glory, White-edge morning-glory, Ivy morning-glory, Whiteedge morning-glory, Lobedleaf pharbitis, Campanita, Ivy-Leaved Morning Glory, Pharbitis seeds, Picotee morning glory, Red Star Glory, Southern Polypody, Qian niu, Whiteedge morningglory, Ivy-Leaf Morning-Glory",Ipomoea nil,(L.) Roth,2928534,1071575-2,
1358017,"Obscure morning-glory, Small White Morning Glory, Lesser Glory, Wild petunia, Obscure morningglory, نیلوفر پیچ, Tinospora",Ipomoea obscura,(L.) Ker Gawl.,2928565,269406-1,
1401297,"Bayhops, Brazilian bayhops, Beach moning glory, Railroad-vine, Bay winders, Beach morning-glory, Goat's-foot, Goat's-foot-convolvulus, Seaside yam, Sea Vine, Seaside Potato, Seaside morning glory, Goat's foot vine, Sea morning glory, نیلوفر رونده گرمسیری، پا بزی",Ipomoea pes-caprae,(L.) R.Br.,7999386,30040623-2,LC
1428936,"Morningglory, Tiger-foot morning glory, Cupid's flower, Tiger's foot, Bindweed, Angulilata (Bangla), Panchpatia (Hindi)",Ipomoea pes-tigridis,L.,2928524,269518-1,
1424651,,Ipomoea pileata,Roxb.,7829065,269538-1,
1364031,"Morning Glory, Australian Tree-fern, Common morning-glory, Tall morning-glory, Common Morningglory, Tall Morningglory, Purple morning glory, Bindweed, Common morninglory, Moon Flower, نیلوفر ارغوانی, Purpursārtais Rīta Krāšņums (LVL), Mike flower/ মাইক ফুল, Purple Ipomoea, لاولاو, Clarke's Heavenly Blue, لبلاب, Grandpa Ott",Ipomoea purpurea,(L.) Roth,2928576,30043043-2,
1364035,"Hummingbird Vine, Cypressvine, Cardinal vine, Indian-pink, Cardinal-climber, Cypressvine morning-glory, Red-jasmine, Star-glory, Star-of-Bethlehem, Sweet-Willy, Quamoclit, Sweet william, Sweet- Willy, Morning-Glory, Cypress Vine Morning Glory, Cupid Flower, Starglory Morning Glory, Cupid's flower, Cardinal creeper, Scarlet cypress vine, Star morning-glory, Bracken, Cypress-vine morning-glory, Cypressvine morningglory, కాశీరత్నం, তরুলতা",Ipomoea quamoclit,L.,2928562,326361-2,
1369283,,Ipomoea rubens,Choisy,4927157,269697-1,LC
1718612,,Ipomoea sagittifolia,Burm.f.,6708886,269715-1,
1401309,"Bejuco de puerco, Wild Potato Vine, Wild potato",Ipomoea tiliacea,(Willd.) Choisy,2928552,269949-1,LC
1364036,"Heavenly-blue morning-glory, Morning-glory, Pearly-gates, Flying-saucers, Blue Morning Glory, Grannyvine, Ololiuqui or Mexican Morning Glory, Tlitliltzin, Tricolored morning glory, Multicolored morning glory, Campanilla, Three-colored Morning-glory, Granny morning-glory, Marsh fern, Yaxcelil, Mexican Morning Glory, نیلوفر پیچ،",Ipomoea tricolor,Cav.,2928589,269966-1,
1369968,"Little-bell, Three-Lobed Morning-Glory, Three-lobe morning glory, Little-bell morning glory, Campanilla morada, Beech Fern, Krug's white morning-glory, Krug's white morningglory, Three-lobed morning glory, Trilobed morning glory",Ipomoea triloba,L.,2928547,129763-2,LC
1369481,"Sea moonflower, Moonflower, Beach moonflower, Moon Vine, Heavenly-Blue Morning-Glory, Heavenlyblue Morning-Glory, Heavenlyblue morningglory, Ololiuqui, Beach Morning Glory, Coast moon vine, Lemon-scented Fern, Violet Morning-glory",Ipomoea violacea,L.,2928516,270063-1,
1405499,"Bloodleaf, Juba's-bush, Jubba bush, Kitenge, Bloodplant, Beefsteak, Chicken gizzard, Bloody Mary",Iresine diffusa,Humb. & Bonpl. ex Willd.,3085038,129900-2,
1556692,Southwest iris,Iris bulleyana,Dykes,5298364,438442-1,
1556707,Gold-vein iris,Iris chrysographes,Dykes,5298752,438478-1,
1556711,Tibet iris,Iris clarkei,Baker ex Hook.f.,5298142,438490-1,
1556730,,Iris dolichosiphon,Noltie,5298541,939031-1,
1410171,"Blackberry lily, Leopard Flower, Shenan, Belamcanda, Leopard Lily",Iris domestica,(L.) Goldblatt & Mabb.,5298546,60438342-2,
1556737,Yunnan iris,Iris forrestii,Dykes,5299139,438611-1,
1408237,"Butterfly-flower, Fringed iris, Japanese crested iris",Iris japonica,Thunb.,5297939,438741-1,
1556783,,Iris kemaonensis,Wall. ex D.Don,5298492,20008205-1,
1557870,,Irvingia malayana,Oliv. ex A.W.Benn.,5380959,813775-1,LC
1652036,,Isachne albens,Trin.,4144827,405899-1,LC
1652050,,Isachne clarkei,Hook.f.,4144534,405934-1,LC
1415413,"Swamp millet, Swamp bloodgrass",Isachne globosa,(Thunb.) Kuntze,4144475,405963-1,LC
1423956,"Aristate toco grass, Toco grass, Batiki bluegrass, Tabaquitegrass",Ischaemum aristatum,L.,4113668,406112-1,
1652126,,Ischaemum barbatum,Retz.,4143829,406121-1,
1428938,"Smut grass, Batiki-bluegrass, Indian murainagrass, Grass, Java grass, Javanese grass, Toto grass",Ischaemum ciliare,Retz.,2702461,406134-1,
1652148,,Ischaemum heterotrichum,Hack.,4153115,406182-1,EN
1400299,"Drought grass, Seashore centipede grass, Bamboograss, Seashore centipedegrass",Ischaemum muticum,L.,4143195,406245-1,LC
1423957,Paddle grass,Ischaemum polystachyum,J.Presl,4142940,406267-1,LC
1364932,"Saramatta grass, Murain grass, Muraino grass, Ribbed muraina grass, Wrinkled duck-beak, Wrinkled grass, Ribbed murainagrass, Muraina grass, Saramolla grass, Saromacca grass, Winkle grass, Co muraina, Tho muraina, Wrinkle duck-beak",Ischaemum rugosum,Salisb.,2702462,406281-1,LC
1364933,"Centipede grass, Waindoi grass, Lucuntu grass, Stalk-Leaf Muraina Grass, Stalkleaf murainagrass",Ischaemum timorense,Kunth,2702458,406315-1,
1652203,,Iseilema prostratum,(L.) Andersson,4152487,406356-1,
1393309,"Tricolor daisy, Tricolour Chrysanthemum, Tricolor Chrysanthemum, Tricolour Daisy",Ismelia carinata,(Schousb.) Sch.Bip.,3091997,226246-1,
1560214,,Isodon coetsa,(Buch.-Ham. ex D.Don) Kudô,7308656,448568-1,
1560246,,Isodon lophanthoides,(Buch.-Ham. ex D.Don) H.Hara,8060712,915140-1,
1560283,,Isodon scrophularioides,(Wall. ex Benth.) Murata,5608853,448612-1,
1560293,,Isodon ternifolius,(D.Don) Kudô,5608825,448620-1,
1393317,"Floating Club-rush, Floating spikerush, Floating clubrush, Floating Mud-rush",Isolepis fluitans,(L.) R.Br.,2713142,309323-1,LC
1393320,"Bristle Club-rush, Bristleleaf bulrush, Bristle clubrush, Bristle-leaved bulrush, Bristle-like Mud-rush",Isolepis setacea,(L.) R.Br.,2713300,309559-1,LC
1557873,,Itea chinensis,Hook. & Arn.,5617095,791722-1,LC
1763519,Yellow bristle-hair ixeris,Ixeris chinensis,(Thunb.) Nakai,3115562,50918373-1,
1512513,Weak ixeris,Ixeris japonica,(Burm.f.) Nakai,3115579,226387-1,
1512522,Creeping beach ixeris,Ixeris repens,(L.) A.Gray,3115554,226418-1,
1428940,Twenty men tree,Ixonanthes icosandra,Jack,4259170,544276-1,LC
1428942,Ten men tree,Ixonanthes reticulata,Jack,4259197,544286-1,LC
1371943,"Chinese ixora, রঙ্গন, Flame of the woods, Jungle flame, Jungle geranium, Santan (tagalog), రామ బాణం, வெட்சி, சிந்தூரம், Ixora",Ixora chinensis,Lam.,2905600,753834-1,LC
1371944,"Ixora, রঙ্গন, Scarlet jungleflame, Flame-of-the-woods, Jungle-geranium, Flame of woods, Burning love, Flame flower, Jungle flame, Palm of the wood, Flame Of The Wood, Flame Of The Woods, Jungle flame ixora, Sacred Ixora, Needle flower, రామబాణం(ఎర్రగుత్తు పూలు), തെച്ചി, रंजन, Soka, Cruz de Marta, Ixora Maui, ઈકઝોરા, Santan, ചെത്തി, Asoka, Cây mẫu đơn, Ixora Coral Fire",Ixora coccinea,L.,2905493,753844-1,
1406094,"Fragrant ixora, Siamese white ixora, White jungle flame, తెల్ల నూరువరహాలు",Ixora finlaysoniana,Wall. ex G.Don,2905676,753956-1,LC
1371963,"Javanese ixora, Jungle Geranium",Ixora javanica,(Blume) DC.,2905700,754072-1,LC
1371947,"Torch Tree, Torchwood, Small Flowered Ixora, Torch Wood Tree",Ixora pavetta,Andrews,2905713,754326-1,LC
1728656,,Ixora undulata,Roxb. ex Sm.,10986690,754544-1,
1424470,,Jacquemontia paniculata,(Burm.f.) Hallier f.,6135830,270221-1,
1406043,"Skyblue Clustervine, Sky-blue morning glory",Jacquemontia pentanthos,(Jacq.) G.Don,5341727,270229-1,
1363990,"Hairy clustervine, Smallflower, Small-flower morning glory",Jacquemontia tamnifolia,(L.) Griseb.,5341725,270265-1,
1609176,Princess jasmine,Jasminum adenophyllum,Wall. ex C.B.Clarke,8417424,60464444-2,
1409095,"Needle-flower jasmine, Indian hasmine",Jasminum auriculatum,Vahl,3682675,609352-1,
1609222,,Jasminum dispermum,Wall.,7326205,609451-1,
1428956,"Common Malaysian jasmine, Red Kund",Jasminum elongatum,(P.J.Bergius) Willd.,3172264,609469-1,
1609254,"Angel-wing jasmine, Star jasmine, Windmill jasmine",Jasminum laurifolium,Roxb. ex Hornem.,8392779,927662-1,
1383124,"Japanese jasmine, Primrose jasmine, Yellow jasmine, Chinese jasmine, Primerose Jasmine, یاسمن زرد",Jasminum mesnyi,Hance,3172272,609624-1,
1409175,"Star Jasmine, Angel-hair jasmine",Jasminum multiflorum,(Burm.f.) Andrews,3172267,609641-1,
1609274,,Jasminum nepalense,Spreng.,3683071,609650-1,
1423964,,Jasminum nervosum,Lour.,3683063,609651-1,
1383126,"Pink jasmine, Winter jasmine, Duo hua su xin, గులాబి మల్లె",Jasminum polyanthum,Franch.,3682631,609699-1,
1383127,"Arabian jasmine, मोगरा, বেলী, موتیا, Mogra, Melati, فل, موگرہ, Sampaguita, రెండంతస్తుల మల్లె, یاس گرمسیری, Sambac jasmine, Pikake, Malaṭè, Tuscan-jasmine, Jasmine, Dahurian larch, Zambak, மதுர மல்லி, یاس رازقی, बेला, నంది వర్ధనం, יסמין ערבי, סמבק, יסמין סמבק, Bela, Juhi, یاس عربی, စပယ် (in Burmese), Aladdin's Jasmine (Jasmine = Jah's Mine = My God)",Jasminum sambac,(L.) Aiton,7587215,609755-1,
1609306,Jasmine,Jasminum simplicifolium,G.Forst.,3682067,609775-1,
1375622,"Physicnut, Jatropha, Purgenut, Purgingnut, Barbados-nut, Bubblebush, Jarak, Klèkè, Grave Physic Nut, Physic nut tree",Jatropha curcas,L.,3072953,131462-2,LC
1401703,"Bellyache-bush, Cotton-leaf physicnut, Black physicnut, American purging nut, Cotton-leaf jatropha, Purging nut, Red fig-nut flower, Wild cassava, Pandou, Oil Nut Tree, Physic Nut, Pondu, Cottonleaf physic nut, Barbados Nut or Physic-Nut, Belly-ache bush, Cotton Leaf, Frailecillo, Puppet seed plant, Red physic nut, Sibidigua, Tua-Tua, Wild castor oil, Erva purgante, Mamoninha, నేపాలం, Shale miluk, Tuba tuba (Cuba), বঙালী এৰা, Damar hutan, Arenda, Pinhão",Jatropha gossypiifolia,L.,3072900,323930-2,LC
1375624,"Coral Bush, Coralplant, French physicnut, Spanish physicnut, St. Vincent physicnut, Coral tree, Physic nut, Tentir",Jatropha multifida,L.,3072985,314308-2,LC
1428960,"Joey palm, Diamond joey",Johannesteijsmannia altifrons,(Rchb.f. & Zoll.) H.E.Moore,2731747,667632-1,
1358713,"Black Walnut, English walnut, Walnut, Carpathian walnut, Persian walnut, گردوی ایرانی, Common Walnut, Madeira walnut, Walnut-tree, अखरोट, Ceviz ağacı, Crni orah, Himalayan Walnut, Hoja de nogal, Nogal, Lanu, Mixpa, Makxu'kutkiwi, Noiâr, Valrieksts (LVL), Jodemza",Juglans regia,L.,3054368,442427-1,LC
1361572,"Joint-leaf rush, Jointed rush, Jointleaf rush",Juncus articulatus,L.,2701261,442698-1,LC
1363326,"Toad rush, Common Toad Rush, Toad Grass",Juncus bufonius,L.,6413649,30079279-2,LC
1363328,"Cork-screw rush, Soft-rush, Common rush, Candle Rush, Corkscrew rush, Lamp Rush, Bog Rush, Common Bog Rush, Pin rush, Spiral Rush, Common soft rush, Small rush, Juncus Spiralis, Bull Rush",Juncus effusus,L.,2701311,442917-1,LC
1363329,"Hard Rush, Blue rush, Sea-green rush, Incurved rush, Wire rush, European Blue Rush, European meadow rush, Blue Arrow Juncus Grass, سازوی شلاقی",Juncus inflexus,L.,2701841,443065-1,LC
1558102,,Juncus leucanthus,Royle ex D.Don,2701493,443130-1,
1423966,,Juncus prismatocarpus,R.Br.,2701743,443381-1,LC
1558197,,Juncus thomsonii,Buchenau,2701320,443583-1,
1558210,Wallich’s rush,Juncus wallichianus,J.Gay ex Laharpe,2701943,443659-1,LC
1393361,"Chinese juniper, Chinese pyramid juniper, Blue Alps, Chinski Jałorc (HSB), Bonsai Juniper",Juniperus chinensis,L.,2684363,30044367-2,LC
1418590,"Himalayan juniper, Coffin juniper, Drooping juniper, Sacred Juniper",Juniperus recurva,Buch.-Ham. ex D.Don,2684844,262325-1,LC
1740397,"Flaky Juniper, Himalayan juniper, Nepalese juniper, Scaly-leaf Nepal juniper, Single-seed juniper, Blue Star",Juniperus squamata,D.Don,2684690,262360-1,LC
1409734,"Vasaka, Malabar-nut, Pavettia, Malabar-nut-tree, Bhaikar, Malabar nut tree, Adhatoda, Adulsa, Vasa, అడ్డసరం, वसाका, Sambong",Justicia adhatoda,L.,3173105,50237-1,LC
1410254,"Shrimp Plant, False hop, Honolulu-salvia, Mexican Plume, Mexican shrimp plant, Shrimp Plants, Shrimp bush",Justicia brandegeeana,Wassh. & L.B.Sm.,3173122,289220-2,
1423614,,Justicia brasiliana,Roth,3771127,132808-2,
1418924,"Brazilian-plume, Flamingo-flower, Plumeflower, King's-crown, Brazilian plume flower, Flamingo plant, Shrimp Tail, Jacobinia",Justicia carnea,Lindl.,3770188,132826-2,
1431847,Yellow justicia,Justicia flava,(Forssk.) Vahl,7494800,50729-1,
1400245,"Warer Willow, Daun Rusa, Gandarusa, Willow-leaved justicia, Gendarussa, Sukhshanti",Justicia gendarussa,Burm.f.,7447231,50766-1,
1381152,,Justicia scandens,Vahl,7351178,51559-1,
1688239,,Kadsura coccinea,(Lem.) A.C.Sm.,7335142,554572-1,
1428965,,Kaempferia angustifolia,Roscoe,5301462,797136-1,LC
1772884,,Kaempferia elegans,Wall.,7533177,60468958-2,
1420918,"Galanga, Cekuh, Kencor, Aromatic ginger, Resurrection Lily, Sand Ginger, Galangal, Địa liền, Kencur",Kaempferia galanga,L.,5301451,797160-1,DD
1700838,"Black galingale, Thai black ginger, Thai ginseng",Kaempferia parviflora,Wall. ex Baker,5301424,797188-1,DD
1700840,"Peacock ginger lily, Peacock ginger, Silver spot",Kaempferia pulchra,Ridl.,5301431,797196-1,
1409738,"Tropical-crocus, Resurrection-lily, Kaempferia, Koncè pet, Temu pepet, Indian crocus, Hai nan san qi",Kaempferia rotunda,L.,5301445,797203-1,
1409179,"Flaming Katy, Kalanchoe, Madagascar widow's-thrill, Flaming Katie, Christmas kalanchoe, Neverdie, Ranapala, 長壽花, কালাঞ্চো, كالنشوي, Erva da fortuna, Florist kalanchoe, Flor-da-fortuna, Ranapala రణపాల, 长寿花, Hybrid Kalanchoe, Madrecita, Cultivated Kalanchoe",Kalanchoe blossfeldiana,Poelln.,2985944,274279-1,
1408258,"Christmastree plant, Cup Kalanchoe, Walking Kalanchoe, Mother of a thousand",Kalanchoe ceratophylla,Haw.,7334418,274298-1,
1379675,"Neverdie, کالانکوئه, Scalloped Kalanchoe, পাথর কুচি, Kalanchoe, كالنشوي, Kalancho, Long-lived Kalanchoe, Ornamental Kalanchoe",Kalanchoe crenata,(Andrews) Haw.,6441622,274311-1,
1363610,"Chandelier plant, Mother-of-millions, Leaf Everlasting, Life Everlasting, Mother of millions, Mother of Thousands, Kalanchoe, Devil's backbone, Mothers day plant, Four Petal Rose",Kalanchoe delagoensis,Eckl. & Zeyh.,2985940,274320-1,
1409740,"Neverdie, Flame kalanchoe",Kalanchoe integra,(Medik.) Kuntze,2985939,274376-1,
1760664,,Kalanchoe mortagei,Raym.-Hamet & H.Perrier,4199337,274415-1,
1363608,"Cathedral bells, Miracle Leaf, Tree-of-life, Lifeplant, Leaf of life, Mexican loveplant, Airplant, Curtainplant, Good-luck-leaf, Mother-in-law, Floppers, Flopper, Chandelier plant, Wonder of the world, Goethe Plant, Blooming Boxes, Canterbury bells, Donkey Ears, Resurrection plant, Pathar chatta, দুপৰটেঙা, Kidney stone plant, Never Die Plant, Patthar Chatta, Tameawu, Stone break",Kalanchoe pinnata,(Lam.) Pers.,2985930,274438-1,
1428968,,Kandelia candel,(L.) Druce,3874179,719761-1,LC
1363154,Monkey pepper,Kedrostis foetidissima,(Jacq.) Cogn.,3623873,292998-1,
1469734,"Elephant palm, White elephant palm",Kerriodoxa elegans,J.Dransf.,2732373,902297-1,
1388928,"Evelyn's Keteleeria, Evelyn keteleeria",Keteleeria evelyniana,Mast.,2685711,262402-1,VU
1428973,"Senegal Mahogany, Dryzone-mahogany, African Mahogany, Benin Mahogany, Dry Zone Mahogany",Khaya senegalensis,(Desv.) A.Juss.,3190508,578867-1,VU
1369957,,Kibatalia laurifolia,(Ridl.) Woodson,3619255,79456-1,
1378196,"Guest-tree, Timanga tree, Bataria teak, Temahau, Dange, Bola, Tree antigonon, Pelet wood",Kleinhovia hospita,L.,3152102,824074-1,LC
1512946,Jade trepador,Kleinia petraea,(R.E.Fr.) C.Jeffrey,5405661,943132-1,
1428991,Small-leaved nutmeg,Knema globularia,(Lam.) Warb.,3743505,585864-1,LC
1718975,,Knema hookeriana,(Wall. ex Hook.f. & Thomson) Warb.,3743461,585869-1,
1718965,,Knema latericia,Elmer,7333640,585879-1,LC
1718966,,Knema laurina,(Blume) Warb.,7333634,585881-1,LC
1428999,,Knema malayana,Warb.,3743221,585888-1,LC
1728872,,Knema tenuinervia,W.J.de Wilde,7333751,585936-1,LC
1674892,,Knoxia sumatrensis,(Retz.) DC.,2901155,754689-1,
1420619,"Goldenrain-tree, Chinese flame tree, Bougainvillea golden-rain tree, Jocote",Koelreuteria bipinnata,Franch.,5421179,783415-1,
1397985,"Goldenrain tree, Pride-of-India, Varnishtree, Golden-rain tree, Panicled Goldenrain Tree, Golden rain, Pride of India, Chinese varnish tree, Le savonnier (French), درخت باران طلایی،, Fener ağacı (Turkish), Güvey kandili, Otetar galben, Kelreuterija, China Tree, Davison",Koelreuteria paniculata,Laxm.,5421180,783426-1,LC
1729563,"Lesser Knotweed, Fletcher's Sage, Bellflower Knotweed",Koenigia campanulata,(Hook.f.) T.M.Schust. & Reveal,9018536,77152590-1,
1728876,,Koenigia delicatula,(Meisn.) H.Hara,7291505,694608-1,
1729564,Soft knotweed,Koenigia mollis,(D.Don) T.M.Schust. & Reveal,8879994,77152603-1,
1729566,"Himalayan Knotweed, Kashmir plume, Cultivated knotweed, Garden knotweed, Indian knotweed, Cultivated Koenigia",Koenigia polystachya,(Wall. ex Meisn.) T.M.Schust. & Reveal,8848208,77152610-1,
1429017,"Honey tree, Menggaris tree, Tualang",Koompassia excelsa,(Becc.) Taub.,2952891,501262-1,LR/cd
1718982,,Koompassia malaccensis,Maingay,7711019,501264-1,LC
1406379,"Java prune, Penang sloe, White kopsia",Kopsia arborea,Blume,5536040,79490-1,LC
1420283,"Shrub-vinca, Penang sloe, Pink copsia, Pink Kopsia, Pink Gardenia",Kopsia fruticosa,(Roxb.) A.DC.,5536025,79497-1,
1384294,"Oriental korthal mistletoe, Korthal mistletoe, Degener Korthalsella, Degener's korthal mistletoe, Dawn redwood",Korthalsella japonica,(Thunb.) Engl.,7295730,548873-1,
1594578,"White Fenrose, Stinging mallow, White fen-rose",Kosteletzkya depressa,"(L.) O.J.Blanch., Fryxell & D.M.Bates",3152480,133833-2,
1429021,"Japanese bush-clover, Japanese lespedeza, Common lespedeza, Annual lespedeza, Japanese-clover, Striate lespedeza, Knot Clover, Japan clover, Hoop-coop plant, Common Korean-clover, Korean lespedeza",Kummerowia striata,(Thunb.) Schindl.,5352523,134103-2,
1423975,"Pula, Roxburgh's Kydia",Kydia calycina,Roxb.,7279431,561121-1,LC
1594594,,Kydia glabrescens,Mast.,3939012,561123-1,LC
1359263,"Hyacinth Bean, Lablab-bean, Japanese Delchos, Bonavist bean, Dolichos bean, Seim bean, Egyptian bean, Egyptian kidney bean, Indian bean, Bataw, Australian pea, Sweet hyacinth bean, Antaque, Banner Bean, Black bean, Bonavist, Tonga bean, Bonavist pea, Carmelita, Frijol Caballero, Natoba, Northern Buckler-fern, Sweet Pea, لوبیا لب لب, అనప చెట్టు, அவரை, শিম ফুল, बल्लर",Lablab purpureus,(L.) Sweet,2952236,501411-1,
1374065,"Indian lettuce, Wild Lettuce, Milkweed",Lactuca indica,L.,3140510,228047-1,
1364172,"Lettuce, Romaine Lettuce, Cultivated Lettuce, کاهو, Garden lettuce, Leahtric, Sâlatâ, Салат, Salad, Thridace, Green leaf, Invasive lettuce, Bibb lettuce, Common English lettuce, Little Gem Lettuce, Mizuna, Common Lettuce",Lactuca sativa,L.,7403263,228239-1,
1364173,"Prickly lettuce, Wild Lettuce, Milk thistle, Scarole, Compassplant, Oil lettuce, Prickly Lecttuce, China Lettuce, Lobed Prickly Lettuce, Lettuce, کاهو خاردار, Salata sălbatică, Dendilon, Ciulin de lapte, Lăptucă sălbatică, Susai",Lactuca serriola,L.,3140490,228255-1,
1375040,"Acuate, Silkleaf, Velvetbush",Lagascea mollis,Cav.,3132776,134795-2,
1384499,"Bottle gourd, Calabash, Calabash gourd, White-flower gourd, Birdhouse Gourd, Dipper Gourd, Hercules Club Gourd, Italian Edible Gourd, White -fld, Gourds, White-flowered Gourd, Cucuzzi, Spaghetti squash, Chinese squash, Monkey apple, Hue, Lady-fern, Trumpet Gourd, Loki, Bottle Gourd plant, సొర, کدو قلیانی, Upo, Lebanese Zucchini, Snake Gourd",Lagenaria siceraria,(Molina) Standl.,2874672,134809-2,
1781149,,Lagenophora sublyrata,(Cass.) A.R.Bean & Jian Wang ter,10802810,77202064-1,
1719039,Queen's flower,Lagerstroemia calyculata,Kurz,3989199,553540-1,
1376509,"Crapemyrtle, Crepe-myrtle, Pride of India, توری, చినగోరింట (Chinagorinta), Crepeflower, Queen of shrubs, Indian crape myrtle, Cannonball, Carrion tree, June rose, Lilac of the south, Zi wei, Júpiter, Melendres, Lavender Lace, Crêpe Myrtle, Queen-of-shrubs, Morrison, サルスベリ, Bunga papua, Sakura pink, Στρατηγός, Enkamai",Lagerstroemia indica,L.,3188725,553576-1,LC
1787855,"Loudon's crape myrtle, Rose of India, Thai crepe myrtle",Lagerstroemia loudonii,Teijsm. & Binn.,4927610,553587-1,
1590985,"Nandi, Bakli, Crepe Flower, Nari Naval, Venthekku, Sidha",Lagerstroemia parviflora,Roxb.,3988512,553603-1,LC
1376510,"Queen's crape-myrtle, Pride-of-India, জারুল ফুল /jarul flower, Queen's-flower, Pride of India, Queen Crape Myrtle, Queen of Flowers, Bloodwood, Rose of India, Queen flower, Crepe-myrtle, Crape Myrtle, Zi wei, जरुल, توری ملکه, Gul e Fanoos, گل فانوس, ফুরুশ, Queen’s Lace Crape, Azar, Myrtle",Lagerstroemia speciosa,(L.) Pers.,3188724,553618-1,LC
1748253,,Laggera alata,(D.Don) Sch.Bip. ex Oliv.,3098702,228460-1,
1513292,,Laggera crispata,(Vahl) Hepper & J.R.I.Wood,3098694,912744-1,
1454227,Indian Ash Tree,Lannea coromandelica,(Houtt.) Merr.,3661151,69758-1,LC
1426841,"Langsat, Ceroring, Langsep, Lase",Lansium domesticum,Corrêa,3190478,578879-1,
1696454,"Lantana, Red-sage, Yellow-sage",Lantana × strigocamara,R.W.Sanders,4084229,60444377-2,
1406412,"Sweet-sage, Threeleaf Shrubverbena, Three-leaved lantana, Three-leaf Lantana",Lantana trifolia,L.,2925321,135333-2,
1695257,Bulbiferous woodnettle,Laportea bulbifera,(Siebold & Zucc.) Wedd.,7300666,854234-1,
1378564,"Hawaiian wood-nettle, Hawaii Wood-Nettle, Hawai'i woodnettle",Laportea interrupta,(L.) Chew,2984469,854275-1,
1421027,"Geli-geli, Spiny lasia, Kohila",Lasia spinosa,(L.) Thwaites,5330870,87418-1,LC
1674978,,Lasianthus biermannii,King ex Hook.f.,5337077,754893-1,LC
1674997,,Lasianthus chinensis,(Champ.) Benth.,5337238,754918-1,LC
1675019,,Lasianthus cyanocarpus,Jack,5337041,754945-1,
1741625,"Garden pea, Madzâri, केराइ, Round-seeded pea, Shelling pea, Snap pea, Snow pea, English pea, Green pea, Field pea, Pea, అడవి బఠాణి",Lathyrus oleraceus,Lam.,5347846,501912-1,
1397424,"Marsh vetchling, Marsh-pea, Marsh Peavine, Wild Pea, Blue marsh vetchling, Marsh pea vine, Slenderstem Peavine, خلر باتلاقی،",Lathyrus palustris,L.,5356412,501920-1,LC
1579844,Five-vein vetchling,Lathyrus quinquenervius,(Miq.) Litv.,5356523,1207643-2,
1357689,,Launaea procumbens,(Roxb.) Ramayya & Rajagopal,3144806,229046-1,
1753791,,Launaea sarmentosa,(Willd.) Kuntze,3144718,113642-3,
1363362,"(Sweet) Bay leaf, Laurel, Bay Laurel, برگ بو, Sweet bay, Bay, Bay-leaf laurel, Grecian laurel, Bay tree, Sweetbal-Tree, Greek laurel, Apollo laurel, Royal bay, Victor's laurel, Sweet Laurel, Lovor, Defne ağacı, Lorber list, درختچه برگ بو, Dafin",Laurus nobilis,L.,3034015,465049-1,LC
1356025,"Henna, Egyptian-privet, Mignonette-tree, Jamaica-mignonette, Camphire, Henna Tree, Alcana, درخت حنا, మైదాకు చెట్టు, मेंहदी, மருதாணி",Lawsonia inermis,L.,5420912,553638-1,LC
1788087,,Lecanopteris sinuosa,(Wall. ex Hook.) Copel.,4026848,17336423-1,
1729060,,Lecanthus peduncularis,(Royle) Wedd.,7300476,854359-1,
1408281,"Leea, Amamali, West Indian holly, Susumasa (Akan name, from Ghana)",Leea guineensis,G.Don,4160417,68307-1,
1718984,"Bandicoot-berry, Common tree-vine",Leea indica,(Burm.f.) Merr.,4160336,870443-1,LC
1763078,"Indian holly, Red tree-vine",Leea rubra,Blume,7714497,68349-1,
1363584,"Swamp ricegrass, Cutgrass, Southern Cutgrass, Southern Cut Grass, Rice Grass, Rice cutgrass, Tiger's-tongue grass, Club-head Cutgrass",Leersia hexandra,Sw.,2702901,137026-2,LC
1361110,"Duckweed, Lesser Duckweed, Minute duckweed, Three-nerved duckweed, Duckmeat, Tropical duckweed",Lemna aequinoctialis,Welw.,2867616,526159-1,LC
1361113,"Common duckweed, Duckweed, Least Duckweed, Lesser Duckweed, Small Duckweed, Water Lentil, Common water lentil, Duckmeat",Lemna minor,L.,2867589,526194-1,LC
1393474,"Minute Duckweed, Duckweed, Tiny Duckweed, Common duckweed, Common water lens, Duck meat",Lemna perpusilla,Torr.,2867627,526212-1,LC
1361123,"Narrow-leaf duckweed, Ivy-leaf duckweed, Star duckweed, Ivy Duckweed, Duckweed, Ivy-leaved duckweed",Lemna trisulca,L.,2867579,526223-1,LC
1401896,"Klipp Dagga, Lion's Ear, Lion's Tail, Christmas candlestick, Ball-bush, Minaret flower, Klip dagga, Bald head, Bird honey, Johnny Collins, Grow pompon, Lord Lavington, Adonis Abbot, Lions Tail, Bald bush, Chandelier, రణభేరి, Wild dagger",Leonotis nepetifolia,(L.) R.Br.,4924659,127310-3,
1513567,,Leontopodium himalayanum,DC.,3140664,229608-1,
1513568,,Leontopodium jacotianum,Beauverd,3140731,229610-1,
1377365,"Chinese motherwort, Honeyweed, Oriental motherwort, Sagebrush motherwort, Yi mu cao",Leonurus japonicus,Houtt.,6410563,449195-1,
1446389,,Lepidagathis fasciculata,(Retz.) Nees,3776809,52001-1,
1718990,,Lepidagathis incurva,Buch.-Ham. ex D.Don,7263961,52022-1,
1785374,,Lepidagathis purpuricaulis,Nees,3775935,52079-1,
1415373,"Blue rush, Grey sedge",Lepironia articulata,(Retz.) Domin,2731062,310189-1,
1429049,,Lepisanthes rubiginosa,(Roxb.) Leenh.,3784961,783524-1,LC
1429050,,Lepisanthes senegalensis,(Poir.) Leenh.,3784947,783527-1,LC
1423620,,Lepisanthes tetraphylla,(Vahl) Radlk.,7264786,783533-1,LC
1708063,,Lepisorus bicolor,(Takeda) Ching,4025714,17336860-1,
1708069,,Lepisorus contortus,(Christ) Ching,4025651,17336870-1,
1778705,,Lepisorus ensatus,"(Thunb.) C.F.Zhao, R.Wei & X.C.Zhang",11136476,77216056-1,
1778078,,Lepisorus fortuni,(T.Moore) C.M.Kuo,8406468,17519090-1,
1708092,,Lepisorus longifolius,(Blume) Holttum,8208111,17402220-1,
1778767,,Lepisorus microphyllus,(C.Presl) ined.,,3285020-4,
1417075,Narrowtip lepisorus,Lepisorus mucronatus,(Fée) Li Wang,8276307,77103596-1,
1778075,,Lepisorus rostratus,(Bedd.) B.K.Nayar & S.Kaur,4024817,17442150-1,
1415284,,Lepisorus spicatus,(L.f.) Li Wang,8321580,77103599-1,
1421449,Weeping Fern,Lepisorus thunbergianus,(Kaulf.) Ching,2650524,17336830-1,
1718615,,Lepistemon binectarifer,(Wall.) Kuntze,8991077,270309-1,
1652282,,Leptaspis banksii,R.Br.,5676921,407035-1,
1729436,,Leptoboea multiflora,(C.B.Clarke) Benth. ex Gamble,6365833,60455137-2,
1708147,,Leptochilus axillaris,(Cav.) Kaulf.,5647097,1098253-2,
1708154,Elliptic colysis fern,Leptochilus ellipticus,(Thunb.) Noot.,5646838,17568170-1,
1708159,,Leptochilus macrophyllus,(Blume) Noot.,7127245,17568190-1,
1420159,Java fern,Leptochilus pteropus,(Blume) Fraser-Jenk.,6559985,77100141-1,LC
1363364,"Mucronate Sprangletop, Windgrass, Thread sprangletop, Amazon sprangletop",Leptochloa panicea,(Retz.) Ohwi,2703872,407138-1,LC
1722401,,Leptodesmia microphylla,(Thunb.) H.Ohashi & K.Ohashi,10754658,77190820-1,
1414978,"Twoflower Mille Graines, Kinwoj",Leptopetalum biflorum,(L.) Neupane & N.Wikstr.,9579208,77147291-1,
1718724,,Leptopetalum pteritum,(Blume) Neupane & N.Wikstr.,9423920,77147293-1,
1642005,,Leptopus chinensis,(Bunge) Pojark.,5939759,350838-1,
1719987,Wild Pea,Leptospron adenanthum,(G.Mey.) A.Delgado,7989033,60457245-2,
1408286,Pacific Island Thintail,Lepturus repens,(G.Forst.) R.Br.,5289637,407266-1,
1718992,"Chinese Bush-clover, Chinese Bushclover, Chinese Lespedeza, Perennial Lespedeza, Sericea Lespedeza, Silky Bush-clover, Bush clover, Siberian lespedeza",Lespedeza cuneata,(Dum.Cours.) G.Don,8114276,502431-1,LC
1363651,"Ipil-ipil, Subabul, Mimosa, Coffeebush, Horse-tamarind, Leadtree, Jumbie-bean, Leucaena, Vi-vi, Sneakytree, White popinac, Horse, Wild tamarind, White leadtree, Tan Tan, Tantan Tree, Acacia, Cowbush, Jimbay, Jump-and-go, Wild mimosa, Jumpy-bean, White babool, Horse/wild tamarind, Cassie, Cassie Blanc, Graines de Lin, Lino, Lino Criollo, Macata, Granadillo bobo, సుబాబుల్, Lamtoro, ليوسينيا, Japan Zawngtah (Mizo language), Guaje ""huaxyacac"", Lamtro ivy, Petes, سوبابل, צחר כחלחל, اكاسيا",Leucaena leucocephala,(Lam.) de Wit,2970418,138955-2,
1377444,"Wild ocinum, Common Leucas, Thumba, తుమ్మి, দণ্ড কলস, தும்பை",Leucas aspera,(Willd.) Link,5607947,449314-1,
1560497,,Leucas biflora,(Vahl) Sm.,5606874,449321-1,
1560500,Dronapushpi,Leucas cephalotes,(Roth) Spreng.,5606847,449332-1,
1426499,,Leucas decemdentata,(Willd.) Sm.,7307245,449344-1,
1560524,,Leucas lanata,Benth.,7788585,449404-1,
1408287,Leucas,Leucas lavandulifolia,Sm.,7307152,449408-1,
1560530,"Whitewort, Wild Tea Bush, Tumble weed, Tunble weed, Bobbinweed",Leucas martinicensis,(Jacq.) R.Br.,7775217,941331-1,
1429055,"White dead nettle, లంక తుమ్మి, Ceylon slitwort",Leucas zeylanica,(L.) W.T.Aiton,7621903,115615-3,
1718410,"Elephant's-ear, Colossal elephant ear, Colossal taro",Leucocasia gigantea,(Blume) Schott,2870285,87427-1,
1560569,,Leucosceptrum canum,Sm.,3885429,449566-1,LC
1729272,,Leucosyke puya,(Hook.) den Baaker & Mabb.,4102185,77089265-1,
1726617,"Bleo, Orange rose cactus, Rose cactus",Leuenbergeria bleo,(Kunth) Lodé,10629177,60461844-2,
1393519,"Pheasant-berry, Himalaya-honeysuckle, Himalayan honeysuckle, Pheasant Honeysuckle",Leycesteria formosa,Wall.,2888579,148526-1,
1429060,Swamp fan palm,Licuala paludosa,Griff.,2736350,667927-1,LC
1469878,"Fan palm, Licuala palm",Licuala peltata,Roxb. ex Buch.-Ham.,2736445,667934-1,
1429063,Mangrove fan palm,Licuala spinosa,Wurmb,2736405,667962-1,LC
1739014,"Leopardplant, Summer ragwort, Big-leaf golden ray",Ligularia dentata,(A.Gray) H.Hara,5395475,230729-1,
1514169,Fischer’s ragwort,Ligularia fischeri,(Ledeb.) Turcz.,5395398,230742-1,
1721888,,Ligularia hodgsonii,Hook.f.,5395405,230755-1,
1773836,,Ligusticopsis wallichiana,(DC.) Pimenov & Kljuykov,3640486,20000765-1,
1609334,,Ligustrum confusum,Decne.,3683440,609966-1,LC
1609339,,Ligustrum glomeratum,Blume,3683288,609983-1,LC
1419630,"Tree privet, Ceylon Privét, Sri Lankan privet, Wild privet, Privet, Ku ding tea, Kudingcha",Ligustrum robustum,(Roxb.) Blume,6432960,1072274-2,LC
1390584,"Chinese-privet, Small-leaf privet, Sichuan lovage, Common Chinese Privet, برگ نو چینی, Sunshine, Ligustro Cinese, Hackberry, Chǒu Privet, Chǒu",Ligustrum sinense,Lour.,3172294,610100-1,LC
1408290,"Easter lily, White trumpet lily, Trumpet lily, Rose, Asiatic Lily, White bubblelilly",Lilium longiflorum,Thunb.,2753336,537642-1,
1588929,,Lilium nanum,Klotzsch,2753182,537683-1,
1588930,Nepal lily,Lilium nepalense,D.Don,2753318,537687-1,
1601054,,Limacia blumei,(Boerl.) Diels,5592875,581002-1,
1720065,"Cabbage tree, Malabera",Limahlania crenulata,(Maingay ex C.B.Clarke) K.M.Wong & Sugumaran,7849367,77125359-1,LC
1410873,"Sawah-flower-rush, Sawah-lettuce, Velvetleaf, Yellow Velvetleaf, Sawah flowering rush, Yellow velvet leaf, Yellow bur head, Sawah-flower rush",Limnocharis flava,(L.) Buchenau,5328736,58404-1,
1429067,"Limnophila, Rice paddy marshweed, Rice Paddy Herb, Finger Grass, Rau om, Asian Limno",Limnophila aromatica,(Lam.) Merr.,5415005,804287-1,LC
1646215,,Limnophila heterophylla,(Roxb.) Benth.,5563158,804325-1,LC
1373103,"Ambulia, Indian marshweed, India Marshweed",Limnophila indica,(L.) Druce,5415004,804330-1,LC
1646216,,Limnophila repens,(Benth.) Benth.,7370121,804354-1,LC
1429069,,Limnophila rugosa,(Roth) Merr.,5563114,804357-1,LC
1419944,"Asian Marshweed, Ambulia, Limnophila",Limnophila sessiliflora,(Vahl) Blume,5415001,804361-1,LC
1382438,Arrow Head,Limnophyton obtusifolium,(L.) Miq.,2865247,58415-1,LC
1783776,"Indian wood-apple, Wood-apple, Elephant-apple, Indian Woodapple",Limonia acidissima,L.,5421342,774113-1,
1360075,"Perennial sea-lavender, Statice, Wavyleaf Sea-lavender, Winged Sea-lavender, Notchleaf sea-lavender, Wavyleaf sealavender, Sea pink, Wild statice, Garden Statice, Plumbago, Pacific Statice, شصت عروسان کاغذی",Limonium sinuatum,(L.) Mill.,3082297,686979-1,
1781569,,Lindenbergia grandiflora,Benth.,3731691,805055-1,
1646276,,Lindenbergia philippensis,(Cham. & Schltdl.) Benth.,8394552,805066-1,
1566379,Lindera,Lindera aggregata,(Sims) Kosterm.,7304587,465318-1,LC
1566382,,Lindera assamica,(Meisn.) Kurz,5685776,465327-1,LC
1419304,,Lindera communis,Hemsl.,7304569,465346-1,LC
1728897,,Lindera nacusua,(D.Don) Merr.,7304499,465409-1,LC
1566407,,Lindera neesiana,(Wall. ex Nees) Kurz,5685602,465410-1,LC
1419305,"Blunt-lobe spicebush, Japanese spicebush, Blunt-lobed spice bush, Blunt-lobed Spicebush",Lindera obtusiloba,Blume,7304491,465417-1,LC
1773923,,Lindera pulcherrima,(Nees) Benth. ex Hook.f.,7304463,1194814-2,LC
1364052,,Lindernia parviflora,(Roxb.) Haines,3730405,805205-1,LC
1741708,"Prostrate false pimpernel, Common false pimpernel, Creeping false pimpernel",Lindernia procumbens,(Krock.) Borbás,8602699,805213-1,LC
1373077,"Baby’s Tears, Babys tears",Lindernia rotundifolia,(L.) Alston,7394580,1061345-2,LC
1408292,Graceful Necklace Fern,Lindsaea ensifolia,Sw.,2650772,17134850-1,
1408293,,Lindsaea heterophylla,Dryand.,7660018,17135120-1,
1706675,,Lindsaea javanensis,Blume,3605843,17135280-1,
1356040,"Linseed, Flax, Common flax, Cultivated flax, सन, ᎤᎦᏔ, Linseed Flax, Fibre Flax, Omega Flax, کتان، بزرگ, అవిసె",Linum usitatissimum,L.,2873861,544772-1,
1389976,"Many-seeded Goosefoot, Many-seed Goosefoot, Manyseed goosefoot, European Goosefoot, Allseed, Many-seeded Lipandra",Lipandra polysperma,"(L.) S.Fuentes, Uotila & Borsch",8273130,77121012-1,
1625356,,Liparis cespitosa,(Lam.) Lindl.,5950977,640772-1,
1414478,,Liparis condylobulbon,Rchb.f.,5306080,640803-1,
1625400,,Liparis elegans,Lindl.,5306156,640854-1,
1416834,,Liparis elliptica,Wight,5306199,640857-1,
1625485,,Liparis latifolia,Lindl.,5306114,640983-1,
1387916,"Black-flower widelip orchid, Pantropical widelip orchid, Eggers' widelip orchid, Pantropical Twayblade",Liparis nervosa,(Thunb.) Lindl.,5322999,641061-1,
1420825,"Bushy Lippia, Bushy matgrass, Curacao Sage, Bush Tea, Colic Mint, Guinea mint",Lippia alba,(Mill.) N.E.Br. ex Britton & P.Wilson,2925385,141020-2,
1773271,,Liquidambar chinensis,Champ. ex Benth.,3702567,430707-1,LC
1773272,,Liquidambar chingii,(F.P.Metcalf) Ickert-Bond & J.Wen,8072672,77134708-1,LC
1718750,Rasamala,Liquidambar excelsa,(Noronha) Oken,3702551,58631-1,LC
1390586,"Formosan sweet-gum, Formosan-gum, Chinese Sweetgum, Chinese Sweet Gum, Formosa amber, Storax, Taiwanese Sweetgum",Liquidambar formosana,Hance,3702542,430709-1,LC
1591102,"Chinese Tulip Tree, Chinese tuliptree, Chinese Whitewood, Tulip Poplar, Shinayurinoki (JP), Chinese Liriodendron, 鹅掌楸 (CN), シナ百合の木 (JP), シナユリノキ (JP), É zhăng qiū (CN), Chinese Tulip Poplar, Ezhangqiu (CN)",Liriodendron chinense,(Hemsl.) Sarg.,3152873,554609-1,NT
1419335,"Creeping liriope, Creeping lilyturf",Liriope spicata,Lour.,3685256,429757-1,
1408305,"Lychee, Leechee, Litchi, Litchee, Lichi, Litchi nut, ליצ`י",Litchi chinensis,Sonn.,3190002,783539-1,
1547793,,Lithocarpus acuminatus,(Roxb.) Rehder,5332573,358611-1,DD
1547794,,Lithocarpus aggregatus,Barnett,5332551,358612-1,
1547795,,Lithocarpus ailaoensis,A.Camus,5332431,358613-1,DD
1788565,,Lithocarpus amherstianus,(Wall. ex A.DC.) A.Camus,5332409,358614-1,DD
1547798,,Lithocarpus amygdalifolius,(Skan) Hayata,5332342,358616-1,LC
1547800,,Lithocarpus annamitorus,(A.Chev.) A.Camus,5332825,358620-1,EN
1547809,,Lithocarpus balansae,(Drake) A.Camus,5332381,358632-1,
1429081,,Lithocarpus bancanus,(Scheff.) Rehder,5332334,358633-1,LC
1429083,,Lithocarpus bennettii,(Miq.) Rehder,5332822,358637-1,LC
1547811,,Lithocarpus bentramensis,(A.Camus) A.Camus,5332776,358638-1,DD
1547813,,Lithocarpus blaoensis,(A.Camus) A.Camus,5332731,358640-1,
1547814,,Lithocarpus blumeanus,(Korth.) Rehder,5332712,358641-1,LC
1547815,,Lithocarpus bolovenensis,A.Camus,5332673,358643-1,DD
1547826,,Lithocarpus cambodiensis,A.Camus,5332630,358662-1,EN
1547827,,Lithocarpus campylolepis,A.Camus,5332577,358663-1,
1429084,,Lithocarpus cantleyanus,(King ex Hook.f.) Rehder,5332554,358664-1,
1547832,,Lithocarpus chevalieri,A.Camus,5332828,358675-1,
1547835,,Lithocarpus chittagongus,(King ex Hook.f.) Merr.,5332700,358679-1,DD
1429087,,Lithocarpus clementianus,(King ex Hook.f.) A.Camus,5332428,358684-1,
1547843,,Lithocarpus concentricus,(Lour.) Hjelmq.,5332888,358690-1,CR
1547847,,Lithocarpus corneus,(Lour.) Rehder,5332590,358697-1,LC
1547849,,Lithocarpus craibianus,Barnett,5332818,358700-1,LC
1547850,,Lithocarpus crassifolius,A.Camus,5332798,358701-1,
1547852,,Lithocarpus cryptocarpus,A.Camus,5332647,358705-1,
1429091,,Lithocarpus curtisii,(King ex Hook.f.) A.Camus,5332557,358708-1,VU
1429092,,Lithocarpus cyclophorus,(Endl.) A.Camus,5332455,358712-1,NT
1547854,,Lithocarpus cyrtocarpus,(Drake) A.Camus,5332414,358713-1,
1547855,,Lithocarpus dalatensis,A.Camus,5332885,358716-1,
1547858,,Lithocarpus dealbatus,(Hook.f. & Thomson ex Miq.) Rehder,8857371,358720-1,LC
1547866,,Lithocarpus echinops,Hjelmq.,5332562,358734-1,
1547869,,Lithocarpus eichleri,(Wenz.) A.Camus,5332441,358738-1,VU
1429096,,Lithocarpus elegans,(Blume) Hatus. ex Soepadmo,5332363,358741-1,LC
1547871,,Lithocarpus elephantum,(Hance) A.Camus,5332845,358742-1,VU
1737411,,Lithocarpus encleisacarpus,(Korth.) A.Camus,10826220,358746-1,
1787786,,Lithocarpus eriobotryifolius,Yahara,9076804,77149869-1,CR
1547875,,Lithocarpus erythrocarpus,(Ridl.) A.Camus,5332852,358749-1,VU
1547877,,Lithocarpus falconeri,(Kurz) Rehder,5332458,358754-1,
1547879,,Lithocarpus farinulentus,(Hance) A.Camus,5332396,358755-1,
1547880,,Lithocarpus fenestratus,(Roxb.) Rehder,5332353,358756-1,LC
1547885,,Lithocarpus fordianus,(Hemsl.) Chun,5332611,358762-1,
1547888,,Lithocarpus garrettianus,(Craib) A.Camus,5332451,358766-1,LC
1547892,,Lithocarpus gougerotae,A.Camus,5332865,358771-1,EN
1547893,,Lithocarpus guinieri,A.Camus,5332681,358775-1,
1547894,,Lithocarpus gymnocarpus,A.Camus,5332664,358776-1,
1547902,,Lithocarpus hendersonianus,A.Camus,5332778,358789-1,VU
1547905,,Lithocarpus honbaensis,A.Camus,5332714,358791-1,CR
1547912,,Lithocarpus jacksonianus,A.Camus,5332797,358808-1,CR
1547924,,Lithocarpus kontumensis,A.Camus,5332832,358820-1,
1547925,,Lithocarpus kozlovii,A.Camus,5332721,358824-1,EN
1547929,,Lithocarpus laouanensis,A.Camus,5332430,358832-1,CR
1547930,,Lithocarpus lappaceus,(Roxb.) Rehder,5332408,358833-1,
1547931,,Lithocarpus leiocarpus,A.Camus,5332321,358835-1,
1547932,,Lithocarpus leiophyllus,A.Camus,5332864,358836-1,EN
1547933,,Lithocarpus leiostachyus,A.Camus,5332848,358837-1,EN
1547934,,Lithocarpus lemeeanus,A.Camus,5332805,358838-1,EN
1547938,,Lithocarpus licentii,A.Camus,5332603,358842-1,
1547939,,Lithocarpus lindleyanus,(Wall. ex A.DC.) A.Camus,5332561,358843-1,LC
1547942,,Lithocarpus litseifolius,(Hance) Chun,5332469,358846-1,LC
1547946,,Lithocarpus loratifolius,Phengklai,5332323,77066736-1,CR
1429109,,Lithocarpus lucidus,(Roxb.) Rehder,5332710,358855-1,
1547948,,Lithocarpus lycoperdon,(Skan) A.Camus,5332614,358859-1,
1429111,,Lithocarpus macphailii,(M.R.Hend.) Barnett,5332534,358861-1,NT
1547951,,Lithocarpus magnificus,(Brandis) A.Camus,5332457,358863-1,DD
1547952,,Lithocarpus maingayi,(Benth.) Rehder,5332437,358864-1,VU
1547962,,Lithocarpus microbalanus,A.Camus,5332643,358875-1,DD
1547963,,Lithocarpus microlepis,A.Camus,5332610,358877-1,DD
1547971,,Lithocarpus nebularum,A.Camus,5332718,358890-1,CR
1547972,,Lithocarpus neorobinsonii,A.Camus,5332699,358891-1,LR/nt
1547981,,Lithocarpus ochrocarpus,A.Camus,5332875,358903-1,CR
1547984,,Lithocarpus ombrophilus,A.Camus,5332753,358908-1,
1789360,,Lithocarpus orbicarpus,Strijk,8947523,77135982-1,CR
1547989,,Lithocarpus pachylepis,A.Camus,5332589,358915-1,VU
1547990,,Lithocarpus pachyphyllus,(Kurz) Rehder,5332519,358916-1,LC
1547992,,Lithocarpus pakhaensis,A.Camus,5332398,358918-1,
1547998,,Lithocarpus pattaniensis,Barnett,5332723,358925-1,VU
1548001,,Lithocarpus petelotii,A.Camus,5332646,358930-1,
1548002,,Lithocarpus phansipanensis,A.Camus,5332634,358931-1,
1548005,,Lithocarpus platycarpus,(Blume) Rehder,5332483,358936-1,EN
1548006,,Lithocarpus platyphyllus,A.Camus,5332453,358937-1,CR
1548007,,Lithocarpus polystachyus,(Wall. ex A.DC.) Rehder,5332326,358942-1,LC
1548011,,Lithocarpus psammophilus,A.Camus,5332720,358946-1,
1548012,,Lithocarpus pseudomagneinii,A.Camus,5332667,358949-1,
1548013,,Lithocarpus pseudoreinwardtii,A.Camus,5332548,358951-1,
1548015,,Lithocarpus pseudovestitus,A.Camus,5332511,358952-1,
1548017,,Lithocarpus pycnostachys,A.Camus,5332406,358957-1,EN
1548019,,Lithocarpus quangnamensis,A.Camus,5332758,358959-1,CR
1429119,Berangan babi,Lithocarpus rassa,(Miq.) Rehder,5332654,358963-1,
1548021,,Lithocarpus recurvatus,Barnett,5332602,358964-1,
1548022,,Lithocarpus reinwardtii,(Korth.) A.Camus,5332525,358966-1,
1548023,,Lithocarpus revolutus,Hatus. ex Soepadmo,5332488,358967-1,
1548029,,Lithocarpus rufescens,Barnett,5332672,358979-1,CR
1429123,,Lithocarpus scortechinii,(King ex Hook.f.) A.Camus,5332434,358986-1,VU
1548036,,Lithocarpus siamensis,A.Camus,5332838,358992-1,DD
1548037,,Lithocarpus silvicolarum,(Hance) Chun,5332741,358995-1,
1548039,,Lithocarpus songkoensis,A.Camus,5332609,359001-1,CR
1548040,,Lithocarpus sootepensis,(Craib) A.Camus,5332574,359002-1,
1429128,Sunda Oak,Lithocarpus sundaicus,(Blume) Rehder,5332541,359014-1,LC
1548046,,Lithocarpus syncarpus,A.Camus,5332474,359017-1,
1548053,,Lithocarpus tephrocarpus,(Drake) A.Camus,5332802,359023-1,
1548054,,Lithocarpus thomsonii,(Miq.) Rehder,5332586,359028-1,LC
1548055,,Lithocarpus toumorangensis,A.Camus,5332560,359029-1,CR
1548059,,Lithocarpus truncatus,(King ex Hook.f.) Rehder,5332358,359034-1,LC
1548066,,Lithocarpus vidalianus,A.Camus,5332612,359046-1,
1429132,,Lithocarpus wallichianus,(Lindl. ex Hance) Rehder,5332452,359050-1,
1429134,,Lithocarpus wrayi,(King) A.Camus,5332829,359057-1,
1548070,,Lithocarpus xylocarpus,(Kurz) Markgr.,5332783,359059-1,LC
1548072,,Lithocarpus yersinii,A.Camus,5332766,359060-1,CR
1566427,,Litsea accedens,(Blume) Boerl.,7304399,465481-1,LC
1728895,,Litsea chartacea,Hook.f.,4178006,465581-1,
1429145,"Mountain-pepper, Pheasant-pepper, Litsea, Sambal, May chang",Litsea cubeba,(Lour.) Pers.,3033977,465621-1,LC
1429150,,Litsea elliptica,Blume,4177007,465650-1,LC
1728896,Yellow litsea,Litsea elongata,(Nees) Hook.f.,7304204,465652-1,LC
1737412,,Litsea ferruginea,(Blume) Blume,7562720,465663-1,LC
1423725,"Indian laurel, Soft bollygum, Bolly beech, Brown bollygum, Brown Bollywood, Brown beech, Bollywood, Bollygum, Brown bolly-gum, পেপুলটি",Litsea glutinosa,(Lour.) C.B.Rob.,7304140,465709-1,LC
1566466,,Litsea hookeri,(Meisn.) D.G.Long,4175805,914157-1,LC
1408307,,Litsea monopetala,(Roxb.) Pers.,4182444,465855-1,LC
1719019,,Litsea panamanja,(Buch.-Ham. ex Nees) Hook.f.,7932744,465921-1,VU
1429177,,Litsea robusta,Blume,4180936,465994-1,LC
1728900,,Litsea salicifolia,(Roxb. ex Nees) Hook.f.,4180775,466007-1,LC
1728899,,Litsea sericea,(Wall. ex Nees) Hook.f.,4180597,466025-1,LC
1429182,,Litsea tomentosa,Blume,7430827,466071-1,LC
1429184,Blue laurel,Litsea umbellata,(Lour.) Merr.,7304473,466086-1,LC
1403452,"Chinese fan palm, Fountain palm, Chinese fountain palm, Anahaw, Chepai (Mizo language), Philippine Fan Palm (Anahaw)",Livistona chinensis,(Jacq.) R.Br. ex Mart.,2733469,668021-1,LC
1469937,Himalayan fan palm,Livistona jenkinsiana,Griff.,2733485,668042-1,
1408309,Taraw palm,Livistona saribus,(Lour.) Merr. ex A.Chev.,2733400,668068-1,LC
1429191,Anahaw,Livistona speciosa,Kurz,2733440,668070-1,LC
1489827,,Lobelia alsinoides,Lam.,5408543,142929-1,LC
1429194,"Chinese lobelia, Asian lobelia, Creeping lobelia",Lobelia chinensis,Lour.,5409093,143086-1,
1489968,,Lobelia heyneana,Schult.,5408405,143373-1,LC
1490040,,Lobelia nummularia,Lam.,5409107,143608-1,
1429197,,Lobelia zeylanica,L.,5408635,144042-1,LC
1431882,,Loeseneriella africana,(Willd.) R.Wilczek,7265604,431092-1,
1429199,"Fragrant Grove Honeysuckle, Henry's Honeysuckle, Vine Honeysuckle",Lonicera acuminata,Wall.,5598598,148587-1,
1491391,,Lonicera angustifolia,Wall. ex DC.,7922237,77112377-1,
1491400,,Lonicera cyanocarpa,Franch.,5598972,148713-1,
1773824,,Lonicera hildebrandtiana,Collett & Hemsl.,5599210,148823-1,
1491413,,Lonicera hispida,Pall. ex Schult.,7272731,148828-1,
1356786,"Honeysuckle, Japanese honeysuckle, پیچ امین الدوله, Hall's honeysuckle, Gold-and-silver-flower, Chinese Honeysuckle, Golden-and-silver Honeysuckle, Yellow Japanese Honeysuckle, Honeysuckle (Japan), Ribbon fern, یاس امین الدوله, Iraqi Jasmine, گل یاس, Japanese Honeysuckle (invasive)",Lonicera japonica,Thunb.,5334240,148850-1,
1491420,,Lonicera lanceolata,Wall.,7272604,148874-1,
1784388,,Lonicera purpurascens,(Jacquem. ex Decne.) Walp.,5598842,149032-1,
1491457,,Lonicera trichosantha,Bureau & Franch.,7272686,149151-1,
1426745,"Bamboo-leaf, Common lophatherum, Crestedgrass",Lophatherum gracile,Brongn.,4129475,407535-1,
1744541,"Central Mexico organ pipe, Mexican fence-post cactus, Baby saguaros without arms, Mexican Fence post",Lophocereus marginatus,(DC.) S.Arias & Terrazas,7603332,60452047-2,
1429211,,Lophopetalum wightianum,Arn.,3791747,161767-1,LC
1721114,"Chinese fringe flower, Hazelberry",Loropetalum chinense,(R.Br.) Oliv.,7329104,430722-1,
1359296,"Bird's-foot-trefoil, Common Bird's-foot-trefoil, Common bird's-foot trefoil, Bird's-foot trefoil, Birdfoot Deervetch, Birdsfoot Trefoil, Bloomfell, Cat's Clover, Crowtoes, Garden Bird's-foot-trefoil, Garden Birdsfoot Trefoil, Ground Honeysuckle, Bird's-foot Deer-vetch, Horned Trefoil, Garden bird's-foot trefoil, Birdsfoot deer vetch, Common birdsfoot trefoil, Eggs and bacon., Eggs and Bacon, Ghizdei, Zvezdan",Lotus corniculatus,L.,5357013,30179739-2,
1652414,,Loudetia flammida,(Trin.) C.E.Hubb.,5675306,144053-2,
1708189,Willow-leaf lance fern,Loxogramme salicifolia,(Makino) Makino,7290245,17340090-1,
1773880,,Loxostigma griffithii,(Wight) C.B.Clarke,3823889,316005-1,
1728893,,Loxostigma kurzii,(C.B.Clarke) B.L.Burtt,3823879,381719-1,
1372011,Luculia,Luculia gratissima,(Wall.) Sweet,2900019,755396-1,LC
1718413,"Jewel orchid, Twisty-flowered Orchid",Ludisia discolor,(Ker Gawl.) Blume,8002439,641773-1,
1423991,"Water-primrose, Creeping water Primrose, Red Ludwigia, Floating water primrose",Ludwigia adscendens,(L.) H.Hara,7322187,144324-2,LC
1402619,"Seedbox, Linear Leaf Water Primrose, Primrose willow, Swamp primrose, Water primrose",Ludwigia hyssopifolia,(G.Don) Exell,8924323,613360-1,LC
1434190,"Southeastern Primrose-Willow, Linear-leaf water primrose, Primrose willow, Swamp primrose, Water primrose",Ludwigia linifolia,Poir.,5421022,279909-2,
1409213,"Mexican primrose-willow, Narrow-leaf water-primrose, Seedbox, Water-primrose, Willow primrose, Long-fruited primrose willow, Swamp primrose, Primrose willow",Ludwigia octovalvis,(Jacq.) P.H.Raven,5420987,144385-2,LC
1383098,,Ludwigia perennis,L.,8129014,613408-1,LC
1419649,"Peruvian Primrose-Willow, Peruvian primrosebush, Primrose-willow, Water-primrose",Ludwigia peruviana,(L.) H.Hara,5421024,144406-2,
1725431,"Mosaic flower, Mosaic plant, False Loosestrife",Ludwigia sedoides,(Bonpl.) H.Hara,8396402,144425-2,
1384497,"Chinese-okra, Dishcloth gourd, Angled loofah, Ribbed gourd, Ribbed loofah, Silky gourd, Strainervine, Ridged gourd, Angled luffa, Ridged luffa, Silk gourd, Singkwa towel gourd, Sinkwa towelsponge, Langkèr, तरोई, Chinese squash, Sponge gourd, East Indian okra, Loofah, Cee-gwa, Himalayan Clematis, Ribbed luffa, బీర, Luffa",Luffa acutangula,(L.) Roxb.,2874601,105280-3,
1408324,"Dishrag gourd, Loofah, Rag gourd, Smooth loofah, Vegetable-sponge, Sponge gourd, Chishambo, Ghâluddru, Tmi, नेनुआ, Plant sponge, Dishcloth gourd, Smooth luffa, Sponge cucumber",Luffa aegyptiaca,Mill.,2874599,293060-1,
1625738,,Luisia thailandica,Seidenf.,5305862,641842-1,
1625743,,Luisia zollingeri,Rchb.f.,5305870,641853-1,
1415349,,Lumnitzera littorea,(Jack) Voigt,5421047,170675-1,LC
1415357,"Black Mangrove, White-flowered black mangrove, Kripa, White-flowered Mangrove",Lumnitzera racemosa,Willd.,6435171,170681-1,LC
1360557,"Goji berry, Chinese boxthorn, Chinese wolfberry, Duke of Argyll's teaplant, Duke of Argyll's teatree, Matrimony-vine, Barbary matrimony-vine, Himalayan goji, Tibetan goji, Common Matrimonyvine, Common Matrimony Vine, Duke Of Argyll's Tea-tree, Wolfberry, Box thorn, Chinese wolf berry, Duke of Argyll's tea plant, Barbary Wolfberry, Common Goji",Lycium barbarum,L.,2928835,816356-1,
1393699,"Chinese boxthorn, Chinese wolfberry, Wolfberry, Chinese matrimony-vine, Chinese teaplant, Chinese tea-tree, Chinese desert-thorn, Chinese box-thorn, Gow kee, Matrimony vine, Goji berry, China tea plant, China Teaplant, Chinese Wolf-berry, Gou qi, Kuko",Lycium chinense,Mill.,2928809,816389-1,
1400616,"Staghorn clubmoss, Scrambling clubmoss, नागबेली",Lycopodiella cernua,(L.) Pic.Serm.,2688348,1054587-2,
1393703,"Ground-pine, Running club-moss, Running-pine, Common club-moss, Staghorn club-moss, Elk-moss, Running Clubmoss, Stag's-horn Clubmoss, Common Clubmoss, Running Ground-pine, Staghorn Clubmoss, Wolf's-claw Clubmoss, Stagshorn clubmoss, Wolf's Claw",Lycopodium clavatum,L.,2688393,304307-2,
1429223,"Christmas Green, Creeping Jenny, Ground Pine, Ground Cedar, Issler's Clubmoss, Flat-stemmed clubmoss, American clubmoss, Trailing Clubmoss, Northern ground-cedar, Northern running-pine, American Club Moss",Lycopodium complanatum,L.,9822879,147262-2,
1707146,,Lycopodium veitchii,Christ,5836501,77205528-1,
1419068,"Golden hurricane-lily, Golden spider-lily, Golden-lily",Lycoris aurea,(L'Hér.) Herb.,5326154,60455958-2,
1720365,"Malayan climbing fern, Climbing maidenhair fern",Lygodium circinnatum,(Burm.f.) Sw.,3744314,17142820-1,
1707245,Maidenhair-creeper,Lygodium flexuosum,(L.) Sw.,3744838,17142930-1,
1419357,"Japanese climbing fern, Vine-like fern",Lygodium japonicum,(Thunb.) Sw.,2650436,17143040-1,
1720366,"Old World Climbing Fern, Small-leaf climbing fern, Climbing-maidenhair fern, Small-leaved climbing fern, Snake fern",Lygodium microphyllum,(Cav.) R.Br.,2650435,17143140-1,LC
1720367,,Lygodium polystachyum,Wall. ex T.Moore,7370132,17143300-1,
1539747,,Lyonia ovalifolia,(Wall.) Drude,7328514,60447937-2,LC
1728888,,Lyonia villosa,(Hook.f. ex C.B.Clarke) Hand.-Mazz.,7328466,331196-1,LC
1369037,,Lysidice rhodostegia,Hance,5354459,505290-1,LC
1660615,,Lysimachia candida,Lindl.,4005921,701062-1,
1412637,"Gooseneck loosestrife, Gooseneck yellow loosestrife, Japanese Loosetrife, Gooseneck, Clethra loosestrife, Loosestrife, Gooseneck Lysimachia",Lysimachia clethroides,Duby,3169331,701080-1,
1660628,Dense-Flowered Loosestrife,Lysimachia congestiflora,Hemsl.,4005565,701082-1,
1434392,"Japanese yellow loosestrife, Small loosestrife",Lysimachia japonica,Thunb.,3169390,701180-1,
1553006,,Lysionotus pauciflorus,Maxim.,6365649,381745-1,
1728892,,Lysionotus serratus,D.Don,6365636,381748-1,
1718993,"Hooker's bauhinia, Mountain ebony, Pegunny, Queensland ebony, White bauhinia",Lysiphyllum strychnifolium,(Craib) A.Schmitz,3969263,505340-1,
1455659,,Maasia glauca,"(Hassk.) Mols, Kessler & Rogstad",3648493,60448919-2,LC
1455662,,Maasia sumatrana,"(Miq.) Mols, Kessler & Rogstad",3648484,60448923-2,LC
1429227,,Macaranga bancana,(Miq.) Müll.Arg.,3074550,351044-1,LC
1429230,,Macaranga conifera,(Rchb.f. & Zoll.) Müll.Arg.,3074156,351087-1,LC
1429232,Blistery macaranga,Macaranga denticulata,(Blume) Müll.Arg.,3073960,351117-1,LC
1429235,,Macaranga gigantea,(Rchb.f. & Zoll.) Müll.Arg.,3074130,351147-1,LC
1546750,,Macaranga heynei,I.M.Johnst.,3074234,148286-2,LC
1429241,,Macaranga hypoleuca,(Rchb.f. & Zoll.) Müll.Arg.,3074475,351182-1,LC
1429242,,Macaranga indica,Wight,3074272,351186-1,LC
1429245,,Macaranga lowii,King ex Hook.f.,3073952,351227-1,LC
1546810,"Kenda, Vatta",Macaranga peltata,(Roxb.) Müll.Arg.,3074300,351290-1,
1417415,"Parasol leaf tree, Blush macaranga, David's-heart, Hairy-mahogany, Heartleaf, Nasturtium-tree, Parasol-leaf-tree, Hairy mahang, Cotton tree, Mara (Indonesia)",Macaranga tanarius,(L.) Müll.Arg.,3074251,351381-1,LC
1429252,,Macaranga triloba,(Thunb.) Müll.Arg.,3074333,351400-1,LC
1534139,,Machaerina maingayi,(C.B.Clarke) T.Koyama,5291157,310386-1,
1718502,,Machaerina rubiginosa,(Biehler) T.Koyama,8833254,310411-1,
1783645,,Machilus clarkeana,King ex Hook.f.,4179219,466155-1,
1728907,,Machilus gamblei,King ex Hook.f.,4179012,466173-1,
1773961,,Machilus glaucescens,(Nees) Wight,7674380,466175-1,LC
1783647,,Machilus odoratissima,Nees,4178274,466236-1,
1566638,"Thunberg’s bay-tree, Makko",Machilus thunbergii,Siebold & Zucc.,4177874,466273-1,LC
1446441,,Mackaya indica,(Nees) Ensermu,5574039,969349-1,
1732783,,Mackaya neesiana,(Wall.) Das,5574031,52247-1,
1414932,Cockspurthorn,Maclura cochinchinensis,(Lour.) Corner,7262552,584314-1,
1602326,"Chinese mulberry, Mandarin melon berry, Silkworm thorn, Storehousebush",Maclura tricuspidata,Carrière,9130387,854453-1,LC
1625805,Jewel Orchid,Macodes petola,(Blume) Lindl.,2804641,642003-1,
1467425,,Macropanax dispermus,(Blume) Kuntze,3037404,90992-1,LC
1748577,,Macropsychanthus hexander,(Ralph) L.P.Queiroz & Snak,10734345,77212317-1,
1368958,"Atro, Surple-bean, Purple-bean, Siratro, Purple Bush-Bean, Purple bushbean, Atro siratro, Squirrel's-foot Fern",Macroptilium atropurpureum,(DC.) Urb.,2945047,57174-3,
1368959,"Phasemy-bean, Phasey-bean, Wild bushbean, Cow pea, Wild bean, Wild pea bean, Quail bean, Scarlet bean, Hare's-foot Fern, Pea Bean, Wild Bush Bean",Macroptilium lathyroides,(L.) Urb.,2945063,149066-2,
1401250,"False Maiden Fern, Swordfern",Macrothelypteris torresiana,(Gaudich.) Ching,8846035,1019960-2,
1418993,"Horse gram, Madras gram, Kulthi",Macrotyloma uniflorum,(Lam.) Verdc.,2976931,505875-1,LC
1429274,,Madhuca laurifolia,(King & Gamble) H.J.Lam,2883266,787500-1,LC
1429277,,Madhuca malaccensis,(C.B.Clarke) H.J.Lam,2883382,787513-1,LC
1420635,,Madhuca motleyana,(de Vriese) J.F.Macbr.,2883489,787521-1,NT
1787864,,Maerua siamensis,(Kurz) Pax,3873399,147780-1,
1774982,,Maesa chisia,D.Don,3719488,588768-1,
1774987,,Maesa montana,A.DC.,7330858,588882-1,LC
1419368,"Campbell's Magnolia, Red magnolia, Pink tulip tree",Magnolia campbellii,Hook.f. & Thomson,3152974,554655-1,LC
1410925,"Champak tree, Michelia, Champac, Champak, Joy Perfume Tree, Champaca, Yellow Champaka, Orange Chempaca, Orange Champak, Orange Champaka, Chempaca Merah, Sapu, Cempaka Kuning, Calabash, Champwood, Orange champac, చెట్టు సంపంగి / చంపకము, सोन चंपा, স্বর্ণচাঁপা, Kembang kantil",Magnolia champaca,(L.) Baill. ex Pierre,3153099,554657-1,LC
1591138,,Magnolia coco,(Lour.) DC.,3153695,554663-1,DD
1591141,,Magnolia conifera,(Dandy) V.S.Kumar,3153368,77074647-1,LC
1591151,"Sweet michelia, Temple Magnolia",Magnolia doltsopa,(Buch.-Ham. ex DC.) Figlar,3153955,20011686-1,DD
1429299,,Magnolia elegans,(Blume) H.Keng,3153875,554688-1,DD
1591165,,Magnolia fordiana,(Oliv.) Hu,3153727,554706-1,LC
1591166,,Magnolia foveolata,(Merr. ex Dandy) Figlar,3153515,20011693-1,LC
1591168,,Magnolia fulva,(Hung T.Chang & B.L.Chen) Figlar,3153471,20011695-1,DD
1591169,,Magnolia garrettii,(Craib) V.S.Kumar,3152906,77074655-1,DD
1419374,,Magnolia globosa,Hook.f. & Thomson,3153664,554718-1,LC
1591186,বৰহমথুৰি,Magnolia hodgsonii,(Hook.f. & Thomson) H.Keng,3153060,554736-1,LC
1419376,,Magnolia insignis,Wall.,3153629,554743-1,LC
1591209,"Egg magnolia, Talauma",Magnolia liliifera,(L.) Baill.,3153525,554760-1,LC
1419380,Tsong's tree,Magnolia odora,(Chun) Figlar & Noot.,3153128,60433402-2,VU
1591263,,Magnolia rostrata,W.W.Sm.,3152973,554827-1,EN
1591268,,Magnolia sapaensis,(N.H.Xia & Q.N.Vu) Grimshaw & Macer,6308700,60455873-2,VU
1591307,,Magnolia yunnanensis,(Hu) Noot.,3153480,915251-1,DD
1370625,"Malva-de-Caballo, Malva de caballo, Malachra, Yellow leafbract",Malachra capitata,(L.) L.,3152763,561424-1,
1774960,Fire-vine,Malaisia scandens,(Lour.) Planch.,7262496,854463-1,
1546889,,Mallotus apelta,(Lour.) Müll.Arg.,5378775,351482-1,LC
1429302,,Mallotus barbatus,Müll.Arg.,5378750,351489-1,LC
1546959,,Mallotus nepalensis,Müll.Arg.,5378663,351631-1,LC
1546961,,Mallotus nudiflorus,(L.) Kulju & Welzen,5378648,77080849-1,LC
1546964,,Mallotus pallidus,(Airy Shaw) Airy Shaw,5378688,351640-1,
1429314,Panicled mallotus,Mallotus paniculatus,(Lam.) Müll.Arg.,5378650,351641-1,LC
1546965,,Mallotus peltatus,(Geiseler) Müll.Arg.,5378721,351646-1,LC
1418837,"Kamala tree, Orange kamala, Red kamala, Kamala, Kumkum Tree, Sindoor Tree",Mallotus philippensis,(Lam.) Müll.Arg.,5378605,351650-1,LC
1546986,,Mallotus tetracoccus,(Roxb.) Kurz,5378538,351698-1,
1408342,"Miniature-holly, Singapore-holly, Barbados holly, Poropot",Malpighia coccigera,L.,5421430,323776-2,
1406672,"Barbados cherry, Wild crapemyrtle, Acerola, Huesito, West Indian cherry",Malpighia glabra,L.,5421429,557048-1,LC
1393736,"Siberian crab apple, Siberian crab, Siberian Crabapple, Chinese Crab Apple, Flowering Crabapple, Manchurian Crabapple, Jujubeese, Paradise apple tree",Malus baccata,(L.) Borkh.,3001362,726243-1,LC
1729465,Sikkim Crabapple,Malus sikkimensis,(Wenz.) Koehne,7444769,907840-1,DD
1420384,"Yunnan crabapple, Yunnan Crab Apple",Malus yunnanensis,(Franch.) C.K.Schneid.,3001307,726436-1,DD
1363947,"Mallow, پنیرک, Common Mallow, Blue mallow, Cheeses, Forest mallow, High mallow, Tall mallow, Mallow Flowers, Tree Mallow, Garden Mallow, High Cheeseweed, Purple Mallow, Large-flowered mallow, Cheese-flower, Marsh Mallow, Zebrina Mallow, Mallards, پنیر قرمز, Nalbă de pădure, Sujay Patil, Kusat, Црни слез, Μολοχα, Althea",Malva sylvestris,L.,3152374,561932-1,
1362892,"Annual mallow, Rose Mallow, Royal Mallow, Nalbă Regală",Malva trimestris,(L.) Salisb.,3940326,561957-1,
1362102,"Whorled mallow, Chinese Mallow, Large mallow, Salad Mallow, Cluster mallow, Clustered Mallow, Curled Mallow, Curled Cheeseweed, Large-whorled Mallow, Verticillate mallow, Curly mallow, Crop Mallow, پنیرک گل ریز، پنیرک گل مروارید،",Malva verticillata,L.,3152377,561971-1,
1363939,"Prickly-mallow, Broomweed, Three-lobe false mallow, Three-point false mallow, Prickly malvastrum, Threelobe False Mallow, Common false mallow, Spine-seeded false-mallow, Clock plant, Crumpled-leaved broomweed, False mallow, Soap bush, Three-lobed false mallow, Spiral Mallow, Punnakku keerai(L) thamizh",Malvastrum coromandelianum,(L.) Garcke,3152268,1063417-2,
1421525,"Turk's-cap, Fire dart bush, Sleeping Hibiscus, Turkscap, Wax-Mallow, 悬铃花, Fire dart, Wild cotton, Marsh-mallow, Sleepy mallow, Turk's turban",Malvaviscus arboreus,Dill. ex Cav.,3152775,30041958-2,LC
1419436,"Mazapan, Turk's hat, Turk's cap, Cardinal's hat, Sleeping hibiscus, Pendulous sleeping Hibiscus, Firecracker Hibiscus, Turk's cap mallow, Wax mallow, Sleepy hibiscus, মধু ফুল/লঙ্কা জবা/মধু জবা",Malvaviscus penduliflorus,Moc. & Sessé ex DC.,3152776,150478-2,
1729066,Himalayan mandrake,Mandragora caulescens,C.B.Clarke,7299934,816722-1,
1419297,"Binjai, Wani, Jack, White mango, Mango",Mangifera caesia,Jack,3190637,69885-1,NT
1429325,"Horse mango, Bachang, Bachang mango, Gray mango, Grey mango",Mangifera foetida,Lour.,3190640,69898-1,LC
1384600,"Mango, Mango Tree, आम, Mangga, Common mango, మామిడి, आंबा, আম, Indian mango, Common Indian Mango, Cuckoo's joy, Cây Xoài, Manga, Mamplam, مانجو, Julie Mango, मैंगीफेरा इंडिका, انبه, Aam, Okrun, امب, Mango Sapling, 芒果, Mangga bacang, Mengo, Poh, עץ מנגו, Pelem, Blue violet, Mumbai Mango, आम्रम्, Moovandan manga, Mangoso, آم کا  درخت, ᱩᱞ",Mangifera indica,L.,3190638,69913-1,DD
1419317,"Saipan mango, Kuwini, Kwini, Kueni, Kwéni, Kurwini mango, Fragrant mango, Bembem, Kweni",Mangifera odorata,Griff.,3190636,69943-1,DD
1409097,,Manihot carthagenensis,(Jacq.) Müll.Arg.,4930698,1100922-2,LC
1376005,"Cassava, Tapioca, Manioc tapioca, Bitter cassava, Manioc, Sweet Cassava, Cassave, Cassava manihot, Tapioca plant, Mandioca, Topioca plant, Sweet-potato tree, Yuca, కర్రపెండలం, Kaséla, South African Ntsumbula, Sampeu, Muhogo tz, Sabbhrâng, ߓߊ߬ߣߊ߲ߞߎ߫, Ubi kayu, Mundok, Singkong varigata (Jawa), Yams",Manihot esculenta,Crantz,3060998,351790-1,
1420637,"Ceylon Ironwood, Milk Tree, పాల (Paala)",Manilkara hexandra,(Roxb.) Dubard,2885079,787644-1,LC
1372939,"Wongai Plum, Wongai, Caqui",Manilkara kauki,(L.) Dubard,2885150,787653-1,DD
1408343,"Arrowroot, Maranta, West Indian arrowroot, Krarus, Common arrowroot",Maranta arundinacea,L.,2761352,280408-2,
1495369,"Bkau, Sea beam",Maranthes corymbosa,Blume,2984717,726441-1,LC
1476797,,Markhamia stipulata,(Wall.) Seem.,7541760,110029-1,LC
1461545,,Marsdenia roylei,Wight,3575513,99281-1,
1389329,"Nardoo, Common nardoo, Australian clover fern",Marsilea drummondii,A.Braun,7275825,17144900-1,
1356416,"Small water-clover, Dwarf Waterclover, Dwarf Water Clover, Gelid Waterklawer, Pepperwort",Marsilea minuta,L.,5274876,17145140-1,LC
1415279,"Australian water-clover, Smooth nardoo",Marsilea mutica,Mett.,5613347,17145220-1,
1409788,"Tiger's-claw, Iceplant, Devil's-claw, Small-fruit devil's-claw, Cat's Claw, Una de gato, Elephant's trunk, గద్ద గోళ్ళ మొక్క",Martynia annua,L.,3172618,675840-1,
1362332,"Hungarian chamomile, German chamomile, Chamomile, Sweet false chamomile, Wild chamomile, True chamomile, Common chamomile, Matricaria, Scented chamomile, Scented mayweed, Blue chamomile, False chamomile, Crown mayweed, Lilici albâ, Camomile, German Camomile, Fragrant Chamomile, German Mayweed, Sweet Chamomile, بابونه آلمانی, بەیبون, بيبون, بابونه شیرازی, بابونج, بابونج ألماني, اقحوان ألماني, بيبون ألماني, اقحوان",Matricaria chamomilla,L.,8370958,154715-2,
1476799,"Tree jasmine, Goldfish, ဧကရာဇ်နီအပင်",Mayodendron igneum,(Kurz) Kurz,4093794,110042-1,LC
1494422,Silky bark,Maytenus acuminata,(L.f.) Loes.,3791179,161800-1,LC
1424003,"Asian mazus, Japanese Mazus",Mazus pumilus,(Burm.f.) Steenis,3171304,805568-1,
1381173,"Baby jump-up, Baby-jump-up, Baby jumpup, Gold dust",Mecardonia procumbens,(Mill.) Small,3172014,155661-2,
1779645,Prickly blue-poppy,Meconopsis horridula,Hook.f. & Thomson,8239441,673306-1,
1363731,"California bur-clover, Bur medic, Bur trefoil, Hairy medic, Trefoil-clover, Toothed bur-clover, Toothed medic, Toothed medick, Rough medic, Black Medick, Bur Medick, Burclover, California Burclover, Burr Medic, California Burr-clover, Multi-formed Medick, Smooth Burr-clover, Toothed Burr-clover, Rough medick, Hairy medick, Burr medick, Californian Bur Clover, Toothed Medik, یونجه خاردار, Daniel’s Sun-Clover, دانیر",Medicago polymorpha,L.,2965531,60465997-2,
1788074,,Medinilla radicans,(Blume) Blume,3865034,570412-1,
1720217,,Medinilla speciosa,Blume,3864570,570456-1,
1718548,"Guinea grass, Green panic grass, Bush buffalograss, Purple-top buffalograss, Brown-top buffel grass",Megathyrsus maximus,(Jacq.) B.K.Simon & S.W.L.Jacobs,4108550,60426565-2,
1746866,"Crimson Bottlebrush, Lemon bottlebrush, Bottlebrush, Lemon-scented bottlebrush, Callistemon, Greek Callistemon, Callistemon citrinus, Common Red Bottlebrush, Crimson Melaleuca, Garden Bottlebrush",Melaleuca citrina,(Curtis) Dum.Cours.,5415487,77108602-1,
1382911,"Cajaput-tree, Longleaf paperbark, Paperbark, Paperbark teatree, Paperbark-tree, River teatree, Swamp teatree, Weeping teatree, White teatree, Big white paperbark, Butterscotch paperbark, Broadleaf paperbark, Broadleaf teatree, Weeping paperbark, Brown teatree, Cajeput, Cajeput-tree",Melaleuca leucadendra,(L.) L.,5415976,598002-1,DD
1424005,"Blackfoot, Goldenbutton, Boton de oro, Butter Daisy",Melampodium divaricatum,(Rich.) DC.,3138949,156179-2,
1429408,Alim,Melanolepis multiglandulosa,(Reinw. ex Blume) Rchb. & Zoll.,5380873,352136-1,LC
1777610,,Melanoseris cyanea,(D.Don) Edgew.,5699021,232166-1,
1729640,,Melanoseris graciliflora,(DC.) N.Kilian,7744558,77117990-1,
1598604,,Melastoma dodecandrum,Lour.,3861607,570772-1,LC
1416065,"Indian-rhododendron, Malabar melastome, ကောန်မှေအ်၊ တၞံ, Banks melastoma, Singapore rhododendron, Melastoma, Straits rhododendron, Bank's Melastoma, Sendudok, Tibouchina, Asian melastome, Malatungao",Melastoma malabathricum,L.,3188511,570989-1,
1363624,"Persian-lilac, China-Berry, زيتون تلخ, White-cedar, Syringa, Texas umbrella-tree, Syringa berrytree, Tulip-cedar, Umbrella-cedar, Chinaberry-tree, Sichuan pagoda-tree, Cape-lilac, Umbrella-tree, Pride of India, Bead-tree, Indian lilac, Lelah, Paraiso, Lilac, Carolina Mahogany, Seringa, China berry tree, Margosa tree, Pride-of-India, Lian, Tree of heaven, Draek دریک, لطفا زبان فارسی را فعال کنید, Cinamono, Amargoseira, Paraíso (Spanish), Bakayan, Sering, Muserenga, אזדרכת מצויה, أزاددرخت, Dek",Melia azedarach,L.,5914287,578949-1,LC
1719450,"Ceylon cedar, Malabar Neem",Melia dubia,Cav.,5597493,578966-1,
1719455,,Melicope accedens,(Blume) T.G.Hartley,3834033,979140-1,LC
1719456,,Melicope glabra,(Blume) T.G.Hartley,3833128,979136-1,LC
1356257,"White sweet-clover, Bokhara-clover, Honey-clover, White melilot, Bukhara Clover, Honey-lotus, Tree Clover, Whiter Millet, Hubam Clover, White Sweetclover, White-sweet-clover, -white-melilot, -hubam-clover, Sweet white clover, Biennial Bokhara Clover, Sweet clover, Albus Percival Wulfric Brian Dumbledore Flowerus Magnificus",Melilotus albus,Medik.,2971095,156656-2,
1363749,"Small Melilot, California lucerne, King Island melilot, King Island-clover, Hexham-scent, Hexham-scent melilot, Sour-clover, Indian sweet-clover, Scented trefoil, Small-flowered sweet-clover, Sweet yellow clover, Annual yellow sweetclover, Snall melilot, Sweet clover, Annual melilot, Annual yellow sweet-clover, Smaller yellow melilot, Small-flowered melilot, Indian sweetclover, Yellow sweet clover, Bokhara Clover, Indian Melilot, Melilot á Petites Fleurs, Senji, یونجه زرد هندی",Melilotus indicus,(L.) All.,2971016,1207360-2,
1403052,"Brazilian stink grass, Molasses grass, Brazilian stinkgrass, Efwatakala grass, Honey grass, Stink grass, Wynne grass, Bent-grass",Melinis minutiflora,P.Beauv.,2702503,408232-1,
1364452,"Bristle-leaved red top, Bristle-leaved redtop",Melinis nerviglumis,(Franch.) Zizka,4125031,2945821-1,
1361336,"Red Natal grass, Natal grass, Natal-redtop, Natal red top, Rose Natal grass, Blanketgrass, Holme's grass, Ruby grass, Wine grass, Fairy grass, Red top grass",Melinis repens,(Willd.) Zizka,2702504,2945817-1,
1420547,,Meliosma dilleniifolia,(Wall. ex Wight & Arn.) Walp.,7269647,776202-1,
1429426,,Meliosma pinnata,(Roxb.) Maxim.,7269655,776309-1,
1683365,,Meliosma rigida,Siebold & Zucc.,7269635,776320-1,LC
1683370,,Meliosma simplicifolia,(Roxb.) Walp.,7269667,776329-1,
1683374,,Meliosma squamulata,Hance,3838495,776336-1,LC
1429430,,Melissa axillaris,(Benth.) Bakh.f.,7707713,450032-1,
1652544,,Melocanna arundina,C.E.Parkinson,4115930,408269-1,
1378023,"Chocolate-Weed, Hirsute melochia, Redweed",Melochia corchorifolia,L.,3152125,824444-1,LC
1409799,"Bretonica prieta, Black marshmallow, Red dialthea",Melochia nodiflora,Sw.,6686377,824514-1,
1408355,"Tangkal bintenoo, Gunpowder tree, Hierba Del Soldado",Melochia umbellata,(Houtt.) Stapf,3152126,824564-1,LC
1461827,,Melodinus cochinchinensis,(Lour.) Merr.,3621961,80183-1,
1763088,,Memecylon coeruleum,Jack,8755407,571436-1,LC
1429438,,Memecylon edule,Roxb.,3866993,571520-1,LC
1429439,,Memecylon excelsum,Blume,3866830,571539-1,LC
1429444,,Memecylon lilacinum,Zoll. & Moritzi,3865766,571641-1,LC
1429448,,Memecylon paniculatum,Jack,3864813,571744-1,LC
1426515,"Anjani, అల్లి (Alli in Telugu), अंजनी",Memecylon umbellatum,Burm.f.,3863519,571880-1,LC
1560671,"American corn mint, Japanese corn mint, Japanese mint, Corn mint, Chinese mint, Canadian mint, Héheotsé-heséeo'ôtse, American Cornmint, Canada Mint, American Wild Mint, Field mint",Mentha canadensis,L.,2927198,450311-1,
1547098,Glabrous-fruit mercury,Mercurialis leiocarpa,Siebold & Zucc.,3062960,352199-1,
1409285,"Ivy woodrose, Ivy wood rose",Merremia hederacea,(Burm.f.) Hallier f.,5341744,270531-1,
1711860,"Comb hyptis, Comb bushmint",Mesosphaerum pectinatum,(L.) Kuntze,3889976,158242-2,
1714635,"Pignut, Mintbush, Mintweed, Horehound, Wild spikenard, Spikenard, American mint, Bush mint",Mesosphaerum suaveolens,(L.) Kuntze,3889017,158297-2,
1424018,"Mesua, Indian Rose Chestnut, Ceylon ironwood, Ironwood, Poached egg tree, Iron Wood Tree, Penaga Lili, নাহৰ",Mesua ferrea,L.,7330039,428832-1,VU
1417608,"Sago palm, Rumbia",Metroxylon sagu,Rottb.,2733781,668244-1,LC
1369042,,Mezoneuron cucullatum,(Roxb.) Wight & Arn.,5354740,507176-1,
1429471,,Mezzettia parviflora,Becc.,3156522,73910-1,LC
1791679,,Michaelmoelleria vietnamensis,"F.Wen, Z.B.Xin & T.V.Do",10758285,77209569-1,
1715094,"Velvet tree, Hairy clidemia, Koster's curse, Soapbush, Soapbrush, Koster’s curse",Miconia crenata,(Vahl) Michelang.,9404220,77164247-1,
1553026,,Microchirita involucrata,(Craib) Yin Z.Wang,8246900,77112931-1,
1652640,,Microchloa indica,(L.f.) P.Beauv.,4112143,408465-1,
1364512,"Kunth's smallgrass, Kunth's Small Grass",Microchloa kunthii,Desv.,2703589,408467-1,
1375145,,Micrococca mercurialis,(L.) Benth.,3072557,352283-1,
1429491,Microcos,Microcos paniculata,L.,4259928,834845-1,LC
1429494,,Microcos tomentosa,Sm.,4259769,834868-1,LC
1638052,,Microdesmis caseariifolia,Planch. ex Hook.,3075537,352290-1,LC
1373503,,Microglossa pyrifolia,(Lam.) Kuntze,5396042,232508-1,
1729754,,Microlepia firma,Mett.,8650078,17148210-1,
1729759,Plate fern,Microlepia platyphylla,(D.Don) J.Sm.,3605436,17148730-1,
1400863,Limpleaf Fern,Microlepia speluncae,(L.) T.Moore,2650730,1198545-2,
1426805,"Palapalai, Rigid lace fern, Hay-scented fern",Microlepia strigosa,(Thunb.) C.Presl,2650725,17148930-1,
1729466,,Micromeles rhamnoides,Decne.,3012752,726735-1,
1414561,,Micromelum minutum,(G.Forst.) Wight & Arn.,7269555,774392-1,LC
1560728,,Micromeria biflora,(Buch.-Ham. ex D.Don) Benth.,7307212,451719-1,
1627225,,Micropera pallida,(Roxb.) Lindl.,5323808,644185-1,
1789116,Crocodile fern,Microsorum musifolium,(Blume) Copel.,4025019,17341220-1,
1380657,"Fishtail Fern, Climbing birdsnest fern, Climbing bird's nest fern, Dwarf elkhorn fern, Fish-tail fern, Wart fern, Green Flame",Microsorum punctatum,(L.) Copel.,2650536,17341250-1,
1777993,,Microsorum steerei,Ching,4024497,17341400-1,
1790216,,Microsorum thailandicum,Boonkerd & Noot.,4024267,20002929-1,
1429496,,Microstachys chamaelea,(L.) Müll.Arg.,3074608,352310-1,
1652648,,Microstegium fasciculatum,(L.) Henrard,5674975,160567-2,
1652650,,Microstegium geniculatum,(Hayata) Honda,5674972,408515-1,
1652656,Bamboo-leaf browntop,Microstegium nudum,(Trin.) A.Camus,4123541,86272-3,
1652664,"Japanese Stilt Grass, Chinese Packing Grass, Flexible Sea Grass, Japanese Stiltgrass, Nepal Grass, Nepalese Browntop, Flexible sasa grass, Mary's grass",Microstegium vimineum,(Trin.) A.Camus,5289808,408546-1,
1404413,"Mile-a-minute, Climbing hempweed, Mikania-vine, Bittervine, Chinese creeper, American rope, Mile-a-minute weed, Bitter tally, Falso Guaco, Mikenia, রাবণলতা (Bangla)",Mikania micrantha,Kunth,5398421,161051-2,
1581796,,Millettia brandisiana,Kurz,5355870,507295-1,LC
1728911,,Millettia extensa,(Benth.) Benth. ex Baker,5355773,507364-1,
1418996,Moulmein Rosewood,Millettia peguensis,Ali,5355687,507480-1,DD
1773992,,Millettia pulchra,(Voigt) Kurz,5355677,507502-1,LC
1719092,,Millettia xylocarpa,Miq.,5355719,507574-1,LC
1418006,"Indian cork, Cork tree, Indian cork tree, ఆకాశమల్లి, Jasminum tree, ಆಕಾಶ ಮಲ್ಲಿಗೆ, மரமல்லி",Millingtonia hortensis,L.f.,7629955,110118-1,LC
1725502,"Giant sensitive plant, Giant false sensitive plant",Mimosa diplotricha,C.Wright,7808904,312750-2,
1366893,"Creeping sensitive-plant, Giant sensitive-plant, Giant false sensitive plant",Mimosa invisa,Mart. ex Colla,2969353,508165-1,
1363669,"Bashfulplant, Sensitive-plant, Thorny sensitive-plant, Catclaw mimosa, Giant sensitive-plant, Giant sensitive-tree, Sensitive weed, Black mimosa, Giant mimosa, Bushy sensitive plant, Ara€a-de-gato Negro, Giant trembling plant, Mimosa",Mimosa pigra,L.,2969431,313003-2,LC
1379560,"Touch-me-not, Sensitive-plant, Shame Lady, Shameplant, Shame Bush, Makahiya, Sensitive-weed, Common sensitive-plant, Sensitive, Sensitive Grass, Humble Plant, Sleepy Plant, Sleeping Grass, Shy Plant, Shame Face, Shame Weed, Shameful Plant, Dead-and-awake, Live-and-die, Mimosa, Action Plant, Shame Lady Shame, Wild Tantan, Herbe Sensible, Mori Vivi, Pope Haavare, Touch Me Not, Trompe la Mort, گل قهر, అత్తి పత్తి, Makahiya (tagalog), লজ্জাবতী, LAAJVANTI (छुईमुई), लाजाळू, Thothachevinghe, Putri Malu, Lajuki bon, Leave me alone, Cây xấu hổ, हिंदी भाषा, Rumput Malu, Chui mui, Rumput Semalu, Mary Mary close your door, Trinh nữ, Kusingan, Introvert mimosa, নিলাজী বন, લજામણી, Pokok semalu, लाजवंती, ထိကရုန်းပင်",Mimosa pudica,L.,2969284,313242-2,LC
1373038,"Bakul tree, పొగడ చెట్టు, Medlar, Tanjongtree, Spanish-cherry, Indian medlar, Bulletwood, Pagade tree's, Moulsari, Asian bullet wood, Tangongtree, West India medlar, Tanjong, Bakul, Borsalli, બોરસલી, Kya ishako kha sakte hain, Magilam, Mamajen",Mimusops elengi,L.,2883768,787918-1,LC
1362100,"Four-o'clock, Beauty of the Night, Marvel-of-Peru, Four o'clock flower, చంద్రకాంతం, لاله عباسی, Beauty-of-the-night, False jalap, Common Four O'clock, Marvel Of Peru, Morning Rose, Nachtschone, Prairie four-o'clock, Four-o'clock plant, 4 O' Clock Plant, Austin Chalk Four-o'clock, Bonina, Four o'clock umbrella-wort, Garden four-o'clock, રાત રણી, రుద్రాక్ష పూల మొక్క, সন্ধ্যামালতী/সন্ধ্যামনি, Akşam Sefası, Bella di notte, गुलबक्षी, Nočna frajla, گل ساعتی, Noćurak, Maravilla, الساعه ٤, Bunga Pukul Empat, Kembang asar, لاله و عباس, Minunea Peruului, Petunia, شب الليل, Flor de tarde, Sanjhi",Mirabilis jalapa,L.,3086240,162591-2,
1420038,"Japanese silver grass, Pacific Island Silvergrass, Giant Chinese silver grass, Miscanthus",Miscanthus floridulus,(Labill.) Warb. ex K.Schum. & Lauterb.,2706022,408736-1,
1420039,"Nepal silver grass, Himalayan fairy grass, Himalaya fairygrass",Miscanthus nepalensis,(Trin.) Hack.,2706031,408756-1,
1393844,"Zebra grass, Chinese silvergrass, Miscanthus, Eulalia, Maiden Grass, Susuki grass, Chinese Silver Grass, Maiden silvergrass, Eulalia grass, Chinese fairy grass, Japanese plume grass, Chinese Miscanthus, Variegated Maiden Grass",Miscanthus sinensis,Andersson,2706026,408768-1,
1359943,"Corn snapdragon, Lesser-snapdragon, Small snapdragon, Weasel's-snout, Linear-leaved snapdragon, Wild antirrhinum, Linearleaf snapdragon, Calf's-snout",Misopates orontium,(L.) Raf.,3171145,806149-1,
1372471,"Small squareweed, Tropical Girdlepod, Hausa Name : Gogamasu",Mitracarpus hirtus,(L.) DC.,2912993,756228-1,
1675630,"Kaim, True kadamb, Kadamb",Mitragyna parvifolia,(Roxb.) Korth.,2900484,756300-1,LC
1718417,Kratom,Mitragyna speciosa,Korth.,7461054,756303-1,LC
1401979,"Caribbean miterwort, Lax Hornpod",Mitreola petiolata,(J.F.Gmel.) Torr. & A.Gray,5414382,546721-1,
1773952,,Mitrephora tomentosa,Hook.f. & Thomson,3155068,74048-1,LC
1773953,,Mitrephora wangii,Hu,3155091,74054-1,NT
1393855,"Green carpetweed, Carpetweed, Indian chickweed, Green Carpet-weed, Common Carpetweed, Indian Carpetweed, Whorled Carpetweed, Devil's grip, ঘীমাই শাক",Mollugo verticillata,L.,3084611,280992-2,
1399937,"Bitter gourd, Bitter-melon, కాకర, Balsam-apple, Balsam-pear, Bitter-cucumber, Carilla gourd, African Cucumber, Cerasee, Föria, Kakurut, Paya, करइली, ゴーヤー, Bitter balsam apple, Wild balsam-apple, Bitter apple, Bitter squash, Carilla bush, Jumbee pumpkin, Maiden apple, Lizzard Food, Lizzard Pepper, Snake Apple Bush, Alsam pear, Paria, Limestone Fern, Old maid, Wild caryla, Wilde sopropo, करेला, کدو تلخ، کارلا،, Cundeamor, କଲରା, Pare, করলা",Momordica charantia,L.,2874581,293413-1,
1408370,"Chinese bitter-cucumber, Chinese-cucumber, Balsam-pear, Sweet gourd, Giant spine gourd, Spiny bitter-cucumber, Baby jackfruit, Cochinchin gourd, Gac, Red melon, Spiny bitter gourd, Carilla fruit, Wilde sopropo",Momordica cochinchinensis,(Lour.) Spreng.,2874580,293419-1,
1418567,"Spine gourd, Bristly Balsam Pear, Prickly Carolaho, Spiny gourd, Teasle Gourd, Balsampear, బోడ కాకర",Momordica dioica,Roxb. ex Willd.,2874579,293438-1,
1750171,"Ashok, False Ashoka Tree, Indian Mast Tree, Mast Tree, Buddha tree, Indian fir tree, False ashoka, Ashoka, నరమామిడి, Longleaf Monoon, Polyalthia longifolia",Monoon longifolium,(Sonn.) B.Xue & R.M.K.Saunders,11001249,77123022-1,LC
1358515,"Pinesap, Yellow bird's-nest, Yellow Indian Pipe, Dutchman's pipe, Mycoheterotroph, Yellow Birdsnest, Yellow Birs's-nest",Monotropa hypopitys,L.,8249145,163883-2,
1412752,"Indian pipe, Ghost pipe, Ghostflower, Ghost Plant, One-Flower Indian-Pipe, Ghost Pipes, Convulsion Root, One-flowered Indian Pipe, Corpse plant, What's its native/first name? Or did indigenous people pick this name?",Monotropa uniflora,L.,2888353,281016-2,
1539803,Ghost plant,Monotropastrum humile,(D.Don) H.Hara,4168795,582559-1,
1417859,"Mexican Daisy Bush, Pom Pom Tree, Tree Chrysanthemum, Tree Daisy",Montanoa bipinnatifida,(Kunth) K.Koch,5406093,233561-1,LC
1389950,"Sweet signal grass, Sweet signalgrass, Grass",Moorochloa eruciformis,(Sm.) Veldkamp,4155246,77065028-1,
1774966,,Morina nepalensis,D.Don,7596134,319572-1,
1372016,"Noni, Mengkudu, Noni-tree, Indian-mulberry, Cheesefruit, Canary-wood, Great morinda, Rotten cheesefruit, Dog dumpling, Pain-killer, Yaw-weed, Awl tree, Pace, తొగరు చెట్టు, Duppy soursop, Apatot, Kombo",Morinda citrifolia,L.,5339879,756359-1,LC
1675659,,Morinda coreia,Buch.-Ham.,5339862,756364-1,LC
1429525,"Noni, Dog dumpling, Great Morinda, Indian mulberry, Pain-killer, Yaw-weed, Awl tree",Morinda elliptica,(Hook.f.) Ridl.,5339899,756371-1,
1366224,"Moringa, Drumstick Tree, Moringa Tree, Miracle Tree, మునగ, Malunggay, Horseradish-tree, Ben-oil-tree, Benzolive-tree, West Indian ben, Ben-tree, Bènbòm, Moringo, Orselli, Horse-radish tree, Never-die, Mother's best friend, Ben-oil tree, Angela, Ben nut tree, Benzoliv, Benzoil Tree, Coatli, Indian-mulberry, Oil of ben tree, The Horse-Radish Tree, Maranga, முருங்கை மரம், Malunggay (tagalog), Kelor, ဒန့်ဒလွန် (in Burmese), ᱢᱩᱱᱜᱟᱹ / Munga (in Santali), درخت معجزه, ਸੁਹੰਜਣਾ, Zogala, সজনে, گز روغنی، مورینگا",Moringa oleifera,Lam.,3054181,584736-1,LC
1359658,"White mulberry, توت, Mulberry, Russian mulberry, Silkworm mulberry, White Mullberry, Chinese White Mulberry, Common Mulberry, Kuwa, Mora, That Dino Mulberry, Murbei, Шовковиця біла, תות לבן, নুনী, Amoreira",Morus alba,L.,5361889,30051955-2,LC
1602328,Chinese mulberry,Morus cathayana,Hemsl.,7262430,854633-1,LC
1602329,"Indian Mulberry, Japanese mulberry, Shahtoot, Tutu, Indian Morus, Korean Mulberry",Morus indica,L.,5569978,854652-1,DD
1429529,"King White Mulberry, Himalayan Mulberry, Long Mulberry, Pakistan Mulberry, Tibetan Mulberry",Morus macroura,Miq.,7262379,854675-1,LC
1359659,"Black mulberry, Common Mulberry, Mulberry, СпекӀ, شاه توت, תות שחור, Niggaberry, Red mulberry, Montalvo, Μούρα, Gerber's daisy, Toot, White Birch",Morus nigra,L.,5361888,854688-1,DD
1434973,"Miniature-Beefsteakplant, Miniature mosla",Mosla dianthera,(Buch.-Ham. ex Roxb.) Maxim.,2926630,452193-1,
1560858,Purplish field mosla,Mosla scabra,(Thunb.) C.Y.Wu & H.W.Li,8356260,452218-1,
1379684,"Black-bean, Velvet-bean, Sea-Bean, Burny bean, Liane Cadoque, Liane Caiman, Mort aux Rats, Elaphant Cowitch",Mucuna gigantea,(Willd.) DC.,2951381,509198-1,
1582683,,Mucuna macrocarpa,Wall.,2951365,509234-1,
1405718,"Cow-itch, Cowage, Velvet-bean, Itchweed, Buffalo bean, Hard-fern, Common magpie, Cowhage, Hell Fire Bean, Itchy Bean, Pica pica, Poil á Gratter, Sabawil, कौंच  (Kaunch)",Mucuna pruriens,(L.) DC.,2951499,509275-1,
1582710,,Mucuna sempervirens,Hemsl.,2951429,509290-1,LC
1759528,"Ribbonbush, Centipede-plant, Tapewormplant",Muehlenbeckia platyclada,(F.Muell.) Meisn.,8160440,694774-1,
1652737,Big muhly,Muhlenbergia huegelii,Trin.,4119731,409044-1,
1389477,"Mexican muhly, Wirestem muhly, Mexican Satingrass, Wire-stemmed Muhly",Muhlenbergia mexicana,(L.) Trin.,2704038,409079-1,
1401621,"Calabur-tree, Alateris (Philippines), Capulin, Panama-berry, Jamaica-cherry, Strawberry-tree, Calabura, Jamaican cherry, Jam tree, Bird's Cherry, Jamfruit, నక్క రేగు, Mansanitas (Philippines), Indonesian Cherry, Black cherry, Singapur, Cây trứng cá, Kersen",Muntingia calabura,L.,3152036,320779-2,LC
1497528,,Murdannia gigantea,(Vahl) G.Brückn.,2764671,172855-1,
1497530,"Grass lily, Blue Murdannia, Slug Herb",Murdannia graminea,(R.Br.) G.Brückn.,2764596,172857-1,
1399657,"Marsh dewflower, Asian-spiderwort, Wart-Removing-Herb, Wartremoving herb, Wart-removing herb, Marsh dayflower, Asian dayflower",Murdannia keisak,(Hassk.) Hand.-Mazz.,2764809,172863-1,
1429538,"Severalflower Dewflower, Angel grass",Murdannia loriformis,(Hassk.) R.S.Rao & Kammathy,2764587,172867-1,
1356130,"Nakedstem dewflower, Naked-Stem Dewflower, Doveweed, Spreading dayflower",Murdannia nudiflora,(L.) Brenan,2764680,172873-1,
1376473,Panicled Dewflower,Murdannia semiteres,(Dalzell) Santapau,2764823,172881-1,LC
1376445,Murdannia,Murdannia simplex,(Vahl) Brenan,2764739,172883-1,LC
1497548,Changing Color Dewflower,Murdannia versicolor,(Dalzell) G.Brückn.,2764641,172896-1,
1372599,"Orange jasmine, Kamini, Mock orange, কামিনী, Madhukamini, Kemuning, Chinese box, Orange jessamine, Jessamine, Lakeview jasmine, Jasmine orange, Hawaiian mock orange, Satinwood, China-box, Cosmetic bark tree, Honey bush, Murraya, Burmese boxwood, Chinese boxwood, Cosmetic bark, The China Box, Chameli, Kamuning, Kamonèng, నాగగొలంగ, Yuzana, ‎orange jessamine, Murraya paniculata, Marwa, مروی, Nguyệt quế, Mirto",Murraya paniculata,(L.) Jack,5421335,774441-1,
1602454,"Banana, Plantain, French plantain, Dessertbanane, Plantain banana, అరటి, موز, Pisang nangka, Pawli (AMI), Pisang",Musa × paradisiaca,L.,2762752,797595-1,
1380273,"Dwarf banana, Cavendish banana, موز, Chinese banana, Banana, Plantain, Edible Banana, Biu alas, Wild Banana, Dessert bananas, Sweet banana, జిట్టి అరటి, అరటి, কটীয়া জাহাজী কল, Pisang Barangan, Just a banana, موز پاکوتاه, बौना केला, Saging, Super Dwarf Cavendish, بونا کیلا, باقله, କଦଳୀ ଗଛ",Musa acuminata,Colla,2762680,797527-1,LC
1380076,"Plantain, Bluggo, Wild banana, Banana, Biu batu, Balbis banana, Starchy banana",Musa balbisiana,Colla,2762950,797536-1,LC
1419521,"Scarlet banana, Okinawa Torch, Red Flowering Banana, Red Flowering Thai Banana, Red Torch Banana",Musa coccinea,Andrews,2762920,797554-1,EN
1602438,Yunnan banana,Musa itinerans,Cheesman,2762994,584951-1,LC
1602451,,Musa nagensium,Prain,2763023,797587-1,LC
1409262,"Flowering banana, Bronze banana, French plantain",Musa ornata,Roxb.,2762989,584973-1,LC
1419523,Laterite Banana,Musa rubra,Wall. ex Kurz,2762985,584990-1,LC
1602461,Thai Gold Banana,Musa siamensis,Häkkinen & Rich.H.Wallace,2762946,77089497-1,DD
1602462,"Darjeeling Banana, Hardy Banana, Winter Hardy Banana",Musa sikkimensis,Kurz,2762675,797610-1,LC
1602463,Elusive banana,Musa splendida,A.Chev.,2762733,584994-1,LC
1424032,"Abaca, Abacá, Manila-hemp",Musa textilis,Née,2762907,797617-1,NT
1419526,"Pink velvet banana, Hairy banana, Pink banana",Musa velutina,H.Wendl. & Drude,2762971,797625-1,LC
1772886,"Golden Lotus Banana, Chinese Dwarf Banana, Chinese Yellow Banana",Musella lasiocarpa,(Franch.) C.Y.Wu ex H.W.Li,2763088,585005-1,EN
1675792,,Mussaenda erosa,Champ. ex Benth.,2892654,756617-1,
1371680,"Schizomussaenda, White flag bush",Mussaenda frondosa,L.,2892470,756632-1,LC
1429545,,Mussaenda glabra,Vahl,2892612,756643-1,
1420496,"Buddha's-lamp, Philippine mussaenda, Virgin tree, White mussaenda, Tropical dogwood, White flag, নাগবল্লি, Queen of the Phillipines, Doña Aurora, Dhobi plant, Nusa Indah",Mussaenda philippica,A.Rich.,2892466,756770-1,LC
1409824,Mussaenda,Mussaenda pubescens,Dryand.,2892558,756781-1,
1675872,,Mussaenda roxburghii,Hook.f.,4937999,756798-1,
1627474,,Mycaranthes floribunda,(D.Don) S.C.Chen & J.J.Wood,6316159,77104566-1,
1627493,,Mycaranthes oblitterata,Blume,2796776,645035-1,
1778953,,Myoporum bontioides,(Siebold & Zucc.) A.Gray,3745841,585264-1,
1478545,"Alpine forget me not, Asian forget-me-not, Alpine forget-me-not, Mountain forget-me-not, Alaskan forget-me-not",Myosotis asiatica,(Vestergr.) Schischk. & Serg.,5341186,118917-1,
1515537,,Myriactis nepalensis,Less.,5391574,234016-1,
1719430,"Box-myrtle, Malay gale",Myrica esculenta,Buch.-Ham. ex D.Don,5565387,585517-1,
1357455,"Eurasian water-milfoil, Spike water-milfoil, Eurasian watermilfoil, Spiked water-milfoil, Spike Watermilfoil, Spiked Watermilfoil, Eurasian Spiked Water-milfoil, Spiked Water-millfoil, Water Milfoil, Myriophylle en epi",Myriophyllum spicatum,L.,5361760,430465-1,LC
1357459,"Myriad-leaf, Whorled water-milfoil, Whorl-leaf watermilfoil, Whorled leaf water milfoil, Whorled milfoil, Whorlleaf Watermilfoil, Bracted Water-milfoil, Green Water-milfoil, Verticillate Water-milfoil, Whorl-leaved Water-milfoil, Water milfoil",Myriophyllum verticillatum,L.,5361779,430479-1,LC
1429553,,Myristica cinnamomea,King,5564454,586016-1,LC
1408391,"Mace, Nutmeg, Nutmeg-tree, Nutmeg and mace, జాజికాయా",Myristica fragrans,Houtt.,5406817,586076-1,DD
1429564,,Myristica iners,Blume,5564626,586130-1,LC
1429576,Ant plant,Myrmecodia tuberosa,Jack,2902953,757002-1,
1660896,,Myrsine semiserrata,Wall.,7330934,589275-1,LC
1609388,,Myxopyrum smilacifolium,(Wall.) Blume,7326127,610489-1,
1701866,,Nageia fleuryi,(Hickel) de Laub.,2687767,943765-1,NT
1361527,"Ricefield Waternymph, Ricefield water-nymph, Naiad, Bushy pondweed, Grassy naiad",Najas graminea,Delile,5329404,603012-1,LC
1737431,"Slender naiad, Holly-leaf naiad, Spiny naiad, Holly-leaved naiad",Najas major,All.,5329338,603033-1,
1361528,"Slender-leaf naiad, Brittle naiad, European naiad, Slender naiad, Brittle Water-nymph, Brittle Waternymph, Brittle-leaved Naiad, Eutrophic Water-nymph, Smaller Najas, Brittle-leaf naiad, Lesser naiad, Small naiad, Slender-leaved naiad, Water-nymph",Najas minor,All.,5329434,603043-1,LC
1491476,"Indian Nard, Indian Spikenard, Muskroot, Nardin, Nardus Root, Spikenard, True spikenard, Indian valerian",Nardostachys jatamansi,(D.Don) DC.,4095989,859418-1,CR
1751549,,Narenga porphyrocoma,(Hance) Bor,2705306,409311-1,
1785426,Hesperethusa,Naringi crenulata,(Roxb.) Nicolson,3836590,774465-1,LC
1409146,"Common Water-cress, Water-cress, Common Watercress, Southern Watercress, True Watercress",Nasturtium officinale,W.T.Aiton,5708806,287534-1,LC
1555809,,Natsiatum herpeticum,Buch.-Ham. ex Arn.,7731229,60469152-2,
1429581,,Nauclea officinalis,(Pierre ex Pit.) Merr. & Chun,5339131,77078143-1,LC
1429582,"Leichhardt-pine, Leichhardt-tree, Burtree, Canary cheesewood, Canary-wood, Yellow cheesewood, Cape York leichardt, Soft leichhardt, Cheesewood",Nauclea orientalis,(L.) L.,5339133,757181-1,LC
1429584,,Nauclea subdita,(Korth.) Steud.,5339121,757259-1,LC
1429585,Tamra starviolet,Neanotis hirsuta,(L.f.) W.H.Lewis,2909965,757302-1,
1676029,,Neanotis wightiana,(Wall. ex Wight & Arn.) W.H.Lewis,2909912,757325-1,
1374414,Nechamandra,Nechamandra alternifolia,(Roxb. ex Wight) Thwaites,2865574,431843-1,LC
1667553,,Neillia affinis,Hemsl.,3024783,726798-1,
1667561,,Neillia rubiflora,D.Don,3024781,726818-1,
1667564,,Neillia thyrsiflora,D.Don,3024763,726826-1,LC
1720068,,Nekemias cantoniensis,(Hook. & Arn.) J.Wen & Z.L.Nie,7910402,77142316-1,
1379677,Blue Pussyleaf,Nelsonia canescens,(Lam.) Spreng.,5415356,52558-1,LC
1397584,"Indian Lotus, East Indian lotus, Oriental lotus, Lotus, Lotusroot, Sacred lotus, Caspian Nelumbium, Sacred Egyptian Bean, कमल, पलेस्वां, Bean of India, Chinese Arrowroot, Padma, తామర, পদুম, نیلوفر آبی, Indonesian Lotus",Nelumbo nucifera,Gaertn.,2882449,605422-1,
1469973,,Nenga pumila,(Blume) H.Wendl.,5293629,668319-1,LC
1409833,,Neoalsomitra sarcophylla,(Wall.) Hutch.,3623331,1024517-2,
1789708,,Neobalanocarpus heimii,(King) P.S.Ashton,4096510,321115-1,EN
1566828,,Neocinnamomum caudatum,(Nees) Merr.,4177810,466907-1,LC
1676047,,Neohymenopogon parasiticus,(Wall.) Bennet,2907324,909127-1,
1409834,"Kadam, Leichhardt-pine, Burflower-tree, Laran, Common bur-flower-tree, Kadamb, కదంబం",Neolamarckia cadamba,(Roxb.) Bosser,2896888,914296-1,
1566842,,Neolitsea cambodiana,Lecomte,4180166,466938-1,LC
1783660,,Neolitsea cuipala,(D.Don) Kosterm.,4180035,466951-1,LC
1783659,,Neolitsea foliosa,(Nees) Gamble,4179928,466961-1,LC
1719133,"Pitcher-plant Narrow-lidded, Flask-Shaped Pitcher-Plant, Pitcher plant",Nepenthes ampullaria,Jack,7167254,603652-1,LC
1711752,"Pitcher-plant Slender, Slender pitcher plant",Nepenthes gracilis,Korth.,3702049,603714-1,LC
1608001,"Tropical pitcherplant, Common Swamp Pitcher Plant, Kantung Semar",Nepenthes mirabilis,(Lour.) Druce,3190712,603761-1,LC
1719117,Pitcher Plant,Nepenthes sanguinea,Lindl.,3702234,603802-1,LC
1787869,,Nepenthes smilesii,Hemsl.,3702171,603805-1,LC
1429634,Lotong,Nephelium cuspidatum,Blume,7264801,783800-1,LC
1400287,"Rambutan, Pulasan, 红毛丹 (Mandarin), Monkey Apple",Nephelium lappaceum,L.,5421126,783833-1,LC
1420621,Pulasan,Nephelium ramboutan-ake,(Labill.) Leenh.,5577841,942847-1,LC
1426793,,Nephrolepis acutifolia,(Desv.) Christ,4196918,17160650-1,
1400478,"Giant sword fern, Giant swordfern, Fishtail fern, Large sword fern, Purple-stalk sword fern, Broad sword fern, Macho Fern, Samambaia Rabo de Peixe",Nephrolepis biserrata,(Sw.) Schott,2650936,17160710-1,
1410298,"Asian sword fern, Asian swordfern",Nephrolepis brownii,(Desv.) Hovenkamp & Miyam.,4196780,77069554-1,
1389294,"Boston fern, Narrow sword fern, Narrow swordfern, Tuber ladder fern, Erect sword fern, Fishbone fern, Ladder fern, Sword fern, Tuber fern, Tuberous sword fern",Nephrolepis cordifolia,(L.) C.Presl,2650930,17160730-1,
1401146,"Asian sword fern, Scaly swordfern",Nephrolepis hirsutula,(G.Forst.) C.Presl,2650931,17160910-1,
1748259,"Annual Sword fern, Annual Swordfern",Nephrolepis undulata,(Afzel. ex Sw.) J.Sm.,2650934,17161310-1,LC
1367877,"Water-mimosa, Garden Puff, Sensitive water plant",Neptunia oleracea,Lour.,5353533,509607-1,LC
1363813,"Oleander, Common oleander, Adelfa, గన్నేరు, خرزهره, Rose-laurel, Rose bay, कण्हेर, করবি, دفلى, Rose of Jericho, Nerium, Adelfa Blanca, Laurier rose, Baladre, செவ்வரளி",Nerium oleander,L.,3169756,80460-1,LC
1420497,"English babytears, Makole, Beadplant, Coral beadplant, Coral-moss, Coral-bead plant, Coral-berried duckweed",Nertera granadensis,(Mutis ex L.f.) Druce,2911624,757486-1,
1627707,Tall shield orchid,Nervilia concolor,(Blume) Schltr.,2836743,645461-1,
1728658,,Nervilia simplex,(Thouars) Schltr.,2836760,645536-1,
1719113,"Tropical kudzu, Kudzu, Wild Kudzu Vine, Puero",Neustanthus phaseoloides,(Roxb.) Benth.,2977687,509661-1,
1365829,Madagascar grass,Neyraudia arundinacea,(L.) Henrard,2705688,409504-1,
1435174,"Silk-reed, Burma-reed, 類蘆",Neyraudia reynaudiana,(Kunth) Keng ex Hitchc.,2705687,409508-1,
1356144,"Apple of Peru, Broadleaf-nightshade, Apple-of-Peru, Shooflyplant, Shoo-fly, Shoo-fly plant, Chinese lantern",Nicandra physalodes,(L.) Gaertn.,5341754,816832-1,
1361885,"Persian tobacco, Flowering tobacco, Sweet tobacco, Jasmine tobacco, Indian tobacco, Ornamental tobacco, Winged tobacco, Sweet-scented tobacco, Tanbaku, Regina Noptii, Regina nopții",Nicotiana alata,Link & Otto,2928761,816845-1,
1356161,"Tex-Mex Tobacco, Curled-leaved tobacco, Leadwort-leaved tobacco",Nicotiana plumbaginifolia,Viv.,2928768,817036-1,
1356160,"Aztec tobacco, Nicotine tobacco, Wild tobacco, Indian tabacco, Small tobacco, Native tobacco, Brazilan tobacco, Wild tabacco, Buure-Tabak, Indian Tobacco, Turkish Tobacco, تنباکو،",Nicotiana rustica,L.,2928775,817055-1,
1356159,"Tobacco, Cultivated Tobacco, Igwayi, Tabacco, Virginische Tabak, タバク, Virginia tobacco, Virginian tobacco, Large tobacco, American tobacco, Common tobacco, పొగాకు",Nicotiana tabacum,L.,2928774,817077-1,
1720310,,Nidorella aegyptiaca,(L.) J.C.Manning & Goldblatt,8339120,77132394-1,
1363976,"Roman-coriander, Black-caraway, Black-cumin, Nigella, Fennel-flower, Nutmeg-flower, Common fennel flower, Jeura itam, Jhinten èreng, Black onion seed, मंगरइल, Gith, Onion seed, Falsely Black Cumin, سیاه دانه, Νιγέλα ή Νιγκέλλα (GR) ή (EL), Borzaskata, धनिया",Nigella sativa,L.,5371700,711687-1,
1424046,Bong tree,Nothaphoebe umbelliflora,(Blume) Blume,4178276,467100-1,LC
1366990,,Nothosaerva brachiata,(L.) Wight,3675362,60963-1,
1378859,"Parijat, Night jasmine, हरसिंगार, Harsringar, పారిజాతం (Parijaatam), Tree of sadness, Night-flowering jasmine, Arbor tristis, Sad tree, Harshingar, Tree of sorrow, पारीजात, শিউলি (in Bengali), ଗଙ୍ଗଶିଉଳି, Shiuli",Nyctanthes arbor-tristis,L.,3683008,610599-1,LC
1359669,"White Water-lily, European White Water-Lily, White nenuphar, White water rose, European white waterlily, သွာ၊ တၞံ, Waterlily, White Pond-lily, అల్లి, نیلوفر آبی سفید",Nymphaea alba,L.,2882437,171158-2,LC
1409296,"Blue Water Lily, Red and blue water-lily, Indian bllue waterlily, Indian waterlily, Lilly, Blue star water-lily, Star lotus, Blue lotus, Blue Indian lotus, Ambal, Lily, నీలి కలువ",Nymphaea nouchali,Burm.f.,7326947,605643-1,LC
1608438,"Red water-lily, Hairy Water Lily, Pink water lily, White lotus, White water lily",Nymphaea pubescens,Willd.,3697240,605673-1,LC
1608440,"Red Indian water lily, ఎఱ్ఱ కలువ, লাল শাপলা, कमल, Cleopatra lily.",Nymphaea rubra,Roxb. ex Andrews,7365664,605694-1,LC
1412834,"Pygmy water-lily, Small white water-lily, Pygmy waterlily, Northern small white water-lily, Dwarf waterlily",Nymphaea tetragona,Georgi,2882422,171226-2,LC
1601208,Yellow-flowered snowflake,Nymphoides aurantiaca,(Dalzell) Kuntze,5592256,370189-1,LC
1601223,"Crested floating heart, Fairy water lily, Floating heart",Nymphoides hydrophylla,(Lour.) Kuntze,5592249,370200-1,LC
1402356,"Robust marshwort, Water-snowflake, Banana-plant, Floatingheart, Water gentian",Nymphoides indica,(L.) Kuntze,5341503,1182548-2,LC
1385883,"Nipa, Nipa palm, Mangrove palm, Nypa Palm, Swamp palm, Nipah palm, ဓနိပင်, Nipah",Nypa fruticans,Wurmb,2738422,668507-1,LC
1528133,,Nyssa sinensis,Oliv.,7322071,271952-1,LC
1627904,,Oberonia ensiformis,(Sm.) Lindl.,5312935,645802-1,
1426731,,Oberonia equitans,(G.Forst.) Mutel,5312804,60466345-2,
1718896,,Oceana serrulata,(R.Br.) Byng & Christenh.,10918187,77183513-1,
1719144,Petaling,Ochanostachys amentacea,Mast.,3686107,608062-1,LC
1383220,"Large-flowered ochna, African bird's-eye bush, Bird's-eye bush, Cardinal bush, Mickey Mouse bush",Ochna atropurpurea,DC.,3695385,606526-1,
1419610,"Yellow Mai Flower, Mai Vang Plant",Ochna integerrima,(Lour.) Merr.,3695976,606651-1,LC
1409841,"Mickey Mouse-plant, Small-leaved plane, Carnival Redwood, Bird's Eye Bush, Carnival Ochna, Mall-leaved Plane, Mickey Mouse Bush, Ochna, Carnival bush, Mickey Mouse tree",Ochna serrulata,(Hochst.) Walp.,3189680,606778-1,LC
1388747,"Balsa, Corkwood, Downtree, West Indian balsa, Balsa-wood tree, Balsa Wood, Balsa tree, Bois flot",Ochroma pyramidale,(Cav. ex Lam.) Urb.,3152240,171458-2,LC
1427052,"Twin-apple, Fao",Ochrosia oppositifolia,(Lam.) K.Schum.,3617566,80534-1,LC
1561102,"Hoary basil, Lemon basil",Ocimum × africanum,Lour.,3898584,452853-1,
1419267,"Sweet Basil, American basil, Hoary basil, Lemon basil, Hairy basil, Basil, Common basil, तुलसी, Tulsi, ریحان, Holy basil, نازبو, نیازبو, تلسی, Kecarum, ပင်စိမ်း (in Burmese)",Ocimum americanum,L.,2927097,316218-2,
1361975,"Sweet basil, Basil, Thai Basil, ريحان, Eorþmistel, Sulasih, Common basil, Basilie, मरवा, Garden Basil, గణపత్రి, تلسی, Bosiljak, Dolce Fresca Basil, Holy, Purple Basil, ريحان زينة, Tauirs, رەیحانی زینە, Oregano, Basilico, Kemangi, Sabarang",Ocimum basilicum,L.,2927096,452874-1,
1377328,,Ocimum filamentosum,Forssk.,3897753,452942-1,
1408426,"African basil, Scent leaf, East Indian basil, Russian basil, Clove basil, Tree basil, Shrubby basil, Wild basil, Tea bush, Zulu basil East Indian Basil, Mosquito plant, Fever Plant, East Indian tree basil, Lemon Basil, Basil, తులసి, Nunumu, Tulsi, Lemon balm",Ocimum gratissimum,L.,2927094,452969-1,
1561124,"Hoary basil, Camphor basil, Thai Basil, Red Basil, Basil",Ocimum kilimandscharicum,Gürke,8344835,453005-1,
1377338,"Tulasi, Tulsi, तुलसी, Holy basil, তুলসী, Sacred basil, తులసీ, Brush-leaf-tea, Tulasih, Indian holy basil, तुळस, Basil, Lampes (Indonesia), Kaphrao (Thailand), ደማ ከሴ, Thulasi, මදුරුතලා, ريحان, Ruku-ruku (Sumetera), Hương nhu tía, Q23, Thai basil",Ocimum tenuiflorum,L.,2927100,453130-1,
1409857,Shrubby Toothedthread,Odontonema nitidum,(Jacq.) Kuntze,5415338,172468-2,
1415261,"Chinese Creepingfern, Pala’a lace fern, Lace fern, Parsley fern",Odontosoria chinensis,(L.) J.Sm.,2650747,17165080-1,
1750655,,Odontosoria krameri,Fraser-Jenk.,8248381,77100190-1,
1389132,"Chinese-celery, Indian-pennywort, Water-celery, Water-dropwort, Java water-dropwort, Java Waterdropwort, Japanese Parsley, Flamingo plant",Oenanthe javanica,(Blume) DC.,5371886,845307-1,LC
1361953,"Common evening primrose, Evening Primrose, Field Primrose, Yellow evening-primrose, Candlestick, German-rampion, Evening Primose, Hoary Evening-primrose, Hoary Eveningprimrose, King's-cureall, Lesser Evening Primrose, Wild Evening-primrose, Tree Primrose, Azaan flowers",Oenothera biennis,L.,3188924,172755-2,
1361957,"Pink evening-primrose, Rose evening primrose, Rosy Evening-primrose, Rose primrose, Evening-Primrose, Kæmpe Natlys",Oenothera rosea,L'Hér. ex Aiton,3188875,173348-2,
1610134,"Narrowleaf Evening Primrose, Yellow sun drops, Evening Primrose",Oenothera tetragona,Roth,6427785,614140-1,
1719143,,Olax scandens,Roxb.,3686095,608144-1,
1424707,,Oldenlandia affinis,(Roem. & Schult.) DC.,2915879,757678-1,
1360427,"Flattop mille graines, Flat-Top Mille-Graines, Flat-top mille graines, Old World diamond flower, Corymbose hediotis, Diamond flower, ক্ষেতপাপরা, Rumput Mutiara, انار, ক্ষেত পাপড়া, Pearl grass, Shui xian cao (China)",Oldenlandia corymbosa,L.,2911970,757791-1,
1361965,Clusterflower Mille Graines,Oldenlandia herbacea,(L.) Roxb.,2911992,757892-1,
1371244,"Chay Root, Chayaveru, Subuli, 伞形花耳草, Indian madder",Oldenlandia umbellata,L.,2915763,758254-1,
1609468,"Australian olive, Cloveberry, Marblewood, Pigeonberry-ash",Olea paniculata,R.Br.,7506783,610763-1,LC
1729873,,Oleandra wallichii,(Hook.) C.Presl,4196795,17165820-1,
1429684,Thorny palm,Oncosperma horridum,(Griff.) Scheff.,2732298,668555-1,LC
1426687,"Nibong, Nibung Palm, Nibong palm",Oncosperma tigillarium,(Jack) Ridl.,2732290,668557-1,LC
1420268,Carrot fern,Onychium japonicum,(Thunb.) Kunze,7335697,17167030-1,
1720406,,Onychium siliculosum,(Desv.) C.Chr.,5566645,17167100-1,
1370215,"Transparent wood-rose, Indian jalap, Turpeth, White day glory, St. Thomas lidpod, Orange-peel Clematis, Terpeth root",Operculina turpethum,(L.) Silva Manso,5341747,270819-1,
1720355,Large adder's tongue,Ophioglossum costatum,R.Br.,3659365,17167400-1,
1415281,"Old World adderstongue, Old World adder's-tongue, Old world adder’s tongue, Hanging adder's-tongue fern, Old World Adder's-tongue Fern",Ophioglossum pendulum,L.,2650130,17167860-1,
1417074,"Long-Stem Adder's-Tongue, Longstem adderstongue, Netted adder’s tongue, Longstem adder's-tongue, Stalked adder's-tongue",Ophioglossum petiolatum,Hook.,2650129,17167890-1,
1356426,"Netted Adder's-Tongue, Netted adderstongue, Stalked Adder's-tongue, Reticulate adder's-tongue fern",Ophioglossum reticulatum,L.,2650137,174612-2,LC
1472732,,Ophiopogon caulescens,(Blume) Backer,2774135,538901-1,
1408445,,Ophiopogon intermedius,D.Don,2774251,429777-1,
1417723,"Mondo-grass, Dwarf lilyturf, Snake's-beard, Ophiopogon, Lily turf grass",Ophiopogon japonicus,(Thunb.) Ker Gawl.,2774158,429781-1,
1676549,,Ophiorrhiza japonica,Blume,5340994,758479-1,
1429690,"Indian snake root, Mongoose plant",Ophiorrhiza mungos,L.,5340801,758527-1,
1383089,,Opilia amentacea,Roxb.,3658866,608174-1,
1424058,Burmann's basketgrass,Oplismenus burmanni,(Retz.) P.Beauv.,2705738,30453766-2,
1389951,"Running Mountaingrass, Running mountain basketgrass, Running mountain grass, Armgrass",Oplismenus compositus,(L.) P.Beauv.,2705733,409823-1,LC
1403062,"Basketgrass, Bristle Basketgrass, Bristle basket grass, Woods grass, Wood grass, Wavyleaf basketgrass",Oplismenus hirtellus,(L.) P.Beauv.,2705737,1004002-1,
1720975,"Wavy-leaf basketgrass, Wavyleaf basketgrass, Australian basketgrass, Creeping beardgrass, Slender panicgrass, Spicate armgrass",Oplismenus undulatifolius,(Ard.) P.Beauv.,7745203,941386-1,
1384030,"Cochineal cactus, Cochineal nopal cactus, French prickly pear, Roast pork, Smooth pear, St Gabriel's fog, Wachet, Nopal (Mexico), Ratchet",Opuntia cochenillifera,(L.) Mill.,5384050,1008816-2,
1399848,"Flat hand dildo, Jumbie prickle, Prickly pear, Seaside tuna, Sour prickle, Red Prickle, Pearbush, Pipestem prickly pear, Sweet prickly pear, Dillen's prickly pear, Erect pricklypear",Opuntia dillenii,(Ker Gawl.) Haw.,6378623,136534-1,
1362754,"French Prickle Cactus, Jumbie Prickle, Broad prickly pear, Tuna, Red-flower prickly pear",Opuntia elatior,Mill.,5620016,136561-1,LC
1743376,"Drooping Prickly Pear, Common pricklypear, Cochineal prickly-pear",Opuntia monacanthos,(Willd.) Haw.,12252201,323260-2,
1363600,"Erect prickly-pear, Araluen pear, Common pest pear, Prickly pear, Erect Pricklypear, Sour Prickle, Prickle, Spiny prickly pear, Coastal prickly pear, Pest pricklypear, Shellmound prickly pear, Australian pest pear, Common prickly pear, Pest pear of Australia, Sour prickly pear, Spiny pest pear, انجیر تیغی ایستاده، کاکتوس راکتی, Nopal (Mexico), Nopal estricto",Opuntia stricta,(Haw.) Haw.,5384075,137078-1,LC
1553174,,Oreocharis aurea,Dunn,6365060,382000-1,
1695306,Shrubby oreocnide,Oreocnide frutescens,(Thunb.) Miq.,7300629,854834-1,LC
1778112,,Oreoseris delavayi,(Franch.) X.D.Xu & W.Zheng,9722517,77176440-1,
1583015,Indochina ormocarpum,Ormocarpum cochinchinense,(Lour.) Merr.,2954036,510616-1,
1410175,"Indian Trumpet Tree, Indian trumpet flower, Midnight horror",Oroxylum indicum,(L.) Kurz,7414934,110175-1,LC
1728726,,Orthoraphium roylei,Nees,4110390,410036-1,
1408448,"Cat's-whiskers, Whiskerplant, Java-tea, Cat's moustache, Cat´s whiskers, Kumis Kucing, Balbas-pusa",Orthosiphon aristatus,(Blume) Miq.,7308026,453446-1,
1561216,,Orthosiphon rubicundus,(D.Don) Benth.,3892020,453571-1,
1380465,Chilantippatam,Orthosiphon thymiflorus,(Roth) Sleesen,3891796,453597-1,
1653050,,Oryza brachyantha,A.Chev. & Roehr.,4110272,410046-1,LC
1403066,"Broadleaf Rice, Arrocillo",Oryza latifolia,Desv.,2703456,316809-2,LC
1429707,,Oryza minuta,J.Presl,4109837,410083-1,LC
1403067,"Red rice, Wild rice, Brownbeard Rice, Wild red rice, Brown-beard rice, Common wild rice",Oryza rufipogon,Griff.,2703463,410115-1,LC
1363477,"Lowland rice, Asian rice, Upland rice, Rice, Cultivated Rice, Padi, धान, Common rice, Brownbeard rice, Brown-beard Rice, Common wild rice, Red rice, Wild red rice, వరి",Oryza sativa,L.,2703459,316812-2,
1720290,,Osbeckia nepalensis,Hook.,3865497,574126-1,
1784016,,Osbeckia nutans,Wall. ex C.B.Clarke,5600554,574127-1,
1729590,,Osbeckia rostrata,D.Don,5600451,574168-1,
1729591,,Osbeckia stellata,Buch.-Ham. ex D.Don,7541996,574191-1,
1394028,"Sweet osmanthus, Tea Olive, Fragrant olive, Sweet olive, Fragrant Osmanthus, Mokusei, 桂花",Osmanthus fragrans,Lour.,3172278,610878-1,LC
1609504,,Osmanthus suavis,King ex C.B.Clarke,3682951,610918-1,LC
1737413,,Osmelia philippina,(Turcz.) Benth.,7559427,365795-1,LC
1720389,Fragrant necklace fern,Osmolindsaea odorata,(Roxb.) Lehtonen & Christenh.,7531349,77106823-1,
1419809,"Asian royal fern, Japanese royal fern",Osmunda japonica,Thunb.,3645928,77117634-1,
1727770,"Buckhorn, Cinnamon Fern",Osmundastrum cinnamomeum,(L.) C.Presl,7319895,60447721-2,LC
1364048,"Transvaal sumach, Wild tea plant, Rock tanninbush",Osyris lanceolata,Hochst. & Steud.,3788959,780506-1,LC
1729447,,Ototropis multiflora,(DC.) H.Ohashi & K.Ohashi,10685079,77120361-1,
1356034,"Duck-lettuce, Water-plantain ottelia, Waterplantain Ottelia, Ottelia, Water plantain",Ottelia alismoides,(L.) Pers.,5329515,1080475-2,LC
1365834,"Slender-panic grass, Slender panicgrass",Ottochloa nodosa,(Kunth) Dandy,4105416,410269-1,
1747847,"Aerva, Manèk manoe, Mountain knotgrass, పిండికూర",Ouret lanata,(L.) Kuntze,10974033,61673-1,
1774572,,Ouret sanguinolenta,(L.) Kuntze,10832776,61681-1,
1366292,"Barrelier's woodsorrel, Lavender Sorrel",Oxalis barrelieri,L.,2891750,177777-2,
1363638,"Creeping Wood Sorrel, Sleeping Beauty, Procumbent Yellow-sorrel, Creeping lady's-sorrel, Creeping oxalis, Sour-grass wood-sorrel, Yellow wood sorrel, 'ihi, Creeping Woodsorrel, Yellow Oxalis, Yellow Procumbent Wood-sorrel, Creeping Ladies'-sorrel, Creeping Yellow Wood-sorrel, Wood Sorrel, Procumbent yellow wood sorrel, Indian sorrel, Creeping yellow Oxalis, Yellow Sorrel, Inda, Jimson Weed, Creeping woods, పులి చింత, আমরুল/আমরুল শাক, ترشک, Măcriș galben (RO), شبدری, 酢浆草, Sour grass, Nep creeping sorrel, Ragainā zaķskābene (LVL), Зечја соца, Sun-shy Woodsorrel",Oxalis corniculata,L.,8427624,177893-2,
1359754,"Pink woodsorrel, Large-flower pink-sorrel, Pink shamrock, Large-flowered Pink-sorrel, Large-flowered pink sorrel, Lilac oxalis, Pink wood sorrel, Violet wood sorrel, Oxalis, Zesty Pink Woodsorrel, اوكزاليس",Oxalis debilis,Kunth,2891707,374833-1,
1721129,,Oxalis griffithii,Edgew. & Hook.f.,7318157,374978-1,
1363639,"Broadleaf woodsorrel, Green Shamrock, Broadleaf wood-sorrel, Garden pink-sorrel, Large-leaf wood-sorrel, Fishtail oxalis, Pink shamrock, Purple-flower oxalis, Broadleaf sorrel, Pink garden sorrel, Sorrel, Umngumungwana, Umungumungwana, Red garden wood sorrel, Cuban purple wood sorrel, Shamrock, Gjøksyre, Purple shamrock, Lykkekløver, اگزالیس",Oxalis latifolia,Kunth,2891755,375051-1,
1394364,"Iron Cross Oxalis, Lucky-clover, Four-leaved Pink-sorrel, Four-leaf pink-sorrel, Good-luck-leaf, Four-leaved Sorrel, Fleshy Yellow-sorrel, Four-leaf wood sorrel, Four-leaved pink sorrel, Four-leaved wood sorrel, Good-luck leaf, Good-luck plant, Iron cross, Wood sorrel, Tommy stone, Four-leaf Clover, Genetically modified clover leaf",Oxalis tetraphylla,Cav.,7560711,375466-1,
1777493,"Bristletips, Oxyspora",Oxyspora paniculata,(D.Don) DC.,3188629,574548-1,
1728825,"Rosy milkweed, Rosy milkweed vine",Oxystelma esculentum,(L.f.) Sm.,7355574,60458242-2,LC
1368966,"Yam-bean, Potato-bean, Mexican-potato, Jicama, Saeme, Bangkuang, Bito', Mexican yam bean, Turnip bean, Manioc Cochon, Patte la CouÉte, Pois Manioc, Wild Yam Bean, Water fern, Turnip Tree",Pachyrhizus erosus,(L.) Urb.,2974683,179936-2,
1408863,"Golden shrimp-plant, Yellow shrimp-plant, Golden-candle, Lollipop-plant, Yellow-candles, Lollypops, Golden yellow lollipop plant, Pachystachy Lurea Ness (Golden Shrimp plant), ناوک, Sarı Karides Çiçeği",Pachystachys lutea,Nees,3778625,52814-1,
1429718,,Padbruggea dasyphylla,Miq.,2952312,512030-1,
1408451,"Skunkvine, Stinkvine, Chinese fever vine, Chinese moon creeper, Lesser Malayan stinkwort, ভেদাইলতা, พาโหม",Paederia foetida,L.,2909527,758897-1,
1676793,,Paederia lanuginosa,Wall.,2909568,758907-1,
1420642,Saigon gutta,Palaquium obovatum,(Griff.) Engl.,2886501,788369-1,LC
1429749,,Palaquium rostratum,(Miq.) Burck,2886698,788410-1,LC
1420330,Maritime jujuba,Paliurus ramosissimus,(Lour.) Poir.,5603062,717703-1,
1718514,"Pandan, Pandan arum, Fragrant Pandan",Pandanus amaryllifolius,Roxb. ex Lindl.,9296315,670690-1,DD
1419827,Pandanus,Pandanus furcatus,Roxb.,5327876,670977-1,
1638771,"Fragnant Screw Pine, Umbrella Tree, Kewda",Pandanus odorifer,(Forssk.) Kuntze,5327293,671284-1,LC
1638943,"Screw pine, Tahitian Screw-Pine, Beach Pandanus, Textile screwpine, Pandang, Pandanus palm, Seashore screwpine, Variegated screwpine, Walking tree, پاندانوس ابلق, خنجری، پاندانوس, Thaazhamboo, Pandanus Utilis, Pandan Laut, Ketaki, السيكاس, Pandanus, केतकी",Pandanus tectorius,Parkinson ex Du Roi,8023236,895770-1,LC
1638972,,Pandanus urophyllus,Hance,5327547,671592-1,LC
1420614,"Football fruit, Pakem, Pangi, Kepayang",Pangium edule,Reinw.,9796769,111972-1,LC
1363449,"Blue panic, Blue panic grass, Giant panic, Blue panicum, Blue panicgrass, Giant panicgrass, Elbowgrass",Panicum antidotale,Retz.,2705141,410542-1,
1653093,,Panicum atrosanguineum,Hochst. ex A.Rich.,4104818,410621-1,
1364965,"Shortleaf panic grass, Short-leaved panicgrass",Panicum brevifolium,L.,4153922,410787-1,
1394395,"Smooth witchgrass, Autumn millet, Fall panic grass, Fall panicum, Bluegrass, Fall Panicgrass, Cane Grass, Spreading Panicgrass, Autumn witchgrass",Panicum dichotomiflorum,Michx.,2705144,325362-2,
1653183,,Panicum humile,Steud.,4141722,411753-1,LC
1363446,"Proso millet, Common millet, Red millet, White French millet, Panicum millet, Millet panic, French millet, Chinese millet, White millet, Brown millet, Little millet, Black-seed Proso Millet, Broomcorn, Broomcorn Millet, Hog Millet, Panic Millet, Wild proso millet, Millet panicgrass, True millet, Broom-corn Millet, Blackseeded proso millet, Broomcorn panic, Wild millet, ارزن, వరిగెలు",Panicum miliaceum,L.,2705090,412217-1,
1365030,,Panicum phragmitoides,Stapf,4129602,60439133-2,
1363447,"Couch panicum, Torpedo grass, Victoria grass, Creeping panicgrass, Creeping witchgrass, Creeping millet, Creeping panic, Panic rampant, Wainaku grass",Panicum repens,L.,2705093,412908-1,LC
1420050,"Blue panic, Sama, Little millet, Barefoot Panicgrass, Hilo grass",Panicum sumatrense,Roth,2705079,413287-1,LC
1364992,"Tickle grass, Masher grass, Small-flower panic grass, Tropical panicgrass",Panicum trichoides,Sw.,2705068,324582-2,LC
1398594,"Great scarlet poppy, Scarlet poppy, Oriental poppy, Persian poppy",Papaver bracteatum,Lindl.,2888435,673428-1,
1363128,"Common poppy, Field Poppy, Shirley poppy, Red poppy, Corn poppy, Flanders poppy, Corn Rose, Or Red Poppy, Shaghayegh, شقایق قرمز, شقایق، خشخاش زراعی, Bulka, Amapola, Mother of Pearl Poppy, Poppy",Papaver rhoeas,L.,2888443,306058-2,
1363130,"Opium poppy, Common garden poppy, Mac, Afion, Oilseed poppy, Wild poppy, Small opium poppy, Breadseed poppy, Apiyun, Հայկական Մեկոն, ယာမွူး, Common Poppy, Garden Poppy, Opium, గసగసాలు, నల్లమందు, The Güd Stuff, 罂粟",Papaver somniferum,L.,2888439,673724-1,
1629268,Appleton's Paphiopedilum,Paphiopedilum appletonianum,(Gower) Rolfe,2825553,649714-1,EN
1419773,"Golden slippers, Apricot orange paphiopedilum",Paphiopedilum armeniacum,S.C.Chen & F.Y.Liu,2825659,900468-1,EN
1629273,"Slipper orchid, Bearded Paphiopedilum",Paphiopedilum barbatum,(Lindl.) Pfitzer,2825403,649717-1,EN
1629274,"Beard Carrying Paphiopedilum, Xiao Ye Dou Lan",Paphiopedilum barbigerum,Tang & F.T.Wang,2825615,649718-1,EN
1629275,Enchanting Paphiopedilum,Paphiopedilum bellatulum,(Rchb.f.) Stein,2825473,649720-1,EN
1419774,Callus Paphiopedilum,Paphiopedilum callosum,(Rchb.f.) Stein,2825207,649729-1,EN
1419775,Charlesworth Paphiopedilum,Paphiopedilum charlesworthii,(Rolfe) Pfitzer,2825623,649736-1,EN
1629282,One colored Paphiopedilum,Paphiopedilum concolor,(Lindl. ex Bateman) Pfitzer,2825331,649740-1,EN
1419776,"Orchid, Delanat's Paphiopedilum",Paphiopedilum delenatii,Guillaumin,2825640,649747-1,CR
1629302,Gratix's Paphiopedilum,Paphiopedilum gratrixianum,Rolfe,2825154,649768-1,CR
1629311,Shaggy Paphiopedilum,Paphiopedilum hirsutissimum,(Lindl. ex Hook.) Stein,2825226,649776-1,VU
1419777,Malipo Paphiopedilum,Paphiopedilum malipoense,S.C.Chen & Z.H.Tsi,2825273,904845-1,EN
1629327,Tiny Flowered Paphiopedilum,Paphiopedilum micranthum,Tang & F.T.Wang,2825201,649798-1,CR
1629332,Parish's Paphiopedilum,Paphiopedilum parishii,(Rchb.f.) Stein,2825490,649806-1,EN
1629341,"Hong Kong Slipper Orchid, Purple Paphiopedilum",Paphiopedilum purpuratum,(Lindl.) Stein,2825238,649818-1,CR
1629353,Spicer’s Paphiopedilum,Paphiopedilum spicerianum,(Rchb.f.) Pfitzer,2825197,649835-1,EN
1629357,Sukhakul's Paphiopedilum,Paphiopedilum sukhakulii,Schoser & Senghas,2825346,649841-1,CR
1629366,,Paphiopedilum vejvarutianum,O.Gruss & Roellke,2825166,20012438-1,
1629373,"Villose Paphiopedilum, Hairy Slipper Orchid, The Hirsute Paphiopedilum",Paphiopedilum villosum,(Lindl.) Stein,2825586,649852-1,VU
1629375,Ward's Paphiopedilum,Paphiopedilum wardii,Summerh.,2825262,649860-1,EN
1409878,Orchids,Papilionanthe teres,(Roxb.) Schltr.,2833897,649872-1,
1629388,,Papilionanthe vandarum,(Rchb.f.) Garay,2833871,649875-1,
1424092,,Paracroton pendulus,(Hassk.) Miq.,3072515,353231-1,LC
1728603,"Nakedstem carpetweed, Daisy-leaved chickweed, Naked-stem carpetweed",Paramollugo nudicaulis,(Lam.) Thulin,9476003,77158664-1,
1737414,,Parartocarpus bracteatus,(King) Becc.,8190094,854865-1,LC
1789883,Pangi,Parartocarpus venenosus,(Zoll. & Moritzi) Becc.,3766049,854869-1,
1516713,,Parasenecio quinquelobus,(Wall. ex DC.) Y.L.Chen,3090475,1017620-1,
1429799,,Parastemon urophyllus,(Wall. ex A.DC.) A.DC.,2985237,727034-1,
1408884,"Native pellitory, Mediterranean Pellitory-of-the-wall, Weed, گوش موش، ساس واش",Parietaria debilis,G.Forst.,5361795,854908-1,
1596656,Love Apple,Paris polyphylla,Sm.,5295929,539722-1,VU
1368592,Badminton ball tree,Parkia biglandulosa,Wight & Arn.,5348816,512184-1,DD
1419006,"Nitta Tree, Twisted Cluster Bean, Parkia, Pete bean, Stink bean",Parkia speciosa,Hassk.,5348811,512231-1,LC
1368594,Legume,Parkia timoriana,(DC.) Merr.,5348879,512235-1,LC
1363705,"Palo Verde, Jerusalem-thorn, Horse-bean, Barbados flowerfence, Retaima, Mexican paloverde, Mexican palo verde, Mapüja, Parkinsonia, Jelly bean tree, Jaruzalem Thorn, Wonder Tree, Acacia de los Masones, Aroma Extranjera, Bayahonda Blanca, Espinillo, Madame Naiz, Madame Yass, Acacia, Junco, درمان عقرب, פרקינסוניה שיכנית, Retama",Parkinsonia aculeata,L.,5357217,512242-1,LC
1494674,,Parnassia wightiana,Wall. ex Wight & Arn.,7975073,792146-1,
1729082,"Blue-oxalis, Shamrock-pea",Parochetus communis,Buch.-Ham. ex D.Don,2981777,512256-1,LC
1374228,"Congress grass, Carrot-grass, Santa Maria, Santa Maria feverfew, Ragweed parthenium, Feverfew, False ragweed, Whitetop, Bitterweed, Parthenium-weed, White head-broom, White head-bush, Demoina weed, Parthenium, Mugwort, Whitetop weed, Famine weed, Wild Carrot Weed, Bitter-broom, False camomile, Ragweed, Barley flower, Bastard feverfew, Broomweed, Whiteheads, Wormwood, Whitehead, Congress weed, Congree Grass, Santa maria fever few, వయ్యరిభామ (Vayyaribhaama)",Parthenium hysterophorus,L.,3086784,236510-1,
1698131,,Parthenocissus semicordata,(Wall.) Planch.,7293862,68402-1,
1360884,"Boston ivy, Japanese-creeper, Japanese-ivy, Three-pointed Woodbine, Grape Ivy",Parthenocissus tricuspidata,(Siebold & Zucc.) Planch.,3039209,50912710-1,
1408461,"Hilo grass, Johnston grass, Sourgrass, Sour paspalum, Buffalo grass, Carabao grass, Cow grass, Johnston River grass, Water grass, Yellow grass, Crab Grass, Two-spiked paspalum",Paspalum conjugatum,P.J.Bergius,2705656,30011315-2,LC
1363496,"Dallis grass, Water grass, Caterpillar grass, Tall paspalum, Golden-crown grass, Paspalum, Gold-crown grass, Dallasgrass, Paspalum Grass, Herbe de miel, Herbe sirop, Palpalum dilate, Pain in the butt, ارزن باتلاقی",Paspalum dilatatum,Poir.,2705565,414070-1,
1363497,"Couch paspalum, Ginger grass, Water couch, Water-finger grass, Eternity grass, Joint grass, Mercer grass, Seaside millet, Thompson grass, Knotgrass, Seashore paspalum, Buffalo Quick Paspalum, Joint paspalum, Jointed crowngrass, Knot paspalum, Water fingergrass, Creeping perennial jointgrass, Water couchgrass, Salt jointgrass, Knotroot paspalum, Large knotgrass",Paspalum distichum,L.,2705622,184275-2,LC
1403109,"Bahia grass, Beira grass, Common bahia, Water couch",Paspalum notatum,Flüggé,2705621,414477-1,
1403114,"Top paspalum, Brown-seed paspalum, Brownseed Paspalum",Paspalum plicatulum,Michx.,2705584,184571-2,LC
1408462,"Ditch millet, Scrobic paspalum, Water couch, Creeping paspalum, Indian paspalum, Kodo millet, Scrobic, Ricegrass paspalum, India Paspalum, Mau'u-laiki, Veld paspalum, Ricegrass, అరికెలు",Paspalum scrobiculatum,L.,2705610,414702-1,LC
1363498,"Vasey grass, Vasey's Grass",Paspalum urvillei,Steud.,2705650,414828-1,
1363499,"Biscuit grass, Saltwater couch, Silt grass, Seashore paspalum, Seashore Crown Grass, Sheathed paspalum",Paspalum vaginatum,Sw.,8100050,184742-2,LC
1356052,"Common Passion Flower, گل ساعتی, Blue Passionflower, Blue Passion Flower, Brazilian passionflower, Blue passionfruit, Blue-crown passionflower, Bluecrown Passionflower, Passion Flower, Hardy Passionflower, Blue-crown Passion-flower, Passiflora, Passion of Christ , passionfruit, చిన్న రాఖి పూల తీగ, Purple Crown passionflower, Chalmiona, કૃષ્ણ ફૂલ, گل میوه پشن فروت, ورد الساعة",Passiflora caerulea,L.,2874199,321949-2,
1356048,"Passion fruit, Purple Passionfruit, Purple passion fruit, گل ساعتی, Maypop, Markisa, Common passionfruit, Purple granadilla, Maracujá, Granadilla, Flôr de passion, Black passion fruit, Passionflower, Water lemon, Common passion fruit, Passion-fruit vine, Purple Water-lemon, Deodar, Sweet cup, Maracuyá, రాఖి పూల చెట్టు, Panama Red, Gayya, Commin Passionfruit, گوجه سبز بادامی تبریز, কৃষ্ণচক্র, লতা বেল, Mpasheni, Flor das Cinco Chagas",Passiflora edulis,Sims,2874190,321964-2,
1376583,"Wild passion fruit, Mossy passionflower, Running pop, Wild water-lemon, Love-in-a-mist, Love-in-a-mist passionflower, Stinking granadilla, Stinking passionflower, Stinking passionfruit, Wild passionfruit, Amapola, Fetid passionflower, Wild maracuja, Bush passion fruit, Stinking passion vine, Love in a mist passion flower, Love in a mist, Mossy passion flower, Red fruit passionflower, Scarlet fruited passionflower, Scarletfruit passionflower, Passionflower, Killip, Goat-scented passion flower, Atlas Cedar, Galapagos passionflower, Love–in-the-mist, Papbush, Scarlet-fruit Passion-flower, Tagua passionflower, Red fruit passion flower, గాజు తీగ, Markisa hutan, Buah Putri, শঙ্খ চক্ৰ গদা পদ্ম, Bibit (KadazanDusun), Hanmantu ransut, Arizonia passionflower, Ransut, Gaaju teega, জুনুকা লতা",Passiflora foetida,L.,2874211,321966-2,
1429824,"Purple passionflower, Maypop, Apricot-vine, Maypop passionflower, Passionflower, Rose-coloured passionflower, And, Maracuyá (Mexico), Kaurav Pandav",Passiflora incarnata,L.,2874218,675096-1,
1376590,"Water-lemon, Yellow granadilla, Bell-apple, Jamaica-honeysuckle, Sweetcup, Golden Bellapple, Jamaican honeysuckleYellow Granadilla, Passion flower, Vinegar pear, Passion Fruit, Belle apple, Golden apple, Wild passion flower, Cedar-of-Lebanon, Jamaican honeysuckle, Scimitoo",Passiflora laurifolia,L.,2874210,675132-1,
1376593,"Grenadine, Giant granadilla, Badea, Barbadine, Common Granadilla, Giant Tumbo, Square-stalked Passion-flower, Square-stem passionflower, Square-stemmed passionflower, Quadrangular Passion Flower, Granadilla, Giant passion flower, Corsican pine, Nutsulet, Sirsijo, True granadilla",Passiflora quadrangularis,L.,2874183,675390-1,
1356050,"Cork passionflower, Cork passionvine, Indigo-berry, Devil's-pumpkin, Small passionflower, Small passionfruit, Corky-Stem Passion-Flower, Corkystem passionflower, Wild passionfruit, Wild passion fruit, Corky passionflower, Huehue haole, Maypop, Ink berry, Small passion flower, Corky-stemmed passionflower, Cork-bark passionflower, Corkstem passionflower, Corky-stem Passionflower, Monterey pine",Passiflora suberosa,L.,2874173,321973-2,
1363226,"Wild parsnip, Englisc more, Parsnip, Common Parsnip, Bird's-nest, Field Parsnip, Madnip, Wild parship, Poison parsnip, Păstârnac",Pastinaca sativa,L.,8262702,845768-1,
1491482,"Golden lace, Eastern Valerian",Patrinia scabiosifolia,Link,6058841,859466-1,
1721584,,Patrinia villosa,(Thunb.) Dufr.,7651104,60452696-2,
1419867,Dragontree,Paulownia fortunei,(Seem.) Hemsl.,3727077,806712-1,LC
1677288,,Pavetta hongkongensis,Bremek.,2924656,759740-1,LC
1429826,"Indian pavetta, Indian pelletshrub",Pavetta indica,L.,2924801,759752-1,LC
1784198,,Pavonia zeylonica,(L.) Cav.,10746336,563150-1,
1429832,,Payena lucida,A.DC.,2883605,788510-1,NT
1356059,"Bara Gokhru, Burra Gookeroo",Pedalium murex,L.,5527253,675880-1,
1637287,,Pedicularis siphonantha,D.Don,7333021,807646-1,
1775360,,Pedicularis trichoglossa,Hook.f.,3738289,807750-1,
1454302,,Pegia nitida,Colebr.,3662426,70215-1,
1355978,"Horseshoe geranium, Common pelargonium, Horseshoe Pelargonium, Zonal pelargonium, Pelargonium, Hoefijzer Geranium, Zonal Geranium, Muškát Krúžkovaný (SK), Common Geranium, Garden Geranium, Geranium, Viirpelargoon (ET)",Pelargonium zonale,(L.) L'Hér.,9609002,377229-1,
1472974,,Peliosanthes teta,Andrews,2774071,429817-1,
1429838,,Pellacalyx saccardianus,Scort.,3874243,719792-1,LC
1666212,,Pellacalyx yunnanensis,Hu,3874228,719794-1,EN
1749112,,Peltophorum dasyrhachis,(Miq.) Kurz,8110229,60469466-2,LC
1408476,"Yellow flame, Copperpod, Yellow flametree, Yellow poinciana, Yellow-flamboyant, Yellow flame tree, Copperpod tree, Rusty shield tree",Peltophorum pterocarpum,(DC.) Backer ex K.Heyne,2952775,513021-1,LC
1408477,Mentigi,Pemphis acidula,J.R.Forst. & G.Forst.,3188706,554064-1,LC
1429860,,Pentace triptera,Mast.,4261505,835014-1,LC
1517079,,Pentanema divaricatum,Cass.,3146524,236779-1,
1419439,"Copper-cups, Flor impia, Noon Flower, দুপুরমনি (Bengali)",Pentapetes phoenicea,L.,3152140,824676-1,
1719616,,Pentaphragma begoniifolium,(Roxb.) G.Don,5706223,144252-1,
1413016,"Ditch-stonecrop, Virginia Penthorum, Virginia Stonecrop",Penthorum sedoides,L.,2985709,274682-1,LC
1643585,,Peperomia heyneana,Miq.,4190658,678789-1,
1791182,Polynesian Peperomia,Peperomia humilis,A.Dietr.,3086370,678831-1,
1643658,"Terrestrial Peperomia, Polynesian peperomia, Arid-land peperomia, Aridland peperomia",Peperomia leptostachya,Hook. & Arn.,3086371,678970-1,
1408488,,Peperomia portulacoides,(Lam.) A.Dietr.,7305147,679490-1,
1408489,Acorn Peperomia,Peperomia tetraphylla,(G.Forst.) Hook. & Arn.,3086448,1068802-2,
1720946,Fleshy peracarpa,Peracarpa carnosa,(Wall.) Hook.f. & Thomson,3167058,144287-1,
1409195,"Ora-pro-nobis, Leaf cactus, Leafy cactus, Pereskia, Lemonvine, Surinam-gooseberry, Rose cactus, Barbados-gooseberry, Blade-apple cactus, Barbados shrub, Cat claw",Pereskia aculeata,Mill.,5384215,137452-1,LC
1356594,"Trellis-vine, దుష్టపు తీగ",Pergularia daemia,(Forssk.) Chiov.,3170445,100371-1,LC
1429863,,Pericampylus glaucus,(Lam.) Merr.,3829373,581274-1,
1398591,"Perilla, Shiso, Beefsteak-mint, Tía tô, Perilla Mint, Purple Common Perilla, Beefsteakplant, Korean perilla, Purple Mint, Beefsteak, Chinese Basil, Mint Perilla, Shrubby Perilla, Common perilla, Beef-steak Plant, Lettuce Leaf Basil, Wild sesame, Shiso-zoku, حسن یوسف, सिलाम",Perilla frutescens,(L.) Britton,5341394,190343-2,LC
1629596,,Peristylus constrictus,(Lindl.) Lindl.,2817500,650190-1,
1429869,False elder,Peronema canescens,Jack,3889106,863995-1,LC
1364389,,Perotis indica,(L.) Kuntze,4144406,167554-3,
1364365,"Avocado, Butter Fruit, آواکادو, Alligator Pear, Avocado Pear, Pear Tree, Holly ghost pear, Guatemalan avocado, Ashue, Avacado, Pear, West indian avocado, వెన్న చెట్టు, వెన్న పండు చెట్టు, Աւկատանձ, Avokado, Abokato, Euclyptas trees, Aguacate (Español), Apokad, Alpukat, Hass avocado, Abacate (Portuguese), אבוקדו, Passion fruit",Persea americana,Mill.,3034046,325643-2,LC
1429876,Bearded knotweed,Persicaria barbata,(L.) H.Hara,7291589,694917-1,LC
1394749,"Pink-headed Knotweed, Japanese knotweed, Pink-headed persicaria, Pinkhead smartweed, Pink knotweed, Pink bubble persicaria, Pink-head knotweed, Pink-head persicaria, Knotweed, Himalayan smartweed, Persicaria",Persicaria capitata,(Buch.-Ham. ex D.Don) H.Gross,2889304,60433515-2,
1409058,"Chinese knotweed, Creeping smartweed, Chinese smartweed, Common Marsh Buchwheat, Rice smartweed, Southern smartweed",Persicaria chinensis,(L.) H.Gross,4036385,60433516-2,
1394463,"Slender knotweed, Willow-weed, Willow-leaved knotweed, Willow-leaved Persicaria",Persicaria decipiens,(R.Br.) K.L.Wilson,4036197,945550-1,
1658304,,Persicaria dichotoma,(Blume) Masam.,7928699,694952-1,LC
1721416,"Loose-spike Smartweed, Asian Jumpseed",Persicaria filiformis,(Thunb.) Nakai,7291643,60461021-2,
1409217,"Denseflower Knotweed, Smooth smartweed, Puerto Rico smartweed, Turtleweed",Persicaria glabra,(Willd.) M.Gómez,6391450,1005755-2,
1363046,"Marsh-pepper smartweed, Water-pepper, Redleaf, Smartweed, Mild Water-Pepper, Marshpepper knotweed, Marshpepper smartweed, Annual Smartweed, Common Smartweed, Marsh Water-pepper, Marsh Waterpepper, Marsh-pepper Knotweed, Mild Waterpepper, Biting Persicaria, Marshpepper, Coriander, বিষকাটালি, Tade 蓼",Persicaria hydropiper,(L.) Delarbre,7349477,77069479-1,LC
1658316,"Smartweed, Lady's thumb, Bulbous persicaria, Dock-leaved persicaria, Knotted persicaria, Pale persicaria, Pale willow weed, Green smartweed, Pale smartweed",Persicaria lanigera,(R.Br.) Soják,4034909,695031-1,LC
1356091,"Pale knotweed, Smartweed, Pale persicaria, Pale smartweed, Pink knotweed, Dock-Leaf Smartweed, Curlytop knotweed, Dock leaved smartweed, Willow weed, Curltop Lady's-thumb, Curlytop Smartweed, Nodding Smartweed, Pinkweed, Willow-leaved Smartweed, Lady's thumb, Bulbous persicaria, Dock-leaved persicaria, Knotted persicaria, Pale willow weed, Green smartweed, Curltop ladysthumb, Birdweed, Pigweed",Persicaria lapathifolia,(L.) Delarbre,7820611,77069480-1,LC
1658319,"Bristly lady's-thumb, Oriental Lady's Thumb, Oriental Smartweed, Long-bristled Smartweed, Low Smartweed, Creeping Smartweed, Tufted knotweed",Persicaria longiseta,(Bruijn) Kitag.,4034537,695043-1,
1356094,"Red shank, Lady's-thumb, Jesusplant, Spotted lady's-thumb, Spotted Ladysthumb, Spring Smartweed, Blackheart, Heart's-ease, Heartweed, Lady's-thumb Smartweed, Redleg, Ladysthumb, Persicaria, Willow Weed, Lady's- thumb, Smartweed, Spotted knotweed, Spotted smartweed",Persicaria maculosa,Gray,6391194,695052-1,LC
1394469,"Small water-pepper, Pygmy Smartweed, Lesser persicaria, Least water pepper, Small persicaria, Swamp willow weed, Minor Smartweed, Small smartweed, Spotted ladysthumb",Persicaria minor,(Huds.) Opiz,6391150,157828-3,
1721426,Broad arrow-head smartweed,Persicaria muricata,(Meisn.) Nemoto,7291406,695071-1,
1719669,"Nepal Knotweed, Nepal Persicaria, Nepalese Smartweed, Nepal Smartweed, Nepalese Knotweed",Persicaria nepalensis,(Meisn.) H.Gross,4034001,60433514-2,
1429878,"ယျယျိင်၊ တၞံ, Vietnamese-coriander, Vietnamese cilantro, Cambodian mint, Hot mint, Laksa leaf",Persicaria odorata,(Lour.) Soják,4033932,695083-1,
1360114,"Kiss-me-over-the-garden-gate, Prince's-feather, Princess-feather, Kiss me over the garden gate, Oriental Smartweed, Prince's Plume, Prince's-plume Knotweed, Eastern knotgrass, Prince's feather smartweed, Princesfeather",Persicaria orientalis,(L.) Spach,2889229,60455314-2,
1429880,"Asian Tearthumb, Asiatic Tearthumb, Devil's-tail Tearthumb, Giant Climbing Tearthumb, Mile-a-minute-vine, Mile-a-minute-weed, Minuteweed, Tearthumb, Mile-a-minute Weed, Devil's-tail, Devil's tear-thumb",Persicaria perfoliata,(L.) H.Gross,4033648,695101-1,
1719670,"Oriental Lady's Thumb, Oriental Ladysthumb, Tall Smartweed, Bristled knotweed",Persicaria posumbu,(Buch.-Ham. ex D.Don) H.Gross,6391007,695113-1,
1719671,Nonspicy smartweed,Persicaria pubescens,(Blume) H.Hara,4033392,695122-1,LC
1729437,,Persicaria runcinata,(Buch.-Ham. ex D.Don) H.Gross,8393190,60455319-2,
1721420,Prickled-vine smartweed,Persicaria senticosa,(Meisn.) H.Gross,7291203,695153-1,
1749591,,Persicaria strigosa,(R.Br.) H.Gross,4032687,695164-1,LC
1721590,Thunberg’s smartweed,Persicaria thunbergii,(Siebold & Zucc.) H.Gross,7291143,695175-1,
1658337,"Jumpseed, Virginia knotweed, American Jumpseed, Virginia Smartweed, Painter's palette, Lance Corporal, Painters Palette, Virginia Persicaria",Persicaria virginiana,(L.) Gaertn.,2889320,1129367-2,
1398589,"Japanese Butterbur, Great butterbur, Butterbur, Giant butterbur, Sweet-coltsfoot, Japanese Butter-bur, Japanese sweet coltsfoot, Creamy Butterbur, Darmera",Petasites japonicus,(Siebold & Zucc.) Maxim.,3088310,1067586-2,
1775190,,Petrocosmea kerrii,Craib,6365203,382294-1,
1775187,,Petrocosmea martini,(H.Lév.) H.Lév.,3819288,382297-1,
1363214,"Parsley, Flat Leaf Parsley, Garden parsley, Common garden parsley, Common Parsley, Curled Parsley, Cultivated Parsley, Herb Parsley, Kitchen Parsley, بقدونس, مقدونس, अजवायन (Hindi) ओवा (Marathi), جعفری",Petroselinum crispum,(Mill.) Fuss,7828157,60442790-2,
1629758,Deer-antlered phalaenopsis,Phalaenopsis cornu-cervi,(Breda) Blume & Rchb.f.,5310879,650519-1,
1629768,,Phalaenopsis gibbosa,H.R.Sweet,5311001,650541-1,
1629784,,Phalaenopsis mannii,Rchb.f.,5310949,650565-1,
1629794,Alien Orchid,Phalaenopsis pulcherrima,(Lindl.) J.J.Sm.,5310988,650578-1,
1629806,,Phalaenopsis sumatrana,Korth. & Rchb.f.,5310965,650597-1,
1629808,,Phalaenopsis tetraspis,Rchb.f.,5311074,650598-1,
1629815,,Phalaenopsis wilsonii,Rolfe,5311077,650608-1,
1363490,"Ribbon grass, Reed Canary grass, Spider Plant, Gardener's-garters, Variegated grass, Reed canarygrass, Reed-grass, Gardenr's-garters",Phalaris arundinacea,L.,5289756,415571-1,LC
1363491,"Seed Canary grass, Canary grass, Common Canary Grass, Annual canarygrass, Birdseed Grass, Common Canarygrass, Chrastice Kanárská (CZ)",Phalaris canariensis,L.,5289744,415588-1,
1429891,Mahkota Dewa (God's  Crown),Phaleria macrocarpa,(Scheff.) Boerl.,5524327,832478-1,LC
1790099,,Phanera aureifolia,"(K.Larsen & S.S.Larsen) Bandyop., Ghoshal & M.K.Pathak",10683286,77124798-1,
1719544,Pride of Selangor,Phanera bidentata,(Jack) Benth.,2953905,513502-1,
1775201,,Phanera championii,Benth.,2953113,513508-1,
1719541,,Phanera integrifolia,(Roxb.) Benth.,2953889,513539-1,
1779060,Monkey Ladder,Phanera scandens,(L.) Lour. ex Raf.,2953321,60469169-2,
1719550,,Phanera semibifida,(Roxb.) Benth.,2953091,513582-1,
1584019,"Phanera, Yunnan bauhinia",Phanera yunnanensis,(Franch.) Wunderlin,4929140,77113367-1,
1379545,"Lima bean, Sugar bean, Butter bean, Sieva bean, Kara, Rat Weed, Duffin bean, Burma bean, Silva bean, Broad Bean, Butter Beans, Frijol de Media Luna, Frijol de Monte, Haricot de Sieva, Lima Bush Beans, Maidenhair-tree, Pois Amer, Pois du Cap, Frash Bean, Patani, Civet Bean, French Bean",Phaseolus lunatus,L.,5350438,513918-1,LC
1394501,"Bean, Kidney bean, Common Bean, Black Bean, Black turtle bean, Cannelini, Cranberry bean, Green bean, Navy bean, Pinto bean, ”gin, Frejol, Fâsuľiu, Ma'emonêškeho, A lo m yen kibán ke tonin ki fée, Akuyn, Beans, Bànkun, Elufí, Hakukun, Kiiri, Kon i ≈ãko≈ãg, Kpə́ké, Kón, Leka dipa a bɛlɛ, Mekú, Mekū, Melufí, Mkǒ, Nkun, Nkwēn, Olofí, Tsáŋə́se, Tukárákándu, Ukpaʼakpaʼà, Umala, War, Əndub, Ɔrɔbhɛ́, Əə, ᏚᏯ, Common Haricot, Dwarf Bean, Frash Bean, French Bean, Garden Bean, Haricot Bean, Runner Bean, String Bean, Bush Bean, Pole Bean, Dry bean, Climbing French bean, Climbing kidney bean, Field bean, Flageolet bean, Pop bean, Snap bean, European Silver-fir, Haricot, Haricot Commun, Haricot Francais, చిక్కుడుకాయ, Money plant, 四季豆, Sem(सेम), لوبیا, لوبیاچیتی, শিম, Habichuelas",Phaseolus vulgaris,L.,5350452,514191-1,LC
1408494,,Phaulopsis dorsiflora,(Retz.) Santapau,3776435,52998-1,
1722028,"Japanese beech fern, Winged beech fern",Phegopteris decursive-pinnata,(H.C.Hall) Fée,8198582,17172830-1,
1413037,"Chinese corktree, Phellodendron, Phellodendron-bark, Amur corktree, Amur cork tree",Phellodendron amurense,Rupr.,3190154,774774-1,
1378615,Asian Ghostweed,Phenax sonneratii,(Poir.) Wedd.,6414569,855182-1,
1394509,"Sweet mock orange, Mock-orange, European Mock-orange, Garden Syringa, Philadelphia Mock-orange, White Syringa, Pustoryl věncový, Iasomie, Veetri ilai, Vild Jasmin",Philadelphus coronarius,L.,2986045,792194-1,
1555005,Fragrant Philadelphus,Philadelphus delavayi,L.Henry,3645160,792200-1,
1429894,"Woolly frog's mouth, Woolly-water-lily, Woolly water-lily, Frogsmouth",Philydrum lanuginosum,Banks & Sol. ex Gaertn.,2765625,676146-1,
1774155,,Phlogacanthus curviflorus,(Nees) Nees,3775834,53055-1,
1774161,,Phlogacanthus pubinervius,T.Anderson,3775637,53078-1,
1783673,,Phlogacanthus thyrsiformis,(Roxb. ex Hardw.) Mabb.,3775560,53085-1,
1423658,Lavender Bells,Phlogacanthus turgidus,(Fua ex Hook.f.) Lindau,3775530,193331-2,
1413048,"Drummond's phlox, Annual phlox, Pride-of-Texas, Dianthus",Phlox drummondii,Hook.,2927723,193463-2,
1783801,,Phoebe cathia,(D.Don) Kosterm.,7608532,468312-1,LC
1429898,,Phoebe grandis,(Nees) Merr.,5685098,468358-1,LC
1429899,,Phoebe lanceolata,(Nees) Nees,5685051,468385-1,LC
1783802,,Phoebe pallida,(Nees) Nees,5686156,468435-1,LC
1567430,,Phoebe sheareri,(Hemsl.) Gamble,7304665,468476-1,LC
1363261,"Date palm, Date, Common date palm, نخل خرما, نخل تمر, درخت نخل, ఖర్జూర, Dadel, খেজুর, پِنڈ, Arabian Date, نخل بلح, کھجور۔تمر, Datulja, Dates, Korma, موه",Phoenix dactylifera,L.,6109699,668912-1,
1408500,"Loureiro's palm, Loureir's Date Palm, Mountain date palm, Dwarf date palm",Phoenix loureiroi,Kunth,5293119,668930-1,LC
1417610,Mangrove date palm,Phoenix paludosa,Roxb.,5293182,668936-1,NT
1385866,"Senegal date palm, Wild date palm, Isundu, Reclining Date Palm, Senegal date, Wild datepalm, खजूर",Phoenix reclinata,Jacq.,5293164,668943-1,LC
1385867,"Miniature date palm, Roebelin palm, Pygmy date palm, Dwarf date palm, Roebelen date palm, Chà là cảnh, Cau nga mi",Phoenix roebelenii,O'Brien,5293153,668945-1,
1417611,"East Indian wine palm, Indian date palm, Cliff date, Wild date palm, Cliff date palm",Phoenix rupicola,T.Anderson,5293176,668946-1,LR/nt
1408501,"Wild date palm, Date sugar palm, Indian date, Silver date palm, East Indian wine palm, Silvester Palm, ఈత చెట్టు",Phoenix sylvestris,(L.) Roxb.,5293177,60458340-2,
1420389,"Stranvaesia, Chinese photinia, Chinese stranvaesia",Photinia davidiana,(Decne.) Cardot,5363911,727366-1,LC
1776917,,Photinia glabra,(Thunb.) Jacob-Makoy,12372868,727386-1,LC
1667603,Himalayan Chokeberry,Photinia integrifolia,Lindl.,5363967,727394-1,LC
1776919,,Photinia pustulata,Lindl.,5363910,727439-1,
1356268,"Reed grass, Phragmites, Ditch reed, Giant reed, Common reed, Common Reedgrass, Giant Reedgrass, Reed, Cane, Roseau, Roseau cane, Yellow cane, گیاه نی, Common Reed Grass",Phragmites australis,(Cav.) Trin. ex Steud.,5290149,30337627-2,LC
1432104,"Tropical reed, Tall reed, Flute reed, Giant reed, Water reed",Phragmites karka,(Retz.) Trin. ex Steud.,5290154,415942-1,LC
1596391,,Phrynium imbricatum,Roxb.,5302787,565215-1,
1596407,,Phrynium pubinerve,Blume,5302770,797788-1,
1360859,"Frogfruit, Fogfruit, Carpetweed, Matgrass, Turkey-tangle, Turkey-tangle frogfruit, Capeweed, Turkey tangle fogfruit, Sawtooth fogfruit, Mat lippia, Matchweed, Creeping lip plant, Carpet Grass, Common Fogfruit, Lipia, Purple lippia, Creeping vervain, Matweed, توت پایابی،, Jalpippali (Bangla), Bahushikha (Sanskrit)",Phyla nodiflora,(L.) Greene,5341112,194567-2,LC
1791483,,Phyllagathis prostrata,C.Hansen,3857899,940296-1,
1791484,,Phyllagathis sessilifolia,C.Hansen,3857828,940297-1,
1375965,"Indian-gooseberry, Malay-gooseberry, Otaheite-gooseberry, Gooseberry-tree, Tahitian-gooseberry, Star-gooseberry, Tahitian gooseberry tree, Goose Berry, Otaheite Gooseberry-tree, Cela usiri, Cerejeira-do-Taiti, Grosellero, Jumbilin, Sour gooseberry, Nelli, రాచ ఉసిరి / నక్షత్ర ఉసిరి, သင်္ဘောဇီးဖြူ (in Burmese), Jimbilin, Cherrymina, Damsel, Cerezo",Phyllanthus acidus,(L.) Skeels,5381567,194610-2,
1375966,"Carry me seed, Gale-of-Wind, Carry-me-seed, Demerara Tamarind, Bitter Root, Seed Under Leaf, Wild Tamarind, Jamaica weed, Black catnip, Pick a back, Seed on the leaf, Stonebreaker, Bhoomi Amla, Buah amin, rami buah, turi hutan, nipon-nipon (Malaysia)

chanca piedra (India)

keelaanelli (Tamil)

meniran (Indonesia)

quebra pedra (Amerika Selatan)

zhen chu cao, ye xia zhu (China)

stone breaker,, నేల ఉసిరి ( Nela Usiri ), Kanker Bos, Seed Under the Leaf",Phyllanthus amarus,Schumach. & Thonn.,5382589,326408-2,
1401730,"Carolina Leaf-Flower, Carolina leafflower",Phyllanthus caroliniensis,Walter,5381549,353652-1,
1642227,,Phyllanthus clarkei,Hook.f.,5381425,353708-1,
1408507,"Amla, आमला, Indian-gooseberry, Emblic, Emblic myrobalan, Myrabolan, Gooseberry, আমলকী, ఉసిరి, आवळा",Phyllanthus emblica,L.,5381660,353838-1,LC
1361949,"Madras leaf-flower, Canoeweed",Phyllanthus maderaspatensis,L.,5381104,354211-1,LC
1642511,,Phyllanthus mirabilis,Müll.Arg.,5381921,354277-1,LC
1642535,Ceylon myrtle,Phyllanthus myrtifolius,(Wight) Müll.Arg.,5382696,354317-1,
1419890,"Tropical leaf-flower, Dragon-of-the-world",Phyllanthus pulcher,Wall. ex Müll.Arg.,5381514,60456391-2,
1358608,"Potato-bush, Black-berried featherfoil, Black honey shrub",Phyllanthus reticulatus,Poir.,5382478,354573-1,LC
1401735,"Chamber bitter, Common leafflower, Gale of wind, Ye xia zhu, Leafflower, నేల ఉసిరి, Gripe weed, Chakpa Heigru, Nir-menniran, Jojdi(जोजड़ी), Chanca",Phyllanthus urinaria,L.,5382780,354815-1,
1426212,,Phyllanthus virgatus,G.Forst.,5382061,354846-1,
1642809,,Phyllanthus welwitschianus,Müll.Arg.,5381590,354864-1,
1429919,,Phyllodium elegans,(Lour.) Desv.,2948557,514245-1,LC
1408512,"Pangolan plant, Pangolin plant",Phyllodium pulchellum,(L.) Desv.,2948568,514252-1,LC
1723194,"Golden Bamboo, Fish-pole bamboo, Fish-pole Japanese bamboo, Golden Japanese bomboo",Phyllostachys aurea,(André) Rivière & C.Rivière,5290167,415983-1,
1420061,"Moso bamboo, Tortoise Shell Bamboo, Edible bamboo",Phyllostachys edulis,(Carrière) J.Houz.,5290168,415998-1,
1653884,,Phyllostachys mannii,Gamble,5677427,416018-1,
1394711,"Black bamboo, Black Japanese bamboo, Ebony bamboo, Black Phyllostachys",Phyllostachys nigra,(Lodd. ex Lindl.) Munro,5290171,416031-1,
1720978,"Bamboo, Giant japanese timber bamboo, Japanese timber bamboo, Giant Japanese bamboo, Giant Timber Bamboo, Madake",Phyllostachys reticulata,(Rupr.) K.Koch,5677245,416046-1,
1720633,,Phymatosorus cuspidatus,(D.Don) Pic.Serm.,4025504,17555260-1,
1420162,Musk fern,Phymatosorus grossus,(Langsd. & Fisch.) Brownlie,4025461,17555270-1,
1410302,"Monarch fern, Green wave",Phymatosorus scolopendria,(Burm.f.) Pic.Serm.,4025247,17448130-1,
1356152,"Cutleaf groundcherry, Balloon-cherry, Gooseberry, Angular winter-cherry, Cut-leaf ground-cherry, Hogweed, Ciciplukan, Cut-leaved Ground-cherry, Lanceleaf groundcherry, Annual groundcherry, Wild cape gooseberry, Camapu, Wild tomato, Cutleaf grouncherry, Country gooseberry, Cutleaf Ground-cherry, Monkey-gun, Pap-bush, Sunberry, Cow pops, Mexican husktomato, Tomatillo grouncherry, Makoi/Rasbhari (Hindi), కాషి బుడ్డ చెట్టు, Lapak-lapak, فیسالیس",Physalis angulata,L.,5341792,195334-2,LC
1377888,"Annual ground-cherry, Little Gooseberry, Pygmy Ground-cherry, Sunberry, Wild gooseberry, Annual groundcherry, Cape gooseberry, Green gooseberry, Pygmy groundcherry",Physalis lagascae,Roem. & Schult.,5341775,817449-1,LC
1356153,"Cape gooseberry, Peruvian ground-cherry, Gooseberry-tomato, Peruvian-cherry, Goldenberry, Harankash, Peruvian groundcherry, Cape-Goosberry, Brazil cherry, Common cape gooseberry, African groundcherry, Aztec berry, Giant groundcherry, Inca berry, Physalis, Poha berry, Gooseberry, Perúvian groundcherry, Jam fruit, Poha",Physalis peruviana,L.,5341784,195473-2,
1555824,,Phytocrene bracteata,Wall.,3597362,608212-1,
1555829,,Phytocrene oblonga,Wall.,3597197,608224-1,
1394558,"Indian poke, Indian Pokeweed, Asian Pokeweed, American Pokeweed, Indian pokeberry, Inkweed, Ogainā Fitolaka (LVL), Kínai Alkörmös (HU), سرخاب کولی",Phytolacca acinosa,Roxb.,3084022,676329-1,
1356062,"American pokeweed, Pokeweed, Pokeberry, American Nightshade, Poke Sallet, Garget, Poke, Pokeroot, Inkberry, Common pokeweed, Redweed, Pigeon Berry, Virginian pokeweed, American Poke, Coakum, Cancer Jalap, Virginia poke, Pocan Bush, Red Ink Plant, Scoke, Pigeo, Inkbush, Virginiana poke, Virginian poke, Common pokeberry, Red stem pokeweed, سرخاب, Grandfather's Beard, Nightshade, Vinobojka, Dragonberry",Phytolacca americana,L.,3084015,323290-2,
1429923,Curanja,Picria fel-terrae,Lour.,3727321,808406-1,
1364160,"Hawkweed oxtongue, Hawkweed, Hawkweed Picris, Ox-tongue, Hawkweed Ox-tongue, Rough oxtongue, Yellow succory",Picris hieracioides,L.,3093337,237848-1,
1392030,"Chinese peris, Formosan pieris, Mountain pieris",Pieris formosa,(Wall.) D.Don,5333350,331654-1,LC
1748582,"Pink ladies-slipper, Spade flower",Pigea enneasperma,(L.) P.I.Forst.,11446635,77221099-1,
1695361,,Pilea angulata,(Blume) Blume,7300516,855218-1,
1695383,,Pilea bracteosa,Wedd.,7300933,855265-1,
1409230,"Aluminium Plant, Aluminum Plant, گل پیله آ هلندی",Pilea cadierei,Gagnep. & Guillaumin,5671157,855275-1,
1429925,,Pilea glaberrima,(Blume) Blume,5669878,855428-1,
1695478,,Pilea melastomoides,(Poir.) Wedd.,5670477,855573-1,LC
1378589,"Artillery plant, Rockweed, Military-fern, Pistolplant, Gunpowder-plant, Lace Plant, Creeping Charly, Artillery clearweed, Artilleryweed, Gun Powder, Brilhantina, কামান উদ্ভিদ, ورنا, Frescura, লতা মরিচা",Pilea microphylla,(L.) Liebm.,5361841,1162156-2,
1775330,,Pilea plataniflora,C.H.Wright,7300944,855677-1,
1729113,,Pilea scripta,(Buch.-Ham. ex D.Don) Wedd.,5670582,855764-1,
1729115,,Pilea umbrosa,Wedd. ex Blume,7447871,855869-1,
1366695,"Malabar bauhinia, Malabar Orchid, Mountain Ebony, Malabar orchid tree",Piliostigma malabaricum,(Roxb.) Benth.,2947990,158211-3,LC
1630138,,Pilophyllum villosum,(Blume) Schltr.,5308610,651460-1,
1429929,,Pimelodendron griffithianum,(Müll.Arg.) Benth. ex Hook.f.,3054785,77176667-1,LC
1363222,"Anise, Sweet-cumin, Anise burnet saxifrage, Aniseed",Pimpinella anisum,L.,8080300,846658-1,
1630143,,Pinalia amica,(Rchb.f.) Kuntze,5314137,651472-1,
1630151,,Pinalia bractescens,(Lindl.) Kuntze,5314128,651490-1,
1630173,,Pinalia floribunda,(Lindl.) Kuntze,5314129,651518-1,
1630243,,Pinalia xanthocheila,(Ridl.) W.Suarez & Cootes,5951626,77098876-1,
1427149,"Java pinanga palm, Ivory cane palm, Coronata palm",Pinanga coronata,(Blume ex Mart.) Blume,2739494,669052-1,
1394595,Alpine Butterwort,Pinguicula alpina,L.,5667864,526412-1,
1772938,Armand's Pine,Pinus armandi,Franch.,,262780-1,
1701788,Dalat Pine,Pinus dalatensis,Ferré,5285244,677022-1,NT
1701794,Fenzel's White Pine,Pinus fenzeliana,Hand.-Mazz.,5284993,677033-1,NT
1419912,"Benguet pine, Khasi pine, Khasia Pine, Luzon Pine",Pinus kesiya,Royle ex Gordon,5285824,677057-1,LC
1701804,Tenasserim pine,Pinus latteri,Mason,5285128,263053-1,NT
1376708,"Betel, తమలపాకు, पान, Betel pepper, Betelvine, Basé, Sèrè, Tawuo, ᨁᨙᨍ, Betel pepperbush, Betle pepper, Sirih, Nganga, Sirih (Malay), Sirih hijau, Trầu không, 蒌叶 (Mandarin), નાગર વેલ",Piper betle,L.,4187904,680605-1,
1429945,"Long pepper, Indian long pepper, Jaborandi pepper, पीपरि, မကၞိ, Pippali, Indian long pepper bush",Piper longum,L.,3086338,682031-1,
1376709,"Pepper, Black pepper, White pepper, Mica, Pfeffer, Sa'ang, Սեւ Պղպեղ, काली मरिच, Common pepper, మిరియాల తీగ, काली मिर्च, गोल मरिच  (बिहार के कुछ स्थानीय क्षेत्रों में), Hồ tiêu, کالی مرچ",Piper nigrum,L.,3086357,682369-1,
1729186,,Piper peepuloides,Roxb.,4185920,682642-1,
1423664,"Javanese long pepper, Cabbhi alas, Tabia bun, Javanese long pepper bush, Java long pepper, Balinese pepper*, Bengal pepper, Jaborandi pepper, Long pepper",Piper retrofractum,Vahl,3086342,683079-1,
1376705,"Pointed pepper, Wild pepper, Kaduk Malaysia, Kadok, Lá lốt, Betel leaf, Cabean, Vathella, Suruh lanang, Thipili, Karuk",Piper sarmentosum,Roxb.,4191172,683277-1,
1376710,"Monkey's-hand, Cow foot, Cow hoof, Cowfoot-bush, Cowfoot-leaf",Piper umbellatum,L.,3086364,316339-2,
1729090,,Piptanthus nepalensis,(Hook.) Sweet,7394139,514477-1,
1415025,,Pipturus argenteus,(G.Forst.) Wedd.,6414892,855911-1,LC
1405652,Rigid stripeseed,Piriqueta racemosa,(Jacq.) Sweet,2874855,836478-1,
1383277,"Pullback, Una de gato, Old-hook, Cockspur, Cockspur Vine, Wait-a-bit cockspur, Devils-claw pisonia, Blackthorn, Devil's-claw, Fingringo, Prickly mampoo, Pull-and-hold-back, Devil's Claws, European larch",Pisonia aculeata,L.,3086260,326897-2,LC
1419331,"Chinese pistache, Chinese pistachio",Pistacia chinensis,Bunge,3190586,70242-1,LC
1363263,"Water-lettuce, Water-cabbage, Shellflower, Tropical-duckweed, Nile-cabbage, Waterbonnet, Kapu-kapu, Lettuce water, Tropical duck-weed, Apon-apon, అంతర తామర, Flor de agua, जलकुंभी, Vengaya thamari (tamil lang)",Pistia stratiotes,L.,2870583,317684-2,LC
1368555,"Manila-tamarind, Camachile, Guayamochil, Madrasthorn, Blackbead, Sweet-inga, Monkeypod, Cassie Manie, Cassie de Manille, Guama Americano, Manilla Tamarind, Black beard, Gaumuchil apes-earring, Kamachil wood, Tamarind, సీమ చింత, Jungle jelabi, تمر شیرین، تمر مانیلی، تمر تایوانی،",Pithecellobium dulce,(Roxb.) Benth.,2962831,1003508-2,LC
1429951,Rusty pittosporum,Pittosporum ferrugineum,W.T.Aiton,7303859,684465-1,LC
1645752,,Pittosporum glabratum,Lindl.,7303830,684485-1,
1775546,Golden-fragrance,Pittosporum napaulense,(DC.) Rehder & E.H.Wilson,4937305,684585-1,LC
1421778,"Taiwanese Cheesewood, Cheesewood",Pittosporum pentandrum,(Blanco) Merr.,2986294,684629-1,LC
1394624,"Australian Laurel, Japanese pittosporum, Japanese Cheesewood, Mock orange, Victoria box, Tobira, Pittosporo, میخک هندی, Japanese Laurle, پیتسپروم",Pittosporum tobira,(Thunb.) W.T.Aiton,8677924,684716-1,
1361728,"Dixie Silverback Fern, Silver fern, Gold fern, Silverback fern, Printing fern, Wild marron",Pityrogramma calomelanos,(L.) Link,2651790,17345640-1,
1707530,,Plagiogyria adnata,(Blume) Bedd.,4160742,17177220-1,
1707533,Pheasant’s tail fern,Plagiogyria euphlebia,(Kunze) Mett.,4160675,17177270-1,
1707536,,Plagiogyria glauca,(Blume) Mett.,7141751,17177290-1,
1687107,,Planchonella grandifolia,(Wall.) Pierre,5334047,788628-1,
1718679,,Planchonella malaccensis,(C.B.Clarke) Swenson,9320366,77131676-1,NT
1687134,"Black-ash, Northern yellow-boxwood, Yellow teak, Yellow-boxwood, Sea gutta",Planchonella obovata,(R.Br.) Pierre,5334135,788694-1,
1429960,"Psyllium, Asian plantain, Asian psyllium, Chinese Plantain, Asiatic plantain, Common plantain",Plantago asiatica,L.,9118978,684897-1,
1646477,"Sand plantain, Flaxseed plantain, Psyllium, Whorled plantain, Branched plantain",Plantago indica,L.,3189763,685262-1,
1356067,"Common plantain, Broadleaf Plantain, Plantain, Ženska bokvica, Greater plantain, Large plantain, Buckhorn Plantain, Great Plantain, Rippleseed Plantain, Broad-leaved Plantain, Grand Plantain, Nipple-seed Plantain, Ratstail Plantain, Ripple-seed Plantain, Whiteman's-foot, Rat's-tail plantain, Ripple-seed, Englishman's foot, Pilger's plantain, Waybread, Cart-track plant, Intermediate plantain, Thickleaf plantain, White-man's-foot, بارهنگ, Llanten o yanten, Pătlagină, Crabgrass, Babka, Gyslotis, English Plantain",Plantago major,L.,3189767,321286-2,LC
1356072,"Ispaghul, Ispaghula, Psyllium, Spogel seeds, Indian plantago, Indian plantain, Blond plantain, Blond psyllium, Blonde ispaghula, Desert Indianwheat, Ispaghu, Desert Indian-wheat, Spogel plantain, Ispaghul Plantain, اسفرزه، اسپرزه، بارهنگ تخم مرغی",Plantago ovata,Forssk.,3189723,685486-1,
1561600,,Platostoma coloratum,(D.Don) A.J.Paton,7306468,995893-1,
1561609,,Platostoma hispidum,(L.) A.J.Paton,3881992,995885-1,
1557967,"Cone-fruit platycarya, Platycarya",Platycarya strobilacea,Siebold & Zucc.,7148630,442460-1,
1720617,"Elkhorn fern, Antler fern, Crown staghorn fern",Platycerium coronarium,(Konig) Desv.,4024927,17237070-1,
1788480,Giant staghorn fern,Platycerium grande,(A.Cunn. ex Hook.) J.Sm.,8655717,17177490-1,
1778012,,Platycerium holttumii,Jonch. & Hennipman,4024810,17448400-1,
1708532,,Platycerium wallichii,Hook.,4024677,17177550-1,
1553355,,Platystemma violoides,Wall.,3818599,382324-1,
1414802,"Burdekin Plum, Burdekin Pumb",Pleiogynium timoriense,(DC.) Leenh.,3661589,70288-1,LC
1630538,,Pleione forrestii,Schltr.,5321383,652159-1,EN
1630539,,Pleione grandiflora,(Rolfe) Rolfe,5321432,652167-1,
1630541,,Pleione humilis,(Sm.) D.Don,5321386,652173-1,
1630545,,Pleione limprichtii,Schltr.,5321391,652180-1,
1630546,,Pleione maculata,(Lindl.) Lindl. & Paxton,5321399,652185-1,
1630549,,Pleione praecox,(Sm.) D.Don,5321410,652201-1,
1720551,,Pleocnemia cumingiana,C.Presl,4043073,17178130-1,
1710576,,Pleocnemia hemiteliiformis,(Racib.) Holttum,4043001,17411150-1,
1720552,,Pleocnemia irregularis,(C.Presl) Holttum,4042979,17448570-1,
1729864,,Pleocnemia submembranacea,(Hayata) Tagawa & K.Iwats.,4042823,17448600-1,
1719554,Sal-leaved desmodium,Pleurolobus gangeticus,(L.) J.St.-Hil. ex H.Ohashi & K.Ohashi,10781752,515302-1,
1370299,,Pleurostylia opposita,(Wall.) Alston,3792354,162375-1,LC
1631145,,Plocoglottis lowii,Rchb.f.,2801364,653853-1,
1719992,Cicada tree,Ploiarium elegans,Korth.,3714876,829220-1,
1421799,"Indian fleabane, Indian pluchea, Indian Camphorweed, Bluntas, ခရူ၊ တၞံ",Pluchea indica,(L.) Less.,3132728,238839-1,
1363960,"Plumbago, Cape Plumbago, Cape leadwort, Leaderwort, Blister leaf, Quaker, Quaker Blossom, Blue plumbago, Leadwort, Blister bush, Lead vine",Plumbago auriculata,Lam.,3082283,687056-1,
1370628,"Indian leadwort, Whorled plantain, Scarlet leadwort, Chitrakmool, Fire plant, Radix Plumbago, Rosy flowered leadwort, Scarlett Leadwort",Plumbago indica,L.,3082286,687077-1,
1363961,"Doctorbush, Plumbago, Ceylon leadwort, Wild plumbago, Wild Leadwort, Blister Bush, Bright Eyes, Eyebright, Toothwort, Ceraka, Devil's plant, Leadwort, Mexican plumbago, Old woman's bush, Summer snow plumbago, Arolla Pine, Summer Snow, The Ceylon Leadwort, White Leadwort, White Plumbago, Wild white plumbago",Plumbago zeylanica,L.,3082282,687109-1,
1369885,"Frangipani, Plumeria, Kamboja, Pagoda-tree, Red paucipan, Templetree, Red-jasmine, Frangipani pink, Nosegay, Red fragipani, Red plume, Red frangipani, Frangipani Tree, Spanish Jasmine, Champo, దేవగన్నేరు, Champa",Plumeria rubra,L.,3169674,81275-1,LC
1363455,"Winter grass, Annual Meadow-grass, Annual-bluegrass, Annual poa, Annual Meadowgrass, Dwarf Meadowgrass, Goosegrass, Pathgrass, Annual Blue Grass, Weed, Grass, Common Grass, Garden Grass",Poa annua,L.,2704179,320035-2,LC
1363458,"Smooth Meadow-grass, Kentucky bluegrass, English meadow grass, Kenturky Blue Grass, Smooth Stalked Meadow Grass, June grass, Birdgrass, Smooth meadowgrass, Smooth-stalked meadowgrass, Meadowgrass, Kentucky Blue-grass, Blue Grass, Common Meadow-Grass, Engrapgræs",Poa pratensis,L.,2704178,417792-1,LC
1420123,"Yew plum pine, Buddhist Pine, Big-leaf podocarp, Japanese yew, Yew, Yew podocarp, Kusamaki, Luohan Japanese Yew, Weeping Podocarpus",Podocarpus macrophyllus,(Thunb.) Sweet,5285930,263522-1,LC
1420124,"Brown-pine, Oleander podocarp, Thitmin",Podocarpus neriifolius,D.Don,5286088,263545-1,LC
1774170,,Podophyllum difforme,Hemsl. & E.H.Wilson,3981552,107586-1,
1774173,,Podophyllum versipelle,Hance,7300283,107606-1,
1654460,Gold Grass,Pogonatherum crinitum,(Thunb.) Kunth,4105598,418488-1,
1364448,"Baby panda bamboo, Bamboo grass",Pogonatherum paniceum,(Lam.) Hack.,4105523,418497-1,LC
1561896,,Pogostemon amaranthoides,Benth.,3900436,454817-1,
1429981,,Pogostemon auricularius,(L.) Hassk.,7308947,454820-1,
1429982,,Pogostemon benghalensis,(Burm.f.) Kuntze,4931161,454823-1,
1406353,"Patchouli-plant, Patchouly, Patchouli, Patschuli",Pogostemon cablin,(Blanco) Benth.,2926672,454827-1,
1561907,,Pogostemon cruciatus,(Benth.) Kuntze,8347917,454832-1,
1561919,,Pogostemon glaber,Benth.,3900110,454844-1,
1561924,,Pogostemon helferi,(Hook.f.) Press,3900041,911131-1,
1408540,"Indian patchouli, Java patchouli, False patchouli",Pogostemon heyneanus,Benth.,3900033,454848-1,
1561947,,Pogostemon parviflorus,Benth.,3899718,454882-1,
1561970,Water star,Pogostemon stellatus,(Lour.) Kuntze,7308820,454904-1,LC
1695615,,Poikilospermum suaveolens,(Blume) Merr.,4013131,856050-1,
1748574,,Polhillides velutina,(Willd.) H.Ohashi & K.Ohashi,10829464,77200648-1,
1497576,"East Asian pollia, Yabumyoga",Pollia japonica,Thunb.,5303492,173017-1,
1429998,"Polyalthia plant, Corky Debbar Tree, Polyalthia",Polyalthia suberosa,(Roxb.) Thwaites,3156325,74734-1,LC
1356927,Oldman's cap,Polycarpaea corymbosa,(L.) Lam.,3085781,30116479-2,
1493292,,Polycarpon prostratum,(Forssk.) Asch. & Schweinf.,7430434,156228-1,LC
1356939,"Four-leaf allseed, Four-leaf manyseed, Allseed, Four-leaved Allseed, Fourleaf manyseed, Four-leaved all-seed, Four-leaved manyseed, Four-leaved polycarp, Fourleaf allseed, Four-leaved Polycarpon, پردانه",Polycarpon tetraphyllum,(L.) L.,3085381,156239-1,
1729184,,Polygala arillata,Buch.-Ham. ex D.Don,7293502,691079-1,LC
1657221,Polygala,Polygala crotalarioides,Buch.-Ham. ex DC.,3191438,691312-1,
1360098,,Polygala erioptera,DC.,7293411,691413-1,
1657258,,Polygala fallax,Hemsl.,7415729,691432-1,LC
1657268,,Polygala furcata,Royle,4049475,691470-1,
1721427,Dwarf milkwort,Polygala japonica,Houtt.,7293443,691648-1,
1403175,"Long-Stem Milkwort, Longstem milkwort",Polygala longicaulis,Kunth,3191437,330516-2,
1657342,,Polygala longifolia,Poir.,4049199,691760-1,
1356077,Orosne,Polygala paniculata,L.,3191373,330527-2,
1376887,,Polygala persicariifolia,DC.,4052078,692040-1,
1430002,"Siberian polygala, Asian milkwort",Polygala sibirica,L.,7293626,692327-1,
1657525,Oriental milkwort,Polygala tatarinowii,Regel,4050793,692429-1,
1719667,,Polygala venenosa,Juss. ex Poir.,7293319,692537-1,
1361012,"Solomon's-seal, Aromatic Solomon's-seal, Angular Solomon's-seal, Scented Solomon’s-seal, Pähtitivgârääsi, Pungdo solomon’s seal, Scented Solomon's seal, Sweet-scented Solomon's seal, Angled Solomon's-seal, Lady's-seal, Hoàng Tinh (Vietnam), Момкова сълза, Mugurenes (LVL)",Polygonatum odoratum,(Mill.) Druce,2770228,540195-1,
1356084,"Knotgrass, Knot-weed, Prostrate knotweed, English knotgrass, Wireweed, Doorweed, Common Knotweed, Yard Knotweed, Common knotgrass, Birdgrass, Common Knot-grass, Matgrass, Stonegrass, Armstrong, Centinode, Dooryard knotweed, علف هفت بند, Troscot, British Knotweed, Whey Grass, Trampört",Polygonum aviculare,L.,7821030,695422-1,
1394752,"Common Knotweed, Rupturewort, Small Knotweed",Polygonum plebeium,R.Br.,5334440,696260-1,LC
1788375,"Jim, Tall jointweed, Tall jointweed, slender jointweed, wireweed (from Wikipedia), Bill",Polygonum tenerum,Spreng.,5651743,696540-1,
1363402,"Annual Beard-grass, Beard grass, Rabbit-foot grass, Annual rabbitsfoot grass, Annual rabbit’s-foot grass, Annual rabbit's-foot grass, Annual beardgrass, Rabbitfoot beardgrass, Rabbitfoot polypogon, Rabbitsfoot grass, Rabbit-foot polypogon, Rabbit'sfootgrass, Rabbitfoot grass",Polypogon monspeliensis,(L.) Desf.,5289917,1048074-2,LC
1363403,"Water-bent, Water-bent grass, Beardless rabbitsfoot grass, Water beardgrass, Beardless rabbitsfootgrass, Annual beardgrass, Green beardgrass",Polypogon viridis,(Gouan) Breistr.,5289919,418741-1,LC
1467694,Balfour Aralia,Polyscias balfouriana,(André) L.H.Bailey,3035891,91734-1,DD
1467718,Ivy palm,Polyscias diversifolia,(Blume) Lowry & G.M.Plunkett,6307111,77107148-1,LC
1380922,"Ming aralia, Teatree, Cây đinh lăng, Đinh lăng lá nhỏ, Kalipay",Polyscias fruticosa,(L.) Harms,3035652,847351-1,
1408547,"Geranium-leaf aralia, Geranium Aralia, Coffeetree, Wild coffee, Lace aralia",Polyscias guilfoylei,(W.Bull) L.H.Bailey,3035681,91773-1,LC
1400337,"Dinnerplate-aralia, Shield Aralia, Plum aralia, Millonaria, Aralia Fabian, Mangkokan",Polyscias scutellaria,(Burm.f.) Fosberg,3035778,91817-1,LC
1778970,"Fried Egg Tree, Hong Kong gordonia",Polyspora axillaris,(Roxb. ex Ker Gawl.) Sweet,7313778,829225-1,LC
1387510,"Greater Yellowspike Orchid, Great yellow spike orchid, Yellow spike orchid, Yellow Helmet Orchid, Greater Yellow-spike Orchid",Polystachya concreta,(Jacq.) Garay & H.R.Sweet,2792457,654273-1,
1705766,,Polystichum acutidens,Christ,4041108,17205760-1,
1722242,,Polystichum hookerianum,(C.Presl) C.Chr.,4047324,17207070-1,
1705871,"Aleutian shield fern, Aleutian holly fern",Polystichum lachenense,(Hook.) Bedd.,4046853,17207210-1,
1408555,"Korean Rockfern, Korean rock fern, Mourning fern, Japanese rockfern",Polystichum luctuosum,(Kunze) T.Moore,4046493,17207450-1,
1729852,,Polystichum prescottianum,(Wall. ex Mett.) T.Moore,7319615,17208120-1,
1705978,,Polystichum shensiense,Christ,4044486,17260240-1,
1729825,,Polystichum squarrosum,(D.Don) Fée,4044296,17208610-1,
1424150,"Java grass, Indian murainagrass, Batiki Bluegrass, Toto Grass",Polytrias indica,(Houtt.) Veldkamp,4153188,963150-1,LC
1409225,"Fijian longan, Taun tree, Island lychee, Kasai, Megan, Taun, Oceanic Lychee, Langsir, Matoa, Kava",Pometia pinnata,J.R.Forst. & G.Forst.,5577338,784485-1,LC
1408557,"Karanj, Indian Beech, Pongam oiltree, Poonga oil plant, Karum, Karanja, Pongam-oil tree, Punga-oil tree, Seashore mempari, Tallow tree, Vesi Ne Wai, Hongay oil tree, Indian Beech Tree, Pongam, Poonga-oil, Sourfruit, Karumtree, Pongame oiltree, Poonga-oil-tree, కానుగ చెట్టు, Sukh Chain, ಹೊಂಗೆ ಮರ  Honge Mara ((KANNADA  ಕನ್ನಡ )), புங்கை, કણજી, कांजी का पेड़, புங்க மரம்",Pongamia pinnata,(L.) Pierre,2965911,515679-1,LC
1718504,"Water hyacinth, Common Water Hyacinth, Floating water-hyacinth, Aquatic hyacinth, ইয়ারুল",Pontederia crassipes,Mart.,2765942,310928-2,
1724622,Variableleaf Water Hyacinth,Pontederia diversifolia,(Vahl) M.Pell. & C.N.Horn,11040407,77188085-1,
1718505,"Arrowleaf falsepickerelweed, Arrow-leaved monochoria",Pontederia hastata,L.,2765991,698153-1,
1718907,,Pontederia korsakowii,(Regel & Maack) M.Pell. & C.N.Horn,11070196,77188082-1,
1718506,"Monochoria, Heartshape false pickerelweed, Oval-leaf pondweed",Pontederia vaginalis,Burm.f.,8238520,327395-2,
1719182,,Popowia fusca,King,3156664,74818-1,LC
1683808,Chinese aspen,Populus adenopoda,Maxim.,3806510,776569-1,
1683823,Himalayan Poplar,Populus ciliata,Wall. ex Royle,7266620,776642-1,LC
1356308,"Black poplar, Lombardy poplar, Black Cottonwood, Lombardy's Poplar, Топола (Bulgarian), صنوبر سیاه",Populus nigra,L.,3040227,776790-1,DD
1718599,Bridal-creeper,Porana volubilis,Burm.f.,5829182,270974-1,
1408944,"Christ's-vine, White corallita, Bridal-bouquet, Bridalwreath, Christmasvine, Snow-in-the-jungle, Snowcreeper, Porana Vine, Horsetail liane, Chinese Lace Vine, Snow vine",Poranopsis paniculata,(Roxb.) Roberty,2928472,270975-1,
1383052,"Moss-rose, Portulaca, Rose-moss, Sunplant, Mexican-rose, Eleven-o'clock, Moss-rose Purslane, Portulac, Garden Portulaca, Garden Purslane, Rose-moss-of-garden, Japanese rose, Cultivated purslane, Rose-moss [a purslane], గడ్డి గులాబి, گل نازآفتابی فصلی, Nine O'clock, Krokot, Floare de piatră, টাইম ফুল, Beans, Grass Flower, Sea Rose, Ten o'clock, گل دوپہری, Pukul Sembilan, Table Rose, నిత్య కళ్యాణం",Portulaca grandiflora,Hook.,3084700,208592-2,
1360141,"Common Purselane, Purslane, Common Purslane, Little hogweed, Verdolaga, Moss rose, Wild portulaca, Indian parselane, Pusley, Jade, Portulaca-weed, Akulikuli-kula, Duckweed, Garden Purslane, Pursley, Pigweed, Posteline, Postely, Pussley, Fatweed, Hog bhaji, Rock rose, Sun plant, Green Purslane, Garden purselane, Garden purslain, Verdolaga (Mexico), خرفه، پرپین, رجلة, പത്തുമണി ചെടി, Poorpier, గంగవాయిలి, پرپهن, پُرگو, Spurge, Purselane, Kulfa ( Used in India for making Vegitable butter milk curry), Тушт, Beldroegas ( Portuguese).",Portulaca oleracea,L.,3084719,323270-2,LC
1403212,"Kiss me quick, Moss Rose, Kiss-me-quick, Hairy-pigweed, Pink purslane, Chisme, Crimson-flowered purslane, Rose-flowered purslane, Shaggy purslane, گل ناز گل ریز, ناز ناز",Portulaca pilosa,L.,3084704,316354-2,
1383055,"Chickenweed, Wild purslane, Dicondra",Portulaca quadrifida,L.,3084699,699334-1,
1436856,"Wingpod purslane, Wing-Pod Purslane, ناز خرفه ای, רגלה",Portulaca umbraticola,Kunth,3084698,323272-2,
1394785,"Alpine Pondweed, Red Pondweed, Northern Pondweed, Reddish Pondweed",Potamogeton alpinus,Balb.,5301175,603113-1,LC
1361143,"Curled pondweed, Curly pondweed, Curly-leaf pondweed, Crisped pondweed, Crispy-leaved pondweed, Curly-leaved Pondweed, Crisp Pondweed, Curlyleaf pondweed",Potamogeton crispus,L.,5301162,323116-2,LC
1361168,Shining pondweed,Potamogeton lucens,L.,5301141,208858-2,LC
1361706,"Floating-leaf pondweed, Broadleaf pondweed, Common pondweed, Broad-Leaf Pondweed, Floating pondweed, Broad-leaved Pondweed, Floatingleaf Pondweed, Floating-leaved Pondweed, Hamner, گوشاب",Potamogeton natans,L.,5301147,208872-2,LC
1361707,"Longleaf pondweed, Loddon pondweed, Waterweede, Long-leaf Pondweed, Long-leaved Pondweed, Broad-leaved Pondweed, Loddon's Pondweed, American pondweed",Potamogeton nodosus,Poir.,5301233,603330-1,LC
1394811,"Blunt-leaved Pondweed, Bluntleaf Pondweed, Broad-leaved pondweed, Grassy pondweed",Potamogeton obtusifolius,Mert. & W.D.J.Koch,5301231,208883-2,LC
1361148,"Lesser pondweed, Small pondweed, Baby Pondweed, Slender Pondweed",Potamogeton pusillus,L.,8351789,208919-2,LC
1361158,Hairlike pondweed,Potamogeton trichoides,Cham. & Schltdl.,5642073,603452-1,LC
1721632,Anemone cinquefoil,Potentilla anemonifolia,Lehm.,5366904,727631-1,
1721637,"False Strawberry, Mock Strawberry, Wild Strawberry, Indian-Strawberry, Yellow-flower-strawberry, Yellow-flowered Strawberry, Yellow-strawberry, India Mock-strawberry, Indian mock strawberry, Snakeberry, Backyard Strawberry, Fraiser des Indes (FR), Mockberry",Potentilla indica,(Andrews) Th.Wolf,5365717,728289-1,
1363992,"Bushy Cinquefoil, Prostrate cinquefoil, Spreading cinquefoil, Carpet cinquefoil",Potentilla supina,L.,5366090,729071-1,LC
1466376,,Pothos chinensis,(Raf.) Merr.,5330311,88185-1,
1466415,,Pothos repens,(Lour.) Druce,5330343,88350-1,
1424742,,Pothos scandens,L.,5330394,88366-1,
1721646,,Pourthiaea arguta,(Wall. ex Lindl.) Decne.,2988149,729370-1,
1720055,Oriental photinia,Pourthiaea villosa,(Thunb.) Decne.,8356787,729390-1,
1372941,"Canistel, Eggfruit-tree, Yellow sapote, Eggfruit",Pouteria campechiana,(Kunth) Baehni,2884309,209714-2,LC
1409951,"Naseberry, Mamey, Mamey sapote, Mammee sapote, Marmalade-plum, Marmalade-tree, Sapote, Mammey sapote, Marmelade plum, Mammee sapota",Pouteria sapota,(Jacq.) H.E.Moore & Stearn,2884162,1110421-2,LC
1729419,,Pouzolzia rugulosa,(Wedd.) Acharya & Kravtsova,4098989,77096983-1,LC
1430040,,Pouzolzia sanguinea,(Blume) Merr.,7300542,856236-1,
1430041,"Graceful Pouzolz's-Bush, Graceful pouzolzsbush, Graceful pouzolzbush",Pouzolzia zeylanica,(L.) Benn.,2984383,856264-1,
1720318,"Praxelis, False-bluemink",Praxelis clematidea,(Hieron. ex Kuntze) R.M.King & H.Rob.,4221673,209980-2,
1562007,,Premna barbata,Wall. ex Schauer,8046605,864193-1,LC
1562050,,Premna interrupta,Wall. ex Schauer,8026211,864283-1,LC
1562077,,Premna mollissima,Roth,3896962,864338-1,LC
1430049,Fragrant premna,Premna odorata,Blanco,2925346,864355-1,LC
1562125,,Premna scandens,Roxb.,3896151,864417-1,
1408564,"Headache Tree, Bastard guelder, Creek premna, Coastal premna, Buas-buas, Arani, Cây vọng cách",Premna serratifolia,L.,6411486,864424-1,LC
1562148,,Premna trichostoma,Miq.,3895764,864464-1,LC
1420187,"Bulley's primula, Candleabra Primrose",Primula bulleyana,Forrest,7290520,701653-1,
1661150,,Primula calliantha,Franch.,7290486,701666-1,
1729157,,Primula crispata,Balf.f. & W.W.Sm.,5641578,701775-1,
1420191,"Drumstick primula, Drumstick Primrose, Garden Primrose",Primula denticulata,Sm.,5641274,701821-1,
1729163,,Primula dickieana,G.Watt,5640477,701831-1,
1729178,,Primula geraniifolia,Hook.f.,5640392,701965-1,
1729170,,Primula listeri,King ex Hook.f.,5930770,702203-1,
1420196,"Baby primrose, Fairy primrose, Baby primula, Fairy primula",Primula malacoides,Franch.,5640601,702241-1,
1729188,,Primula munroi,Lindl.,7290911,702310-1,
1420197,"German primrose, Poison primrose, Top primrose, Garden Primrose, Primrose, Primula",Primula obconica,Hance,7290874,702340-1,
1729151,,Primula prenantha,Balf.f. & W.W.Sm.,7290742,702451-1,
1783842,Glory-of-the-marsh,Primula prolifera,Wall.,5641134,702456-1,
1661386,Sikkim cowslip,Primula sikkimensis,Hook.,7290470,702611-1,
1661395,,Primula sonchifolia,Franch.,7290924,702635-1,
1667896,,Prinsepia utilis,Royle,3025406,729396-1,
1695659,,Procris crenata,C.B.Rob.,5669749,856286-1,
1720020,"Trailing watermelon begonia, Polynesian Ivy",Procris repens,(Lour.) B.J.Conn & Hadiah,7916114,77118256-1,
1409300,"Cardwell lily, Christmas Lily",Proiphys amboinensis,(L.) Herb.,2858034,66645-1,
1419017,"Chilean algarrobo, Chilean mesquite, Algarrobo",Prosopis chilensis,(Molina) Stuntz,5358466,210426-2,
1436922,Honey mesquite,Prosopis glandulosa,Torr.,5358457,210440-2,
1366899,"Algarroba-bean, Mesquite, Ironwood, Prosopis, Algaroba bean, Mexican thorn, Algaroba, Alaroba, Bayahonda Blanca, Honey locust, River algarrobo, South West Thorn, Algorrobo, Bean, Cashew, Commom mesquite, Honey pod, Screw, Velvet mesquite, పట్నం తుమ్మ, کهور پاکستانی",Prosopis juliflora,(Sw.) DC.,5358460,1002432-2,
1486242,"Murtenga, Indian red-pear",Protium serratum,(Wall. ex Colebr.) Engl.,3993153,128418-1,
1356109,"Self-heal, Heal-all, Carpenterweed, All-heal, Alpine Self-heal, Common Selfheal, Common Self-heal, Common Heal-all, Sicklewort, Hook-Heal, Carpenter's Herb, Busuioc salbatic, Brunört",Prunella vulgaris,L.,5341297,455176-1,LC
1420405,"Wild himalayan cherry, Sour cherry",Prunus cerasoides,Buch.-Ham. ex D.Don,3021409,729572-1,LC
1729561,,Prunus himalayana,J.Wen,8109735,77108487-1,
1420419,"Japanese apricot, Ume, Chinese plum, Japanese plum, Chinese Plum Tree, Chinese Apricot, Chinese Flowering Plum, Chinese New Year Plum, Chinese Plum Blossom",Prunus mume,(Siebold) Siebold & Zucc.,3021046,730000-1,LC
1668003,"Khasia cherry, Khasi cherry",Prunus napaulensis,(Ser.) Steud.,3021141,730017-1,LC
1363997,"Peach, هلو, Peach tree, Common Peach, Akroot, Flowering Peach, Nectarines, Almond, East Indian Mango, శాప్తాలు చెట్టు, Şeftali, Cultivated Peach, Schmidt, Breskva, Peaches, Purple-Leaved Peach, Culinary Peach, Grandfather Peach",Prunus persica,(L.) Batsch,3022511,1212858-2,
1668014,,Prunus phaeosticta,(Hance) Maxim.,3022290,730108-1,LC
1420425,"Plum, Willow-leaf cherry, Jadu Cherry, Japanese Plum, Asian Plum, Chinese plum, Su-momo",Prunus salicina,Lindl.,3021120,730232-1,LC
1668062,,Prunus undulata,Buch.-Ham. ex D.Don,3021987,730384-1,LC
1668077,,Prunus zippeliana,Miq.,3023356,730445-1,LC
1365347,"Creeping rivergrass, German grass",Pseudechinolaena polystachya,(Kunth) Stapf,4152303,211125-2,
1720302,"Dog's-Tongue, Elephant-weed, Dog's-tongu, Spiked elephantfoot, Packyweed, False elephantfoot",Pseudelephantopus spicatus,(Juss. ex Aubl.) C.F.Baker,3092022,239804-1,
1446731,,Pseuderanthemum crenulatum,(Wall. ex Lindl.) Radlk.,3773631,53227-1,
1719157,,Pseuderanthemum latifolium,(Vahl) B.Hansen,3772966,947004-1,
1789727,Purple star,Pseuderanthemum laxiflorum,(A.Gray) F.T.Hubb.,8707339,53274-1,
1750188,"Purple false eranthemum, Carruthers' falseface, Ruspolia, Loropetlum, Yellow-vein Eranthemum, Pseuderanthemum, Golden Pseuderanthemum",Pseuderanthemum maculatum,(G.Lodd.) I.M.Turner,9450473,77158889-1,
1562266,,Pseudocaryopteris bicolor,(Roxb. ex Hardw.) P.D.Cantino,4086453,1008760-1,
1773404,,Pseudocodon convolvulaceus,(Kurz) D.Y.Hong & H.Sun,9251284,77145975-1,
1364121,"Clammy false oxtongue, Sticky blumea",Pseudoconyza viscosa,(Mill.) D'Arcy,3086704,211317-2,
1729673,,Pseudognaphalium adnatum,(DC.) Y.S.Chen,9273319,77118028-1,
1518177,"Jersey cudweed, Everlasting cudweed, 鼠麴草 (Mouse Yeast Grass)",Pseudognaphalium affine,(D.Don) Anderb.,3100918,962992-1,
1737651,"Jersey Cudweed, Red-tip rabbit-tobacco, Winged cudweed, Red-tipped rabbit-tobacco, Weedy cudweed, Red-tip rabbit tobacco, Fragrant cudweed",Pseudognaphalium luteoalbum,(L.) Hilliard & B.L.Burtt,3147761,909623-1,
1718551,,Pseudopogonatherum contortum,(Brongn.) A.Camus,4151738,113497-3,LC
1432743,"Arrow bamboo, Japanese arrow bamboo, Yadake, Female arrow-bamboo, Hardy metake bamboo",Pseudosasa japonica,(Siebold & Zucc. ex Steud.) Makino ex Nakai,7952471,418885-1,
1382846,"Guava, Guave, Common guava, امرود, Lemon guava, Yellow guava, Abas, Goyavier, Guabang, Kautonga, Kuahpa, Guava Tree, Guave Tree, Guyaba, Guajava, Tropical Guava, Apple guava, జామ, கொய்யா, Guayaba, अमरुद, جوافة, Jambu biji, Mbeera/ngario, Amrud ( hindi ), जांब/ पेरु, Bayabas, পেয়ারা, Mapera, گواوا, Peru, মধুৰী",Psidium guajava,L.,5420380,600841-1,LC
1426822,"Flat Fork Fern, Flatfork fern",Psilotum complanatum,Sw.,2688175,114220-3,
1398644,"Whisk Fern, Skeleton fork fern, Psilotum",Psilotum nudum,(L.) P.Beauv.,2688176,212103-2,LC
1368992,Tropical African winged-bean,Psophocarpus scandens,(Endl.) Verdc.,2944694,515969-1,
1368993,"Goa-bean, Asparagus-pea, Four-angle-bean, Princess-pea, Winged-bean, Gaele-gaele, Kacèpèr, Kelongkang, Princess bean, Wing bean, Manila bean, Asparagus Bean, Winged beans, Kecipir, Sigarilyas",Psophocarpus tetragonolobus,(L.) DC.,2944683,515970-1,
1677942,,Psychotria balansae,Pit.,2920379,761441-1,
1678049,,Psychotria calocarpa,Kurz,2922502,761603-1,
1679169,,Psychotria serpens,L.,2923582,763361-1,
1679455,,Psydrax dicoccos,Gaertn.,2893147,763837-1,LC
1779125,"Austral bracken, Bracken fern, Common bracken",Pteridium esculentum,(G.Forst.) Cockayne,5532455,17415070-1,
1704268,,Pteridium revolutum,(Blume) Nakai,7265867,17355890-1,
1400710,Thinleaf Brake,Pteris biaurita,L.,5275396,213840-2,
1356435,"Ribbon fern, Cretan brake, Avery fern, Cretan brake fern, Cretan bracken, Cretan fern, Silver Lace Fern, Brake Fern, Silver Ribbon Fern",Pteris cretica,L.,5275404,17211870-1,
1407621,"Slender Brake, Sword brake, Victoria fern, Pteris Fern",Pteris ensiformis,Burm.f.,3914366,17212520-1,
1709889,Faurie's brake,Pteris fauriei,Hieron.,11253557,17289360-1,
1720472,,Pteris grevilleana,Wall. ex J.Agardh,7364285,17213060-1,
1356437,"Chinese brake, Spider brake, Spider fern, Spider brake fern",Pteris multifida,Poir.,5275415,17214630-1,
1400719,"Giant bracken, Giant Brake, Giant brake fern",Pteris tripartita,Sw.,5275407,17217170-1,
1356439,"Chinese brake, Ladder brake, Chinese ladder brake, Ladder brake fern, Ladder bracken, Chinese bracken, Mediterranean fern, Chinese brake fern, Ladder Fern",Pteris vittata,L.,5275398,17217500-1,LC
1720467,Wallich's giant table fern,Pteris wallichiana,C.Agardh,9458125,324133-2,
1720187,Cursed shade,Pternandra coerulescens,Jack,3867758,85163-3,LC
1720188,,Pternandra echinata,Jack,3867658,574984-1,
1761059,"Andaman padauk, East Indian-mahogany, Andaman Redwood, Narra, Vermillion",Pterocarpus dalbergioides,Roxb. ex DC.,5349241,516437-1,VU
1408606,"Amboyna-wood, Malay padauk, Papua New Guinea rosewood, Philippine-mahogany, Andaman redwood, Burmese rosewood, Red Sandalwood, Indian padauk, Angsana, Narra, Pashu padauk, Sang Drago, Sang Dragon",Pterocarpus indicus,Willd.,5349242,516487-1,EN
1584741,"Maidu, Burma padauk",Pterocarpus macrocarpus,Kurz,5349297,516502-1,EN
1777758,Ragweed,Pterocaulon redolens,(Willd.) Fern.-Vill.,5392205,240177-1,
1774152,,Pterocyclus angelicoides,(DC.) Klotzsch,5540677,847619-1,
1783826,,Pterocymbium tinctorium,(Blanco) Merr.,3669577,824714-1,LC
1584774,,Pterolobium hexapetalum,(Roth) Santapau & Wagh,5357454,516625-1,
1362750,"Dinner plate tree, Maple-leaved bayur, Dinnerplate Tree, మత్సకంద, Kanak champa",Pterospermum acerifolium,(L.) Willd.,3669210,824743-1,LC
1430096,,Pterospermum diversifolium,Blume,7910941,824753-1,LC
1784237,,Pterospermum suberifolium,(L.) Raeusch.,10903907,77166350-1,LC
1419442,"Buddha's coconut, Buddha coconut",Pterygota alata,(Roxb.) R.Br.,7161901,941595-1,
1773012,,Ptilagrostis dichotoma,Keng ex Tzvelev,7325743,418943-1,
1419021,"Kudzu, Japanese Arrowroot, Kudzu Vine, Rhodesian kudzu vine, Mountain Arrowroot, Indian Kudzu",Pueraria montana,(Lour.) Merr.,2977636,516708-1,
1359616,"Pomegranate, انار, अनार, Dwarf Pomegranate, దానిమ్మ, Adɣaɣ, Africanisc æppel, Delima, Dhelima, Nar, Pomegranate Tree, Carthaginian apple, Grenadier, Shi liu, Zakuro, Granado, ডালিম, Grenade, رمان, Rodie, Apple of Grenada, Granada, Šipak",Punica granatum,L.,5420901,554129-1,LC
1451754,Sweethearts,Pupalia lappacea,(L.) Juss.,7323604,61335-1,LC
1420273,"Lucky bean tree, Putranjiva, కుదురు / పుత్రజీవిక, Lucky Bean",Putranjiva roxburghii,Wall.,3076079,355114-1,LC
1368891,Pycnospora,Pycnospora lutescens,(Poir.) Schindl.,2984241,516976-1,
1729475,"Asian Firethorn, Himalayan firethorn, Nepal firethorn, Nepalese Firethorn, شیرخشت کنگره ای،, Firethorn, Pyracantha, Nepalese Pyracantha, Himalayan Pyracantha",Pyracantha crenulata,(D.Don) M.Roem.,2988172,730613-1,LC
1395001,"Round-leaf wintergreen, Round-leaved wintergreen, Wintergreen, Shinleaf, Larger wintergreen, Large Wintergreen",Pyrola rotundifolia,L.,2888269,331846-1,
1708771,,Pyrrosia adnascens,(Sw.) Ching,7290133,17416000-1,
1708773,,Pyrrosia angustata,(Sw.) Ching,5648455,17416040-1,
1729879,,Pyrrosia flocculosa,(D.Don) Ching,5648204,17416210-1,
1408618,Lanceleaf tongue fern,Pyrrosia lanceolata,(L.) Farw.,5648124,1015191-2,
1420170,"Felt fern, Tongue fern, Pyrrosia",Pyrrosia lingua,(Thunb.) Farw.,7290072,60445932-2,
1708814,,Pyrrosia nummulariifolia,(Sw.) Ching,7909510,17416430-1,
1720623,"Epiphytic creeping fern, Dragon's scale fern, Dragon scales",Pyrrosia piloselloides,(L.) M.G.Price,5647918,17453390-1,
1778017,,Pyrrosia porosa,(C.Presl) Hovenkamp,7290046,17516120-1,
1708829,,Pyrrosia sheareri,(Baker) Ching,5647804,17416610-1,
1729881,,Pyrrosia stenophylla,(Bedd.) Ching,5647774,17416650-1,
1708837,,Pyrrosia subfurfuracea,(Hook.) Ching,5647756,17416690-1,
1729107,,Pyrularia edulis,A.DC.,3788690,780535-1,LC
1420437,"Birch-leaf pear, Birch-leaved pear",Pyrus betulifolia,Bunge,7653491,730718-1,LC
1395003,"Bradford Pear, Callery pear, Ornamental pear, Callery 'Bradford' Pear, گلابی, Callery pear, bradford pear, Pear Tree, Flowering Pear, Goofy ahh pear, Oi what's up with the new game design, eh?, రావి చెట్టు",Pyrus calleryana,Decne.,5363119,730740-1,
1430117,Himalayan pear,Pyrus pashia,Buch.-Ham. ex D.Don,5362639,731109-1,LC
1420439,"Chinese Pear, Sand pear, Oriental pear, Country pear, Japanese pear, Japanese wild pear",Pyrus pyrifolia,(Burm.f.) Nakai,5362786,731158-1,
1721668,"Harbin pear, Manchurian pear, Ussuri pear, Ussurian pear, Chinese pear, Amur pear, Siberian pear",Pyrus ussuriensis,Maxim.,8017230,731337-1,
1373346,"Quassia, Quassia-wood, Surinam quassia, Bitterwood, Bitter Bush, Bitter ash",Quassia amara,L.,3190647,814006-1,LC
1419069,"Sawtooth oak, Sawthorn oak, Japanese Sawtooth Oak, Saw-tooth Oak, Japanese chestnut oak",Quercus acutissima,Carruth.,2877959,295743-1,LC
1548087,"Oriental white oak, Galcham oak, Japanese white oak",Quercus aliena,Blume,2881654,295765-1,LC
1548097,,Quercus annulata,Sm.,2877703,295789-1,LC
1548106,,Quercus augustini,Skan,6289896,295817-1,
1548242,,Quercus franchetii,Skan,2878529,296163-1,LC
1548261,"Ring-cup oak, Ring-cupped oak, Japanese blue oak",Quercus glauca,Thunb.,2876873,927477-1,LC
1548329,,Quercus lamellosa,Sm.,2878270,296351-1,NT
1548330,,Quercus lanata,Sm.,2881720,296354-1,LC
1783442,"Banj oak, Ban oak",Quercus leucotrichophora,A.Camus,2878058,359783-1,
1548377,,Quercus monimotricha,(Hand.-Mazz.) Hand.-Mazz.,2878395,359865-1,LC
1548388,"Bamboo-leaf Oak, Bamboo-leaved oak, Japanese white oak",Quercus myrsinifolia,Blume,2878564,296481-1,LC
1548408,,Quercus oxyodon,Miq.,2878571,296546-1,LC
1548483,"Brown Oak, Himalayan brown oak",Quercus semecarpifolia,Sm.,2878082,296733-1,LC
1548500,,Quercus spinosa,David,2879155,77176882-1,LC
1419080,"Chinese cork oak, Oriental cork oak",Quercus variabilis,Blume,2879787,296890-1,LC
1476878,,Radermachera boniana,Dop,4092587,110489-1,DD
1476882,,Radermachera hainanensis,Merr.,4092385,110506-1,LC
1718523,,Radermachera quadripinnata,(Blanco) Seem.,9376435,110536-1,LC
1388730,"China doll plant, China doll, Emerald tree, China Doll Tree",Radermachera sinica,(Hance) Hemsl.,4092178,110522-1,LC
1662881,,Rafflesia kerrii,Meijer,3941194,905075-1,
1664447,Canton buttercup,Ranunculus cantoniensis,DC.,7276807,712402-1,
1664471,,Ranunculus diffusus,DC.,3930696,712596-1,
1413424,"Gmelin's Buttercup, Gmelin’s Buttercup, Lesser Yellow Water Buttercup, Small Yellow Water Buttercup, Gmelin's Water Buttercup, Gmelin's Water Crowfoot, Small Yellow Water Crowfoot",Ranunculus gmelinii,DC.,3033301,30137890-2,LC
1664515,East Asian buttercup,Ranunculus japonicus,Thunb.,7851483,712987-1,
1664548,,Ranunculus microphyllus,Hand.-Mazz.,3922242,713223-1,
1363974,"Celery buttercup, Celery-leaf buttercup, Celery-leaf crowfoot, Cursed crowfoot, Marsh crowfoot, Poison buttercup, Blister buttercup, Cursed Buttercup, Celery-leaved buttercup, Celery-leaved crowfoot, Blisterwort, Crowfoot buttercup, Poisonous buttercup, Celeryleaf buttercup",Ranunculus sceleratus,L.,3033374,713776-1,LC
1363901,"Wild radish, Radish, Sea radish, White charlock, Jointed charlock, Jointed radish, Jointed wild radish, Wild Turnip, Runch, ترب و تربچه, ترب وحشی (FA), Cherry Radish, ముల్లంగి, False-mustard, فجيلة, تورۆکە",Raphanus raphanistrum,L.,3040983,217826-2,
1791058,,Raphiocarpus petelotii,(Pellegr.) B.L.Burtt,3817791,1007562-1,
1430144,"Ajmaline, Serpentine-wood, Rauwolfia, Java devil-pepper, Snakewood, Serpentine-root, Serpentina, Snake root, Devilpepper, Serpentwood, సర్పగంధి",Rauvolfia serpentina,(L.) Benth. ex Kurz,3169787,81648-1,
1430145,,Rauvolfia sumatrana,Jack,3616339,81660-1,LC
1437208,"Four-leaf devil-pepper, Milkbush, Devil-pepper, Be still tree, Devil's-pepper, Four-leaf devil's-pepper, సర్పగంది, Patali garuda",Rauvolfia tetraphylla,L.,3169782,81663-1,LC
1430146,,Rauvolfia verticillata,(Lour.) Baill.,3616228,81667-1,LC
1419445,,Reevesia thyrsoidea,Lindl.,3672078,824871-1,LC
1692632,,Rehderodendron macrocarpum,Hu,3647356,826665-1,LR/nt
1646540,Chinese Foxglove,Rehmannia glutinosa,(Gaertn.) DC.,8238583,808644-1,
1408621,"Pyoli, Yellow flax, Himalayan yellow flax, Himalayan yellow flax (మంచు పచ్చ నార)",Reinwardtia indica,Dumort.,5658009,544868-1,
1430152,,Reissantia indica,(Willd.) N.Hallé,7265761,162488-1,
1386042,Hitchhiker Elephant Ear,Remusatia vivipara,(Roxb.) Schott,2871956,88433-1,
1409978,,Renanthera coccinea,Lour.,2786221,655478-1,
1409979,"Red Vanda Orchid, Imschoot's renanthera, Red vanda",Renanthera imschootiana,Rolfe,2786227,655486-1,
1632270,,Renanthera vietnamensis,Aver. & R.Rice,2786220,20007731-1,
1395150,"Japanese knotweed, Impossible to kill invasive demon plant, Mexican-bamboo, Flowering bamboo, Asian Knotweed, Fleeceflower, Asiatic knotweed, Japanese fleece flower, Fallopia japonica, American Bamboo, Bee Bamboo, Donkey Rhubarb, Troscot japonez (RO)",Reynoutria japonica,Houtt.,2889173,435655-1,
1658532,"Chinese fleeceflower, Chinese knotweed, Tuber fleeceflower, Chinese fleece flower",Reynoutria multiflora,(Thunb.) Moldenke,4038333,696695-1,
1719503,,Rhamnus napalensis,(Wall.) M.A.Lawson,4928522,60459810-2,LC
1437231,Chinese buckthorn,Rhamnus utilis,Decne.,3039481,718727-1,LC
1666043,,Rhamnus virgata,Roxb.,7273971,718734-1,LC
1737676,Black Mustard,Rhamphospermum nigrum,(L.) Al-Shehbaz,12359225,77218493-1,LC
1466450,,Rhaphidophora chevalieri,Gagnep.,5329799,88460-1,
1466454,Raph Split Leaves,Rhaphidophora crassicaulis,Engl. & K.Krause,5329790,88465-1,
1466461,"Dragon tail, Schott plant",Rhaphidophora decursiva,(Roxb.) Schott,5329707,88471-1,
1466477,,Rhaphidophora hongkongensis,Schott,5826049,88501-1,
1430157,,Rhaphidophora korthalsii,Schott,5329733,88513-1,
1466491,,Rhaphidophora megaphylla,H.Li,5329783,88535-1,
1466506,,Rhaphidophora peepla,(Roxb.) Schott,5329683,88563-1,
1466509,,Rhaphidophora pertusa,(Roxb.) Schott,5329763,88567-1,
1466527,"Mini Monstera, Swiss Cheese plant, برگ انجیری, Monstera deliciosa",Rhaphidophora tetrasperma,Hook.f.,5329745,88594-1,
1743352,"Loquat, Japanese medlar, Japanese Plum, Common Loquat, Nespole, Nespereira (PT), Japanese Loquat, 枇杷 (JP), Eriobotrya",Rhaphiolepis bibas,(Lour.) Galasso & Banfi,10786206,77209608-1,
1779142,Bronze loquat,Rhaphiolepis deflexa,(Hemsl.) B.B.Liu & J.Wen,10855510,77207165-1,LC
1784079,,Rhaphiolepis dubia,(Lindl.) B.B.Liu & J.Wen,10809845,77207166-1,
1782090,,Rhaphiolepis elliptica,(Lindl.) B.B.Liu & J.Wen,10758611,77207167-1,NT
1409218,"Indian-hawthorn, India-hawthorn, Snow maiden, Raphiolepis apple blossom, Hong Kong Hawthorn, Side-spiked leaf",Rhaphiolepis indica,(L.) Lindl.,5371542,731389-1,LC
1720884,"Large lady palm, Bamboo palm, Fern rhapis, Miniature fan palm, Slender lady palm, The Lady Palm",Rhapis excelsa,(Thunb.) A.Henry,2736747,669577-1,LC
1409981,"Reed rhapis, Rattan palm, Slender lady palm",Rhapis humilis,Blume,2736737,669582-1,
1788125,,Rhapis laosensis,Becc.,2736759,669585-1,
1470269,,Rhapis micrantha,Becc.,2736736,669588-1,
1470274,,Rhapis subtilis,Becc.,2736734,669592-1,
1728964,Himalayan rhubarb,Rheum acuminatum,Hook.f. & Thomson,4038181,696709-1,
1420152,"Tibetan rhubarb, Chinese rhubarb, Klembak, Klèmbâ', Medicinal rhubarb",Rheum officinale,Baill.,2888865,696768-1,
1398842,"Chinese rhubarb, Ornamental rhubarb, East Indian Rhubarb, Turkey Rhubarb, Rhubarb, Sorrel rhubarb",Rheum palmatum,L.,2888864,696772-1,
1385312,"Dainty Spurs, Snake Jasmine",Rhinacanthus nasutus,(L.) Kurz,7399933,53554-1,
1662893,,Rhizanthes zippelii,(Blume) Spach,3941198,707092-1,
1416408,"Mangrove, Tall-stilt Mangrove",Rhizophora apiculata,Blume,3086526,719801-1,LC
1719504,"Asiatic Mangrove, Bangka u, Mangrove, ကင်တၞးဇၞော်၊ တၞံ, Red Mangrove, Loop-root Mangrove, True Mangrove",Rhizophora mucronata,Poir.,10920169,719830-1,LC
1426572,"Red mangrove, Stilt-root mangrove, Small stilted mangrove, Long-style stilt mangrove, Spotted mangrove",Rhizophora stylosa,Griff.,3874022,719845-1,LC
1430163,Silver back tree,Rhodamnia cinerea,Jack,3185983,601111-1,LC
1518683,"Rosy sunray, Pink everlasting, Paper Daisy",Rhodanthe chlorocephala,(Turcz.) Paul G.Wilson,3137676,969106-1,
1774199,,Rhodiola wallichiana,(Hook.) S.H.Fu,4199131,274900-1,
1733122,"Rose cactus, Large-leaved Barbados gooseberry, Wax rose",Rhodocactus grandifolius,(Haw.) F.M.Knuth,3944613,219420-2,
1728950,,Rhododendron anthopogon,D.Don,7689788,331933-1,
1540008,,Rhododendron anthosphaerum,Diels,7328142,331936-1,LC
1418740,Tree rhododendron,Rhododendron arboreum,Sm.,7328114,331945-1,LC
1540031,,Rhododendron beanianum,Cowan,4168053,332011-1,
1540032,,Rhododendron beesianum,Diels,4168037,332013-1,LC
1540039,,Rhododendron brachyanthum,Franch.,7328013,332037-1,
1788799,,Rhododendron burmanicum,Hutch.,4167490,332066-1,
1728948,Honey-bell rhododendron,Rhododendron campylocarpum,Hook.f.,7327914,332098-1,
1418750,Bent-style rhododendron,Rhododendron campylogynum,Franch.,4167114,332099-1,
1418753,,Rhododendron cephalanthum,Franch.,7327859,332132-1,
1418754,,Rhododendron cerasinum,Tagg,4166739,332136-1,
1540068,,Rhododendron chrysodoron,Tagg ex Hutch.,4166331,332182-1,
1540072,,Rhododendron ciliicalyx,Franch.,7327805,332190-1,LC
1540073,,Rhododendron ciliipes,Hutch.,4166241,332193-1,
1728958,Red cinnabar rhododendron,Rhododendron cinnabarinum,Hook.f.,7327797,332197-1,
1788314,,Rhododendron crenulatum,Hutch. ex Sleumer,4165642,332261-1,
1540091,,Rhododendron crinigerum,Franch.,4165630,332263-1,
1788798,,Rhododendron cuffeanum,Craib ex Hutch.,4165554,332271-1,
1540105,,Rhododendron decorum,Franch.,7327660,332307-1,LC
1540107,,Rhododendron delavayi,Franch.,7327638,332312-1,LC
1540108,,Rhododendron dendricola,Hutch.,4165071,332316-1,
1540114,,Rhododendron dichroanthum,Diels,7327614,332331-1,
1540134,,Rhododendron eurysiphon,Tagg & Forrest,4164309,332396-1,
1540135,,Rhododendron exasperatum,Tagg,4164283,332398-1,
1728955,Falconer rhododendron,Rhododendron falconeri,Hook.f.,7327519,332411-1,
1783681,,Rhododendron formosum,Wall.,8279876,332443-1,
1540158,,Rhododendron fortunei,Lindl.,7329003,332448-1,LC
1728954,,Rhododendron fulgens,Hook.f.,4175338,332462-1,
1540168,,Rhododendron genestierianum,Forrest,4175147,332478-1,
1418762,Scarlet Rhododendron,Rhododendron haematodes,Franch.,7328884,332533-1,
1418763,,Rhododendron heliolepis,Franch.,7328849,332556-1,
1728952,Hodgson's rhododendron,Rhododendron hodgsonii,Hook.f.,4936774,332584-1,
1788802,,Rhododendron horlickianum,Davidian,4173903,332591-1,
1418768,"Satsuki azalea, Satsuki Rhododendron",Rhododendron indicum,(L.) Sweet,4173541,1137397-2,
1418770,,Rhododendron irroratum,Franch.,7328704,332644-1,LC
1774233,,Rhododendron keleticum,Balf.f. & Forrest,4172706,332670-1,
1540227,,Rhododendron kendrickii,Nutt.,4172689,332672-1,
1728943,Willow-leaved rhododendron,Rhododendron lepidotum,Wall. ex G.Don,7579911,332747-1,
1540245,,Rhododendron leptocarpum,Nutt.,4171734,332751-1,
1774218,,Rhododendron leptothrium,Balf.f. & Forrest,4171703,332756-1,
1728941,,Rhododendron lindleyi,T.Moore,4171546,332773-1,
1719216,,Rhododendron longiflorum,Lindl.,7328474,332790-1,
1774223,,Rhododendron luteiflorum,(Davidian) Cullen,4171063,332814-1,
1540277,,Rhododendron magnificum,Kingdon-Ward,8334418,332837-1,
1719217,,Rhododendron malayanum,Jack,4170763,332845-1,LC
1540288,,Rhododendron meddianum,Forrest,4170504,332865-1,
1540292,,Rhododendron mekongense,Franch.,7328372,332869-1,
1540298,,Rhododendron microphyton,Franch.,7328350,332885-1,
1540309,,Rhododendron montroseanum,Davidian,4169926,332909-1,
1540311,,Rhododendron moulmainense,Hook.,7328295,332916-1,LC
1721157,Snow azalea,Rhododendron mucronatum,(Blume) G.Don,4169836,332919-1,
1418777,,Rhododendron neriiflorum,Franch.,7328232,332948-1,
1774268,,Rhododendron oreotrephes,W.W.Sm.,4168628,333012-1,LC
1540339,,Rhododendron ovatum,(Lindl.) Planch. ex Maxim.,7328085,333024-1,
1774272,,Rhododendron pachypodum,Balf.f. & W.W.Sm.,4168452,333028-1,LC
1358517,"Rhododendron, Pontic Rhododendron, Pontian rhododendron, Common rhododendron, Southern rhododendron, Azalea, Garden Rhododendron",Rhododendron ponticum,L.,7327990,333114-1,
1728945,,Rhododendron pumilum,Hook.f.,7773787,333177-1,
1788811,,Rhododendron recurvoides,Tagg & Kingdon-Ward,4166806,333208-1,
1540412,,Rhododendron rubiginosum,Franch.,7327799,333256-1,LC
1774419,,Rhododendron rupicola,W.W.Sm.,7327768,333272-1,
1774421,,Rhododendron rushforthii,Argent & D.F.Chamb.,4165942,992091-1,
1418786,,Rhododendron saluenense,Franch.,7327759,333285-1,
1418787,,Rhododendron sanguineum,Franch.,7327752,333287-1,
1791060,,Rhododendron saxicola,Sleumer,4165685,333295-1,
1418790,,Rhododendron selense,Franch.,7327700,333324-1,
1540429,,Rhododendron serotinum,Hutch.,8137431,60458230-2,
1395189,"Azalea, Rhododendron, Sims's azalea, Pot Azalea, Sim's Rhododendron, Sim's Azalea, 映山红, Little Rhodie, Red Azalea, آزالیا, Christina Red Azalea",Rhododendron simsii,Planch.,7327627,333359-1,
1774428,,Rhododendron sinogrande,Balf.f. & W.W.Sm.,4165012,333363-1,LC
1791061,,Rhododendron sororium,Sleumer,4164922,333376-1,
1774430,,Rhododendron sperabile,Balf.f. & Farrer,4164847,333384-1,
1788810,,Rhododendron spilotum,Balf.f. & Farrer,4164792,333390-1,
1540455,,Rhododendron stewartianum,Diels,4164626,333409-1,
1540462,,Rhododendron sulfureum,Franch.,4164336,333427-1,
1540463,,Rhododendron taggianum,Hutch.,4164232,333437-1,
1728970,Thomson's rhododendron,Rhododendron thomsonii,Hook.f.,7329014,333478-1,LC
1791318,,Rhododendron trancongii,Argent & Rushforth,8090261,77104605-1,
1540490,,Rhododendron trichocladum,Franch.,7328974,333495-1,
1728969,,Rhododendron triflorum,Hook.f.,7328965,333502-1,LC
1540505,,Rhododendron uniflorum,Hutch. & Kingdon-Ward,7136239,333532-1,
1728972,,Rhododendron vaccinioides,Hook.f.,4174738,333535-1,
1540509,,Rhododendron valentinianum,Forrest ex Hutch.,7328907,333536-1,
1783693,,Rhododendron veitchianum,Hook.,4174642,333544-1,
1540528,,Rhododendron westlandii,Hemsl.,4173924,333597-1,
1540536,,Rhododendron xanthostephanum,Merr.,4173690,333621-1,
1774442,Yodogawa azalea,Rhododendron yedoense,Maxim. ex Regel,7328739,333627-1,
1418798,Yunnan rhododendron,Rhododendron yunnanense,Franch.,4173483,333632-1,
1719255,,Rhodoleia championii,Hook.,7329102,430745-1,LC
1419580,"Hill-gooseberry, Rose myrtle, Downy myrtle, Downy rose myrtle, Ceylon hill-cherry, Hill guava, Isenberg bush",Rhodomyrtus tomentosa,(Aiton) Hassk.,3179997,77560-3,LC
1497598,,Rhopalephora scaberrima,(Blume) Faden,2763913,173063-1,
1473447,,Rhopalocnemis phalloides,Jungh.,4195070,103397-1,
1419362,"Chinese gall, Nutgall, Nutgalltree, Chinese sumac, Nutgal sumac",Rhus chinensis,Mill.,3190553,70452-1,LC
1774398,,Rhus punjabensis,J.L.Stewart ex Brandis,3661835,70803-1,LC
1553518,,Rhynchoglossum obliquum,Blume,6365559,382489-1,
1748443,,Rhynchosia densiflora,(B.Heyne ex Roth) DC.,5351048,517224-1,
1359454,"Burn-mouth-vine, Least snout-bean, Jumby-bean, Least Snoutbean, Small rhynchosia, Wartherb, Burn-mouth vine, Rhynchosia, Horse Rub Down",Rhynchosia minima,(L.) DC.,5350585,1197938-2,LC
1585854,Winding snoutbean,Rhynchosia volubilis,Lour.,5350625,517588-1,
1363305,Claybank beaksedge,Rhynchospora brownii,Roem. & Schult.,2721550,312041-1,
1421889,Spiked beaksedge,Rhynchospora chinensis,Nees & Meyen,2721591,312072-1,
1410158,"Starrush Whitetop, Star sedge, White-headed rush, Mullumbimby couch, White kyllinga, Kyllingaweed, Star-rush whitetop, Whitetop sedge, Star-rush",Rhynchospora colorata,(L.) H.Pfeiff.,2721618,311841-1,LC
1386764,"Golden beak sedge, Golden beaksedge, Matamat",Rhynchospora corymbosa,(L.) Britton,2721495,220271-2,LC
1379561,"Red-spike beaksedge, Rhynchospora",Rhynchospora rubra,(Lour.) Makino,2720668,1002737-1,
1386769,,Rhynchospora triflora,Vahl,2720605,220717-2,LC
1632408,,Rhynchostylis coelestis,(Rchb.f.) A.H.Kent,5315207,655693-1,
1632409,Fox tail orchid,Rhynchostylis gigantea,(Lindl.) Ridl.,5315208,655695-1,
1632410,Foxtail orchid,Rhynchostylis retusa,(L.) Blume,5315188,655701-1,
1719246,,Rhynchotechum parviflorum,Blume,3822321,382509-1,
1554130,,Ribes glaciale,Wall.,7335064,792701-1,
1554159,,Ribes laurifolium,Jancz.,7334996,792798-1,
1397543,"Garden currant, Garden red currant, Red garden currant, Common currant, Red currant, White currant, Cultivated currant, Кызыл-кат, European Red Currant, Cultivated Red Currant, Northern Red Currant, Risp, Crvena ribizla, Justaberry",Ribes rubrum,L.,2986097,792965-1,
1774407,,Ribes takare,D.Don,7335086,793022-1,
1371246,"Brazilian calla-lily, Tropical Mexican-clover, White-eye, Mexican-clover, Mexican richardia, Brazil calla lily, Brazil pusley",Richardia brasiliensis,Gomes,5337499,764657-1,
1371248,"Mexican clover, Florida clover, Florida Pusley, Pulsey, Rough Mexican clover, False Ipecac, Undulated Ipecacuanha, Undulated ipecac, Winter lilly",Richardia scabra,L.,5337491,764679-1,
1358609,"Castor-oil-plant, Castor-bean-plant, کرچک, Castor Bean, Castor Oil Plant, Palma-christi, Castor, Wond, Castor Plant, Oil Nut Tree, Oilnut, Carrapateiro, Krapata, Ricin, Lama palagi, Toto ni vavalagi, ఆముదం, এৰা গছ, 蓖麻, Arandi Ka Tel, Arandee, Umhlakuva (Zulu), Mamona, Ekishogaashoga, کِنَه دون, קִיקָיוֹן מָצוּי",Ricinus communis,L.,5380041,355498-1,
1789473,,Ridsdalea wittii,(Craib) J.T.Pereira,11090090,77160552-1,
1356061,"Coralberry, Pigeonberry, Rougeplant, Turkeyberry, Bloodberry, Bloodberry rougeplant, Baby pepper, Inkberry, Small pokeweed, Jumby Pepper, Jumbi Pepper, Slippery Bush, Wild tomato, Cat's blood, Dogberry, Dog blood, Jumbie basil, Jumbie pepper, Coralito",Rivina humilis,L.,3084027,221479-2,
1687857,"Chestnut Leaved Rodgersia, Fingerleaf Rodgersia",Rodgersia aesculifolia,Batalin,7339492,793117-1,
1742302,,Rodgersia pinnata,Franch.,7339484,793120-1,
1473098,,Rohdea nepalensis,(Raf.) N.Tanaka,8169213,77114985-1,
1424197,Variableleaf yellowcress,Rorippa dubia,(Pers.) H.Hara,3053336,288735-1,
1358415,"Variableleaf yellowcress, Variable-leaf yellowcress, Variable-leaved yellowcress, Diverse-leaved yellowcress, Indian marshcress",Rorippa indica,(L.) Hiern,3053472,222144-2,
1729476,Himalayan musk rose,Rosa brunonii,Lindl.,3011684,60464131-2,
1395231,"Bengal rose, China Rose, Chinese rose, Rose Mitsouka, Bengal Crimson, Remember Me, Monthly rose, رز بنگال, Mawar, Bengal Beauty, గులాబి, Hybrid Tea, দেশি গোলাপ, ورد بلدي, رز مینیاتوری ( رز چینی), Candy Stripe, Mr Lincoln, Tiger Rose, Rosa, Double delight, Rose",Rosa chinensis,Jacq.,3005039,732029-1,
1729477,Wild rose of Bengal,Rosa clinophylla,Thory,3004286,732084-1,
1395233,,Rosa gigantea,Collett ex Crép.,7786138,732601-1,
1668250,,Rosa helenae,Rehder & E.H.Wilson,3007455,732755-1,
1668264,"Cyme rose, గులాబి",Rosa indica,L.,8342804,732892-1,
1360339,"Cherokee rose, Pink Cherokee rose, Camelia rose, Mardan rose",Rosa laevigata,Michx.,3002751,733047-1,
1395236,"Mount Omei rose, Silky rose, Silky-leaved rose",Rosa sericea,Lindl.,8272846,734237-1,
1728956,,Rostellularia diffusa,(Willd.) Nees,7264319,53712-1,
1774384,,Rostellularia mollissima,(Nees) Nees,8435850,53728-1,
1719225,"Common small justicia, Water willow",Rostellularia procumbens,(L.) Nees,7264292,53735-1,
1399387,Dense-flowered rotala,Rotala densiflora,(Roth) Koehne,7286283,554161-1,LC
1376496,"Indian Toothcup, Indian rotala",Rotala indica,(Willd.) Koehne,3188674,554186-1,LC
1437427,"Roundleaf toothcup, Dwarf rotala",Rotala rotundifolia,(Buch.-Ham. ex Roxb.) Koehne,7122825,554223-1,LC
1424199,Blue fountain bush,Rotheca serrata,(L.) Steane & Mabb.,3887135,1002733-1,
1365162,"Guinea-fowl grass, Kelly grass, Itch grass, Raoul grass, Kokoma grass, Kokomo grass, Shamva grass, Corn grass, Jointed grass, Lisofya, Sugarcane weed, Prickle grass, Rice grass",Rottboellia cochinchinensis,(Lour.) Clayton,2704075,909653-1,
1370103,"Aquatic rotula, Kallurvanchi",Rotula aquatica,Lour.,5660141,120581-1,
1527010,,Rourea microphylla,(Hook. & Arn.) Planch.,3686955,264807-1,
1367735,,Rourea minor,(Gaertn.) Alston,7780480,264810-1,
1379524,"Indian madder, Heart-leaf Indian madder, Sticky-leaved rubia",Rubia cordifolia,L.,2892192,765218-1,
1360434,"Dyer's madder, Madder, Indian madder, Common madder, Deer Madder, Rose Madder, روناس",Rubia tinctorum,L.,2892272,765369-1,
1668458,,Rubus acuminatus,Sm.,2990598,734853-1,
1408635,"Giant bramble, Asian bramble",Rubus alceifolius,Poir.,2997267,106335-3,
1668567,,Rubus biflorus,Buch.-Ham. ex Sm.,8396842,735419-1,
1668679,,Rubus columellaris,Tutcher,2990916,735918-1,
1721674,,Rubus conduplicatus,Duthie ex J.H.Veitch,2990973,735954-1,
1370834,"Cheeseberry, Yellow raspberry, Yellow Himalayan raspberry, Asian Wild Raspberry, Broadleafed Bramble, Ceylon Blackberry, Evergreen Raspberry, Golden Evergreen Raspberry, Himalayan Raspberry, Molucca Berry, Molucca Bramble, Molucca Raspberry, Wild Raspberry",Rubus ellipticus,Sm.,2991314,736506-1,LC
1729480,,Rubus franchetianus,H.Lév.,2989323,1013873-1,
1416413,"Wild raspberry, Eelkek, Molucca bramble, Molucca raspberry, Wild Blackberry",Rubus moluccanus,L.,2993394,738460-1,
1370818,"Hill raspberry, Mysore raspberry, Ceylon raspberry, Snowpeaks raspberry",Rubus niveus,Thunb.,2989183,738660-1,
1420461,"Japanese raspberry, Trailing raspberry, Small-leaf bramble, Threeleaf blackberry, Small-leaf raspberry",Rubus parvifolius,L.,2991373,738967-1,
1669286,,Rubus pentagonus,Wall. ex Focke,2990843,77221996-1,
1370821,"Bramble-of-the-Cape, Raspberry-bush, Rose-leaf bramble, Thimbleberry, Mauritius raspberry, Roseleaf raspberry, Roseleaf bramble, Vanuatu raspberry, Bramble of the Cape, West Indian raspberry, Ola'a, Raspberry, Native raspberry, Cape bramble, Georgia Blackberry, Sapinit/Sinait (Philippines)",Rubus rosifolius,Sm.,8234521,739800-1,
1669490,,Rubus setchuenensis,Bureau & Franch.,2996897,740331-1,
1397722,"Black-eyed Susan, Perennial coneflower, کوکب کوهی, Goldstrum, Orange coneflower, Rudbeckia hirta, Prunkrudbeckia (SE)",Rudbeckia fulgida,Aiton,7344766,223725-2,
1395638,"Blackeyed Susan, Black-eyed-Susan, Black-Eyed Susan, Hairy coneflower, దిస్టి చుక్క చేమంతి, Sunset Susan, Black-eyed Susan or black-eyed coneflowers, Blackeyed coneflower, کوکب کوهی،, Bristly Coneflower, Puķainā Rudbekija (LVL), Hairy Rudbeckia, Bristly Rudbeckia, Rudbekia",Rudbeckia hirta,L.,3114225,223740-2,
1787345,,Ruellia ciliata,Hornem.,5574922,53919-1,
1423676,,Ruellia elegans,Poir.,8042534,54035-1,
1363246,Lone Violet,Ruellia patula,Jacq.,5573538,54401-1,
1419888,"Mexican petunia, Spanish-ladies, اطلسی مکزیکی, Britton's Wild Petunia, Mexican blue-bells, Softseed wild petunia, Desert petunia, చిటపటకాయల మొక్క, 翠芦莉, Purple Garden Petunias, Chiều tím, Morning Glory, San Pedro in Mexico, Purple shower",Ruellia simplex,C.Wright,5572994,54585-1,
1385214,"Minnieroot, Sheep potato, Bluebell, Spearpod, Fever root, Snapdragon root, Popping pod, Popping seed, Daniel's great gun, Iron root, Large bell-flower, Fever Bit, Devil's Bit, Mirmieroot, Meadow-weed, చిటపట కాయల మొక్క, रुवेल, পটপটি/মাইক ফুল, Bom air, Ruwel",Ruellia tuberosa,L.,5415418,54671-1,
1356082,"Field sorrel, Sheep's Sorrel, Sheep sorrel, Sorrel, Common sheep sorrel, Kuolbâsälttisyeini, Ǩeʹddsäʹlttsueiʹnn, Field Dock, Red-sorrel, Redweed, Sourweed, Common sorrel, Sheeps Sorrel, Wild Sorrel, Sheep's Sorrel agg.",Rumex acetosella,L.,2888995,224391-2,
1356079,"Curly dock, Yellow dock, Curled dock, Sour dock, Narrowleaf Dock, Curly-leaved Dock, Indian Tobacco, Narrow-leaved Dock, Crisped Dock, Broad-leaved Dock, Butter Dock, Curley dock, Great Water Dock, ترشک مواج, Dragavei",Rumex crispus,L.,8195144,224413-2,
1356081,"Aegean dock, Dentate dock, Toothed dock, Indian dock, Fiddle dock",Rumex dentatus,L.,2889038,697039-1,
1658603,Northeast Asian curly dock,Rumex japonicus,Houtt.,7291214,697224-1,
1395669,"Maritime dock, Golden dock, Bristle Dock, Golden Shore Dock, Seaside Dock",Rumex maritimus,L.,2888980,300184-2,
1376955,,Rumex nepalensis,Spreng.,7291884,697338-1,
1356080,"Bladder dock, Rosy dock, Sorrel, Ruby Dock, Ambari, চুকা, ترشک",Rumex vesicarius,L.,2888986,697616-1,
1447051,Comb rungia,Rungia pectinata,(L.) Nees,3780135,54799-1,
1447054,Creeping rungia,Rungia repens,(L.) Nees,7936204,54808-1,
1361709,"Beaked tasselweed, Ditch-grass, Sea tassel, Sea-grass, Widgeon-grass, Wigeon grass, Sea ditchgrass, Tassel Pondweed, Beaked ditchgrass, Spiral ditchgrass, Species code: rc, Species code: Rm",Ruppia maritima,L.,2864004,224565-2,LC
1409999,,Russelia coccinea,(L.) Wettst.,8298868,224641-2,
1373276,"Firecracker Plant, Coralplant, Fountainplant, Antigua heath, Coral Fountain, Fountainbush, Heath fire cracker, Fire cracker plant, Horsetail firecracker plant, కుక్కషేరు మొక్క, مرجانی سرخ, Coralblow",Russelia equisetiformis,Schltdl. & Cham.,5414601,808903-1,
1364039,"Rue, ጤና አዳም, Common rue, Garden Rue, Herb Of Grace, Ruta, Ruda, Tena Daam, Cillaattama, Herbygrass, سداب, Sadapoo",Ruta graveolens,L.,3190382,775099-1,
1683395,,Sabia campanulata,Wall.,7684499,776402-1,
1363506,"Sugarcane, Noble sugarcane, Ka'ñaruushi, Tebu, ウージ, Common sugarcane, Noble cane, చెరుకు, ईख, Tubo",Saccharum officinarum,L.,2703912,419977-1,
1361402,"Fodder cane, Wild sugarcane, Wild Sugar-Cane, Shatter cane, Sweet cane, Wild cane, Talahibgrass, Thatchgrass, Kans grass, Tiger grass, రెల్లు గడ్డి / నాగస్వరం",Saccharum spontaneum,L.,2703935,420031-1,LC
1365186,"Chase's Glenwood grass, Indian cupscale grass, Glenwood Grass, India cupscale",Sacciolepis indica,(L.) Chase,2703626,225085-2,LC
1365187,,Sacciolepis interrupta,(Willd.) Stapf,4133083,420088-1,
1718561,,Sacciolepis myosuroides,(R.Br.) Chase ex E.G.Camus & A.Camus,4132951,141675-3,LC
1425497,"Mock buckthorn, Pauper's-tea, Theezans tea, Chinese sweetplum, Pauper’s tea, Poor man’s tea, Sweet plum",Sageretia thea,(Osbeck) M.C.Johnst.,3039516,718819-1,
1395718,"Alpine Pearlwort, Arctic pearlwort",Sagina saginoides,(L.) H.Karst.,7952995,156521-1,
1395720,"Delta arrowhead, Grass-leaf arrowhead, Coastal arrowhead, Slender arrowhead, Grass-leaved Arrowhead, Grassy Arrowhead, Grass-leaved sagittaria",Sagittaria graminea,Michx.,5329038,225249-2,LC
1403808,"Swamp-potato, Arrowhead, Arrowhead-lily, Guyanese Arrowhead, Louisiana Arrowhead",Sagittaria guayanensis,Kunth,5329055,58497-1,LC
1426251,"Three-leaf arrowhead, Threeleaf Arrowhead",Sagittaria trifolia,L.,5328972,58596-1,LC
1470305,,Salacca griffithii,A.J.Hend.,6316803,77106996-1,
1417624,"Rakum palm, Sala",Salacca wallichiana,Mart.,2731751,670334-1,LC
1417625,"Salak, Salak palm, Snakefruit, Salac palm, Snakefruit Palm, Snakefruit Tree",Salacca zalacca,(Gaertn.) Voss,2731764,670335-1,
1360452,"Weeping willow, Curly Willow, Babylon weeping willow, Peking willow, Chinese Weeping Willow, Mourning willow, Chinese willow, Wisconsin weeping willow, Blanda willow, بید مجنون, Gluosnis, Salkım söğüt, Saule pleureur (French), Babylon Willow, Wala (ولہ)(in pashto ) Pakistani local name, ערבת בבל, ערבה בוכיה, ערבת פקינג, Плакуча верба, Weeping Salix, Trauerweide (DE), Ιτιά Κλαίουσα (Itia Cleousa) (GR) (EL)",Salix babylonica,L.,5372639,777133-1,DD
1729452,,Salix disperma,Roxb. ex D.Don,5583396,777466-1,
1684132,,Salix myrtillacea,Andersson,5582726,778249-1,
1360458,Indian willow,Salix tetrasperma,Roxb.,5582578,779018-1,LC
1562448,,Salvia campanulata,Wall. ex Benth.,3882664,455865-1,
1562812,"Redroot sage, Chinese salvia, Red sage, Chinese sage, Danshen",Salvia miltiorrhiza,Bunge,7308369,456707-1,
1430222,"Australian sage, Plebeian sage, Common sage, Small-flowered sage",Salvia plebeia,R.Br.,3891879,456965-1,
1720441,Asian Watermoss,Salvinia cucullata,Bory,5579449,17219830-1,LC
1390532,"Giant salvinia, African payal, African pyle, Koi kandy, Aquarium watermoss, Kariba weed, Salvinia, Water fern, Water spangles, Giant water fern, Velvet weed, Salvinia moss, Australian azolla, Giant azolla",Salvinia molesta,D.Mitch.,5274863,17453700-1,
1356440,"Floating Fern, Floating Water-Moss, Floating watermoss, Water butterfly wings, Eared Watermoss, Floating salvinia, Floating moss, Salvinia",Salvinia natans,(L.) All.,5274858,17219920-1,LC
1752858,Cheskeam,Samadera indica,Gaertn.,3190660,814069-1,
1368559,"Raintree, Cow-tamarind, Monkeypod, French-tamarind, Saman, Giant thibet, Inga saman, East Indian walnut, Soar, Suar, Crow bean tree, False powder puff, Coco tamarind, Acacia Preta, Arbre á la Pluie, Cow Bean Tree, Vaivai Ni Vavalagi, Saman tree, నిద్ర గన్నేరు",Samanea saman,(Jacq.) Merr.,2972960,227126-2,LC
1356462,"Common elderberry, Canada Elderberry, Canadian elder, American black elderberry, American Elder, Sweet Elder, White Elder, Western elderberry, Mexican elder, Elderberry Tree, Black Elderberry, Blackberry, Sangitan, Wyldewood Elderberry",Sambucus canadensis,L.,6369819,321978-2,
1767622,Chinese elder,Sambucus javanica,Reinw. ex Blume,3856236,149339-1,LC
1447091,"Brilliant-flowered sanchezia, Zebra, Tiger",Sanchezia oblonga,Ruiz & Pav.,3778854,54890-1,
1430225,,Sandoricum beccarianum,Baill.,3850934,579201-1,DD
1419484,"Santol, Kechapi, Red santol, Sentol, Sentul, Sandal",Sandoricum koetjape,(Burm.f.) Merr.,3850843,579210-1,LC
1458686,,Sanicula elata,Buch.-Ham. ex D.Don,3639353,847828-1,
1408653,"East Indian sandalwood, Sandalwood, Yellow sandalwood, Yellow saunders, White sandalwood, White saunders, Indian sandalwood, Sandal, Sandal tree, White sandal tree, చందనం",Santalum album,L.,2889785,780592-1,VU
1686259,కుంకుడు చెట్టు,Sapindus emarginatus,Vahl,8086757,784616-1,
1420624,"Reetha, Washing-nuts, Chinese soapberry, North Indian soapnut, Indian soapberry, Mamasa, Washnut, Ritha",Sapindus mukorossi,Gaertn.,5421133,784657-1,LC
1430239,,Sapindus rarak,DC.,7264721,784673-1,LC
1372764,"Wing-leaf soapberry, Soapberry, Soaptree, Southern soapberry, Black nicker tree, Soapberry tree, Western soapberry, Wingleaf soapberry, Soap nut",Sapindus saponaria,L.,8017915,30035906-2,LC
1372765,"Three-leaf soapberry, Threeleaf Soapberry, South Indian Soapnut, Antuwal, Soapnut Tree, Saboeira",Sapindus trifoliatus,L.,5421131,784697-1,DD
1356803,"Soapwort, Bouncing Bet, Såpnejlika, Common soapwort, Bouncing-Bett, Crow soap, Double Bouncing Bet, Soapweed, Sweet Betty, Wild sweet William, Bouncingbet Soapweed, Fuller's herb, Latherwort, Gapié Mëdło (CSB), Common Crow Soap, Common Sweet William, Common Saponaria, Savvaļas Flokši (LVL)",Saponaria officinalis,L.,3085360,156627-1,
1662894,Hermit's spittoon,Sapria himalayana,Griff.,7279689,316082-1,
1789912,,Sapria ram,Bänziger & B.Hansen,3941152,1000395-1,
1783870,"Asoka-tree, Ashoka, Red saraca, Sorrowless tree",Saraca asoca,(Roxb.) W.J.de Wilde,7458904,517883-1,VU
1426405,Red saraca,Saraca declinata,(Jack) Miq.,5359533,517891-1,LC
1585879,,Saraca dives,Pierre,9671576,517892-1,LC
1368677,"Asoka-tree, Ashoka, Red saraca, Sorrowless tree, Jonesia Asoka, అశోక",Saraca indica,L.,5359538,517899-1,LC
1719714,Yellow saraca,Saraca thaipingensis,Cantley ex Prain,5359531,517910-1,LC
1430248,"Glabrous sarcandra herb, Senryō",Sarcandra glabra,(Thunb.) Nakai,7339073,167899-1,
1729413,Sweet Box,Sarcococca coriacea,(Hook.) Sweet,3988179,355987-1,
1729415,"Willow-leaf sweet-box, Willow-leaf sweet box",Sarcococca saligna,(D.Don) Müll.Arg.,3988022,355993-1,
1486366,,Sarcococca wallichii,Stapf,7285995,128731-1,
1599976,,Sarcopyramis napalensis,Wall.,3859598,575639-1,
1567563,Chinese sassafras,Sassafras tzumu,(Hemsl.) Hemsl.,4178417,468639-1,LC
1632683,,Satyrium nepalense,D.Don,5307445,657035-1,
1430260,,Saurauia napaulensis,DC.,7270803,829373-1,LC
1430262,,Saurauia roxburghii,Wall.,3644350,829407-1,LC
1466569,,Sauromatum horsfieldii,Miq.,2869497,88683-1,
1385962,"Voodoo Lily, Monarch-of-the-East, Red-calla, Voodo-lily, Monarch of the east",Sauromatum venosum,(Dryand. ex Aiton) Kunth,2869597,88690-1,LC
1687634,"Asian lizard’s tail, Lizard's tail",Saururus chinensis,(Lour.) Baill.,7979280,684080-1,
1777530,,Saussurea lyrata,(Bunge) Franch.,7493719,242423-1,
1729456,Brahma kamal,Saussurea obvallata,(DC.) Sch.Bip.,5404479,242498-1,
1775653,,Saxifraga brachypoda,D.Don,7339191,793315-1,
1687891,,Saxifraga brunonis,Wall. ex Ser.,3755543,793323-1,
1729217,,Saxifraga hispidula,D.Don,3752443,793818-1,
1396039,"Mother-of-thousands, Creeping saxifrage, Strawberry saxifrage, Strawberry-geranium, Trailing saxifrage, Creeping rockfoil, Aaron's beard, Mother of thousands, Roving sailor, Strawberry begonia, Magic carpet, Creeping sailor, Hu er cao, Variegated Strawberry Begonia",Saxifraga stolonifera,Curtis,3032762,794584-1,
1688139,,Saxifraga strigosa,Wall. ex Ser.,8405176,794591-1,
1382317,"Beachberry, Inkberry, Scaevola, Gullfeed, Half-flower, Beach lobelia, Plumier's Naupaka",Scaevola plumieri,(L.) Vahl,5407597,384294-1,LC
1382319,"Sea lettucetree, Pipetree, Beach naupaka, Beach scaevola, Beach-cabbage, Cardwell cabbage, Half-flower, Veloutier, Beach Naupaca, Naupaka, Sea lettuce tree, Sea lettuce, Beach grape, Fan flower, Beach plum, Naupaka kahakai",Scaevola taccada,(Gaertn.) Roxb.,6358362,384339-1,
1595466,,Scaphium affine,(Mast.) Pierre,7737109,825016-1,LC
1783960,,Scaphium scaphigerum,(Wall. ex G.Don) G.Planch.,5835379,77221783-1,LC
1722550,"Branched Centaury, Spiked Centaury, Australian centaury",Schenkia spicata,(L.) G.Mans.,5595243,77061736-1,
1719990,"Schima, Needlewood, Simartolu",Schima wallichii,(DC.) Korth.,7493943,60457200-2,LC
1396078,"Brazilian peppertree, Christmasberry-tree, Brazilian Pepper Tree, Florida Holly, Christmas berry, Warui, Mexican pepper tree, Broad-leaf pepper tree, Schinus, Pepper berry, Brazilian Holly, Broad-leaved Peppertree, Japanese Peppertree, Aroeira, פלפלון דמוי אלה",Schinus terebinthifolia,Raddi,3660419,71069-1,
1688255,,Schisandra henryi,C.B.Clarke,7335130,555094-1,
1688261,,Schisandra neglecta,A.C.Sm.,3745228,555074-1,
1688265,,Schisandra propinqua,(Wall.) Baill.,8320641,77177049-1,
1420658,"Red-flowered Chinese magnolia vine, Red schisandra",Schisandra rubriflora,Rehder & E.H.Wilson,3745220,555103-1,
1430292,,Schismatoglottis wallichii,Hook.f.,2868039,77176813-1,
1403140,"Serillo Dulce, Short-leaf bluestemgrass",Schizachyrium brevifolium,(Sw.) Nees ex Buse,8303121,1126606-2,LC
1365219,,Schizachyrium exile,(Hochst.) Pilg.,4125020,420889-1,
1365222,"Crimson bluestem, Tropical Bluestem, Sandhills Bluestem, Crimson false bluestem",Schizachyrium sanguineum,(Retz.) Alston,2704446,420951-1,
1408661,Comb fern,Schizaea dichotoma,(L.) Sm.,7334865,17220420-1,
1380870,"Malay lactree, Lactree, Macassar oiltree, Ceylon-oak, Macassar oil tree, Malayan lack tree, Kusum tree, Kusum, Ma",Schleichera oleosa,(Lour.) Oken,3189945,784721-1,LC
1418321,"Christmas cactus, Thanksgiving cactus, False Christmas cactus, Claw cactus, Linkleaf, Crab cactus, Yoke cactus, Holiday Cactus, Zygocactus, Zygote  Cactus, Santa Teresita, Easter Cactus",Schlumbergera truncata,(Haw.) Moran,5383983,229597-2,VU
1362063,,Schoenoplectiella articulata,(L.) Lye,2710683,60432216-2,LC
1421977,"Rock's Club-Rush, Rock bulrush, Hardstem bulrush, Japanese bulrush, Three-square bulrush",Schoenoplectiella juncoides,(Roxb.) Lye,2710716,60432220-2,
1534677,,Schoenoplectiella lateriflora,(J.F.Gmel.) Lye,2710793,60432222-2,LC
1424208,"Bog bulrush, Ricefield bulrush, Roughseed bulrush, Rough-seed bulrush, Rough-seed clubrush, Rice-field bulrush",Schoenoplectiella mucronata,(L.) J.Jung & H.K.Choi,5827389,77106233-1,LC
1362197,"Dwarf clubrush, Sharpscale bulrush, Sharp-scale Bulrush",Schoenoplectiella supina,(L.) Lye,2710765,60432233-2,LC
1361105,"Plumes of Water from the bristles, Coast clubrush, Bulrush",Schoenoplectus litoralis,(Schrad.) Palla,2711288,989624-1,LC
1363315,"Coast club-rush, Bulrush",Schoenoplectus subulatus,(Vahl) Lye,2711310,312646-1,LC
1396088,"Great Bulrush, Grey Club-rush, River Club-rush, Soft-stem Bulrush, Softstem Bulrush, Soft-stemmed Bulrush, American Great Bulrush, Common Great Bulrush, Glaucous Club-Rush, Great American Bulrush, Greyish Bulrush, Sea Club Rush, Gray clubrush, Grey clubrush",Schoenoplectus tabernaemontani,(C.C.Gmel.) Palla,2711157,1019164-1,LC
1426735,Tangled flea orchid,Schoenorchis micrantha,Reinw. ex Blume,2791412,152645-3,
1632905,,Schoenorchis tixieri,(Guillaumin) Seidenf.,2791410,657428-1,
1430321,,Scindapsus hederaceus,Miq.,2873712,88882-1,LC
1466699,"Satin pothos, Silver pothos, Pothos, پاپیتال شیطان، پولوس ساتین،, Exotica, Silvery ann, Silver Vine, پتوس چرمی, White doted pothos",Scindapsus pictus,Hassk.,2873745,88905-1,
1430322,,Scirpodendron ghaeri,(Gaertn.) Merr.,5292116,313108-1,
1534933,Nutrush,Scleria ciliaris,Nees,2712366,314638-1,LC
1415382,"Nutrush, Bead nutrush",Scleria levis,Retz.,2712752,314824-1,LC
1386311,"Florida Keys nut-rush, Florida Keys Nutrush, Mountain Grass",Scleria lithosperma,(L.) Sw.,2712534,1034196-2,LC
1386316,Small nutrush,Scleria parvula,Steud.,2712896,314941-1,LC
1386293,Fine-stalk nutrush,Scleria pergracilis,(Nees) Kunth,2712571,314946-1,LC
1386349,,Scleria poiformis,Retz.,2712656,314960-1,LC
1430326,,Scleria purpurascens,Steud.,2712379,314982-1,LC
1430327,"Sumatran scleria, Nutrush",Scleria sumatrensis,Retz.,2712569,315076-1,LC
1535051,,Scleria tessellata,Willd.,2712713,315087-1,LC
1654951,,Sclerodactylon macrostachyum,(Benth.) A.Camus,4122154,421112-1,
1684948,,Scleropyrum pentandrum,(Dennst.) Mabb.,3788757,780655-1,LC
1373177,"Scoparia-weed, Sweet Broom, Licorice Weed, Sweet broom weed, Scoparia, Goatweed, Liquorice weed, Sweet broomweed, Vacourinha, Escobilla, Tapixaba, Vassourinha, চিনিগুঁড়া, বন ধনিয়া/বন ধনে, Kula-kulantruhan -(Tagalog)",Scoparia dulcis,L.,3171787,230902-2,
1608961,,Scorodocarpus borneensis,(Baill.) Becc.,3685861,608407-1,LC
1689292,,Scrophularia urticifolia,Wall. ex Benth.,8136329,809585-1,
1430335,,Scurrula parasitica,L.,7287927,551550-1,
1419290,"Baikal skullcap, Chinese skullcap, 속썩은풀",Scutellaria baicalensis,Georgi,7309014,458155-1,
1563298,Barbed skullcap,Scutellaria barbata,D.Don,5609933,458159-1,
1718445,,Scutellaria discolor,Wall. ex Benth.,7996273,458248-1,
1430337,"Indian skullcap, Dwarf Indian skullcap",Scutellaria indica,L.,7308714,458357-1,
1430338,,Scutellaria javanica,Jungh.,5609094,458373-1,
1563564,,Scutellaria repens,Buch.-Ham. ex D.Don,5608396,458612-1,
1563654,,Scutellaria violacea,B.Heyne ex Benth.,7850171,458760-1,
1424211,Cat-thorn,Scutia myrtina,(Burm.f.) Kurz,8317476,718872-1,LC
1680514,Nilad Plant,Scyphiphora hydrophylacea,C.F.Gaertn.,3846350,73566-3,LC
1419401,"Karee, African sumac, Cashew, Western karee, Willow rhus, Common karree",Searsia lancea,(L.f.) F.A.Barkley,5421370,71177-1,LC
1414816,,Secamone elliptica,R.Br.,7312404,101324-1,
1418546,"Needle stonecrop, گل ناز خطی, Shore Stonecrop",Sedum lineare,Thunb.,5361983,275621-1,
1529255,,Sedum multicaule,Wall. ex Lindl.,7334670,275730-1,
1396143,"Stringy stonecrop, Orpin Sarmenteux, Star Sedum, Trailing Stonecrop, Yellow Moss, Gold Moss, Graveyard Moss, Runner-producing Stonecrop, Gold moss stonecrop, Sedum stonecrop",Sedum sarmentosum,Bunge,5362004,276014-1,
1721323,,Sedum subtile,Miq.,7333972,276132-1,
1751373,Rat-tail grass,Sehima nervosa,(Rottler) Stapf,4932075,421211-1,
1632927,,Seidenfadenia mitrata,(Rchb.f.) Garay,2816542,657486-1,
1777773,,Selaginella biformis,A.Braun ex Kuhn,3710063,324137-2,
1710216,Christmas clubmoss,Selaginella chrysocaulos,(Hook. & Grev.) Spring,7794157,77186590-1,
1710245,Greater selaginella,Selaginella doederleinii,Hieron.,7329850,77052559-1,
1719983,"Medicinal spikemoss, Tree spikemoss",Selaginella involvens,(Sw.) Spring,4940372,60452633-2,
1396168,"Krauss' spikemoss, Krauss's Clubmoss, Krauss's spike-moss, Krauss's-club-moss, Garden selaginella, Mat spike-moss, Spreading-club-moss, Trailing spike-moss, Kraus's Clubmoss, Spreading clubmoss, Trailing spikemoss, Mossy clubmoss, Mat spikemoss, African Clubmoss",Selaginella kraussiana,(Kunze) A.Braun,2688189,90781-3,
1710344,Gemmiferous spikemoss,Selaginella moellendorffii,Hieron.,5836522,60457176-2,
1790199,Roxburgh's Spikemoss,Selaginella roxburghii,(Hook. & Grev.) Spring,7329834,77052831-1,
1420690,"Little club-moss, Little-club-moss",Selaginella tamariscina,(P.Beauv.) Spring,4940390,60467461-2,
1721952,"Peacock spike-moss, Rainbow-fern, Rainbow-moss, Blue spike-moss, Blue spikemoss, Hooked rainbow moss, Peacock moss, Peacock spikemoss, Spring blue spikemoss",Selaginella uncinata,(Desv.) Spring,2688211,60467456-2,
1710478,,Selaginella wallichii,(Hook. & Grev.) Spring,3710109,1027962-2,
1720342,"Peacock-fern, Willdenow's Spike-Moss, Willdenow's spikemoss",Selaginella willdenowii,(Desv.) Baker,8688934,60471496-2,
1410025,"Night-blooming cereus, Queen-of-the-night, Queen of the night, Organillo, Pitayita-nocturna reina de la noche, Pitayita-nocturna reina de la noche (es), Maidenhair fern, Nightblooming cereus",Selenicereus grandiflorus,(L.) Britton & Rose,3084466,138488-1,LC
1722630,"Dragon fruit, Pitaya, Nightblooming Cactus, Night-blooming cereus, Strawberry-pear, Night Blooming Cerus, Red Skin, 火龙果, Pitahaya (TNQ), Buah naga",Selenicereus undatus,(Haw.) D.R.Hunt,10334868,77163184-1,
1424213,"Marking nut-tree, Markingnut tree, Phobi nut-tree, Varnishtree, Marking nut, జీడి",Semecarpus anacardium,L.f.,7360607,71196-1,LC
1519816,,Senecio biligulatus,W.W.Sm.,3107456,244119-1,
1520553,"Alpine ragwort, Wood ragwort, Shady groundsel",Senecio nemorensis,L.,3107839,246519-1,
1520833,,Senecio royleanus,DC.,3107806,247359-1,
1729276,"Black catechu, Black cutch, Catechu, Cutchtree, Khairtree",Senegalia catechu,(L.f.) P.J.H.Hurter & Mabb.,3796190,77089268-1,LC
1763024,,Senegalia chundra,(Roxb. ex Rottler) Maslin,8256852,77125574-1,LC
1729514,"Wait-a-bit-thorn, Rusty mimosa",Senegalia pennata,(L.) Maslin,8381471,77125575-1,LC
1719711,Soap-pod,Senegalia rugata,(Lam.) Britton & Rose,3795863,518300-1,
1379771,"Candlesticks, Christmas-candle, Candlebush, Candlestick senna, Seven-golden-candles, Seven-golden-candlesticks, Empress-candleplant, Ringworm senna, Ringwormbush, Ringwormshrub, Emperor's Candlesticks, Candelabra bush, Empress candle plant, Seven gold candlesticks, Akapulko, Guajava, Winged senna, Candle-stick senna, Sulok (Sarawak), Gelenggang, Gembirang, Guntomou, King of the Forrest, Cassia/Wild senna/Fleur palmiste/Fleur dartre/Candlestick senna/Ringworm cassia/guajava/ Flor del Secreto/Tarantana/Akapulko/Man-slabriki/Akapulco, Cây muồng trâu (Vietnam), Ludangan/Ketepeng badak (Melayu), Andadasi/ Palochina (Tagalog)",Senna alata,(L.) Roxb.,2956947,1192167-2,LC
1419027,"Tanner's cassia, Matara-tea, Styptic Weed, Tanner's senna, తంగేడు, سنا یا کاسیا",Senna auriculata,(L.) Roxb.,2956966,518328-1,LC
1400630,"West Indian showertree, Whitebark Senna",Senna bacillaris,(L.f.) H.S.Irwin & Barneby,2957751,234415-2,LC
1363754,"Rambling cassia, Moneybush, Yellow candlewood, Christmasbush, Blydog, Rambling Senna, Trommelstok, Yellow Candlebush, Raisin bush, Yellow candle wood, Stiver bush, Western Sword-fern, Winter Cassia",Senna bicapsularis,(L.) Roxb.,2958076,518330-1,LC
1400638,"Woolly Senna, Hairy senna",Senna hirsuta,(L.) H.S.Irwin & Barneby,2958100,234491-2,
1363758,"Antbush, Coffee senna, Septicweed, Negro-coffee, Stinkingweed, Arsenic bean, Bitter Root, Arsenic Bush, Birds Beak, Coffee weed, Nigerian senna, Sickle pod, Stink weed, Stinking pea, Styptic weed, Wild Coffee, Wild French guava, Brusca Macho, Fetid senna, Gros Indigo Sauvage, Gros Indigo á Fleurs Jaunes, Mata Pasta, Mata Patinho, Indigo, చెన్నంగి / కసింద, Herbs and Spices Najjerra",Senna occidentalis,(L.) Link,2957966,1117728-2,LC
1419035,"Arsenic Bush, Dooleyweed, Laburnum, Smooth senna, Hill Senna",Senna septemtrionalis,(Viv.) H.S.Irwin & Barneby,2957529,234652-2,LC
1408690,"Yellow cassia, Ironwood Cassia, Kassod Tree, Mjohoro, Siamese cassia, Siamese senna, Thai cassia, Thailand shower, Pheasantwood, Kassod, Cassia tree, မယ်ဇလီ  (in Burmese), மஞ்சள் கொன்றை",Senna siamea,(Lam.) H.S.Irwin & Barneby,2956905,911410-1,LC
1380630,"Algarrobilla, Baner, Kasunda, Kasondi Senna, Pepper leaved Senna, Senna sophera",Senna sophera,(L.) Roxb.,2957379,518364-1,
1408691,"Casia Amarilla, Spectacular senna, Whitebark senna, Gasia",Senna spectabilis,(DC.) H.S.Irwin & Barneby,2957438,234663-2,LC
1424229,"Glossy Shower, Glaucous senna, Kolomona, Scrambled egg bush, Scrambled eggs, Golden senna, سنا، گونه ای از کاسیا, ابریشم گل زرد, Surat Senna",Senna surattensis,(Burm.f.) H.S.Irwin & Barneby,2958052,911423-1,LC
1380631,"Foetid cassia, Stinking cassia, Java-bean, Sickle senna, Sicklepod, Sicklepod senna, Sickle Wild sensitive-plant, Coffee weed, Coffee pod, Peanut weed, Tora, Kaka beke",Senna tora,(L.) Roxb.,2957728,518369-1,
1430362,,Serianthes grandiflora,Benth.,2944264,518385-1,LC
1356058,"Sesame, Beniseed, Benneseed, Benniseed, Common sesame, Common simsim, Gingelly, Til-seed, Hu ma, Semsem, Simsim, Koba, کنجد،, నువ్వులు, Benne, Safed til",Sesamum indicum,L.,3172622,675971-1,
1408696,"Dunchi Fiber, Prickly sesban, Sesbania Pea, Spiny sesbania",Sesbania bispinosa,(Jacq.) W.Wight,2970721,518441-1,LC
1408697,"Canicha, Sesbania-pea, Yellow peabush, Prickly sesban, Sesbania, Dhunchee fibre tree",Sesbania cannabina,(Retz.) Poir.,7645889,518447-1,LC
1408698,"Vegetable-hummingbird, Scarlet wistaria-tree, West Indian-pea, August-flower, Geuti, Punyan Tuwi, Toroy, လာံသု၊ တၞံ, Agati sesbania, Scarlet wistaria, Baby booties, Humming bird tree",Sesbania grandiflora,(L.) Poir.,8281950,518476-1,DD
1363785,"Papagayo, Silky sesban",Sesbania sericea,(Willd.) Link,2970735,1015399-2,LC
1359459,"Egyptian sesban, Sesban, Egyptian Riverhemp, Egyptian sesbania, Common sesban, Egyptian rattlepod, Egyptian Rattle Pod, Tropical Rattle-bush",Sesbania sesban,(L.) Merr.,2970648,518533-1,LC
1363345,"Shoreline sea-purslane, Sea-purslane, Shore purslane, Shoreline seapurslane, ခဍာ်မုက်၊ တၞံ, Seaside purslane, Cencilla, Shoreline Purslane, Seaside samphire, Western seapurslane, Cenicilla, خرفه ساحلی",Sesuvium portulacastrum,(L.) L.,3084883,235145-2,LC
1748166,Shoreline seapurslane,Sesuvium revolutifolium,Ortega,7849556,364622-1,
1396249,"Bur bristle grass, Tropical barbed bristle grass, Adherent bristle grass, Adherent bristlegrass, Bur bristlegrass",Setaria adhaerens,(Forssk.) Chiov.,5289670,421428-1,
1364479,"Corn grass, Mary grass, Bristly foxtail grass, East Indian Bristlegrass, East-Indian foxtail grass, East Indies Bristle Grass",Setaria barbata,(Lam.) Kunth,5289663,1172068-2,
1718565,,Setaria flavida,(Retz.) Veldkamp,8058520,979870-1,
1364494,"Egyptian Water Crown Grass, Egyptian panicgrass, Watergrass, Alligator Grass, Egyptian Paspalum, Egyptian panicum",Setaria geminata,(Forssk.) Veldkamp,4117082,979871-1,
1364473,Fan-leaf bristlegrass,Setaria homonyma,(Steud.) Chiov.,4116476,421600-1,
1364487,,Setaria intermedia,Roem. & Schult.,5673943,421610-1,
1396251,"Foxtail Millet, Dwarf Setaria, Foxtail Bristle Grass, Foxtail Bristlegrass, Giant Setaria, Italian Bristle Grass, Italian Foxtail, Italian Bristlegrass, Italian Millet, Bengal grass, German Millet, Hungarian Millet, కొర్రలు",Setaria italica,(L.) P.Beauv.,5289698,1207294-2,
1420101,"Bigleaf Bristlegrass, Big-leaf bristle grass, Ribbon bristle grass, Ribbon bristlegrass",Setaria megaphylla,(Steud.) T.Durand & Schinz,5289665,421678-1,
1404662,"Broadleaved bristlegrass, Palmgrass, Highland pitpit, Broad-leaved bristlegrass, Malayan palmgrass",Setaria palmifolia,(J.Koenig) Stapf,2702958,421711-1,
1362232,"Knotroot Bristle Grass, Knotroot Foxtail, Marsh Bristlegrass, Slender Pigeon Grass, Yellow Bristle Grass, Marsh Brittlegrass, Knotroot bristlegrass, Slender pigeongrass, Perennial foxtail grass, Monkey grass, Bristly Foxtail",Setaria parviflora,(Poir.) Kerguélen,5289679,943811-1,LC
1364483,,Setaria poiretiana,(Schult.) Kunth,5289708,1089511-2,
1363386,"Yellow foxtail, Pigeon grass, Yellow Bristle-grass, Cattail grass, Yellow bristlegrass, Pale pigeongrass, Red bristlegrass, Little Bristlegrass, Smooth Millet, Fakó muhar, Mohor galben (RO)",Setaria pumila,(Poir.) Roem. & Schult.,5289693,421764-1,
1424235,"African bristlegrass, African Bristle Grass, Common bristle grass, Golden bristle-grass, Setaria, Splendid bristlegrass, Common bristlegrass, South African pigeongrass, Golden timothygrass, Golden setaria, Small creeping foxtail",Setaria sphacelata,(Schumach.) Stapf & C.E.Hubb. ex Moss,5289709,421814-1,LC
1396252,"Bristle Pigeon Grass, Bristly Foxtail, Bur Bristle Grass, Bur Grass, Hooked Bristlegrass, Rough Bristle Grass, Whorled Pigeon Grass, Hooked Bristle Grass, Bur Bristlegrass, Fox Tail Grass, Rough Bristlegrass, Whorled Foxtail, Whorled pigeongrass, Rough panicgrass, Foxtail, ارزنی چرخه ای",Setaria verticillata,(L.) P.Beauv.,5289686,421857-1,
1425584,"Bristlegrass, Foxtail, Green Bristle-grass, Green Bristlegrass, Green Bristol-grass, Green Foxtail, Green Fox-tail Grass, Bottlegrass, Green panicgrass, Green pigeongrass, Wild foxtail millet, Green Millet, Green Panic-grass",Setaria viridis,(L.) P.Beauv.,5289684,1171009-2,
1430377,"Makai, White Meranti",Shorea assamica,Dyer,4096282,321204-1,LC
1430390,Dark Red Meranti,Shorea curtisii,Dyer ex King,7299058,321252-1,LC
1430424,"Light red meranti, Meranti, Red meranti",Shorea leprosula,Miq.,4097193,321328-1,NT
1430431,"Light Red Meranti, Red meranti",Shorea macroptera,Dyer,4097000,321344-1,LC
1430448,"Light-red meranti, White Lauan",Shorea parvifolia,Dyer,4096343,321394-1,LC
1430449,"Dark Red Meranti, Red Lauan",Shorea pauciflora,King,4096275,321397-1,NT
1430459,"White Meranti, Taloora lac tree",Shorea roxburghii,G.Don,4097162,321430-1,VU
1430466,"Dark Red Meranti, Light Red Meranti, Red Lauan",Shorea siamensis,Miq.,7299065,321447-1,LC
1775704,,Shorea wangtianshuea,Y.K.Yang & J.K.Wu,4096465,977758-1,
1729252,,Shuteria vestita,Wight & Arn.,2947916,518576-1,
1722531,"Waluh Jepang, Chayote, Christophene, Alligator pear, Chocho, Chayotte, Christophine (Martinique), Chayote (French)",Sicyos edulis,Jacq.,3625017,293946-1,
1402062,"Common wireweed, Broomweed, Southern sida, Spiny-head sida, Snakebush, Soap Bush, Wire weed, Snakestongue, Common fanpetals, Sida, పరాసు కంప / పొలికట్ట, סידה מחודדת",Sida acuta,Burm.f.,3933670,235518-2,
1424236,"Heartleaf Fanpetals, Long-stalk sida, Heart-leaf sida",Sida cordata,(Burm.f.) Borss.Waalk.,5406739,563597-1,
1402063,"Country-mallow, Heart-leaf sida, Flannel sida, Flannelweed, Heartland sida, Llima, ‘ilima, Ilima, `ilima, Great-leaved sida, Bala, Indian country mallow, Broombush, Mash Mellow, ﾑilima, Pantropical Fanpetals",Sida cordifolia,L.,5406755,563600-1,
1370572,,Sida javensis,Cav.,5406747,563850-1,
1379656,"Balai grand, Flaxleaf Fanpetals",Sida linifolia,Juss. ex Cav.,5406748,563888-1,
1359645,"Sidaweed, Cuban-jute, Queensland-hemp, Broomjue sida, Paddy-lucerne, Arrowleaf sida, Teaweed, Common sida, Sida-retusa, Sidratusa, Selegui, Tagghuri, Cuba jute, Arrow-leaf Sida, Axocatzín, Rhombic-leaved sida, Rhomboid ilima, Broomweed, Angled Sida, Broomjute sida",Sida rhombifolia,L.,5406735,235798-2,
1396256,"Spiny sida, Prickly sida, Prickly-mallow, Spring Sida, Prickly Fanpetals, Indian mallow, False mallow, Teaweed, White broomweed",Sida spinosa,L.,5406741,235838-2,
1408705,,Sida subcordata,Span.,5617374,564257-1,
1714949,"West Indian Sida, Broom weed, Common wire-weed, Southern sida, Common fanpetals, Common wireweed",Sida ulmifolia,Mill.,5617180,329574-2,
1521249,,Sigesbeckia glabrescens,(Makino) Makino,3125899,249096-1,
1364147,"Indian-weed, Stickyweed, Eastern St. Paul's-wort, Eastern St Paul's-wort, Yellow Crown-head, Small yellow crownbeard, St Paul's-wort, Common St. Paul's wort, Oriental Siegesbeckia, Siegesbeckia, Sigesbeckia",Sigesbeckia orientalis,L.,3125901,249084-1,
1721312,Berry catchfly,Silene baccifera,(L.) Durande,10953644,156886-1,
1418409,"Maltese Cross, Scarlet-lychnis, Maltese-cross Campion, London Pride, Burning love, Common rose campion, Constantinople campion, Dusky salmon, Fireball, Flower of Bristol, Flower of Constantinople, Gardener's delight, Gardener's eye, Great candlestick, Jerusalem cross, Knight's cross, Meadow campion, Nonesuch, Red robin, Scarlet lightning, Tears of Christ",Silene chalcedonica,(L.) E.H.L.Krause,5584611,157059-1,
1364100,"Milk-thistle, ماری تیغال  یا  خار مریم, خار مریم, Variegated artichoke, Variegated thistle, Bull thistle, Holy thistle, Blessed milk thistle, Gundagai thistle, Lady's thistle, Blessed milkthistle, Spotted Thistle, Blessed Thistle, Cabbage Thistle, Our Lady's Milk Thistle, St Mary's thistle, Milky thistle, St. Mary's thistle, Meryemanadikeni, کنگر, خار سهره, גדילן מצוי, Boğadikeni",Silybum marianum,(L.) Gaertn.,3145214,249211-1,LC
1363889,"Yellow mustard, White mustard, Salade mustard, Charlock, Rough mustard, White mustard seed, Bai jie, White charlock, Sinapis, White Sinapis",Sinapis alba,L.,3047621,288952-1,
1430486,,Sindora coriacea,(Baker) Prain,2943371,518589-1,LC
1719713,,Sindora siamensis,Teijsm. ex Miq.,2943376,518609-1,LC
1775699,,Sinobaijiania yunnanensis,(A.M.Lu & Zhi Y.Zhang) C.Jeffrey & W.J.de Wilde,3623307,77079982-1,
1420106,Chinese temple bamboo,Sinobambusa tootsik,(Makino) Makino ex Nakai,4110514,421969-1,
1601130,Orientvine,Sinomenium acutum,(Thunb.) Rehder & E.H.Wilson,7268694,581373-1,
1729259,,Skimmia arborescens,T.Anderson ex Gamble,7269619,775226-1,LC
1537547,,Sloanea dasycarpa,(Benth.) Hemsl.,5651084,835133-1,LC
1729254,,Sloanea sterculiacea,(Benth.) Rehder & E.H.Wilson,7291029,324583-1,LC
1363336,"Sarsaparilla, Rough-bindweed, Common smilax, European green brier, Prickly ivy, Salsaparilla, Italian Sarsaparilla, Aritja, Jackson Vine, Catbrier, Greenbrier, קִיסוֹסִית קוֹצָנִית",Smilax aspera,L.,5295044,541279-1,
1430515,"Chinaroot, Chinese smilax, Ghâḍḍhung cèna, Peundang, East Asian greenbrier, Chinese sarsaparilla, China Smilax",Smilax china,L.,5295472,541353-1,
1689957,,Smilax elegans,Wall. ex Kunth,5295161,541416-1,
1689965,,Smilax ferox,Wall. ex Kunth,5295764,541438-1,
1430517,"Chinese smilax, Chinaroot",Smilax glabra,Roxb.,5295506,541462-1,
1690014,,Smilax megalantha,C.H.Wright,5295758,541631-1,
1690016,,Smilax menispermoidea,A.DC.,5295209,541636-1,
1690065,Riparian greenbrier,Smilax riparia,A.DC.,5295689,541803-1,
1430525,,Smilax zeylanica,L.,5295128,541966-1,
1775677,,Smithia blanda,Wall. ex Wight & Arn.,7414920,518634-1,LC
1430526,,Smithia sensitiva,Aiton,5351153,518703-1,LC
1719755,,Smythea lanceata,(Tul.) Summerh.,3039431,718892-1,
1720820,,Sohmaea laxiflora,(DC.) H.Ohashi & K.Ohashi,10690761,77190787-1,
1377893,"Dutch eggplant, Love-apple, Tropical soda apple, Soda-apple nightshade, Cockroach berry, Devil's apple, Indian love, Indian nightshade, Nightshade, Devils Apple, Indian Love Apple, Soda Apple",Solanum aculeatissimum,Jacq.,2929394,330626-2,
1356174,"Gilo, Scarlet eggplant, Shum, Tomato-fruit eggplant, Chinese scarlet eggplant, Kumba, Ethiopian nightshade, African scarlet eggplant, Ruffled Red Eggplant",Solanum aethiopicum,L.,2929847,818158-1,
1360564,"Common Nightshade, American black nightshade, Glossy nightshade, American nightshade, Black nightshade, Small-flower nightshade, American Black, Common Purple Nightshade, Small-flowered Nightshade, Smallflower Nightshade, West Indian Nightshade, Wild Pepper, Eastern black nightshade, Purple nightshade (common), Bitter-gumma, Black-calalu, Jagueribo, Popolo-kikania, Small-flowereed Nightshade, Apple of Sodom, Bird pepper, కామంచి, তিতবেগুন, Manathakkali Keerai, বুনো বেগুন, بادنجان تاجریزی, மணத்தக்காளி, Wild tomato/ জংলী টমেটো, Pop-bush, জংলী বেগুন/বনবেগুন, Bhtkoya, Happiness gives you joy, Tutan, Eshwiiga, Brede Martin, American blackfruit nightshade, কাকমাচি",Solanum americanum,Mill.,2930222,238279-2,
1406987,"Canker-berry, Bahama Nightshade, Cancer Berry",Solanum bahamense,L.,2929568,285186-2,LC
1691445,,Solanum barbisetum,Nees,2931681,818402-1,
1407911,"Tamarillo, Tree-tomato",Solanum betaceum,Cav.,2930216,306169-2,DD
1727301,,Solanum bicolor,Willd.,8624756,818434-1,LC
1377912,"Cockroach-berry, Devil's-apple, Red soda apple, Mata cucaracha",Solanum capsicoides,All.,2929362,330645-2,
1356175,,Solanum coagulans,Forssk.,2929580,818739-1,LC
1403587,,Solanum crinitum,Lam.,2932686,818843-1,LC
1791499,,Solanum cyanocarphium,Blume,3803413,818887-1,
1405223,"Twoleaf nightshade, Twinleaf nightshade, Twin-leaf nightshade",Solanum diphyllum,L.,2931088,285209-2,
1360566,"Climbing nightshade, Bittersweet Nightshade, Deadly nightshade, Bittersweet, Woody Nightshade, Bittersweet, woody nightshade, Bitter nightshade, Dulcamara, Blue Nightshade, European Bittersweet, Fellenwort, Poisonberry, Snakebloom, Cliimbing nightshade, Felon Wood, تاج ریزی  تلخ،, Elinog, تلخ و شیرین, Felonwort, Besksöta, Nightshade, Scarlet Berry, Poisonflower, Black Nightshade, Brier Island nightshade, Trailing Bittersweet, Snakeberry, Twisted Bittersweet",Solanum dulcamara,L.,2932737,285213-2,
1408708,"China flowerleaf, Mullein Nightshade, Big eggplant, Flannelbush, Potato-tree, Tobacco-tree, Wild tobacco, Woody nightshade, Wild tobacco tree, Velvet nightshade",Solanum erianthum,D.Don,2931461,819125-1,LC
1788081,,Solanum harmandii,Bonati,2929726,819403-1,
1360569,"Bitter-apple, Thorn-apple, Nightshade, Grey bitter-apple, Bitter-tomato, Aubergine, Brinjal, Jew's Apple, Poison apple, Snake apple, Sodom apple, Apple of Sodom, Mutongu, Entulelei, Ochok",Solanum incanum,L.,2929691,819567-1,LC
1720770,,Solanum insanum,L.,2930642,819593-1,
1720300,,Solanum involucratum,Blume,2931682,819611-1,
1360570,"Kangaroo-apple, Large-flower kangaroo-apple, Large Kangaroo Apple, Poroporo, باذنجان استرالى, Potato bush",Solanum laciniatum,Aiton,2930439,819717-1,
1691837,"Indian nightshade, Terrong perrat, Hairy-fruited eggplant",Solanum lasiocarpum,Dunal,2932691,819751-1,
1396325,"Garden tomato, Cherry Tomato, Tomato, Roma Tomato, Cherry Tomatoes, Beefsteak, Pear tomato, Better boy, কণ বিলাহী, گوجه فرنگی, Tomat, Early Girl tomato, തക്കാളി, Toomaat, Amish Paste, टमाटर, Tamatr, Spoon, Tamati, Stellar, Dumatâ, Green zebra, Nyanya, Cultivated Tomato, Rica, Tomadgo, Big boy, Celebrity, Truëng Tureuki, Parks whopper, ᏔᎹᏟ, ʻōhiʻa lomi, Ozark, Sun gold",Solanum lycopersicum,L.,2930137,316947-2,
1691879,Lyre-leaf nightshade,Solanum lyratum,Thunb.,2930006,927300-1,
1377907,"Pig's-ears, Macawbush, Nipplefruit, Apple of Sodom, Nipple-fruit nightshade, Love Apple, Zombi Apple, Nipplefruit nightshade",Solanum mammosum,L.,2930569,285235-2,
1356166,"Wild tobacco, Earleaf nightshade, Ear-leaf nightshade, Tobacco-wood, Wild tobacco-bush, Wild tobacco-tree, Bugtree, Bug berry, Ear-leaved nightshade, Tobacco bush, Tobacco bush weed, Bugweed, Tree tobacco, Woolly nightshade, Tobacco weed, Kerosene plant, Wild tobacco plant, Flannel weed, Kerosene weed, Wila tobacco, Tobacco tree",Solanum mauritianum,Scop.,2931469,330666-2,
1356172,"Eggplant, Aubergine, Brinjal, बैगन, Garden Eggplant, Brinjal eggplant, Jew's Apple, Asian Eggplant, Eggplants, Terong, వంగ, بادمجان, Berenjena, Vangi, বেগুন, Vânătă, باذنجان, Talong, Thai eggplant, Albergina, وانگن, بَدینگون, Berehein, بادمجون",Solanum melongena,L.,2930617,820053-1,
1784683,,Solanum multiflorum,Roth,7778392,820177-1,
1691944,,Solanum myriacanthum,Dunal,2932223,820196-1,
1356167,"Black nightshade, بادنجان تاج ریزی, Poisonberry, Common nightshade, Blackberry nightshade, Hound's-berry, European Black Nightshade, Garden Nightshade, Sunberry, Wonderberry, Hound berry, కామంచి, Hogweed, Nastergal, Black-berry Nightshade",Solanum nigrum,L.,9150405,30048260-2,
1692046,,Solanum pittosporifolium,Hemsl.,2931008,820524-1,
1777520,,Solanum praetermissum,Kerr ex Barnett,2932241,820572-1,
1692066,,Solanum procumbens,Lour.,2931076,820583-1,
1356168,"Jerusalem cherry, Winter-cherry, Madeira-cherry, Madeira winter-cherry, False Jerusalem-cherry, False capsicum, Winter-cherries, Coral cherry, Star capsicum, Jerusalem-cherry nightshade, آلبالو اسراییلی, Nastergal, Goji berry, گیلاس زینتی،, Merchola",Solanum pseudocapsicum,L.,2931104,316948-2,
1790179,,Solanum putii,Kerr ex Barnett,3803210,820661-1,
1791500,,Solanum robinsonii,Bonati,2931713,820789-1,
1379566,"Brazilian nightshade, Climbing nightshade, Deadly nightshade, Potato-creeper, St. Vincent-lilac, Black nightshade, Italian-jasmine, St Vincent lilac, Star potato vine, St Vincent's lilac, Purple potato vine, Dwarf juniper",Solanum seaforthianum,Andrews,2932040,316949-2,
1692195,,Solanum spirale,Roxb.,2930705,821071-1,
1377910,"Turkey berry, Pea eggplant, Platebrush, Susumber, Devil's-fig, Wild egg plant, Prickly solanum, Foulberry Tree, Terongan, Gully bean, Prickly Nightshade, Wild Eggplant, Berenjena cimarrona, Fausse aubergine, Pokak, ఉస్తీకాయ, Sing khang, Terung Rembang, Terung Manggul, Talong-talongan",Solanum torvum,Sw.,2932389,821287-1,
1430533,"Indian nettle, In Tamil - it is called Thuthuelai",Solanum trilobatum,L.,2931071,821314-1,
1356171,"Potato, White Potato, Patata, Irish potato, Aéstomemésêhestôtse, A̱da̱ngka̱li A̱shong, Cartofi, Eorþpera, Härdöpfel, Njo’ndk, Ponm dé tè, Russian Potato, Fehuk-ropa, Kentang, Peara, Phuujengiero, Potás, Pååttaǩ, Tapola, Гардош, Картофель, आलु, आलू, အာလူ, Potatoes, ఆలు గడ్డ (బంగాళా దుంప) చెట్టు, আলু (Assamese), 馬鈴薯 (Mandarin), Pentland Javelin potato",Solanum tuberosum,L.,2930262,821337-1,
1377917,Tropical soda-apple,Solanum viarum,Dunal,2931914,330693-2,LC
1361993,"Red nightshade, Woolly nightshade, Red-fruit nightshade, Hairy nightshade, Red-berried nightshade, Yellow Nightshade, Downy Nightshade, Wooly Nightshade",Solanum villosum,Mill.,2929505,285344-2,
1408711,"Indian nightshade, Eggplant, Bavesh, Brinjal, Chinese Solanum, Violet Solanum",Solanum violaceum,Ortega,2929848,821485-1,
1360576,"Yellow-fruit nightshade, Surattense nightshade, Yellow-berried nightshade, Thai eggplant, Thorny nightshade, Nightshade, Febrifuge plant, Kantikari, నేల ములక, Silverleaf nightshade, ಗುಳ್ತಿ ಕಾಯಿ, கண்டங்கத்திரி",Solanum virginianum,L.,2929920,821496-1,
1377904,"Brazilian potato-tree, Potato-tree, Brazilian Potato Creeper, Giant star potato tree",Solanum wrightii,Benth.,2931500,821560-1,LC
1396336,"Goldenrod, Canada goldenrod, Canadian Goldenrod, Fersovich, Meadow goldenrod, Kanadai aranyvessző, Rykštenė, Sânziană de grădină, Harger's goldenrod, Gullris, Zeltgalvītes (LVL), Nawloc, Solidage du Canada (FR), Verge d'or du Canada (FR), Holmes, P., Early goldenrod",Solidago canadensis,L.,5389029,249454-1,
1521432,Asian goldenrod,Solidago decurrens,Lour.,5388989,249513-1,
1413851,"Prairie goldenrod, Missouri goldenrod, Tolmie's goldenrod, Low goldenrod",Solidago missouriensis,Nutt.,5389117,249712-1,
1413864,"Elm-leaf goldenrod, Elmleaf goldenrod, Elm-leaved Goldenrod",Solidago ulmifolia,Muhl. ex Willd.,5388977,249924-1,
1357872,"Goldenrod, European goldenrod, Common goldenrod, Aaron's Rod, Splinuță, Gullris (Swedish), Eurasian Woundwort, European Woundwort, Dzeltenā zeltgalvīte (LVL), An Slat Ór, పుత్తడి కడ్డి",Solidago virgaurea,L.,6446462,249947-1,
1424246,"Dwarf jo-jo, Button Onehunga-weed, Button burweed, Button burrweed, Hairy jo-jo",Soliva anthemifolia,(Juss.) Sweet,8152975,941439-1,
1362380,"Field sowthistle, Sowthistle, Field Milk-thistle, Field sow thistle, Perennial sow thistle, Corn sow thistle, Perennial sowthistle, Creeping Sowthistle, Corn sowthistle, Spring sowthistle, Le laiteron des champs, Tīruma mīkstpiene (LVL), قیاق, Wild lettuce, Горчика, شیر تیغک وحشی, Milk Weed",Sonchus arvensis,L.,3105813,250029-1,
1357875,"Spiny sowthistle, Prickly sowthistle, Spiny-leaved sow thistle, Spiny-leaf Sowthistle, Rough milk thistle, Rough sow thistle, Spiny sow thistle, Spiny-leaf sow thistle, Prickly sow thistle, Spiny-Leaf Sow-Thistle, Sharp-fringed sow thistle, Spiny milk thistle, Spiny milkthistle, Native Sow-Thistle, Native Sowthistle, Pprickly Sow-thistle, Rough Sowthistle, Sow Thistle, Prickly Annual Sow-thistle, Spiny Annual Sow-thistle, Spiny-leaved Sow-thistle, Perennial sowthistle, شیرتیغک",Sonchus asper,(L.) Hill,3105782,1003017-2,
1364170,"Common milk thistle, Smooth Sow-thistle, Common sow thistle, Dandelion, Sow thistle, Milk thistle, Annual sow thistle, Hare's-lettuce, Annual Sowthistle, Common Sowthistle, Milk Weed, Pualele, Smooth Saw-thistle, Hare’s Lettuce, Wild Lettuce, Wild Salad, Common Annual Sow-thistle, Smooth sowthistle, Common milkthistle, شیرتیغک, Diente de león (Spanish )",Sonchus oleraceus,L.,8228544,250268-1,
1430537,"Corn sow thistle, Corn Sowthistle",Sonchus wightianus,DC.,3105682,250399-1,
1599997,,Sonerila maculata,Roxb.,3871045,575815-1,
1789091,Baby's tears,Sonerila margaritacea,Lindl.,3871019,575820-1,
1379128,"Mangrove apple, Prapat, လမု၊ တၞံ, Sweet-scented apple mangrove",Sonneratia alba,Sm.,5406998,554265-1,LC
1416718,"Pidada, Crabapple mangrove, Firefly mangrove, Mangrove apple, Apple Mangrove",Sonneratia caseolaris,(L.) Engl.,5635606,941681-1,LC
1409039,"Silverbush, Seacoast laburnum, Bead tree, Yellow necklacepod, Yellow sophora, Coast sophora, Necklace pod",Sophora tomentosa,L.,2958970,518954-1,LC
1586388,,Sophora velutina,Lindl.,2958909,518963-1,
1729222,,Sopubia trifida,Buch.-Ham. ex D.Don,3731827,809780-1,
1669801,,Sorbus foliolosa,(Wall.) Spach,3012637,741743-1,LC
1669839,,Sorbus kurzii,(G.Watt ex Prain) C.K.Schneid.,3013075,741813-1,
1669862,,Sorbus microphylla,(Wall. ex Hook.f.) Wenz.,3012620,741850-1,LC
1669911,,Sorbus rufopilosa,C.K.Schneid.,3013296,741949-1,LC
1669956,,Sorbus wallichii,(Hook.f.) T.T.Yu,8311083,742050-1,LR/lc
1655121,Sudangrass,Sorghum × drummondii,(Nees ex Steud.) Millsp. & Chase,2705184,1058910-2,
1356240,"Sorghum, Great millet, Rhodesian Sudan grass, Giant-millet, Millet-corn, Creole Corn, Broomcorn, Guinea Corn, Common sorghum, Grain sorghum, Beer sorghum, Millet, Sorgho, Ornamental Grass, Black amber, Chicken corn, Milo, Shatter cane, Wild cane, జొన్న",Sorghum bicolor,(L.) Moench,2705181,422090-1,
1363508,"Johnsongrass, قیاق, Evergreen millet, Means grass, Aleppo grass, Arabian-millet, Cuba-grass, Egyptian Millet, Great Millet, Sorghum-weed, Johnson Gras, Aleppo millet grass, Herbe de Cuba, Sorgo de alepo, Zacate Johnson, چاییز",Sorghum halepense,(L.) Pers.,2705185,422139-1,
1784209,"Indian-redwood, Indian Red Wood",Soymida febrifuga,(Roxb.) A.Juss.,3850622,941499-1,LC
1396373,"European Burr-Reed, European bur-reed, Unbranched Bur-reed, Green-fruited Burreed, Emersed Burreed, Small Bur-Reed, Unbranched Burreed, Simple bur-reed",Sparganium emersum,Rehmann,2702266,836755-1,LC
1694350,Twisted bur-reed,Sparganium fallax,Graebn.,2702417,821829-1,LC
1404756,"Philippine ground orchid, Boat orchid, Grapette, Palm orchid, Dendrobium",Spathoglottis plicata,Blume,2816456,658073-1,
1633236,,Spathoglottis pubescens,Lindl.,2816418,658076-1,
1680628,"Jungle bagracote, False buttonweed, Jointed buttonweed, Shaggy buttonweed",Spermacoce articularis,L.f.,2918203,766600-1,
1424248,Pacific false buttonweed,Spermacoce exilis,(L.O.Williams) C.D.Adams ex W.C.Burger & C.M.Taylor,2918060,975271-1,
1371060,Dutch thyme,Spermacoce hispida,L.,2916044,766765-1,
1748902,,Spermacoce lasiocarpa,R.Br.,7573265,766798-1,
1371064,"Oval-leaf false buttonweed, Broadleaf buttonweed, Squareweed, Winged false buttonweed",Spermacoce latifolia,Aubl.,2918292,766800-1,
1718447,Slender buttonweed,Spermacoce ocymifolia,Willd.,7837453,766862-1,
1680766,Slender buttonweed,Spermacoce ocymoides,Burm.f.,2918700,766863-1,
1410062,Prostrate false buttonweed,Spermacoce prostrata,Aubl.,2911935,766900-1,
1371072,,Spermacoce pusilla,Wall.,2918384,766906-1,
1409222,"Woodland False Buttonweed, Button weed",Spermacoce remota,Lam.,2918667,319724-2,LC
1424249,"Slender False Buttonweed, River False Buttonweed, Slender spermacoce, Irongrass, Glabrous spermacase",Spermacoce tenuior,L.,2918843,241474-2,
1371083,"Shrubby false buttonweed, Vassoura branca, Whitehead broom, Shrubby false buttonwood",Spermacoce verticillata,L.,2918574,767031-1,
1374168,East indian globe thistle,Sphaeranthus africanus,L.,7729020,250492-1,LC
1430549,"East Indian globe thistle, Indian sphaeranthus, Indian globe flower, బోడతరం",Sphaeranthus indicus,L.,8302135,250536-1,LC
1374181,,Sphaeranthus senegalensis,DC.,3094648,250568-1,LC
1456060,,Sphaerocoryne affinis,(Teijsm. & Binn.) Ridl.,5407003,75154-1,
1739036,,Sphaeromorphaea littoralis,(Retz.) A.R.Bean,9327778,77135352-1,
1720674,,Sphaeropteris glauca,(Blume) R.M.Tryon,5529713,17531700-1,LC
1521629,Chinese wedelia,Sphagneticola calendulacea,(L.) Pruski,3116861,993278-1,
1405547,"Wedelia, Singapore daisy, Creeping Daisy, చిట్టి చామంతి, Creeping oxeye, Goldcup, Wild marigold, Bay Biscayne Creeping-Oxeye, Creeping ox-eye, Trailing daisy, Wedelia Daisy, Trailing wedelia, Spanish vervain, Biscayne-Bay creeping oxeye, Yellow creeping daisy, چشم گاوى خزنده, ভৃঙ্গরাজ, Beach daisy, Daisy, Goatweed, Creeping trepadora",Sphagneticola trilobata,(L.) Pruski,3116842,1093589-2,
1356230,"Chickenspike, Gooseweed, Hollowstem, Wedgewort",Sphenoclea zeylanica,Gaertn.,3158672,145463-1,LC
1365947,"West Indian-pink, Worm-grass, West Indian Pinkroot, Indian pink, Carolina pink, Pinkweed, West indian pink root, Worm-bush, Pink root of Demerara",Spigelia anthelmia,L.,5414391,318920-2,
1356556,"Spinach, Spinash, Spinach [plant], పాలకూర, Шпинат, Spenat, اسفناج, पालकी, Africian Spinach, पलः, ᎢᏤᎢ ᎠᎩᏍᏗ",Spinacia oleracea,L.,3083647,167384-1,
1430556,రావణాసురుని మీసాలు,Spinifex littoreus,(Burm.f.) Merr.,4153053,422515-1,
1655158,,Spinifex longifolius,R.Br.,4153038,422516-1,
1669968,,Spiraea arcuata,Hook.f.,3027274,742099-1,
1669972,,Spiraea bella,Sims,3026631,742122-1,LC
1396396,Himalayan Spiraea,Spiraea canescens,D.Don,3027138,742159-1,LC
1396400,"Japanese Spiraea, Japanese Meadowsweet, Ornamental Spiraea, Fortune Meadowsweet, Rødskærm (DK), Shimotsuke (JP), Praktspirea, rosenspirea (Swedish), Japanska Wjerbička (HSB), シモツケ",Spiraea japonica,L.f.,8170635,742319-1,
1409066,"Ladies-tresses, Ladies’ tresse, Chinese Spiranthes",Spiranthes sinensis,(Pers.) Ames,2805433,1208023-2,LC
1399715,"Purple-backed duckweed, Thin duckweed",Spirodela oligorrhiza,(Kurz) Hegelm.,2871374,526249-1,
1396411,"Greater duckweed, Water flaxseed, Great duckweed, Common Duckmeat, Common Duckweed, Giant Duckweed, Great Duckmeat, Common Water Flaxseed, Duckmeal, Larger Duckweed",Spirodela polyrhiza,(L.) Schleid.,4097481,526250-1,LC
1407118,"Golden apple, Ambarella, Jew-plum, Jewish plum, Otaheite-apple, Polynesian-plum, Witree, Yellow-plum, Great hog plum, June Plum, Cây cóc, Pomme cythere, Cája-manga",Spondias dulcis,Parkinson,3190595,71455-1,LC
1719406,"Common hog-plum, Andaman mombin, Indian hog plum, Indian mombin, Wild mango",Spondias pinnata,(L.f.) Kurz,3661030,71489-1,LC
1364526,Madagascar Dropseed,Sporobolus coromandelianus,(Retz.) Kunth,2704750,169686-3,
1424251,"Tussock dropseed, Lesser dropseed, Tussocky sporobolus, Indian dropseed",Sporobolus diandrus,(Retz.) P.Beauv.,4150685,128843-3,
1655209,"Smut grass, Sacaton grasses",Sporobolus fertilis,(Steud.) Clayton,4150275,422721-1,
1655217,,Sporobolus helvolus,(Trin.) T.Durand & Schinz,4932161,422754-1,
1396416,"Smut Grass, West Indian dropseed, Rat tail grass, Parramatta grass, Giant Parramatta grass, Bull grass, Haygrass, Tapiagrass",Sporobolus indicus,(L.) R.Br.,2704757,1207790-2,LC
1364546,Barundi sacaton grass,Sporobolus pilifer,(Trin.) Kunth,6432650,422879-1,
1400324,"Grass, West Indian dropseed, Catstail grass, Narrow-plumed dropseed, Giant rat’s tail grass",Sporobolus pyramidalis,P.Beauv.,4117345,422898-1,
1364557,Tropical dropseed,Sporobolus tenuissimus,(Mart. ex Schrank) Kuntze,2704800,243044-2,
1363397,"Water couch, Marine couch, Sand couch, Beach dropseed, Seashore dropseed, Jatopa, Seashore Rush Grass, Coast dropseed, Saltwater couch",Sporobolus virginicus,(L.) Kunth,2704745,423010-1,LC
1596446,,Stachyphrynium spicatum,(Roxb.) K.Schum.,2762378,565268-1,LC
1396420,"Chinese-artichoke, Japanese-artichoke, Knotroot, Artichoke betony, Crosne, Chines artichoke",Stachys affinis,Bunge,2927259,459268-1,
1378857,"Light-blue snakeweed, Blue porterweed, Blue Vervain, Trinidad and Tobago Vervain, Brazilian-tea, Pale blue snakeweed, Bastard-vervain, Jamaica-vervain, Jamaican porterweed, Jamaican snakeweed, Indian snakeweed, Blue snakeweed, Blueflower, Peccot jhârân, Pecut jaran, Purple Wormbush, Purple Worm Bush, Rerrer Vine, Shower Bell, Worry Vine, Common snakeweed, Brazil tea, Devil's coachwhip, Joee, Blue-vine, Burr-vine, Jamaican Blue Spike, Jamaican Bluespike, Wild verbena, Vervain",Stachytarpheta jamaicensis,(L.) Vahl,2925463,1092351-2,LC
1378851,"Nettleleaf velvetberry, Blue rat's-tail, Nettleleaf vervain, Dark blue snakeweed",Stachytarpheta urticifolia,Sims,2925457,864837-1,
1692411,,Stachyurus chinensis,Franch.,7303923,829501-1,
1692413,,Stachyurus himalaicus,Hook.f. & Thomson ex Benth.,3701709,829502-1,LC
1729972,,Staphylea cochinchinensis,(Lour.) Byng & Christenh.,9761362,77183826-1,
1784170,,Staurogyne humilis,(Nees) Kuntze,3774202,55258-1,
1774790,,Staurogyne spatulata,(Blume) Koord.,3773273,55335-1,
1357080,"Bog starwort, Bog stitchwort, Bog Chickweed, Trailing Stitchwort, Marsh Chickweed",Stellaria alsine,Grimm,5384606,30197752-2,
1493766,"Giant Chickweed, Water Chickweed, Water stitchwort, Water starwort, Aquatic Chickweed, Water Stellaria",Stellaria aquatica,(L.) Scop.,5384501,159056-1,
1408727,Whorled twintip,Stemodia verticillata,(Mill.) Hassl.,3171751,244449-2,
1430570,Stemona,Stemona tuberosa,Lour.,2863358,742815-1,
1720521,Climbing fern,Stenochlaena palustris,(Burm.f.) Bedd.,4079023,17223880-1,
1363542,"Buffalo grass, Pemba grass, Maidencane, Mountain panic",Stenotaphrum dimidiatum,(L.) Brongn.,4119008,76381-3,
1424255,,Stenotaphrum micranthum,(Desv.) C.E.Hubb.,4145719,423048-1,
1363543,"St. Augustine grass, Pimento grass, Buffalo grass, Buffalo turf, Cape quickgrass, Carpet grass, Coarse couchgrass, Coarse quickgrass, Coastal buffalo grass, Couchgrass, Crabgrass, Mission grass, Quickgrass, Wiregrass, Augustine Grass, Common St Augustine grass, Pembagrass, Ramsammygrass, St Augustine grass, Saint Augustine Grass",Stenotaphrum secundatum,(Walter) Kuntze,2702870,423051-1,LC
1426912,"Tapevine, Ivyweed, Snake vine",Stephania japonica,(Thunb.) Miers,7268792,581449-1,
1790329,,Stephania kaweesakii,Jenjitt. & Ruchis.,11148233,77212507-1,
1787980,,Stephania pierrei,Diels,5592774,581472-1,
1729262,,Stephania rotunda,Lour.,5592764,581482-1,
1787982,,Stephania suberosa,Forman,5592748,581489-1,
1760178,"Madagascar jasmine, Madagascar stephanotis, Bridal wreath, Florador flower, Madagascar jessamine, Waxflower",Stephanotis floribunda,Jacques,10924978,77204413-1,VU
1424256,,Sterculia balanghas,L.,7820224,825116-1,LC
1430584,,Sterculia cordata,Blume,7586943,825180-1,LC
1378041,"ఈనుగు బాదం చెట్టు, Indian-almond, Java-olive, Hazel Sterculia, Wild Indian almond, Giant sterculia, Skunk tree, Eanugu badam chettu (Telugu)",Sterculia foetida,L.,5406675,825227-1,LC
1595685,,Sterculia lanceolata,Cav.,6029583,825305-1,LC
1408730,"Big-leaf sterculia, Broad-leaved sterculia",Sterculia macrophylla,Vent.,5546232,825329-1,LC
1595691,Chinese chestnut,Sterculia monosperma,Vent.,7797610,825353-1,LC
1719689,Common sterculia,Sterculia parviflora,Roxb. ex G.Don,7928603,825386-1,LC
1430596,Rusty sterculica,Sterculia rubiginosa,Vent.,8209772,825449-1,LC
1783861,"Indian-tragacanth, Mucara, Karaya, Sterculia, Kateera gum, Indian katuria, Kahandal",Sterculia urens,Roxb.,5406674,825508-1,LC
1430601,Fragrant padritree,Stereospermum chelonoides,(L.f.) DC.,4092354,110773-1,LC
1430602,,Stereospermum colais,(Buch.-Ham. ex Dillwyn) Mabb.,7298473,110775-1,LC
1430603,Snaketree,Stereospermum fimbriatum,(Wall. ex G.Don) DC.,4092232,110781-1,LC
1466811,,Steudnera colocasiifolia,K.Koch,2873670,89076-1,
1466817,,Steudnera kerrii,Gagnep.,2873672,89082-1,
1430605,,Stichoneuron caudatum,Ridl.,2863300,742816-1,
1634427,,Stichorkis gibbosa,(Finet) J.J.Wood,8271793,77113815-1,
1368626,Mile-a-minute plant,Stictocardia beraviensis,(Vatke) Hallier f.,3677870,271218-1,
1408732,"Spottedheart, Stictocardia",Stictocardia tiliifolia,(Desr.) Hallier f.,3677765,245692-2,LC
1408733,Fangame,Stillingia lineata,(Lam.) Müll.Arg.,7638977,356555-1,
1774851,,Stixis suaveolens,(Roxb.) Baill.,10959195,148100-1,
1776971,,Stranvaesia nussia,(Buch.-Ham. ex D.Don) Decne.,3024217,742642-1,
1776972,,Stranvaesia oblanceolata,(Rehder & E.H.Wilson) Stapf,3024214,742643-1,LC
1430607,"Sandpaper tree, Toothbrush tree, Siamese rough-bush",Streblus asper,Lour.,10242935,856662-1,LC
1497611,Twining streptolirion,Streptolirion volubile,Edgew.,2765086,173139-1,
1396474,"Clasp twisted stalk, Cucumber-root, Tubercle twistedstalk, Clasping Twistedstalk, Clasping-leaf Twisted-stalk, Claspleaf Twistedstalk, Twisted Stalk, Clasping-leaved Twisted-stalk, White Twisted-stalk, Clasping Twisted-stalk, Liverberry, White Mandarin, Claspleaf twisted-stalk, Watermelon berry",Streptopus amplexifolius,(L.) DC.,2752734,1160363-2,
1381469,"Marmalade-bush, Orange-browallia, Firebush, Marmelade bush, Yellow heliotrope",Streptosolen jamesonii,(Benth.) Miers,5341821,821609-1,
1729226,"Red witchweed, Witchweed",Striga angustifolia,(D.Don) C.J.Saldanha,3729573,809993-1,
1720127,"Red ivy, Metallic plant, Red flame ivy, Purple waffle plant",Strobilanthes alternata,(Burm.f.) Moylan ex J.R.I.Wood,8297383,77147688-1,
1729035,"Persian shield, Royal Purple Plant., Burmuda coneflower",Strobilanthes auriculata,Nees,7263204,55560-1,
1781518,,Strobilanthes capitata,(Nees) T.Anderson,7456432,55593-1,
1430616,Assam indigo,Strobilanthes cusia,(Nees) Kuntze,8068041,55627-1,
1447318,,Strobilanthes cystolithigera,Lindau,3781355,55632-1,
1447328,,Strobilanthes extensa,(Nees) Nees,3780987,55676-1,
1420168,Chinese rain bell,Strobilanthes hamiltoniana,(Steud.) Bosser & Heine,3780592,945722-1,
1729030,,Strobilanthes lachenensis,C.B.Clarke,3780131,55763-1,
1774760,,Strobilanthes pentastemonoides,(Nees) T.Anderson,8750274,55870-1,
1719989,"Acanthaceae, Redflame",Strobilanthes reptans,(G.Forst.) Moylan ex Y.F.Deng & J.R.I.Wood,8261915,77112369-1,
1447432,,Strobilanthes tomentosa,(Nees) J.R.I.Wood,3777845,77098454-1,
1729031,,Strobilanthes violifolia,T.Anderson,3777642,56003-1,
1430617,,Strombosia ceylanica,Gardner,3685749,608465-1,LC
1430618,,Strombosia javanica,Blume,7464970,608472-1,LC
1409080,,Strongylodon lucidus,(G.Forst.) Seem.,2981503,519594-1,
1430620,,Strophanthus caudatus,(L.) Kurz,3620496,81867-1,
1420505,"Goat-horns, Green Corkscrew Flower, Divaricate strophanthus",Strophanthus divaricatus,(Lour.) Hook. & Arn.,7567945,81877-1,
1380654,"Ants-bush, Yerba-de-Faja, Yerba de faja",Struchium sparganophorum,(L.) Kuntze,3144503,1059151-2,
1719751,,Strychnos minor,Dennst.,7289325,547339-1,
1424258,"Strychninetree, Nux-vomica, Nux-vomica-tree, Nux-vomica poison nut, Strychnos, Nux-vomica tree, Poison Nut, Snake wood, ముషిడి / ముష్టి",Strychnos nux-vomica,L.,5414399,547371-1,LC
1432342,"Chillam, Clearing Nut Tree, Induga, Mudanhapfunye, Nirmali, Tattan Kottei, Clearing-nut-tree",Strychnos potatorum,L.f.,7725922,547420-1,
1775718,,Strychnos wallichiana,Steud. ex A.DC.,5645841,547566-1,LC
1381315,"Comb pondweed, Fennel-leaved pondweed, Sago False Pondweed, Sago pondweed, Broadleaf Pondweed, Fennel Pondweed, Fennel-leaf Pondweed",Stuckenia pectinata,(L.) Börner,7871428,77099639-1,LC
1368475,"Yellow-flowered wild lucerne, Wild lucerne, Shrubby pencilflower, Tropical alfalfa, Shrubby Pencil-flower",Stylosanthes fruticosa,(Retz.) Alston,2975709,519669-1,
1368477,"Stylo, Brazilian lucerne, Common stylo, Cook stylo, Fine stem stylo, Tropical lucerne, Pencil flower, Finestem stylo, Oxley Stylo",Stylosanthes guianensis,(Aubl.) Sw.,2975693,1020451-2,
1410080,"Cheesytoes, Caribbean stylo, Wild Clover",Stylosanthes hamata,(L.) Taub.,2975756,247544-2,
1368478,"Townsville stylo, Townsville-lucerne, Wild lucerne, Annual stylo, Alfafinha do nordeste, Alfalfa estilosante",Stylosanthes humilis,Kunth,2975730,519681-1,
1369068,"Japanese pagoda-tree, Pagoda-tree, Chinese scholartree, Chinese Scholar Tree, Сhinese scholar tree, Scholar-tree, Japanese Pagodatree",Styphnolobium japonicum,(L.) Schott,2963569,1119529-2,DD
1420755,"Sumatra benzointree, Styraxtree, Benzoin, Benzointree, Gum benjamin-tree, Onycha, Styrax, Spice bush, Sumatra benzoin, Sumatra snowbell",Styrax benzoin,Dryand.,5371679,826732-1,LC
1420758,"Japanese snowbell, Japanese storax, Styrax trees, Snowbell tree, エゴノキ",Styrax japonicus,Siebold & Zucc.,5371678,826818-1,LC
1692712,,Styrax serrulatus,Roxb.,5541420,327031-2,LC
1363165,"Annual seablite, Herbaceous Seablite, Sea Blite, White Sea-blite, Herbaceous Seepweed, Annual Sea-blite, Common Seablite, Salt goosefoot, Atlantic sea-blite, Rich's seepweed, Herbaceous sea-blite",Suaeda maritima,(L.) Dumort.,3083541,1071140-2,
1430631,,Suregada glomerulata,(Blume) Baill.,3054917,356667-1,LC
1430632,False lime,Suregada multiflora,(A.Juss.) Baill.,3054898,356676-1,LC
1379360,"Bay-cedar, Guitar, Tassel plant, Bois Matelot",Suriana maritima,L.,2986073,814158-1,LC
1729246,,Swertia angustifolia,Buch.-Ham. ex D.Don,5596405,370793-1,
1721454,,Swertia bimaculata,(Siebold & Zucc.) Hook.f. & Thomson ex C.B.Clarke,5596357,370810-1,
1729249,,Swertia cordata,(G.Don) Wall. ex C.B.Clarke,7659827,370850-1,
1729240,,Swertia nervosa,(G.Don) Wall. ex C.B.Clarke,7474198,370998-1,
1549985,,Swertia paniculata,Wall.,5595701,371012-1,
1366098,"Honduran mahogany, Mahogany, Honduras Mahogany, Big Leaf Mahogany, Bigleaf Mahogany, Brazilian Mahogany, Large-leaved Mahogany, Broad-leaved mahogany, Acajou, Aguano, Bi",Swietenia macrophylla,King,3190484,246905-2,EN
1366100,"Cuban mahogany, West Indian mahogany, Spanish mahogany, Mahogany, West-indies-mahogany, American Mahogany, Mahogany Tree, Small-leaved Mahogany, West Indies mahogany, Dwarf Stonewort, Mogno, Mahoni",Swietenia mahagoni,(L.) Jacq.,3190485,1080203-2,NT
1430636,,Swintonia floribunda,Griff.,7321639,71524-1,LC
1719404,,Swintonia schwenckii,(Teijsm. & Binn.) Teijsm. & Binn.,3660403,71538-1,LC
1370072,"Common Comfrey, Comfrey, Tătăneasă, Healingherb, Slippery-root, Boneset, Consound, Knitbone, Bruisewort, Saracen's Root, Cultivated comfrey, Quaker comfrey, True comfrey, Ārstniecības tauksakne, Blackwort, Knitback, Gavez, Russian Comfrey, Tătăneasă (RO), Żywokost (PL)",Symphytum officinale,L.,7558421,120815-1,
1719696,,Symplocos adenophylla,Wall. ex G.Don,7730615,827450-1,LC
1430651,,Symplocos barringtoniifolia,Brand,3644047,827016-1,LC
1719681,,Symplocos cerasifolia,Wall. ex DC.,8742356,827041-1,LC
1719683,"Buff hazelwood, Large-flower hazelwood, White hazelwood",Symplocos cochinchinensis,(Lour.) S.Moore,7318817,827526-1,LC
1775574,,Symplocos dryophila,C.B.Clarke,3643239,827084-1,LC
1719684,,Symplocos glomerata,King ex C.B.Clarke,8134327,982163-1,LC
1438836,"Asiatic sweetleaf, Sapphire-berry, Asiatic sweet-leaf",Symplocos paniculata,(Thunb.) Miq.,7157705,827233-1,LC
1692880,Lodhtree,Symplocos racemosa,Roxb.,7902154,827266-1,LC
1729194,,Symplocos ramosissima,Wall. ex G.Don,7660597,827783-1,LC
1718183,,Symplocos serrulata,Bonpl.,3643762,827299-1,LC
1719677,,Symplocos sumuntia,Buch.-Ham. ex D.Don,7318913,827322-1,LC
1729192,,Symplocos theifolia,D.Don,7538961,827332-1,
1375059,"Cinderella-weed, Synedrella, Nodeweed, Porterbush, Sessile-flowered synedrella, పచ్చ పుడక, Sun flower",Synedrella nodiflora,(L.) Gaertn.,5404991,252024-1,
1718451,,Synostemon bacciformis,(L.) G.L.Webster,3081822,356726-1,
1729663,,Synotis alata,(Wall. ex DC.) C.Jeffrey & Y.L.Chen,5402648,914672-1,
1363361,"Noodle seagrass, Round-leaf sea grass, Species code: si",Syringodium isoetifolium,(Asch.) Dandy,2864078,699866-1,LC
1606747,,Syzygium acuminatissimum,(Blume) DC.,3182540,601372-1,LC
1419583,Shore eugenia,Syzygium antisepticum,(Blume) Merr. & L.M.Perry,3183617,601410-1,LC
1419584,"Watery rose apple, Bellfruit, Water Apple, Mountain apple, Watery roseapple, Java Apple, Water Cherry, Water Rose Apple, Wax jambo",Syzygium aqueum,(Burm.f.) Alston,3183335,601415-1,LC
1408741,"Clove, Cloves, Clovetree, Zanzibar redhead, లవంగం",Syzygium aromaticum,(L.) Merr. & L.M.Perry,3183002,601421-1,
1606843,Bullate eugenia,Syzygium borneense,(Miq.) Miq.,3184063,601462-1,
1606874,Boxleaf eugenia,Syzygium buxifolium,Hook. & Arn.,3182771,601489-1,LC
1773265,,Syzygium coarctatum,"(Blume) Byng, N.Snow & Peter G.Wilson",9235235,77148007-1,
1382778,"जामुन, Jaman, Jamun, Java plum, Jambolan, Rose-apple, Malabar-plum, Portuguese-plum, Jambolan-Plum, Dhuwâ', Juwet, Black plum, Black plum tree, Indian blackberry, Java plumtree, Jambolian, Jambul, Kavika ni India, అల్లనేరేడు, কালোজাম, जांभूळ (Marathi language), Duhat, ನೇರಳೆ - Nerale (KN), नेपाली  नाम =जम्मु, Jamblon, Nqozi, Belizean Blackberry, Rotra, Jambulang, Jamblang, Koelidruif, Lumboy",Syzygium cumini,(L.) Skeels,3183840,601603-1,LC
1430695,,Syzygium duthieanum,(King) Masam.,3184647,601649-1,
1430699,,Syzygium fastigiatum,(Blume) Merr. & L.M.Perry,3183657,601675-1,LC
1718458,,Syzygium glaucum,(King) Chantar. & J.Parn.,3184211,973163-1,
1430710,Sea apple,Syzygium grande,(Wight) Walp.,3183729,60440438-2,LC
1382774,"Jambos, Rose Apple, Malabar-plum, Plum rose, Malay apple, Wax jambu, Pomarrosa, Apel en wai, Kavika ni India, বগী জামুক, పన్నీరు చంపకం, Eugenia, Gliricidia, Cheeko",Syzygium jambos,(L.) Alston,3183534,601802-1,LC
1718463,,Syzygium maingayi,Chantar. & J.Parn.,3184717,973178-1,
1405945,"Malay apple, Pomerac, Pomarosa, Malaysian Apple, Otaheite-apple, Mountain-apple, Pink satin-ash, Rose-apple, Long-fruited rose apple, Kelat oil, Ohia, Fat Pork, Plum Rose, Malacca Pear",Syzygium malaccense,(L.) Merr. & L.M.Perry,3184509,601907-1,LC
1430730,,Syzygium muelleri,(Miq.) Miq.,3182357,601961-1,LC
1607287,"Kelat oil, Red lip",Syzygium myrtifolium,Walp.,3183420,60445221-2,
1607339,Thick-leaved jambu,Syzygium pachyphyllum,(Kurz) Merr. & L.M.Perry,3182134,602036-1,LC
1430740,Marsh kelat,Syzygium papillosum,(Duthie) Merr. & L.M.Perry,3184230,602054-1,LC
1430746,"Indonesian bayleaf, Indian bayleaf, Indonesian bay leaf, Salam",Syzygium polyanthum,(Wight) Walp.,3182288,602097-1,
1430752,,Syzygium pyrifolium,(Blume) DC.,3183467,602132-1,
1718466,,Syzygium ridleyi,(King) Chantar. & J.Parn.,3182095,973187-1,
1400835,"Semarang rose-apple, Java Apple, Wax jambu, Wax apple, Jambu air, Jamrul, Jambu, Jambu air semarang, Macopa, Pomarrosa, French Cashew",Syzygium samarangense,(Blume) Merr. & L.M.Perry,3183180,602209-1,LC
1607538,,Syzygium skiophilum,(Duthie) Airy Shaw,3184527,602242-1,LC
1430770,Myrtle,Syzygium syzygioides,(Miq.) Merr. & L.M.Perry,3182423,602299-1,
1607611,,Syzygium tetragonum,(Wight) Wall. ex Walp.,3184266,602319-1,LC
1430783,"Spicate eugenia, Bhedas, Gudda pannerallu",Syzygium zeylanicum,(L.) DC.,3182824,602424-1,
1430786,Pinwheel flower,Tabernaemontana corymbosa,Roxb. ex Wall.,8172343,60466167-2,LC
1430787,,Tabernaemontana dichotoma,Roxb. ex Wall.,7422148,60466169-2,LC
1409020,"Crape-jasmine, Butterfly-gardenia, Tagar, నందివర్ధనం, কাঠ মালতি, Pinwheel-flower, Adam's-apple, Ceylon-jessamine, East Indian rose bay, Broadleaf rose bay, Crape-gardenia, Crepe-jessamine, Flowers-of-love, East Indian rosebay, Broadleaved rosebay, Creeping jasmine, Coffee rose, Devil flower, चमेली, জংলি টগর, Chandni, Milk Flower, Moon Beam, நந்தியாவட்டை, Fleur D'Amour, Samoan Gardenia",Tabernaemontana divaricata,(L.) R.Br. ex Roem. & Schult.,3169625,82097-1,LC
1430788,,Tabernaemontana macrocarpa,Jack,3616206,82203-1,LC
1409284,"Windmillbush, Banana-bush, Dogbane",Tabernaemontana pandacaqui,Poir.,3615270,82269-1,LC
1426748,"Black bat flower, Batflower, Devil-flower, Cat's whiskers, Black lily, Dracula flower",Tacca chantrieri,André,2755905,827891-1,
1430794,"Batplant, Batflower, Cat's whiskers, White batflower, White bat lily, White Bat Plant, Si xu ju ruo shu",Tacca integrifolia,Ker Gawl.,2755852,827904-1,
1387291,"East Indian arrowroot, Tahiti arrowroot, Fiji arrowroot, Polynesian arrowroot, Batflower, Arrowroot, Oto'o, Masoa, Taka, Tacca, Indian arrowroot, Lion's whiskers, Tahiti Arrow-root, Tia",Tacca leontopetaloides,(L.) Kuntze,2755866,827910-1,LC
1430795,Tacca,Tacca palmata,Blume,2755891,827919-1,
1536158,,Tacca plantaginea,(Hance) Drenth,2755849,827927-1,
1759733,,Tadehagi ademae,H.Ohashi & K.Ohashi,10875404,77178889-1,
1763016,,Tadehagi alatum,(DC.) H.Ohashi,3969346,60428503-2,
1587040,,Tadehagi triquetrum,(L.) H.Ohashi,2950828,520160-1,
1374048,"Marigold, African marigold, गेंदा फूल (Genda phool), French marigold, گل جعفری, Aztec marigold, Saffron marigold, Big marigold, American marigold, African Or French Marigold, Mexican Marigold, Tall Marigold, బంతి, गेंदा, ముద్ద బంతి, گیندا, झेंडू (Jhendu), Genda ful, Crackerjack African Marigold, Samtenes (LVL), Colombia Caléndula",Tagetes erecta,L.,3088488,252092-1,
1364158,"Wild marigold, Marigold, Mexican marigold, Aztec marigold, Muster John Henry, Dwarf marigold, Stinking-Roger, Southern marigold, Khakibush, Southern Cone Marigold, Khaki weed, Muster-John-Henry, Minute marigold, Little marigold, Stinkweed, Tall khakiweed, Miniature marigold, Peruvian Black Mint (Huacatay), అడవి బంతి, ଗେଣ୍ଡଫୁଲ, Huacatay, African daisies, African marigold",Tagetes minuta,L.,3088481,252132-1,
1389492,"Slender-leaf marigold, Signet marigold, Striped Mexican marigold, ꯇꯖꯦꯇꯦꯁ ꯇꯦꯅꯨꯢꯐꯣꯂꯤꯌꯥ, Petite marigold, Marigold, Golden Marigold",Tagetes tenuifolia,Cav.,7497356,252177-1,
1634743,,Tainia speciosa,Blume,2781313,659810-1,
1388925,"Chinese coffintree, Coffintree, Taiwan Cedar, Taiwania, Formosa fir",Taiwania cryptomerioides,Hayata,5284272,263753-1,VU
1404984,"Waterleaf, Surinam-purslane, Philippine-spinach, Ceylon-spinach, Sweetheart, Verdolaga-Francesa, Coral flower, Pink purslane",Talinum fruticosum,(L.) Juss.,3084670,1182764-2,
1361940,"Fameflower, Jewels of Opar, Jewels-of-Opar, Pink baby's-breath, Pink baby-breath, Panicled Flameflower, Trans Pecos Flameflower, Big talinum, Water leaf, Flameflower, Golden Moa",Talinum paniculatum,(Jacq.) Gaertn.,3084672,1007146-2,
1383047,"Dimiliankwasia, Nyengele, Flameflower",Talinum portulacifolium,(Forssk.) Asch. ex Schweinf.,4022012,699562-1,LC
1363668,"Tamarind, Tamarind Tree, Kilytree, Indian tamarind, Musiika, Musika, Accem, A̱ka̱laya, Clagi, Mè, Ci᷅ŋdà, इमिली, Tormon, Indian date, Sampalok, చింత, Asam Jawa, ખાટી આમલી, تمر هندی, चिंच, ତେନ୍ତୁଳି ଗଛ, Asam, Kawawasha (Zambia), Malayalam",Tamarindus indica,L.,2975768,520167-1,LC
1396504,"Chinese tamarisk, Five-Stamen Tamarisk, China tamarisk, Chinese saltcedar, Fivestamen tamarisk, Saltcedar, Tamarisk, Tamarix",Tamarix chinensis,Lour.,2874696,828082-1,LC
1364090,"Tamarisk, French tamarisk, Saltcedar, Tamarix, Manna plant, French tree, گز انگبین،, વિદ્યા",Tamarix gallica,L.,8380575,828110-1,LC
1364085,"Tamarisk, Salt-cedar, Pink tamarisk, Tamarix, Odessa tamarisk, Five-stamen tamarisk, אשל ראמוסיסימה, گز پرشاخه",Tamarix ramosissima,Ledeb.,2874700,828206-1,LC
1681059,,Tamilnadia uliginosa,(Retz.) Tirveng. & Sastre,2891981,767328-1,LC
1742060,"Dalmatian Pyrethrum, Dalmatian insect-flower, Pyrethrum, Pyrethrum-flower, Dalmatia Pyrethrum, Pyrethrum daisy",Tanacetum cinerariifolium,(Trevis.) Sch.Bip.,3118284,252275-1,LC
1693013,False pistachio,Tapiscia sinensis,Oliv.,7326543,785349-1,VU
1681072,,Tarenna asiatica,(L.) Kuntze ex K.Schum.,2896287,60434903-2,LC
1681099,,Tarenna costata,(Miq.) Merr.,2896161,767444-1,LC
1720306,Kheua sa lot,Tarlmounia elliptica,"(DC.) H.Rob., S.C.Keeley, Skvarla & R.Chan",4219232,77094700-1,
1775059,,Taxotrophis ilicifolia,(Kurz) S.Vidal,3767205,856697-1,LC
1728703,Maire's Yew,Taxus mairei,(Lemée & H.Lév.) S.Y.Hu,7641361,828365-1,VU
1701977,"Himalayan yew, East Himalayan Yew",Taxus wallichiana,Zucc.,5284540,263869-1,EN
1400150,"Yellow-bells, Yellow trumpet flower, Esperanza, Trumpet-flower, Trumpetbush, Yellow trumpetbush, Yellow-elder, Yellow Blossom, Ginger-Thomas, Golden Seal, Yellow tecoma, Yellow trumpet bush, Yellow cedar, Trovadora, Yellow Trumpet Flowers, పచ్చగొట్ల, تيكومة صفراء, پیچ اناری زرد گرمسیری، تکوما، شیپور طلایی, تيكومة واقفة, דק-פרי זקוף, טקומית זקופה, Flor-de-São-José, ঘন্টা ফুল, நாக செண்பகம், Huỳnh liên",Tecoma stans,(L.) Juss. ex Kunth,3172492,111284-1,LC
1426778,,Tectaria decurrens,(C.Presl) Copel.,5654301,17360130-1,
1710666,,Tectaria impressa,(Fée) Holttum,7724229,17544580-1,
1710746,,Tectaria siifolia,(Willd.) Copel.,7778856,17361440-1,
1720589,,Tectaria zeilanica,(Houtt.) Sledge,8168998,17455910-1,
1749228,,Tecticornia indica,(Willd.) K.A.Sheph. & Paul G.Wilson,7340130,77086682-1,
1406419,"Teak, सागौन, Bankok teak, Indian-oak, Common teak, সেগুন, టేకు, Sagwan, தேக்கு",Tectona grandis,L.f.,2925649,864923-1,EN
1430806,,Teijsmanniodendron coriaceum,(C.B.Clarke) Kosterm.,3899638,864930-1,LC
1720088,,Telmatoblechnum indicum,"(Burm.f.) Perrie, D.J.Ohlsen & Brownsey",7367052,77142411-1,
1779922,"Chinese-violet, Fragrant telosma, Pakalana vine, Tonkinese creeper, Tonkin jasmine",Telosma cordata,(Burm.f.) Merr.,3570803,102157-1,
1728828,,Telosma pallida,(Roxb.) Craib,3582593,102161-1,
1368134,"White tephrosia, White hoary-pea, White hoarypea, Indigo Blanc",Tephrosia candida,DC.,5342186,520444-1,
1368052,South African hoarypea,Tephrosia noctiflora,Bojer ex Baker,5342209,520773-1,
1408760,Indigo sauvage,Tephrosia pumila,(Lam.) Pers.,5342490,520848-1,LC
1359476,"Purple tephrosia, Wild indigo, Fishpoison, వెంపలి",Tephrosia purpurea,(L.) Pers.,5342239,520851-1,
1363781,,Tephrosia subtriflora,Hochst. ex Baker,5342281,520946-1,
1356329,"Hoary tephrosia, Shaggy wild indigo",Tephrosia villosa,(L.) Pers.,5342176,1148851-2,LC
1407240,"Vogel tephrosia, Vogel's Tephrosia, Fish-poison-bean, Fish-bean",Tephrosia vogelii,Hook.f.,5342354,521002-1,LC
1409205,"Blue Wiss, Rabbit vine, Sweet pincar, Horse vine",Teramnus labialis,(L.f.) Spreng.,8777864,521035-1,
1376699,"Beleric myrobalan, Belleric, Belleric myrobalan, Beach-almond, Myrobalan, Bastard Myrobalan, Bedda Nut Tree, Belleric Myrabolan, Bahera, Beleric, Behda, Belliric myrobalan, Bohera",Terminalia bellirica,(Gaertn.) Roxb.,3189390,170982-1,LC
1376792,"Tropical almond, Indian-almond, Beach Almond, बादाम, Talisay (tagalog), Badam, Almond Tree, బాదం, Country-almond, Malabar-almond, Sea-almond, India Almond, False kamani, Alman Tree, Almond, West Indian almond, Myrobolan, Olive-bark tree, Barbados almond, Bengal almond, Pacific almond, Bastard Almond, Kamani, Myrobalan, Troipical almond, Singapore almond, बदाम, لوز, Keutapang, Terminalia chebula, Manggo, Cây bàng, Castanets, Beach almond tree, Bad pic makes bad guess, Galvanized Roof, Nkantyu or nkantsu",Terminalia catappa,L.,3189394,171034-1,LC
1376889,"Chebulic myrobalan, Black myrobalan, Myrobalan, Black myrobolan, Chebulic Myrobalam, Chebulic Myrombalam, Gallnut, Inknut, Harra",Terminalia chebula,Retz.,3189388,171037-1,LC
1719257,"Citrine myrobalan, Black chuglam, Yellow myrobalan",Terminalia citrina,(Gaertn.) Roxb.,7623377,171050-1,LC
1783699,Indian-laurel,Terminalia elliptica,Willd.,7810338,171100-1,LC
1729073,"Naked-anther ternstroemia, Japanese cleyera, Japanese ternstroemia",Ternstroemia gymnanthera,(Wight & Arn.) Bedd.,8074662,830525-1,LC
1694266,"Qing Pi Tree, Mountain Ash, Spur leaf",Tetracentron sinense,Oliv.,5529117,555255-1,DD
1414854,,Tetracera billardierei,Martelli,5680741,317363-1,LC
1430864,"Fireweed, Sandpaper Vine",Tetracera indica,(Christm. & Panz.) Merr.,5681347,317418-1,
1430867,Sandpaper tetracera,Tetracera sarmentosa,(L.) Vahl,5680962,317484-1,
1430868,Sandpaper tetracera,Tetracera scandens,(L.) Merr.,7370317,317488-1,
1420545,"Bee bee tree, Korean euodia, Hube evodia, Bee Tree",Tetradium daniellii,(Benn.) T.G.Hartley,5594382,909756-1,LC
1362576,"New Zealand-spinach, Warrigal-cabbage, Wild spinach, Common Tetragonia, Warrigal Greens",Tetragonia tetragonoides,(Pall.) Kuntze,5554574,364795-1,
1719260,"Thitpok, Sawbya, Sompong, Baing",Tetrameles nudiflora,R.Br.,4205817,316103-1,LC
1784100,,Tetrapilus dioicus,(Roxb.) L.A.S.Johnson,3683091,611197-1,
1728609,,Tetrapogon roxburghiana,(Schult.) P.M.Peterson,9553561,60469011-2,
1698153,,Tetrastigma bracteolatum,(Wall.) Planch.,5658582,68466-1,
1430875,,Tetrastigma leucostaphylum,(Dennst.) Alston,8249935,870591-1,
1698188,,Tetrastigma obovatum,Gagnep.,5658298,870606-1,
1728983,,Tetrastigma obtectum,(Wall. ex M.A.Lawson) Planch. ex Franch.,7293693,68482-1,
1719274,,Tetrastigma rumicispermum,(M.A.Lawson) Planch.,7293939,68494-1,
1698201,,Tetrastigma serrulatum,(Roxb.) Planch.,7293928,68497-1,
1788349,"Chestnut vine, Lizard plant, Giant Grape Ivy",Tetrastigma voinierianum,(Sallier) Pierre ex Gagnep.,7667617,870642-1,
1728670,,Teucrium quadrifarium,Buch.-Ham. ex D.Don,8957951,460661-1,
1564442,Sticky germander,Teucrium viscidum,Blume,7307951,460793-1,
1356039,"Turtle-grass, Thalassia, Species code: th",Thalassia hemprichii,(Ehrenb. ex Solms) Asch.,5329593,431946-1,LC
1363319,"Sickle-leaved cymodocea, Species code: tc",Thalassodendron ciliatum,(Forssk.) Hartog,5328510,871797-1,LC
1396733,"Arctic meadow-rue, Alpine meadow-rue, Dwarf meadow-rue, Arctic meadowrue, Dwarf meadowrue",Thalictrum alpinum,L.,3033134,714201-1,
1420316,"Chinese meadow-rue, Yunnan meadow rue",Thalictrum delavayi,Franch.,7278040,714372-1,
1664712,Asian meadow-rue,Thalictrum foliolosum,DC.,8317447,714441-1,
1664726,Pallid lotus-leaf meadow-rue,Thalictrum ichangense,Lecoy. ex Oliv.,3928537,714513-1,
1634989,,Thecopus secunda,(Ridl.) Seidenf.,2816399,914713-1,
1417384,Triangular fly orchid,Thelasis carinata,Blume,2815871,659968-1,
1635010,,Thelasis micrantha,(Brongn.) J.J.Sm.,2815866,659990-1,
1365702,,Thelepogon elegans,Roth,4126446,424158-1,
1722346,,Thelypteris acuminata,(Houtt.) C.V.Morton,5667155,17421260-1,
1790225,,Thelypteris aspera,(C.Presl) K.Iwats.,5666865,17456500-1,
1720705,Korean maiden fern,Thelypteris beddomei,(Baker) Ching,7160164,17421430-1,
1749694,Marsh fern,Thelypteris confluens,(Thunb.) C.V.Morton,6426452,17457280-1,LC
1401438,"Downy maiden fern, Mountain woodfern, Christella, Downy wood fern",Thelypteris dentata,(Forssk.) E.P.St.John,5275277,251308-2,
1720718,,Thelypteris heterocarpos,(Blume) Morton,10760986,17422270-1,
1400769,Roughhairy maiden fern,Thelypteris hispidula,(Decne.) C.F.Reed,5275235,17458750-1,
1720727,,Thelypteris immersa,(Blume) Ching,5666003,17458860-1,
1400771,"Willdenow's maiden fern, Hottentot fern, Spready tri-vein fern, Willdenow's fern",Thelypteris interrupta,(Willd.) K.Iwats.,5275319,17458930-1,
1400774,"Jeweled Maiden Fern, Jewelled maiden fern",Thelypteris opulenta,(Kaulf.) Fosberg,5275254,17460390-1,
1720771,Parasitic maiden fern,Thelypteris parasitica,(L.) Tardieu,7621509,1160951-2,
1778055,,Thelypteris simplex,(Hook.) K.Iwats.,5667191,17461730-1,
1720742,,Thelypteris subpubescens,(Blume) K.Iwats.,5666888,17462110-1,
1720726,,Thelypteris unita,(L.) Morton,5666488,17423900-1,
1655697,,Themeda arundinacea,(Roxb.) A.Camus,4126336,424167-1,
1655699,,Themeda caudata,(Nees ex Hook. & Arn.) A.Camus,4121144,424175-1,
1655703,,Themeda hookeri,(Griseb.) A.Camus,4126113,424191-1,
1408767,"Kangaroo grass, Habana grass, Grader grass, Habana oatgrass",Themeda quadrivalvis,(L.) Kuntze,2703469,424206-1,
1363409,"Red grass, Kangaroo grass, Red-oat, Red-oat grass, Red oatgrass, Anglegrass, Bluegrass",Themeda triandra,Forssk.,2703467,424213-1,
1655718,"Silky kangaroo grass, Lyon's grass, Greater tasselgrass",Themeda villosa,(Lam.) A.Camus,2703473,424216-1,
1377980,"Cocoa, Cacao, Chocolate Tree, Common cacao, Common cocoa, Cacao tree, Chocolate, Cokelat, Jackfruit, Coklat",Theobroma cacao,L.,3152205,320783-2,
1473245,,Theropogon pallidus,(Wall. ex Kunth) Maxim.,2770451,542170-1,
1408768,"Portia-Tree, Indian tuliptree, Pacific rosewood, Polynesian rosewood, Seaside Mahoe, Seychelles rosewood, Spanish cork, Bendytree, Cork-tree, Majagua, Milo, Porlia-tree, Tuliptree, Umbrella-tree, Tree hibiscus, Portia, Indian tulip tree, Portea oil-nut, Portea tree, గంగ రావి, Kukui, पारस पीपल, Algodão-da-praia",Thespesia populnea,(L.) Sol. ex Corrêa,3152795,564713-1,LC
1380763,Portia tree,Thespesia populneoides,(Roxb.) Kostel.,3936372,564714-1,
1485795,,Thismia mirabilis,K.Larsen,2756488,126829-1,
1399424,"Red-hailstone, Manchu tubergourd, Manchu tuber gourd, Manchurian Tubergourd, Golden creeper",Thladiantha dubia,Bunge,2874538,294067-1,
1778635,,Thomsonaria aronioides,(Rehder) Rushforth,10795258,77208681-1,
1778627,,Thomsonaria caloneura,(Stapf) Rushforth,10708377,77208688-1,
1635160,Centipede Thrixspermum,Thrixspermum centipeda,Lour.,2846723,660164-1,
1635226,,Thrixspermum merguense,(Hook.f.) Kuntze,2846739,660252-1,
1635234,,Thrixspermum pensile,Schltr.,2846732,660278-1,
1655740,"Kuroiwa Grass, Tropical beach grass, Beachgrass",Thuarea involuta,(G.Forst.) R.Br. ex Sm.,2702911,424252-1,
1385353,"Blackeyed Susan vine, Black Eyed Susan, Black-eyed-Susan-vine, Black Eyed Susan Vine, Black-eyed Susan Clock Vine, Bright Eyes, Winged Clockvine, Clock vine, Black-eye susan, Thunbergia, Olho-preto, Olho-de-poeta, Arizona Burst, Bunda-de-negro, Suzana-dos-olhos-negros",Thunbergia alata,Bojer ex Sims,5415463,56177-1,
1728984,Scarlet thunbergia,Thunbergia coccinea,Wall. ex D.Don,8309523,60460291-2,
1405495,"Bush Clockvine, King's-mantle, Kings mantle, Purple bell, Terumpetan Ungu",Thunbergia erecta,(Benth.) T.Anderson,5415461,56259-1,
1385381,"White thunbergia, White-lady, White-nightshade, Chimine, Indrapushpam, Noorvan-valli, Susana blanca, 碗花草, Angel wings, Fragrant thunbergia, Sweet clockvine, White clockvine, Thunbergia White gem",Thunbergia fragrans,Roxb.,5415458,56270-1,
1389152,"Bengal clockvine, Bengal trumpet, Clockvine, Skyflower, Skyvine, Blue skyflower, Blue thunbergia, Blue trumpetvine, Bengal clock vine, Blue sky vine, Blue trumpet vine, Bengal trumpet vine, Heavenly blue, Giant thunbergia, Green trumpet vine, Large flowered thunbergia, Thunbergia",Thunbergia grandiflora,Roxb.,5415456,117460-3,
1385363,"Babbler's-vine, Laurel clockvine, Laurel-Leaved Thunbergia, Blue trumpet vine, Blue Trumpetvine",Thunbergia laurifolia,Lindl.,5415460,56339-1,
1728982,,Thunbergia lutea,T.Anderson,5573913,56349-1,
1420571,"Mysore trumpetvine, Indian clock vine, Munzerabad creeper, Lady's slipper, Mysore trumpet vine, Mysore Thunbergia, Trumpetvine",Thunbergia mysorensis,(Wight) T.Anderson,5573843,60447289-2,
1635294,,Thunia alba,(Lindl.) Rchb.f.,2816952,660350-1,
1635295,,Thunia bensoniae,Hook.f.,2816950,660351-1,
1420109,"Thailand bamboo, Umbrella-handle bamboo, Monastery bamboo",Thyrsostachys siamensis,Gamble,4124847,424273-1,
1408770,"Tiger grass, Asian broom grass, Tropical grass",Thysanolaena latifolia,(Roxb. ex Hornem.) Honda,4124764,424281-1,
1721367,Foam flower,Tiarella polyphylla,D.Don,5567780,794898-1,
1595826,,Tilia tuan,Szyszył.,7311231,835616-1,LC
1430894,,Timonius flavescens,(Jacq.) Baker,2899755,767751-1,LC
1783792,Giloy,Tinospora cordifolia,(Willd.) Hook.f. & Thomson,3830780,907828-1,
1410105,Makabuhai,Tinospora crispa,(L.) Hook.f. & Thomson,8298918,581600-1,
1403878,"Mexican Sunflower, Tree Marigold, Arbol maravilla, Girasol mexicana, Japanese-sunflower, Mexican sunflower-weed, Shrub-sunflower, Mexican bush-daisy, Tithonia",Tithonia diversifolia,(Hemsl.) A.Gray,5396557,255747-1,
1417905,"Mexican-Sunflower, Mexican marigold, Sunflower, Clavel de muerto, Red-sunflower",Tithonia rotundifolia,(Mill.) S.F.Blake,5396551,254724-2,
1419485,"Red Cedar, Australian redcedar, Australian red-cedar, Australian-cedar, Toon, Toontree, Chinese mahogany, Red toon, Burma cedar, Indian cedar, Indian mahogany, Moulmein cedar, Queensland red cedar, Toona",Toona ciliata,M.Roem.,3190472,579299-1,LC
1752847,"Red toon, Chinese cedar, Chinese mahogany, Chinese toon",Toona sinensis,(A.Juss.) M.Roem.,7271504,579315-1,LC
1409277,"Wishbone-Flower, Ola'a-Beauty, Trinidad pansy",Torenia asiatica,L.,3172204,810361-1,
1589377,Spotless Violet Torenia,Torenia concolor,Lindl.,7331731,810382-1,
1424300,,Torenia cordifolia,Roxb.,7790867,810384-1,
1373206,"Malaysian false pimpernel, Malayan False Pimpernel, Brittle false pimpernel, Round-fruited lindernia",Torenia crustacea,(L.) Cham. & Schltdl.,3171892,1189750-2,LC
1409227,"Bluewings, Wishbone-flower, Wishbone plant, Florida pansy, Trinidad pansy",Torenia fournieri,Linden ex E.Fourn.,3172203,810406-1,
1719490,Malayan eyebright,Torenia polygonoides,Benth.,3725184,810460-1,
1373203,,Torenia thouarsii,(Cham. & Schltdl.) Kuntze,7331635,255156-2,LC
1589383,,Torenia violacea,(Azaola ex Blanco) Pennell,3724873,810498-1,
1360816,"Upright Hedge-parsley, Hedge Parsley, Erect hedgeparsley, Japanese hedge-parsley, Erect hedge-parsley, Upright Hedgeparsley, Hațmațuchiul măgarului, ماستونک ژاپنی،",Torilis japonica,(Houtt.) DC.,3034820,849533-1,
1419433,"Scarlet rhus, Rhustree, Japanese waxtree, Red-lac, Waxtree, Wax lacquer tree, Sumac, Japanese wax tree",Toxicodendron succedaneum,(L.) Kuntze,3190624,71802-1,LC
1463177,"Asiatic jasmine, Asian-jasmine",Trachelospermum asiaticum,(Siebold & Zucc.) Nakai,7317060,82528-1,
1369887,"Star jasmine, Confederate jasmine, Chinese star-jessamine, Confederate-jessamine, Chinese Star Jasmine, Star-jasmine or Confederate-jasmine, Hairy star jasmine, Evening Jasmine, یاسمن, Xasmín estrela, Trader's Compass, Wild Jasmine, Tricolour jasmine, L, Toscaanse Jasmijn, Southern Jasmine",Trachelospermum jasminoides,(Lindl.) Lem.,3169713,82553-1,
1396821,"Chinese windmill palm, Chusan Palm, Chusan fan palm, Hemp palm, Windmill palm, Date Palm, نخل آسیایی, Fortune's Trachycarpus, Palmera excelsa",Trachycarpus fortunei,(Hook.) H.Wendl.,2739071,670182-1,LC
1790398,,Trachycarpus geminisectus,"Spanner, Gibbons, V.D.Nguyen & T.P.Anh",2739075,70029422-1,
1470390,"Martius's windmill palm, Himalayan fan palm",Trachycarpus martianus,(Wall. ex Mart.) H.Wendl.,2739085,670185-1,LC
1470392,,Trachycarpus oreophilus,Gibbons & Spanner,2739076,998232-1,
1425700,"Ajowan caraway, Jeumuju, Mosè, Ajowan, Bishop's-weed, Ethiopian-caraway, Kummel, Ajwan, Carom, Falsely lovage seeds, زنیان رومی، نانخواه، اجوان, వాము, Ova patta (in Marathi)",Trachyspermum ammi,(L.) Sprague,3034241,849765-1,
1408774,"Purple Heart, Wandering Jew, Purple queen, قلب ارغوانی, گل برگ بیدی, BLEEDING HEART, Purple secretia, Spider lily, Spiderwort, La misère pourpre, اشار داشار, SW1Chi, Miseria, CHARLIE, 紫竹梅 (Mandarin), Arash, ترادسکانتیا پالیدا، قلب خونبار, گل قلب ارغوان, Adam hawa ungu (Malay), لال جھاڑی, Adam Hawa Ungu",Tradescantia pallida,(Rose) D.R.Hunt,2765221,256037-2,
1364168,"Salsify, Vegetable-oyster, Oysterplant, Jerusalem Star, Purple Goatsbeard, Salsafy, Common Salsify, Purple Salsify, Purple-flowered salsify, Vegetable-oyster salsify, شنگ تره ای،, Salsify of Provence, لحية التيس, Lilac Solis, منين, Yellow Salsify, Goatsbeard, ذنب الخيل",Tragopogon porrifolius,L.,5386938,256109-1,
1408775,,Tragus mongolorum,Ohwi,5674913,424420-1,
1356307,"Water-chestnut, Bullnut, Common Water-chestnut, Water Nut, Water Caltrop, European Water Chestnut, Horn Nut, Jesuit's Nut, Saligot, Water Caltrops, Trapa nut, Caltrop, Caltrops, Colchis water-chestnut, Singhara, Buffalo nut",Trapa natans,L.,3188757,614405-1,LC
1408776,"Poison-peach, Poisonbush, Lesser trema",Trema cannabina,Lour.,2984507,856736-1,
1725526,"Florida trema, Jamaican Nettletree, Capulin, Jamaican nettle tree",Trema micranthum,(L.) Blume,2984501,1018059-2,LC
1719486,"Indian Charcoal Tree, Indian Nettle, Oriental Nettle, Pigeon Wood, Poison Peach, Charcoal tree, Indian nettle tree, Rhodesian elm",Trema orientale,(L.) Blume,2984508,856758-1,LC
1490887,,Trema politoria,(Planch.) Blume,4159810,856760-1,LC
1719487,"Peach-leaf-poisonbush, Poison-peach",Trema tomentosum,(Roxb.) H.Hara,7303576,837105-1,LC
1430912,Ghost's foot,Trevesia burckii,Boerl.,3037345,92651-1,LC
1417547,"Snowflakeplant, Snowflaketree",Trevesia palmata,(Roxb. ex Lindl.) Vis.,3037328,92662-1,LC
1547574,,Triadica cochinchinensis,Lour.,3054385,357948-1,LC
1547575,,Triadica rotundifolia,(Hemsl.) Esser,3054418,20007881-1,LC
1376366,"Popcorntree, Chinese tallowtree, Chinese tallow tree, Candleberry-tree, Tallowtree, Chinese tallow, Vegetable tallow, Chines Tallow Tree, Florida aspen, Chicken tree, White wax berry, 乌桕",Triadica sebifera,(L.) Small,3054399,256588-2,LC
1363346,"Horse purslane, Black-pigweed, Desert horse-purslane, Giant-pigweed, Desert-horsepurslane, Sea purslane, Turtle weed, Black Pig Weed, Punarnawa, Galijeru, تاج خروس, Joheeg(Balochi)",Trianthema portulacastrum,L.,3084848,322565-2,
1406235,"Kingston-buttercup, Burnut, Large yellow caltrop, Pagode, Kill Bukra, Puncturevine, Turkey-blossum, Jamaican feverplant, Nohu, Cockle Corn, False puncture vine, Jamaica fever plant, Jamaica Feverplant, Abrojo, Herbe soleil",Tribulus cistoides,L.,5421117,873411-1,
1356333,"Goathead, Caltrop, Tribulus, Cat's-head, Common dubbletjie, Puncturevine, Goat's-head, Devil's-thorn, Devil's-weed, Small caltrops, Mexican sandbur, Texas sandbur, Bullhead, Burnut, Land caltrop, Common caltrop, Goathead bur-nut, Common puncturevine, Maltese cross, Puncture weed, Calthrop, Caltrops, Cat´s-Head, Devil's eyelashes, Devil´s-Thorn, Devil´s-Weed, Goats Head, Land calotrops, Land caltrops, Puncture Plant, خار خسک, పళ్లేరు, Dangoro",Tribulus terrestris,L.,5421116,873489-1,LC
1408777,Indian Borage,Trichodesma indicum,(L.) Sm.,7294949,77076368-1,
1424303,"Camelbush, Cattlebush, Rough bluebell, African borage, Lateweed",Trichodesma zeylanicum,(Burm.f.) R.Br.,7294697,121302-1,
1635495,,Trichoglottis triflora,(Guillaumin) Garay & Seidenf.,2802199,660575-1,
1722317,,Trichomanes apiifolium,C.Presl,5532934,17227780-1,
1720652,,Trichomanes bimarginatum,(Bosch) Bosch,5532799,17228080-1,
1720663,Two-dotted bristle fern,Trichomanes bipunctatum,Poir.,7315509,17228090-1,
1720666,,Trichomanes humile,G.Forst.,5532839,17229930-1,
1720660,,Trichomanes maximum,Blume,7315623,17230810-1,
1422119,Tiny bristle fern,Trichomanes minutum,Blume,5275187,17231010-1,
1530200,,Trichosanthes cordata,Roxb.,7404797,294167-1,
1719261,,Trichosanthes costata,Blume,3624992,294172-1,
1384417,"Snake gourd, Annual gourd, Club gourd, Long tomato, Serpent gourd, Wild snake gourd, Malabar Patola, పొట్ల, Padwal, പടവലം, Serpent Cucumber",Trichosanthes cucumerina,L.,2874605,294175-1,
1418573,"Pointed gourd, পটল (Potol)",Trichosanthes dioica,Roxb.,2874607,294185-1,
1430916,"Chinese-cucumber, Chinese snake gourd, Mongolian snakegourd, Tian hua fen, Mongolian snake-gourd, Gua lou",Trichosanthes kirilowii,Maxim.,3624240,294222-1,
1530211,,Trichosanthes laceribractea,Hayata,3624205,294224-1,
1719262,,Trichosanthes scabra,Lour.,3623176,294294-1,
1635673,,Trichotosia ferox,Blume,2789353,660660-1,
1589000,,Tricyrtis maculata,(D.Don) J.F.Macbr.,2752109,542488-1,
1374112,"Tridax daisy, Coat-buttons, Dagad-phul, Tridax, Mexican daisy, Coat-button, Coatbottons, గడ్డి చామంతి",Tridax procumbens,L.,3149462,257735-2,
1720146,Five-leaf carpetweed,Trigastrotheca stricta,(L.) Thulin,9621654,77158654-1,
1363680,"Fenugreek, Greek hay, Greek-clover, Sicklefruit fenugreek, Haleuba, Klabhet, मेथी, Common fenugreek, Classical Fenugreek, Greek Hay-seed, Cultivated Trigonella, Fenu-greek Trigonella, మెంతి, شنبلیله",Trigonella foenum-graecum,L.,5360475,523957-1,
1547652,,Trigonostemon viridissimus,(Kurz) Airy Shaw,3063434,358080-1,LC
1596726,"Pointed-petal trillium, A Pearl on Head, Mountain Woods Trillium, Tschonosk Trillium, Tschonoskii’s Wakerobin",Trillium tschonoskii,Maxim.,2742237,542611-1,EN
1407361,"Lime-berry, Sweet lime, Orange berry, Trifoliate limeberry, Demon de China, Limon-China, Limoncito, Triphasia, Myrtle Lemon, Moth Lemon, Sweet Lemon, Wild Lime, Trifoliate lime berry, Chinese lime",Triphasia trifolia,(Burm.f.) P.Wilson,3190406,258565-2,
1759631,"Munj, Sarkanda, Sweet cane",Tripidium bengalense,(Retz.) H.Scholz,4116612,77075504-1,
1389835,"Ravenna Grass, Italian Sugarcane",Tripidium ravennae,(L.) H.Scholz,6431296,77075505-1,LC
1491580,,Triplostegia glandulifera,Wall. ex DC.,4195307,320460-1,
1655882,,Tripogon filiformis,Nees ex Steud.,4116290,424936-1,
1365116,"Guatemalan gamagrass, Grama-Guatemala, Guatemala grass",Tripsacum laxum,Nash,2705532,287719-2,LC
1781490,,Tripterospermum volubile,(D.Don) H.Hara,7270557,371311-1,
1430937,,Tristaniopsis merguensis,(Griff.) Peter G.Wilson & J.T.Waterh.,3187994,911575-1,LC
1424462,"Australian goldvine, Galphimia-vine, Maiden's-jealosy, Shower-of-gold, Golden vine, Maiden's jealousy, Shower of gold climber, Vining galphimia, Vining milkweed, Bagnit, Shower-of-gold vine",Tristellateia australasiae,A.Rich.,3983468,557928-1,
1361987,,Tristicha trifaria,(Bory ex Willd.) Spreng.,7296095,688630-1,
1363483,"Wheat, Common Wheat, Bread Wheat, Soft Wheat, Canadian hard winter wheat, Cultivated Wheat, గోధుమ, گندم, Ukolweni, গম, Chakki ka aata, गहुँ, Kviečiai, Σίτος ο μαλακός, Grâu comun",Triticum aestivum,L.,7795888,332110-2,
1363487,"Rivet wheat, Wild Emmer, Wild Emmer Wheat, Cone wheat, Poulard wheat, Turgid wheat, English wheat, Durum wheat, گندم ماکارونی،  گندم دروم،, Pšenice Naduřelá (CZ)",Triticum turgidum,L.,2706406,316216-2,LC
1379512,Common Burbush,Triumfetta annua,L.,4261116,835731-1,
1432441,,Triumfetta pilosa,Roth,7791388,835937-1,
1426653,,Triumfetta procumbens,G.Forst.,7149866,835945-1,
1719483,,Triumfetta repens,(Blume) Merr. & Rolfe,4261472,835959-1,
1359647,"Chinese-bur, Chineseshrub, Paroquet-bur, Chinese burr, Diamond burbark, Burbush, Burr bush, Hibiscus burr, Diamond burrbark, Wild Maho, Paroquet burr, African burrbark, Burweed, Common Burbush, Triumfetta",Triumfetta rhomboidea,Jacq.,3152069,320787-2,
1424307,,Triumfetta rotundifolia,Lam.,4261392,835968-1,
1432442,Tomentose burbark,Triumfetta tomentosa,Bojer ex Bouton,7920878,836005-1,
1356229,"Nasturtium, Garden-Nasturtium, گل  لادن, Indian cress, Common nasturtium, Large Indian cress, Great Indian Cress, Yellow Larkspur, Chinese juniper, Garden Nasturnium, Monks Cress, Condurul-doamnei, Conduraș, Nemțoaică, Bobidragi, Monkey Face, Capuchinas, Kappertjie (Afrikaans), Water-lilies, Nicola Sturgeon, Tropaeolum majus",Tropaeolum majus,L.,2889934,310974-2,
1701836,"Himalayan hemlock, Yunnan hemlock",Tsuga dumosa,(D.Don) Eichler,2687227,264009-1,LC
1403645,"Politician's Flower, White Alder, White Butter Cup, Politician's plant, కాకతీయ కలువ, Flor-do-guarujá, White buttercup, Damiana, Yolanda",Turnera subulata,Sm.,4161154,836689-1,
1364094,"Ramgoat dashalong, Buttercup plant, Yellow-alder, Sage-rose, West Indian-holly, Buttercup flower, False damiana, Yellow buttercups, Yellow elder, Turnera, Bahama buttercup, Buttercup bush, Large-leaf damiana, Ranker's flower, Elm-leaved Turnera, Narrowleaf yellow alder, Cuban Buttercup, Brazilian Damiana, అల్లెనంద, Ram-Goat-Dash-Along, Tunera, Goatweed",Turnera ulmifolia,L.,2874852,836702-1,LC
1361721,"Narrow-leaf cattail, Nailrod, Cattail, Lesser reed-mace, Lesser-bulrush, Small reed-mace, Narrow-leaved cattail, Lesser reedmace, Narrow-leaf cat-tail, Narrowleaf cattail, Bak dah, Lesser Cattail, Cat's tail, Tunga (తుంగ), لوئی",Typha angustifolia,L.,5289461,259280-2,LC
1363337,"Narrow-leaf cumbungi, Cattail, Lesser reed-mace, Reed-mace, Small bulrush, Southern Cat-Tail, Southern cattail, Elephant grass, Lesser Indian reed mace, Narrow leaf cat-tail, Totora, Tule cattail",Typha domingensis,Pers.,5289534,836837-1,LC
1694385,"Oriental cattail, Broadleaf cumbungi, Lesser reed-mace, Bullrush, Cumbungi, Raupo",Typha orientalis,C.Presl,5289521,836892-1,LC
1408807,Dwarf voodoo lily,Typhonium blumei,Nicolson & Sivad.,2869495,898979-1,
1385970,"Rodent tuber, Dwarf Voodoo Lily",Typhonium roxburghii,Schott,2869636,89262-1,
1385971,"Threelobed typhonium, Bengal arum, Lobed-leaf typhonium, ঘেঁচু/ঘ্যাটকোল/তেপাতা/খারমান (Bangla), Bengal Arum/ঘ্যাঁটকচু",Typhonium trilobatum,(L.) Schott,2869559,89268-1,
1420810,"Japanese elm, David’s elm",Ulmus davidiana,Planch.,7141651,856844-1,LC
1414124,"Chinese elm, Lacebark, Lacebark elm, Leather-leaf elm, Sageretia",Ulmus parvifolia,Jacq.,5361869,302296-2,LC
1681508,,Uncaria macrophylla,Wall.,5338193,768275-1,
1719285,"Asian foxtail, Cat-tail pea, Malay lupin",Uraria crinita,(L.) Desv. ex DC.,2956565,524384-1,
1719283,,Uraria lagopodioides,(L.) DC.,2956550,524403-1,
1719284,,Uraria picta,(Jacq.) Desv. ex DC.,2956572,524417-1,LC
1463333,,Urceola rosea,(Hook. & Arn.) D.J.Middleton,5535797,977799-1,
1402068,"Hibiscus burr, Caesarweed, Bur-mallow, Aramina-plant, Pipiri, Congo-jute, Urena-weed, Caesar Bur, Cockle-bur, Polot, Common urena, Cadillo, Urena burr, Indian mallow, Aramina fibre plant, Ballard bush, Wild sorrel, Chosuched e kui, Jute africain, বন-ওকড়া (Bangla), Bachita (Hindi), నల్ల బెండ, Nnadozie Godwin",Urena lobata,L.,3152253,564786-1,LC
1787898,,Urena rigida,Wall. ex Mast.,11042823,564814-1,
1723204,"Palisade Signalgrass, Bread grass, Palisade grass, Palisade signal grass, Signal grass, Large-seeded panicgrass, St Lucia grass",Urochloa brizantha,(A.Rich.) R.D.Webster,2705862,943736-1,
1723205,,Urochloa dictyoneura,(Fig. & De Not.) Veldkamp,4150823,992521-1,
1748372,,Urochloa distachyos,(L.) T.Q.Nguyen,10902071,426250-1,
1718568,"Congo signal grass, Surinam grass",Urochloa eminii,(Mez) Davidse,4150772,974586-1,
1424319,"Thurston grass, Common brachiaria, Common signal grass",Urochloa glumaris,(Trin.) Veldkamp,4150566,992523-1,
1409010,"Dutch grass, Mauritius grass, Para grass, Mauritius signal grass, Scotch grass, California grass, Water grass, Buffalo grass, Carib grass, Scottish grass, Giant couch, Tall panicum, Mauritius signalgrass",Urochloa mutica,(Forssk.) T.Q.Nguyen,2705848,426266-1,
1394709,"Panic liverseed grass, Sharp-flowered Signal-grass, Liverseed grass, Sharp-flower signal grass, Urochloa grass, Garden urochloa, Sharp-flowered signalgrass",Urochloa panicoides,P.Beauv.,2705869,426270-1,LC
1724451,"Carib grass, Caribbean cupgrass",Urochloa polystachya,(Kunth) Mabb.,10788355,77164258-1,
1409013,"Browntop millet, Dixie Signalgrass",Urochloa ramosa,(L.) T.Q.Nguyen,2705875,426279-1,
1363375,"Creeping-panic grass, Running grass, Sprawling signal grass, Sprawling Liverseed Grass, Sprawling signalgrass, Sprawling panicum",Urochloa reptans,(L.) Stapf,2705833,426280-1,
1410932,"Armgrass millet, Cori grass, Green summer grass",Urochloa subquadripara,(Trin.) R.D.Webster,2705831,943744-1,
1364429,"Round-seeded urochloa, Gonya-grass, Signal grass",Urochloa trichopus,(Hochst.) Stapf,4149632,426289-1,
1721002,Hairy signalgrass,Urochloa villosa,(Lam.) T.Q.Nguyen,2705839,426291-1,
1774580,,Urtica mairei,H.Lév.,7300916,857718-1,
1430978,"Asian golden bladderwort, Leafy bladderwort",Utricularia aurea,Lour.,8001590,526598-1,LC
1396961,"Bladderwort, Western bladderwort",Utricularia australis,R.Br.,7297904,526603-1,LC
1588375,"Bladderwort, Bifid Bladderwort",Utricularia bifida,L.,3172406,526616-1,LC
1588383,"Bladderwort, Dense-flower bladderwort",Utricularia caerulea,L.,3172441,526656-1,
1366034,,Utricularia foveolata,Edgew.,4087796,526765-1,LC
1363625,"Conespur Bladderpod, Humped Bladderwort, Cone-spur Bladderwort, Swollen-spurred Bladderwort, Tangled bladderwort, Slender-stemmed bladderwort, Two-flower Bladderwort, Creeping bladderwort, Fibrous bladderwort",Utricularia gibba,L.,3172407,526777-1,LC
1588430,,Utricularia kumaonensis,Oliv.,4088076,526853-1,LC
1718814,,Utricularia limosa,R.Br.,4087928,526871-1,LC
1359588,"Lesser Bladderwort, Uʹcc-čääʹcckååraǩ, Small Bladderwort",Utricularia minor,L.,3172414,526922-1,LC
1588453,,Utricularia multicaulis,Oliv.,4087415,526935-1,
1366026,,Utricularia scandens,Benj.,7297948,527084-1,
1424321,Star bladderwort,Utricularia stellaris,L.f.,8076464,527125-1,
1366051,"Striped bladderwort, Tiny bladderwort",Utricularia striatula,Sm.,4087937,527130-1,LC
1366028,"Zigzag Bladderwort, Slender Bladderwort, Subulate Bladderwort, Tiny Bladderwort",Utricularia subulata,L.,3172419,260854-2,LC
1416063,"Bladderwort, Purple-flower bladderwort, Asian bladderwort",Utricularia uliginosa,Vahl,3172443,527176-1,LC
1430980,,Uvaria grandiflora,Roxb. ex Hornem.,3154445,927670-1,
1719288,Torres Strait scrambler,Uvaria rufa,(Dunal) Blume,3154300,75913-1,
1719972,,Uvaria siamensis,"(Scheff.) L.L.Zhou, Y.C.F.Su & R.M.K.Saunders",6308655,77101199-1,LC
1540764,,Vaccinium dendrocharis,Hand.-Mazz.,7328788,334355-1,
1729012,,Vaccinium glaucoalbum,Hook.f. ex C.B.Clarke,4172704,858948-1,
1729008,,Vaccinium nummularia,Hook.f. & Thomson ex C.B.Clarke,7328328,859057-1,
1729009,,Vaccinium retusum,(Griff.) Hook.f. ex C.B.Clarke,4168643,859112-1,
1540892,,Vaccinium vacciniaceum,(Roxb.) Sleumer,7939489,334730-1,
1409148,"Cassie, Huisache, Sweet acacia, Mimosa-bush, Scented wattle, Fragrant acacia, Ellington-curse, Sweet wattle, Prickly mimosa-bush, Prickly moses, Prickly-mimosa, Ironwood, Opopanax, Needle bush, Cassie flower, Farnese wattle, Perfumed wattle, Sponge flower, Opopanax black-thorn, Popianac, Casse flower, Ellington's curse, Popinac, Ancient Cassie, Spunge Tree",Vachellia farnesiana,(L.) Wight & Arn.,2979265,1099713-2,LC
1751410,"All-thorn acacia, Karroo thorn, Mimosa thorn, Cape gum",Vachellia horrida,(L.) Kyal. & Boatwr.,7862591,77131726-1,LC
1422615,"Sweet-thorn, Karroothorn, Karrothorn, Mimosa thorn, Fragrant Mimosa, Cockspur Thorn",Vachellia karroo,(Hayne) Banfi & Galasso,3974754,77087189-1,LC
1419049,"Distiller's acacia, White babul",Vachellia leucophloea,"(Roxb.) Maslin, Seigler & Ebinger",7769517,77132539-1,LC
1410253,"Gum arabic tree, Black Piquant, Cassie, Cassie á Piquants Blancs, Egyptian Mimosa, Egyptian Thorn, Motse, Scented-thorn, Wattle (East Africa), Acacia, Scented-pod acacia, Egyptian acacia, Babul, Babul acacia, Thorn mimosa, Thorny acacia, Prickly acacia, Nile acacia, Indian gum-arabic-tree, Black babul, Arabic Gumtree, Gum arabic, Babool, Babbur Sindhi",Vachellia nilotica,(L.) P.J.H.Hurter & Mabb.,3974744,77089275-1,LC
1729440,Indian valerian,Valeriana jatamansi,Jones ex Roxb.,10921199,60458931-2,
1463338,Bread flower,Vallaris glabra,(L.) Kuntze,5535734,82646-1,
1369890,Bread Flower,Vallaris solanacea,(Roth) Kuntze,5535699,82660-1,
1430991,Asian tape grass,Vallisneria natans,(Lour.) H.Hara,2865504,431989-1,LC
1356033,"Coiled vallisneria, Eelgrass, Eelweed, Tape-grass, Straight eelgrass, Straight vallisneria, Tapeweed, Vallisneria, گندمی،, آب فنر،",Vallisneria spiralis,L.,2865526,431996-1,LC
1728749,,Vanda ampullacea,(Roxb.) L.M.Gardiner,8383243,77121486-1,
1635863,,Vanda bensonii,Bateman,2783184,660976-1,
1635864,Two-colored vanda,Vanda bicolor,Griff.,2783147,660978-1,
1635867,,Vanda brunnea,Rchb.f.,2783189,660981-1,
1790446,,Vanda christensoniana,(Haager) L.M.Gardiner,8031801,77121553-1,
1410122,"Blue orchid, Blue Vanda, Orchid, ꯀ꯭ꯋꯥꯛꯂꯩ, Mystique Orchid",Vanda coerulea,Griff. ex Lindl.,2783163,660987-1,
1635871,"Periwinkle Pinwheel, Lipgloss Orchid, Blue Orchid, Sky-blue Vanda",Vanda coerulescens,Griff.,2783181,660988-1,
1635872,"One-coloured Vanda, One-colored vanda",Vanda concolor,Blume,2783158,660990-1,
1635874,,Vanda cristata,Wall. ex Lindl.,2783166,660994-1,
1783485,,Vanda curvifolia,(Lindl.) L.M.Gardiner,7444833,77121554-1,
1635876,,Vanda denisoniana,Benson & Rchb.f.,2783194,660999-1,
1635878,,Vanda flabellata,(Rolfe ex Downie) Christenson,2783134,942281-1,
1787757,,Vanda garayi,(Christenson) L.M.Gardiner,8223277,77121557-1,
1635911,Grey orchid,Vanda tessellata,(Roxb.) Hook. ex G.Don,2783229,661083-1,LC
1373327,Spreading False Pimpernel,Vandellia diffusa,L.,5414978,262512-2,LC
1635917,,Vandopsis gigantea,(Lindl.) Pfitzer,5308485,661115-1,
1635921,,Vanilla albida,Blume,2803437,661140-1,
1781498,,Vatica lanceifolia,(Roxb.) Blume,7546421,321657-1,CR
1431006,,Vatica maingayi,Dyer,5669294,321668-1,VU
1666093,,Ventilago denticulata,Willd.,7273609,719117-1,
1431026,,Ventilago madraspatana,Gaertn.,4928549,719143-1,
1767582,Chinese mullein,Verbascum coromandelianum,(Vahl) Hub.-Mor.,7333197,810960-1,
1360860,"Vervain, Official vervain, Wild verbena, Turkey-grass, Common verbena, Common vervain, Simpler's-joy, Herb of the cross, Holywort, European vervain, Herb-of-the-cross, Holy herb, Pigeon's grass, Kumatsuzura, Ma bian cao",Verbena officinalis,L.,2925529,330554-2,
1376001,"Chinese wood-oil-tree, Tung-oil-tree, Candle-nut tree, Tungoil tree, Tung oil tree, Tung tree, Chinese wood-oil tree",Vernicia fordii,(Hemsl.) Airy Shaw,3074906,358198-1,LC
1376003,"Chinese wood-oil-tree, Abrasin-oil-tree, Wood-oil-tree, Mu-oil-tree, Chinese tung-oil-tree, Cantonese wood-oil-tree, Tung, Candlenut Tree, Chinese wood-oil tree, Mu oil tree",Vernicia montana,Lour.,3074918,358199-1,LC
1364062,"Blue water speedwell, Brook-pimpernel, Water speedwell, Water pimpernel, Brook Speedwell, سیزاب آبی",Veronica anagallis-aquatica,L.,3172086,811610-1,LC
1729014,,Veronica himalensis,D.Don,7332250,812088-1,
1373173,"Duo zhi po po na, Hama-kuwagata",Veronica javanica,Blume,3730342,812151-1,
1729013,,Veronica umbelliformis,Pennell,3724623,812788-1,
1774606,,Viburnum atrocyaneum,C.B.Clarke,7272467,149561-1,
1729001,,Viburnum cylindricum,Buch.-Ham. ex D.Don,3856469,149638-1,
1729000,,Viburnum erubescens,Wall. ex DC.,8314393,149672-1,
1447865,,Viburnum foetidum,Wall.,3855535,149684-1,
1447870,,Viburnum glomeratum,Maxim.,7272736,149706-1,LC
1791326,,Viburnum hoanglienense,"J.M.H.Shaw, Wynn-Jones & V.D.Nguyen",7943110,77116207-1,
1447896,,Viburnum luzonicum,Rolfe,7272546,149799-1,LC
1729007,,Viburnum mullaha,Buch.-Ham. ex D.Don,7272477,149832-1,LC
1729006,,Viburnum nervosum,D.Don,7272463,149840-1,LC
1417575,"Sweet arrowwood, Awabuki viburnum, Sweet viburnum",Viburnum odoratissimum,Ker Gawl.,2888626,149848-1,LC
1363676,"Broad Bean, Fava-bean, Bell-bean, Faba-bean, Horsebean, فول, English Bean, Field Bean, Small Bean, Tick Bean, Windsor Bean, Broad vetch, باقلا",Vicia faba,L.,2974832,524737-1,
1741669,"Lentil, Cultivated lentil",Vicia lens,(L.) Coss. & Germ.,3973001,524872-1,
1359572,"Broad-pod vetch, Wandering Vetch, Broad-podded Vetch, Rambling Vetch",Vicia peregrina,L.,2975262,525037-1,LC
1359575,"Common Vetch, Lints, Tare, Garden Vetch, Infield Narrow-leaf Vetch, Narrowleaf Vetch, Spring Vetch, Vetch, Pebble-vetch, Broad-leaved purple vetch, Summer vetch, Black-pod vetch, ماشک, Common Vicia, Mazariche de primavara, Sējas Vīķis (LVL)",Vicia sativa,L.,2975014,525117-1,LC
1359578,"Bramble vetch, Fine-leaf vetch, Cow vetch, Fine-leaved vetch, Slender-leaved tufted vetch, Slender-leaved Vetch, Slender-leaf Vicia, Bükköny, Smalklapu Vīķis (LVL), Foxglove, Fineleaf Vetch",Vicia tenuifolia,Roth,2975188,525193-1,LC
1729711,,Vicoa indica,(L.) DC.,3146542,259717-1,
1725273,"Amazon Waterlily, Giant water lily, Amazon water-lily, Water platter",Victoria amazonica,(Poepp.) Klotzsch,10899859,605776-1,
1419053,"Adzuki Bean, Red mung bean",Vigna angularis,(Willd.) Ohwi & H.Ohashi,2982508,525291-1,LC
1359582,"Dalrymple vigna, Hairypod Cowpea, Akwari, Kashilka, Lubiya Tajyib, Mare, Yellow beach pea, Goat wiss, Wild Cow-pea, Deer pea, Momi fir",Vigna luteola,(Jacq.) Benth.,2982573,525419-1,LC
1368151,"Dune-bean, Notched cowpea, Sea-bean, Mhihi, Beach Bean, Haricot du Bord de Mer, Liane Ronde, Nikko fir, Pine Lautolo, Shore Bean, Tutu Faroa, Batatarana, Field Bean, M_x001D_hihi",Vigna marina,(Burm.) Merr.,2982571,525428-1,LC
1368177,"Mung bean, Black gram, Urd bean, Urdi Black Bean, Urad dal",Vigna mungo,(L.) Hepper,2982533,525443-1,
1408822,"Mung Bean, Celera-bean, Green-gram, Mungo-bean, Green Gam, Jerusalem Pea, Oregon pea",Vigna radiata,(L.) R.Wilczek,2982380,525492-1,LC
1368178,"Jungli-bean, Three-lobe-leaf cowpea, African gram, Jungle mat bean, Three-lobe-leaved cowpea, Math Bean",Vigna trilobata,(L.) Verdc.,2982455,525549-1,
1419056,"Oriental-bean, Rice Bean, Climbing mountain-bean, Mambi-bean",Vigna umbellata,(Thunb.) Ohwi & H.Ohashi,2982753,525554-1,
1359585,"Cowpea, Reeve's-pea, Snake-bean, Kacang lindung, Blackeyed pea, Black-eyed-bean, Black-eyed pea, Common cowpea, Southern pea, Black-eye pea, Long bean, Asparagus Bean, Black-eyed-pea, Pois Liane, Pois Manger Cochon, Twin Flower, Yard Long Bean, Subalpine fir, لوبیا چشم بلبلی, Purple Hull Pea, Sitaw",Vigna unguiculata,(L.) Walp.,2982583,1127257-2,
1406692,"Zombi pea, Wild cowpea, Wild sweetpea",Vigna vexillata,(L.) A.Rich.,2982409,525561-1,
1718856,"Emetic swallowwort, Indian ipecac",Vincetoxicum indicum,(Burm.f.) Mabb.,10787822,77164260-1,
1397123,"Alpine yellow violet, Two-flower violet, Arctic yellow violet, Twinflower violet, Northern violet, Northern yellow violet, Yellow wood violet, Twin-flowered Violet, Two-flowered Violet, Twoflower Violet",Viola biflora,L.,5331325,867746-1,
1697234,,Viola diffusa,Ging.,8106870,868041-1,
1721240,,Viola hamiltoniana,D.Don,5664666,868279-1,
1408825,Long Sepal Violet,Viola inconspicua,Blume,7296357,868371-1,
1360872,"Sweet violet, Garden violet, English violet, Florist's violet, Common violet, Aeppelleaf, Wood violet, Æppellēaf, March Violet, Sweet Blue Violet, Marsh violet, Viola odorata, Violeta",Viola odorata,L.,5331181,868828-1,
1356215,"Pansy, Johnny jumpup, Viola, Wild Pansy, Johnny-jump-up, Heartsease, Field pansy, Heart's-ease, Miniature pansy, Love-in-idleness, European wild pansy, Herb trinity, Three-colored Violet, Pansy violet, Johnny Jump Up, Heart's Delight, Ladies'-delight, Three-coloured Violet, Wild violet, Banewort, بنفشه, Dan i noć, گل بنفشه, Stemorsblomster, Viola lutea",Viola tricolor,L.,5331347,869428-1,
1361900,"European Mistletoe, Mistletoe, Druid's Herb, Common mistletoe, Imela, White-berried mistletoe, Masslinn",Viscum album,L.,2889828,300881-2,
1362719,"Toothpickweed, Bishop's Flower, Toothpick-plant, Toothpick bullwort, Toothpick ammi, Khella, False Queen Anne's Lace, Ammi visnaga, Bisnaga, Visnaga, Viznaga (ES), Kella, Bishop's Weed",Visnaga daucoides,Gaertn.,5371753,849956-1,
1424333,Milla,Vitex altissima,L.f.,7409354,865578-1,LC
1752283,Simpleleaf chastetree,Vitex bicolor,Willd.,3886953,865610-1,
1408828,"Smooth Chastetree, Black-plum",Vitex glabrata,R.Br.,2925565,865735-1,LC
1378635,"Chinese chastetree, Five-leaf chastetree, Five Leaved Chaste, Chinese Chaste Tree, Five-leaved chaste tree, Horseshoe vitex, Vitex, Common Chaste Tree, Negundo, Negundo Chaste-tree, Chaste tree, Huang ping, Negundo chastetree, Ngũ trảo, Lagundi, వావిలి / సింధువార, Nirgudi",Vitex negundo,L.,2925564,865894-1,LC
1424335,"Malayan teak, Leban, Feathery Vitex, Feathered Vitex",Vitex pinnata,L.,7309306,865935-1,LC
1431046,,Vitex quinata,(Lour.) F.N.Williams,8276186,865957-1,LC
1779280,"Beach vitex, Roundleaf Chastetree, Round-leaf chastetree, Kahakai, Kolokolo, Pohinahina",Vitex rotundifolia,L.f.,2925558,865973-1,
1408829,"Indian three-leaf vitex, Indian wild pepper, Indian-privet, Hand-of-Mary, Simple-leaf chastetree, Simpleleaf Chastetree, Arabian lilac, Common blue vitex, Hand of Mary, Simple-leaf Chaste-tree, Three-leaved Chaste Tree, Man jing, San ye man jing, كف مريم, שיח אברהם משולש ארגמני, الإرثد, پنج انگشتی ابلق, پنج انگشتی برگ قرمز",Vitex trifolia,L.,2925561,866039-1,LC
1431050,"Creeping grape, Creeping grapevine",Vitis flexuosa,Thunb.,7293919,68717-1,
1363005,"Concord grape, Fox grape, Skunk grape, Northern Fox Grape, Slip-skin grape, American grape, Rick roll, Grape",Vitis labrusca,L.,5372424,307691-2,
1356217,"European grape, Grape, انگور, Common grapevine, Grapevine, Table grape, Wine grape, Ayitâ, Wild Grape, Vine, European Wine Grape, Domestic Grape, Grapes, Angur, ద్రాక్ష, Ornamental Grape, Viță de vie, Üzüm , asma yaprağı, גפן אירופוס, Ყურძენი",Vitis vinifera,L.,5372392,30478388-2,LC
1362857,"Embrert, အယောပ်၊ တၞံ, Indian privet, Garden quinine, Sorcerers Bush, Wild Jasmine, شمشاد اهوازی",Volkameria inermis,L.,2925354,866113-1,
1363577,Hippo grass,Vossia cuspidata,(Roxb.) Griff.,5289907,426600-1,LC
1490662,,Wahlenbergia hookeri,(C.B.Clarke) Tuyn,5413478,145782-1,
1431055,"Southern rockbell, Asiatic bellflower",Wahlenbergia marginata,(Thunb.) A.DC.,5413733,145830-1,
1380288,,Wajira grahamiana,(Wight & Arn.) Thulin & Lavin,3969619,77063758-1,
1470405,,Wallichia caryotoides,Roxb.,5294580,670249-1,LC
1470406,,Wallichia disticha,T.Anderson,5294572,670254-1,
1470411,,Wallichia oblongifolia,Griff.,5294575,670259-1,
1431057,,Walsura robusta,Roxb.,3851341,579946-1,
1356188,"Leather-coat, Monkeybush, Buff-coat, Boaterbush, Sleepy-morning, Velvetleaf, Uhaloa, Marsh Mallow, Mash Mellow, Waltheria, Florida waltheria, Indian waltheria, Velvet bush, Basora prieta, Escobillo blanco, Guimauve",Waltheria indica,L.,5406665,320781-2,LC
1718812,Dudipala,Wattakaka volubilis,(L.f.) Stapf,7316683,103061-1,
1789784,,Whitfordiodendron erianthum,(Benth.) Dunn,8522685,525732-1,
1729018,,Wikstroemia canescens,Meisn.,8324421,833059-1,
1414745,"Tiebush, Indian stringbush, Bootlace bush, Small-leaf salago",Wikstroemia indica,(L.) C.A.Mey.,5524676,833115-1,
1424342,"White velvetleaf, White velvet-leaf",Wissadula periplocifolia,(L.) Thwaites,3152302,1213890-2,
1778417,,Wisteriopsis eurybotrya,(Drake) J.Compton & Schrire,10018769,77198995-1,
1778416,,Wisteriopsis reticulata,(Benth.) J.Compton & Schrire,10514274,77198992-1,
1356180,"Ashwagandha, Winter-cherry, Withania, Rennet, Poisonous gooseberry, Indian ginseng, Poison gooseberry, పెన్నేరు గడ్డ / పులివేండ్రం, Olosida, Indian Winter-cherry, Horseplant",Withania somnifera,(L.) Dunal,2928840,821709-1,
1421042,Asian watermeal,Wolffia globosa,(Roxb.) Hartog & Plas,5330098,1135607-2,LC
1375111,"Sea daisy, Honolulu Nehe, Beach Sunflower, Wedelia",Wollastonia biflora,(L.) DC.,5386813,260687-1,
1376514,"Shiranji-tea, Woodfordia, Fire-flame-bush, Dhataki, Fire-flame bush",Woodfordia fruticosa,(L.) Kurz,5635525,554290-1,LC
1418014,,Woodwardia unigemmata,(Makino) Nakai,5665840,17365530-1,
1431073,Woolly dyeing rosebay,Wrightia arborea,(Dennst.) Mabb.,5535418,82831-1,LC
1463442,,Wrightia coccinea,(Roxb. ex Hornem.) Sims,5535400,82841-1,LC
1431074,,Wrightia laevis,Hook.f.,7317439,82858-1,LC
1431075,,Wrightia pubescens,R.Br.,7908508,82875-1,LC
1463457,"Water jasmine, Wild water plum",Wrightia religiosa,(Teijsm. & Binn.) Benth. ex Kurz,8213190,82877-1,
1784094,Pala indigo,Wrightia tinctoria,(Roxb.) R.Br.,5536686,82890-1,LC
1773530,,Wurfbainia villosa,(Lour.) Škorničk. & A.D.Poulsen,11082522,77178295-1,LC
1361786,"Common cockleburr, Large cockleburr, Rough cockleburr, Californian Burr, Burweed, Cocklebur, Oriental cocklebur, మరుల మాతంగి",Xanthium orientale,L.,3089146,260872-1,
1355898,"Rough cocklebur, California-bur, Canada cocklebur, Siberian cocklebur, Cocklebur, Ditchbur, Large cocklebur, Noogoora-bur, Burweed, Clotbur, Cockleburr, Common Cocklebur, Rough Cockleburr, Canada Cockleburr, Common Cockleburr, European Cocklebur, Noogoora Burr, Sheep's Bur, Beach cocklebur, Broad cocklebur, Heart-leaf cocklebur, Donkey burr, మరుల మాతంగి, زردینه، توق, Cornet (RO), Burdock, Burrweed Cockleburr",Xanthium strumarium,L.,3089154,260893-1,
1779773,"Vietnamese golden cypress, Golden Vietnamese Cypress",Xanthocyparis vietnamensis,Farjon & T.H.Nguyên,2683904,20006840-1,EN
1431080,,Xanthophyllum ellipticum,Korth. ex Miq.,4051861,692833-1,LC
1431081,Lilin,Xanthophyllum eurhynchum,Miq.,7293612,692835-1,LC
1431083,,Xanthophyllum flavescens,Roxb.,7580773,692837-1,LC
1431087,,Xanthophyllum obscurum,A.W.Benn.,4051314,692876-1,LC
1718602,"African Morningvine, Mile-a-minute",Xenostegia tridentata,(L.) D.F.Austin & Staples,2928381,909844-1,
1362650,"Paper daisy, Strawflower, Paper-flower, Yellow paper daisy, Golden everlasting, Straw daisy, Bracted strawflower, Bracted everlasting, Garden everlasting, Xerochrysum",Xerochrysum bracteatum,(Vent.) Tzvelev,3102871,962307-1,
1719342,,Xerospermum noronhianum,(Blume) Blume,9209685,785626-1,LC
1406171,"Tallowwood, Tallownut, False sandalwood, Yellow-plum, Hog plum, Tallow-wood plum, Sea lemon, Blue sourplum, Spanish Plum, Wild Plum, Yellow sanders, Buol, False santalwood, Monkey plum, Mountain plum, Seaside plum, Tallowwood plum, Wild lime, Wild olive",Ximenia americana,L.,2889811,316341-2,LC
1748659,"Burma Ironwood, Pyinkado ironwood, Ironwood of Burma",Xylia xylocarpa,(Roxb.) W.Theob.,7976013,941653-1,LC
1431104,"Cannon ball tree, Apple mangrove, Cannonball mangrove, Cannonball-tree, Cedar mangrove, Monkey puzzle fruit, Monkey puzzle nuts",Xylocarpus granatum,J.Koenig,3190517,579970-1,LC
1424810,"Cedar mangrove, Puzzlenut",Xylocarpus moluccensis,(Lam.) M.Roem.,3190516,579974-1,LC
1414920,Cedar mangrove,Xylocarpus rumphii,(Kostel.) Mabb.,3850981,911650-1,LC
1684369,,Xylosma longifolia,Clos,3879719,112152-1,LC
1431117,"Common xyris, Yellow-eyed grass",Xyris capensis,Thunb.,2692791,871379-1,LC
1431118,"Hawai'i yelloweyed grass, Hawai'i yellow-eyed grass, Yellow-eyed grass",Xyris complanata,R.Br.,2693047,871397-1,LC
1778420,Tiny Slitwort,Yamazakia pusilla,"(Willd.) W.R.Barker, Y.S.Liang & Wannan",11067359,77201455-1,LC
1778421,,Yamazakia viscosa,"(Hornem.) W.R.Barker, Y.S.Liang & Wannan",11084629,77201454-1,LC
1373670,"Japanese hawksbeard, Oriental false hawksbeard, Oriental hawksbeard, Oriental False Hawk's-Beard, Youngia, Native hawksbeard, Asiatic hawksbeard, Japanese hawkweed",Youngia japonica,(L.) DC.,5387974,1124129-2,
1389956,"Indian Fountain-bamboo, Anceps bamboo",Yushania anceps,(Mitford) W.C.Lin,4143248,426779-1,
1656172,,Yushania microphylla,(Munro) R.B.Majumdar,4142533,962136-1,
1363359,"Horned-pondweed, Horned Poolmat",Zannichellia palustris,L.,2756540,603593-1,LC
1683170,Andaliman,Zanthoxylum acanthopodium,DC.,7269121,775546-1,LC
1420546,"Winged prickly-ash, Nepal pepper, Timber, Timboor",Zanthoxylum armatum,DC.,7716390,775583-1,LC
1749718,,Zanthoxylum asiaticum,"(L.) Appelhans, Groppo & J.Wen",10789822,77194041-1,
1683248,Prickly ash,Zanthoxylum oxyphyllum,Edgew.,3835722,775920-1,LC
1363500,"Corn, Sweet Corn, Maize, Indian corn, Turkey wheat, Teosinthe, Blave, Câlâmbuchiu, Jagong, Jagung, Kareyɛna, Maiki, Mais, Mazi, Mi, Ová'kemâhaemenôtse, Rigi, Swakpat, Teosinte, Ca᷆yt cígɔ᷆rdà, Kamaana, Karu, Maissâ, Tšhela letswai, Zumri, Нартюх, कःनि, जोन्हरी, मक्का, ᏎᎷ, ꯆꯨꯆꯥꯛ, Maíz, మొక్కజన్న, ذرت, Masara, Koruza, Καλαμπόκι, मकै, Ummbila, Broom corn",Zea mays,L.,5290052,426810-1,LC
1719351,Japanese wild cucumber,Zehneria japonica,(Thunb.) H.Y.Liu,7379326,947475-1,
1382704,"Amaryllis, Yellow Zephrylily, Citron zephyrlily, Citron zephyr lily, Yellow rain lily, Rain lily",Zephyranthes citrina,Baker,2859827,67211-1,
1453974,Pink rain lily,Zephyranthes minuta,(Kunth) D.Dietr.,2859919,67266-1,
1636181,,Zeuxine nervosa,(Wall. ex Lindl.) Benth. ex Trimen,2802987,661591-1,
1422179,"Lawn orchid, Soldier orchid, Soldier's Orchid, Green-lip Zeuxine, Terrestrial orchid",Zeuxine strateumatica,(L.) Schltr.,2803042,661629-1,LC
1701156,,Zingiber chrysanthum,Roscoe,2757102,798326-1,
1383765,"Ginger, Garden ginger, Cooking Ginger, Gingifer, Halia, Jaé, Jhâi, Lahia, Ulyux, Сенжефил, လဂဝ်, ꯁꯤꯡ, Common ginger, Canton Ginger, Spice Ginger, అల్లం, Jahe, Đumbir, Adrak (pakistan)",Zingiber officinale,Roscoe,2757280,798372-1,DD
1779765,Cassumunar ginger,Zingiber purpureum,Roscoe,2757204,798381-1,DD
1426750,"Beehive Ginger, Pinecone ginger, విదేశీ అల్లం, Gingerwort",Zingiber spectabile,Griff.,2757200,798388-1,DD
1409267,"Shampoo Ginger, Bitter ginger, Gamongan, Lampojâng, Pinecone ginger, Martinique ginger, Zerumbet ginger, Wild ginger, Awapumi, Red pinecone ginger, Broad-Leaved Ginger, Pine cone ginger, Lempuyang Gajah, বন আদা, Lempuyang, Channa (Malayalam), Awapuhi",Zingiber zerumbet,(L.) Roscoe ex Sm.,2757108,798401-1,DD
1374114,"Garden zinnia, Zinnia, Youth-and-age, Youth-and-old-age, Common zinnia, Elegant zinnia, Elegant Or Garden Zinnia, Young's Helleborine, Youth and old age, Wild Zinnia, Legényvirág, Nemțoaică, Rézvirág, Parastā cinija, آهار, Cârciumăreasă",Zinnia elegans,Jacq.,3111754,261331-1,
1397251,"Mexican zinnia, Narrow-leaved Zinnia, Orange Zinnia, Zinnia, گل آهار, گل آهاری پیر و جوان, اسطنبولي, زينيا",Zinnia haageana,Regel,3111813,261341-1,
1718570,"Manchurian wildrice, Manchurian wild rice",Zizania latifolia,(Griseb.) Hance ex F.Muell.,10919373,426967-1,
1666112,,Ziziphus incurva,Roxb.,3876080,719210-1,LC
1360271,"عناب, Jujube, Chinese Date, Chinese jujube, Common jujube, Jujube red date, Indian jujube, Indian plum, Jujube tree, سدر(کنار), రేగు, Китайски хинап, Royal Hustler Ivy, Китайска фурма, Kayu manis, Chinese Pistache",Ziziphus jujuba,Mill.,3039423,719213-1,LC
1363983,"Indian jujube, Ber, Chinese-apple, Chinese-date, Indian-cherry, Indian-plum, Common jujube, Cottony jujube, Chinee Apple, India Jujube, Jujube tree, Malay-jujube, Beri, Jujube, రేగి, Bidara, کنار هندی",Ziziphus mauritiana,Lam.,3039424,719349-1,LC
1424348,"Jhâribu', Jackal jujube, Wild jujube, పరికి చెట్టు",Ziziphus oenopolia,(L.) Mill.,3875331,52320-3,LC
1666130,,Ziziphus rugosa,Lam.,7273665,719414-1,LC
1402890,,Zornia diphylla,(L.) Pers.,5355258,30026493-2,
1408850,,Zornia gibbosa,Span.,5355266,526017-1,
1361723,"Eelgrass, Common eelgrass, Seawrack, Common Eel-Grass, Narrow-Leaved Eelgrass, Grasswrack, Grassweed",Zostera marina,L.,2863967,603618-1,LC
1365716,"Japanese lawn grass, Korean grass, Korean lawn grass, Zoysia, Korean lawngrass, Japanese Zoysiagrass, Japanese Lawngrass, Shiba",Zoysia japonica,Steud.,2704737,271349-2,
1365718,"Zoysia, Japanese carpet grass, Korean grass, Manila grass, Siglap grass, Zoysia grass, Flawn, Manila Temple Grass, Japanese carpetgrass",Zoysia matrella,(L.) Merr.,2704740,1214917-2,
1787803,,Zygostelma benthamii,Baill.,5525031,103165-1,
