id,type,format,identifier,references,created,creator,publisher,license,rightsHolder,catalogNumber
201101237,StillImage,image/jpeg,https://inaturalist-open-data.s3.amazonaws.com/photos/354992643/original.jpg,https://www.inaturalist.org/photos/354992643,2024-03-03T08:27:34Z,Samulik,iNaturalist,http://creativecommons.org/licenses/by-nc/4.0/,Samulik,354992643
201101238,StillImage,image/jpeg,https://inaturalist-open-data.s3.amazonaws.com/photos/354935854/original.jpeg,https://www.inaturalist.org/photos/354935854,2024-03-02T11:27:00Z,Igor Derevskov,iNaturalist,http://creativecommons.org/licenses/by-nc/4.0/,Igor Derevskov,354935854
201101238,StillImage,image/jpeg,https://inaturalist-open-data.s3.amazonaws.com/photos/354935861/original.jpeg,https://www.inaturalist.org/photos/354935861,2024-03-02T11:27:00Z,Igor Derevskov,iNaturalist,http://creativecommons.org/licenses/by-nc/4.0/,Igor Derevskov,354935861
201101238,StillImage,image/jpeg,https://inaturalist-open-data.s3.amazonaws.com/photos/354935870/original.jpeg,https://www.inaturalist.org/photos/354935870,2024-03-02T11:27:00Z,Igor Derevskov,iNaturalist,http://creativecommons.org/licenses/by-nc/4.0/,Igor Derevskov,354935870
201101239,StillImage,image/jpeg,https://inaturalist-open-data.s3.amazonaws.com/photos/354935856/original.jpg,https://www.inaturalist.org/photos/354935856,2023-08-03T22:24:18Z,Dustin Snider,iNaturalist,http://creativecommons.org/licenses/by-nc/4.0/,Dustin Snider,354935856
201101239,StillImage,image/jpeg,https://inaturalist-open-data.s3.amazonaws.com/photos/354935865/original.jpg,https://www.inaturalist.org/photos/354935865,2023-08-03T22:24:18Z,Dustin Snider,iNaturalist,http://creativecommons.org/licenses/by-nc/4.0/,Dustin Snider,354935865
201101240,StillImage,image/jpeg,https://inaturalist-open-data.s3.amazonaws.com/photos/354935859/original.jpeg,https://www.inaturalist.org/photos/354935859,2024-03-03T08:21:00-08:00,Elias,iNaturalist,http://creativecommons.org/licenses/by/4.0/,Elias,354935859
201101240,StillImage,image/jpeg,https://inaturalist-open-data.s3.amazonaws.com/photos/354935872/original.jpeg,https://www.inaturalist.org/photos/354935872,2024-03-03T08:21:21-08:00,Elias,iNaturalist,http://creativecommons.org/licenses/by/4.0/,Elias,354935872
201101241,StillImage,image/jpeg,https://inaturalist-open-data.s3.amazonaws.com/photos/354935837/original.jpg,https://www.inaturalist.org/photos/354935837,2024-02-08T08:28:00Z,Aleksey,iNaturalist,http://creativecommons.org/licenses/by-nc/4.0/,Aleksey,354935837
201101245,StillImage,image/jpeg,https://inaturalist-open-data.s3.amazonaws.com/photos/354935889/original.jpg,https://www.inaturalist.org/photos/354935889,2024-03-03T05:03:18Z,arthurjoestephens,iNaturalist,http://creativecommons.org/licenses/by-nc/4.0/,arthurjoestephens,354935889
201101245,StillImage,image/jpeg,https://inaturalist-open-data.s3.amazonaws.com/photos/354935922/original.jpg,https://www.inaturalist.org/photos/354935922,2024-03-03T05:03:18Z,arthurjoestephens,iNaturalist,http://creativecommons.org/licenses/by-nc/4.0/,arthurjoestephens,354935922
201101245,StillImage,image/jpeg,https://inaturalist-open-data.s3.amazonaws.com/photos/354935987/original.jpg,https://www.inaturalist.org/photos/354935987,2024-03-03T05:03:18Z,arthurjoestephens,iNaturalist,http://creativecommons.org/licenses/by-nc/4.0/,arthurjoestephens,354935987
201101246,StillImage,image/jpeg,https://inaturalist-open-data.s3.amazonaws.com/photos/354935812/original.jpeg,https://www.inaturalist.org/photos/354935812,2024-03-03T13:22:37-08:00,davidsando,iNaturalist,http://creativecommons.org/licenses/by-nc/4.0/,davidsando,354935812
201101246,StillImage,image/jpeg,https://inaturalist-open-data.s3.amazonaws.com/photos/354935892/original.jpeg,https://www.inaturalist.org/photos/354935892,2024-03-03T13:25:44-08:00,davidsando,iNaturalist,http://creativecommons.org/licenses/by-nc/4.0/,davidsando,354935892
201101249,StillImage,image/jpeg,https://inaturalist-open-data.s3.amazonaws.com/photos/354936013/original.jpg,https://www.inaturalist.org/photos/354936013,2024-02-15T03:45:27Z,Jarah Marginata,iNaturalist,http://creativecommons.org/licenses/by-nc/4.0/,Jarah Marginata,354936013
201101249,StillImage,image/jpeg,https://inaturalist-open-data.s3.amazonaws.com/photos/354936034/original.jpg,https://www.inaturalist.org/photos/354936034,2024-02-15T03:45:27Z,Jarah Marginata,iNaturalist,http://creativecommons.org/licenses/by-nc/4.0/,Jarah Marginata,354936034
201101250,StillImage,image/jpeg,https://inaturalist-open-data.s3.amazonaws.com/photos/354935839/original.jpg,https://www.inaturalist.org/photos/354935839,2023-12-25T13:46:12-08:00,vishnu_uplc,iNaturalist,http://creativecommons.org/licenses/by-nc/4.0/,vishnu_uplc,354935839
201101251,StillImage,image/jpeg,https://inaturalist-open-data.s3.amazonaws.com/photos/354935886/original.jpeg,https://www.inaturalist.org/photos/354935886,2024-03-03T08:12:13-08:00,Elias,iNaturalist,http://creativecommons.org/licenses/by/4.0/,Elias,354935886
201101251,StillImage,image/jpeg,https://inaturalist-open-data.s3.amazonaws.com/photos/354935902/original.jpeg,https://www.inaturalist.org/photos/354935902,2024-03-03T08:12:18-08:00,Elias,iNaturalist,http://creativecommons.org/licenses/by/4.0/,Elias,354935902
201101251,StillImage,image/jpeg,https://inaturalist-open-data.s3.amazonaws.com/photos/354935932/original.jpeg,https://www.inaturalist.org/photos/354935932,2024-03-03T08:12:38-08:00,Elias,iNaturalist,http://creativecommons.org/licenses/by/4.0/,Elias,354935932
201101254,StillImage,image/jpeg,https://inaturalist-open-data.s3.amazonaws.com/photos/354935831/original.jpg,https://www.inaturalist.org/photos/354935831,2023-06-24T12:47:20-07:00,Martina Kišelová,iNaturalist,http://creativecommons.org/licenses/by-nc-nd/4.0/,Martina Kišelová,354935831
201101257,StillImage,image/jpeg,https://inaturalist-open-data.s3.amazonaws.com/photos/354935578/original.jpeg,https://www.inaturalist.org/photos/354935578,2024-03-01T08:37:56-08:00,Aaron Bean,iNaturalist,http://creativecommons.org/licenses/by-nc/4.0/,Aaron Bean,354935578
201101257,StillImage,image/jpeg,https://inaturalist-open-data.s3.amazonaws.com/photos/354935607/original.jpeg,https://www.inaturalist.org/photos/354935607,2024-03-01T08:38:01-08:00,Aaron Bean,iNaturalist,http://creativecommons.org/licenses/by-nc/4.0/,Aaron Bean,354935607
201101258,StillImage,image/jpeg,https://inaturalist-open-data.s3.amazonaws.com/photos/354935573/original.jpeg,https://www.inaturalist.org/photos/354935573,2024-03-01T08:26:19-08:00,Aaron Bean,iNaturalist,http://creativecommons.org/licenses/by-nc/4.0/,Aaron Bean,354935573
201101258,StillImage,image/jpeg,https://inaturalist-open-data.s3.amazonaws.com/photos/354935555/original.jpeg,https://www.inaturalist.org/photos/354935555,2024-03-01T08:26:43-08:00,Aaron Bean,iNaturalist,http://creativecommons.org/licenses/by-nc/4.0/,Aaron Bean,354935555
201101259,StillImage,image/jpeg,https://inaturalist-open-data.s3.amazonaws.com/photos/354935667/original.jpeg,https://www.inaturalist.org/photos/354935667,2024-03-01T13:29:15-08:00,Aaron Bean,iNaturalist,http://creativecommons.org/licenses/by-nc/4.0/,Aaron Bean,354935667
201101259,StillImage,image/jpeg,https://inaturalist-open-data.s3.amazonaws.com/photos/354935612/original.jpeg,https://www.inaturalist.org/photos/354935612,2024-03-01T13:28:24-08:00,Aaron Bean,iNaturalist,http://creativecommons.org/licenses/by-nc/4.0/,Aaron Bean,354935612
201101259,StillImage,image/jpeg,https://inaturalist-open-data.s3.amazonaws.com/photos/354935631/original.jpeg,https://www.inaturalist.org/photos/354935631,2024-03-01T13:28:39-08:00,Aaron Bean,iNaturalist,http://creativecommons.org/licenses/by-nc/4.0/,Aaron Bean,354935631
201101259,StillImage,image/jpeg,https://inaturalist-open-data.s3.amazonaws.com/photos/354935648/original.jpeg,https://www.inaturalist.org/photos/354935648,2024-03-01T13:28:45-08:00,Aaron Bean,iNaturalist,http://creativecommons.org/licenses/by-nc/4.0/,Aaron Bean,354935648
201101259,StillImage,image/jpeg,https://inaturalist-open-data.s3.amazonaws.com/photos/354935649/original.jpeg,https://www.inaturalist.org/photos/354935649,2024-03-01T13:29:04-08:00,Aaron Bean,iNaturalist,http://creativecommons.org/licenses/by-nc/4.0/,Aaron Bean,354935649
201101260,StillImage,image/jpeg,https://inaturalist-open-data.s3.amazonaws.com/photos/354935748/original.jpeg,https://www.inaturalist.org/photos/354935748,2024-03-01T13:39:07-08:00,Aaron Bean,iNaturalist,http://creativecommons.org/licenses/by-nc/4.0/,Aaron Bean,354935748
201101260,StillImage,image/jpeg,https://inaturalist-open-data.s3.amazonaws.com/photos/354935689/original.jpeg,https://www.inaturalist.org/photos/354935689,2024-03-01T13:38:33-08:00,Aaron Bean,iNaturalist,http://creativecommons.org/licenses/by-nc/4.0/,Aaron Bean,354935689
201101260,StillImage,image/jpeg,https://inaturalist-open-data.s3.amazonaws.com/photos/354935691/original.jpeg,https://www.inaturalist.org/photos/354935691,2024-03-01T13:38:38-08:00,Aaron Bean,iNaturalist,http://creativecommons.org/licenses/by-nc/4.0/,Aaron Bean,354935691
201101260,StillImage,image/jpeg,https://inaturalist-open-data.s3.amazonaws.com/photos/354935720/original.jpeg,https://www.inaturalist.org/photos/354935720,2024-03-01T13:39:01-08:00,Aaron Bean,iNaturalist,http://creativecommons.org/licenses/by-nc/4.0/,Aaron Bean,354935720
201101261,StillImage,image/jpeg,https://inaturalist-open-data.s3.amazonaws.com/photos/354935767/original.jpeg,https://www.inaturalist.org/photos/354935767,2024-03-01T13:39:28-08:00,Aaron Bean,iNaturalist,http://creativecommons.org/licenses/by-nc/4.0/,Aaron Bean,354935767
201101262,StillImage,image/jpeg,https://inaturalist-open-data.s3.amazonaws.com/photos/354935747/original.jpeg,https://www.inaturalist.org/photos/354935747,2024-03-01T13:39:19-08:00,Aaron Bean,iNaturalist,http://creativecommons.org/licenses/by-nc/4.0/,Aaron Bean,354935747
201101263,StillImage,image/jpeg,https://inaturalist-open-data.s3.amazonaws.com/photos/354935850/original.jpeg,https://www.inaturalist.org/photos/354935850,2024-03-01T18:18:02-08:00,Aaron Bean,iNaturalist,http://creativecommons.org/licenses/by-nc/4.0/,Aaron Bean,354935850
201101263,StillImage,image/jpeg,https://inaturalist-open-data.s3.amazonaws.com/photos/354935855/original.jpeg,https://www.inaturalist.org/photos/354935855,2024-03-01T18:18:53-08:00,Aaron Bean,iNaturalist,http://creativecommons.org/licenses/by-nc/4.0/,Aaron Bean,354935855
201101264,StillImage,image/jpeg,https://inaturalist-open-data.s3.amazonaws.com/photos/354935789/original.jpeg,https://www.inaturalist.org/photos/354935789,2024-03-01T17:41:35-08:00,Aaron Bean,iNaturalist,http://creativecommons.org/licenses/by-nc/4.0/,Aaron Bean,354935789
201101264,StillImage,image/jpeg,https://inaturalist-open-data.s3.amazonaws.com/photos/354935799/original.jpeg,https://www.inaturalist.org/photos/354935799,2024-03-01T17:41:39-08:00,Aaron Bean,iNaturalist,http://creativecommons.org/licenses/by-nc/4.0/,Aaron Bean,354935799
201101264,StillImage,image/jpeg,https://inaturalist-open-data.s3.amazonaws.com/photos/354935810/original.jpeg,https://www.inaturalist.org/photos/354935810,2024-03-01T17:41:48-08:00,Aaron Bean,iNaturalist,http://creativecommons.org/licenses/by-nc/4.0/,Aaron Bean,354935810
201101264,StillImage,image/jpeg,https://inaturalist-open-data.s3.amazonaws.com/photos/354935846/original.jpeg,https://www.inaturalist.org/photos/354935846,2024-03-01T17:41:54-08:00,Aaron Bean,iNaturalist,http://creativecommons.org/licenses/by-nc/4.0/,Aaron Bean,354935846
201101270,StillImage,image/jpeg,https://inaturalist-open-data.s3.amazonaws.com/photos/354934546/original.jpeg,https://www.inaturalist.org/photos/354934546,2014-03-14T13:59:16-07:00,hakkahamushi,iNaturalist,http://creativecommons.org/licenses/by-nc/4.0/,hakkahamushi,354934546
201101270,StillImage,image/jpeg,https://inaturalist-open-data.s3.amazonaws.com/photos/354934542/original.jpeg,https://www.inaturalist.org/photos/354934542,2014-03-14T13:57:00-07:00,hakkahamushi,iNaturalist,http://creativecommons.org/licenses/by-nc/4.0/,hakkahamushi,354934542
201101270,StillImage,image/jpeg,https://inaturalist-open-data.s3.amazonaws.com/photos/354934545/original.jpeg,https://www.inaturalist.org/photos/354934545,2014-03-14T13:57:16-07:00,hakkahamushi,iNaturalist,http://creativecommons.org/licenses/by-nc/4.0/,hakkahamushi,354934545
201101270,StillImage,image/jpeg,https://inaturalist-open-data.s3.amazonaws.com/photos/354934554/original.jpeg,https://www.inaturalist.org/photos/354934554,2014-03-14T13:57:55-07:00,hakkahamushi,iNaturalist,http://creativecommons.org/licenses/by-nc/4.0/,hakkahamushi,354934554
201101270,StillImage,image/jpeg,https://inaturalist-open-data.s3.amazonaws.com/photos/355009988/original.jpeg,https://www.inaturalist.org/photos/355009988,2014-03-14T13:56:55-07:00,hakkahamushi,iNaturalist,http://creativecommons.org/licenses/by-nc/4.0/,hakkahamushi,355009988
201101271,StillImage,image/jpeg,https://inaturalist-open-data.s3.amazonaws.com/photos/354934719/original.jpeg,https://www.inaturalist.org/photos/354934719,2014-03-14T16:08:13-07:00,hakkahamushi,iNaturalist,http://creativecommons.org/licenses/by-nc/4.0/,hakkahamushi,354934719
201101271,StillImage,image/jpeg,https://inaturalist-open-data.s3.amazonaws.com/photos/354934709/original.jpeg,https://www.inaturalist.org/photos/354934709,2014-03-14T16:08:10-07:00,hakkahamushi,iNaturalist,http://creativecommons.org/licenses/by-nc/4.0/,hakkahamushi,354934709
201101271,StillImage,image/jpeg,https://inaturalist-open-data.s3.amazonaws.com/photos/354934682/original.jpeg,https://www.inaturalist.org/photos/354934682,2014-03-14T16:08:19-07:00,hakkahamushi,iNaturalist,http://creativecommons.org/licenses/by-nc/4.0/,hakkahamushi,354934682
201101271,StillImage,image/jpeg,https://inaturalist-open-data.s3.amazonaws.com/photos/354934677/original.jpeg,https://www.inaturalist.org/photos/354934677,2014-03-14T16:08:21-07:00,hakkahamushi,iNaturalist,http://creativecommons.org/licenses/by-nc/4.0/,hakkahamushi,354934677
201101271,StillImage,image/jpeg,https://inaturalist-open-data.s3.amazonaws.com/photos/354934673/original.jpeg,https://www.inaturalist.org/photos/354934673,2014-03-14T16:06:43-07:00,hakkahamushi,iNaturalist,http://creativecommons.org/licenses/by-nc/4.0/,hakkahamushi,354934673
201101271,StillImage,image/jpeg,https://inaturalist-open-data.s3.amazonaws.com/photos/354934704/original.jpeg,https://www.inaturalist.org/photos/354934704,2014-03-14T16:06:45-07:00,hakkahamushi,iNaturalist,http://creativecommons.org/licenses/by-nc/4.0/,hakkahamushi,354934704
201101271,StillImage,image/jpeg,https://inaturalist-open-data.s3.amazonaws.com/photos/354934702/original.jpeg,https://www.inaturalist.org/photos/354934702,2014-03-14T16:06:50-07:00,hakkahamushi,iNaturalist,http://creativecommons.org/licenses/by-nc/4.0/,hakkahamushi,354934702
201101272,StillImage,image/jpeg,https://inaturalist-open-data.s3.amazonaws.com/photos/354935545/original.jpeg,https://www.inaturalist.org/photos/354935545,2014-03-14T20:06:49-07:00,hakkahamushi,iNaturalist,http://creativecommons.org/licenses/by-nc/4.0/,hakkahamushi,354935545
201101272,StillImage,image/jpeg,https://inaturalist-open-data.s3.amazonaws.com/photos/354935556/original.jpeg,https://www.inaturalist.org/photos/354935556,2014-03-14T20:07:42-07:00,hakkahamushi,iNaturalist,http://creativecommons.org/licenses/by-nc/4.0/,hakkahamushi,354935556
201101272,StillImage,image/jpeg,https://inaturalist-open-data.s3.amazonaws.com/photos/354935566/original.jpeg,https://www.inaturalist.org/photos/354935566,2014-03-14T20:02:28-07:00,hakkahamushi,iNaturalist,http://creativecommons.org/licenses/by-nc/4.0/,hakkahamushi,354935566
201101272,StillImage,image/jpeg,https://inaturalist-open-data.s3.amazonaws.com/photos/354935577/original.jpeg,https://www.inaturalist.org/photos/354935577,2014-03-14T20:01:33-07:00,hakkahamushi,iNaturalist,http://creativecommons.org/licenses/by-nc/4.0/,hakkahamushi,354935577
201101272,StillImage,image/jpeg,https://inaturalist-open-data.s3.amazonaws.com/photos/354935600/original.jpeg,https://www.inaturalist.org/photos/354935600,2014-03-14T20:00:55-07:00,hakkahamushi,iNaturalist,http://creativecommons.org/licenses/by-nc/4.0/,hakkahamushi,354935600
201101272,StillImage,image/jpeg,https://inaturalist-open-data.s3.amazonaws.com/photos/354935605/original.jpeg,https://www.inaturalist.org/photos/354935605,2014-03-14T20:00:20-07:00,hakkahamushi,iNaturalist,http://creativecommons.org/licenses/by-nc/4.0/,hakkahamushi,354935605
201101272,StillImage,image/jpeg,https://inaturalist-open-data.s3.amazonaws.com/photos/354935603/original.jpeg,https://www.inaturalist.org/photos/354935603,2014-03-14T20:00:39-07:00,hakkahamushi,iNaturalist,http://creativecommons.org/licenses/by-nc/4.0/,hakkahamushi,354935603
67033747,StillImage,image/jpeg,https://inaturalist-open-data.s3.amazonaws.com/photos/108204422/original.jpg,https://www.inaturalist.org/photos/108204422,2020-12-24T21:26:37Z,seabornbrown,iNaturalist,http://creativecommons.org/licenses/by-nc/4.0/,seabornbrown,108204422
67033750,StillImage,image/jpeg,https://inaturalist-open-data.s3.amazonaws.com/photos/108204434/original.jpg,https://www.inaturalist.org/photos/108204434,2020-01-06T22:03:27Z,Henrik Kibak,iNaturalist,http://creativecommons.org/licenses/by/4.0/,Henrik Kibak,108204434
67033751,StillImage,image/jpeg,https://inaturalist-open-data.s3.amazonaws.com/photos/108204430/original.jpeg,https://www.inaturalist.org/photos/108204430,2020-12-25T05:31:08Z,Иван Качалов,iNaturalist,http://creativecommons.org/licenses/by-nc/4.0/,Иван Качалов,108204430
67033751,StillImage,image/jpeg,https://inaturalist-open-data.s3.amazonaws.com/photos/108204437/original.jpeg,https://www.inaturalist.org/photos/108204437,2020-12-25T05:31:08Z,Иван Качалов,iNaturalist,http://creativecommons.org/licenses/by-nc/4.0/,Иван Качалов,108204437
67033759,StillImage,image/jpeg,https://inaturalist-open-data.s3.amazonaws.com/photos/108204467/original.jpeg,https://www.inaturalist.org/photos/108204467,2020-12-24T17:27:21-08:00,Zoltán Stekkelpak,iNaturalist,http://creativecommons.org/publicdomain/zero/1.0/,Zoltán Stekkelpak,108204467
67033763,StillImage,image/jpeg,https://inaturalist-open-data.s3.amazonaws.com/photos/108204461/original.jpeg,https://www.inaturalist.org/photos/108204461,2020-12-25T10:31:39-08:00,Иван Качалов,iNaturalist,http://creativecommons.org/licenses/by-nc/4.0/,Иван Качалов,108204461
67033763,StillImage,image/jpeg,https://inaturalist-open-data.s3.amazonaws.com/photos/108204465/original.jpeg,https://www.inaturalist.org/photos/108204465,2020-12-25T10:31:44-08:00,Иван Качалов,iNaturalist,http://creativecommons.org/licenses/by-nc/4.0/,Иван Качалов,108204465
67033763,StillImage,image/jpeg,https://inaturalist-open-data.s3.amazonaws.com/photos/108204470/original.jpeg,https://www.inaturalist.org/photos/108204470,2020-12-25T10:31:47-08:00,Иван Качалов,iNaturalist,http://creativecommons.org/licenses/by-nc/4.0/,Иван Качалов,108204470
67033767,StillImage,image/jpeg,https://inaturalist-open-data.s3.amazonaws.com/photos/108204428/original.jpg,https://www.inaturalist.org/photos/108204428,2018-07-28T18:39:31-07:00,Daba,iNaturalist,http://creativecommons.org/licenses/by-nc/4.0/,Daba,108204428
67033768,StillImage,image/jpeg,https://inaturalist-open-data.s3.amazonaws.com/photos/108204488/original.jpeg,https://www.inaturalist.org/photos/108204488,2020-12-24T17:22:38-08:00,Zoltán Stekkelpak,iNaturalist,http://creativecommons.org/publicdomain/zero/1.0/,Zoltán Stekkelpak,108204488
67033768,StillImage,image/jpeg,https://inaturalist-open-data.s3.amazonaws.com/photos/108204520/original.jpeg,https://www.inaturalist.org/photos/108204520,2020-12-24T17:22:28-08:00,Zoltán Stekkelpak,iNaturalist,http://creativecommons.org/publicdomain/zero/1.0/,Zoltán Stekkelpak,108204520
67033777,StillImage,image/jpeg,https://inaturalist-open-data.s3.amazonaws.com/photos/108204500/original.jpg,https://www.inaturalist.org/photos/108204500,2020-12-14T16:00:00Z,sampope,iNaturalist,http://creativecommons.org/licenses/by-nc/4.0/,sampope,108204500
67033781,StillImage,image/jpeg,https://inaturalist-open-data.s3.amazonaws.com/photos/108204506/original.jpg,https://www.inaturalist.org/photos/108204506,2020-12-24T23:44:42Z,Gerrit van den Bergh,iNaturalist,http://creativecommons.org/licenses/by-nc/4.0/,Gerrit van den Bergh,108204506
67033781,StillImage,image/jpeg,https://inaturalist-open-data.s3.amazonaws.com/photos/108204510/original.jpg,https://www.inaturalist.org/photos/108204510,2020-12-24T23:44:42Z,Gerrit van den Bergh,iNaturalist,http://creativecommons.org/licenses/by-nc/4.0/,Gerrit van den Bergh,108204510
67033781,StillImage,image/jpeg,https://inaturalist-open-data.s3.amazonaws.com/photos/108204515/original.jpg,https://www.inaturalist.org/photos/108204515,2020-12-24T23:44:42Z,Gerrit van den Bergh,iNaturalist,http://creativecommons.org/licenses/by-nc/4.0/,Gerrit van den Bergh,108204515
67033782,StillImage,image/jpeg,https://inaturalist-open-data.s3.amazonaws.com/photos/108204507/original.jpg,https://www.inaturalist.org/photos/108204507,2020-12-25T05:39:42Z,andreagrecu,iNaturalist,http://creativecommons.org/licenses/by-nc/4.0/,andreagrecu,108204507
67033784,StillImage,image/jpeg,https://inaturalist-open-data.s3.amazonaws.com/photos/108204485/original.jpg,https://www.inaturalist.org/photos/108204485,2018-07-28T18:55:17-07:00,Daba,iNaturalist,http://creativecommons.org/licenses/by-nc/4.0/,Daba,108204485
67033786,StillImage,image/jpeg,https://inaturalist-open-data.s3.amazonaws.com/photos/108204521/original.jpg,https://www.inaturalist.org/photos/108204521,2020-01-06T22:56:46Z,Henrik Kibak,iNaturalist,http://creativecommons.org/licenses/by/4.0/,Henrik Kibak,108204521
67033786,StillImage,image/jpeg,https://inaturalist-open-data.s3.amazonaws.com/photos/108204526/original.jpg,https://www.inaturalist.org/photos/108204526,2020-01-06T22:56:46Z,Henrik Kibak,iNaturalist,http://creativecommons.org/licenses/by/4.0/,Henrik Kibak,108204526
67033789,StillImage,image/jpeg,https://inaturalist-open-data.s3.amazonaws.com/photos/108204554/original.jpeg,https://www.inaturalist.org/photos/108204554,2020-12-24T17:21:17-08:00,Zoltán Stekkelpak,iNaturalist,http://creativecommons.org/publicdomain/zero/1.0/,Zoltán Stekkelpak,108204554
67033795,Sound,audio/x-wav,https://static.inaturalist.org/sounds/155169.wav?1608874851,https://www.inaturalist.org/sounds/155169,2020-12-25T05:40:51Z,aeruginosa,iNaturalist,http://creativecommons.org/licenses/by-nc/4.0/,aeruginosa,155169
67033795,Sound,audio/x-wav,https://static.inaturalist.org/sounds/155170.wav?1608874857,https://www.inaturalist.org/sounds/155170,2020-12-25T05:40:57Z,aeruginosa,iNaturalist,http://creativecommons.org/licenses/by-nc/4.0/,aeruginosa,155170
67033803,StillImage,image/jpeg,https://inaturalist-open-data.s3.amazonaws.com/photos/108204572/original.jpeg,https://www.inaturalist.org/photos/108204572,2020-12-24T17:16:29-08:00,Zoltán Stekkelpak,iNaturalist,http://creativecommons.org/publicdomain/zero/1.0/,Zoltán Stekkelpak,108204572
67033808,StillImage,image/jpeg,https://inaturalist-open-data.s3.amazonaws.com/photos/108204491/original.jpg,https://www.inaturalist.org/photos/108204491,2020-12-25T14:15:03-08:00,Bill Butler,iNaturalist,http://creativecommons.org/licenses/by-nc/4.0/,Bill Butler,108204491
67033811,StillImage,image/jpeg,https://inaturalist-open-data.s3.amazonaws.com/photos/108204538/original.jpg,https://www.inaturalist.org/photos/108204538,2018-07-28T18:58:36-07:00,Daba,iNaturalist,http://creativecommons.org/licenses/by-nc/4.0/,Daba,108204538
67033816,StillImage,image/jpeg,https://inaturalist-open-data.s3.amazonaws.com/photos/108204566/original.jpg,https://www.inaturalist.org/photos/108204566,2020-12-25T05:41:00Z,paulzc,iNaturalist,http://creativecommons.org/licenses/by-nc/4.0/,paulzc,108204566
67033820,StillImage,image/jpeg,https://inaturalist-open-data.s3.amazonaws.com/photos/108204593/original.jpg,https://www.inaturalist.org/photos/108204593,2020-12-25T05:41:24Z,andreagrecu,iNaturalist,http://creativecommons.org/licenses/by-nc/4.0/,andreagrecu,108204593
67033822,StillImage,image/jpeg,https://inaturalist-open-data.s3.amazonaws.com/photos/108204600/original.jpeg,https://www.inaturalist.org/photos/108204600,2020-12-24T07:49:43-08:00,Justin Vogel,iNaturalist,http://creativecommons.org/licenses/by-nc/4.0/,Justin Vogel,108204600
67033822,StillImage,image/jpeg,https://inaturalist-open-data.s3.amazonaws.com/photos/108204609/original.jpeg,https://www.inaturalist.org/photos/108204609,2020-12-24T07:50:18-08:00,Justin Vogel,iNaturalist,http://creativecommons.org/licenses/by-nc/4.0/,Justin Vogel,108204609
67033822,StillImage,image/jpeg,https://inaturalist-open-data.s3.amazonaws.com/photos/108204617/original.jpeg,https://www.inaturalist.org/photos/108204617,2020-12-24T07:49:55-08:00,Justin Vogel,iNaturalist,http://creativecommons.org/licenses/by-nc/4.0/,Justin Vogel,108204617
201101272,StillImage,image/jpeg,https://inaturalist-open-data.s3.amazonaws.com/photos/354935629/original.jpeg,https://www.inaturalist.org/photos/354935629,2014-03-14T19:59:44-07:00,hakkahamushi,iNaturalist,http://creativecommons.org/licenses/by-nc/4.0/,hakkahamushi,354935629
201101272,StillImage,image/jpeg,https://inaturalist-open-data.s3.amazonaws.com/photos/354935624/original.jpeg,https://www.inaturalist.org/photos/354935624,2014-03-14T19:59:09-07:00,hakkahamushi,iNaturalist,http://creativecommons.org/licenses/by-nc/4.0/,hakkahamushi,354935624
201101272,StillImage,image/jpeg,https://inaturalist-open-data.s3.amazonaws.com/photos/354935627/original.jpeg,https://www.inaturalist.org/photos/354935627,2014-03-14T19:58:49-07:00,hakkahamushi,iNaturalist,http://creativecommons.org/licenses/by-nc/4.0/,hakkahamushi,354935627
201101278,StillImage,image/jpeg,https://inaturalist-open-data.s3.amazonaws.com/photos/354935923/original.jpg,https://www.inaturalist.org/photos/354935923,2024-03-03T00:30:00Z,sylphng,iNaturalist,http://creativecommons.org/licenses/by-nc/4.0/,sylphng,354935923
201101278,StillImage,image/jpeg,https://inaturalist-open-data.s3.amazonaws.com/photos/354935931/original.jpg,https://www.inaturalist.org/photos/354935931,2024-03-03T00:30:00Z,sylphng,iNaturalist,http://creativecommons.org/licenses/by-nc/4.0/,sylphng,354935931
201101278,StillImage,image/jpeg,https://inaturalist-open-data.s3.amazonaws.com/photos/354935936/original.jpg,https://www.inaturalist.org/photos/354935936,2024-03-03T00:30:00Z,sylphng,iNaturalist,http://creativecommons.org/licenses/by-nc/4.0/,sylphng,354935936
201101281,StillImage,image/jpeg,https://inaturalist-open-data.s3.amazonaws.com/photos/354935961/original.jpg,https://www.inaturalist.org/photos/354935961,2024-02-15T09:59:44Z,Jarah Marginata,iNaturalist,http://creativecommons.org/licenses/by-nc/4.0/,Jarah Marginata,354935961
201101282,StillImage,image/jpeg,https://inaturalist-open-data.s3.amazonaws.com/photos/354935940/original.jpg,https://www.inaturalist.org/photos/354935940,2024-03-01T23:49:05Z,smfang,iNaturalist,http://creativecommons.org/licenses/by-nc/4.0/,smfang,354935940
201101283,StillImage,image/jpeg,https://inaturalist-open-data.s3.amazonaws.com/photos/354935937/original.jpeg,https://www.inaturalist.org/photos/354935937,2020-11-01T14:58:42-08:00,belugagirl2024,iNaturalist,http://creativecommons.org/licenses/by-nc/4.0/,belugagirl2024,354935937
201101283,StillImage,image/jpeg,https://inaturalist-open-data.s3.amazonaws.com/photos/354935950/original.jpeg,https://www.inaturalist.org/photos/354935950,2020-11-01T14:58:34-08:00,belugagirl2024,iNaturalist,http://creativecommons.org/licenses/by-nc/4.0/,belugagirl2024,354935950
201101286,StillImage,image/jpeg,https://inaturalist-open-data.s3.amazonaws.com/photos/354935944/original.jpg,https://www.inaturalist.org/photos/354935944,2024-03-03T01:00:00Z,sylphng,iNaturalist,http://creativecommons.org/licenses/by-nc/4.0/,sylphng,354935944
201101289,StillImage,image/jpeg,https://inaturalist-open-data.s3.amazonaws.com/photos/354935770/original.jpg,https://www.inaturalist.org/photos/354935770,2023-08-22T14:23:50-07:00,Margarita Gafurova,iNaturalist,http://creativecommons.org/licenses/by-nc/4.0/,Margarita Gafurova,354935770
201101291,StillImage,image/jpeg,https://inaturalist-open-data.s3.amazonaws.com/photos/354935955/original.jpg,https://www.inaturalist.org/photos/354935955,2024-03-03T03:30:00Z,sylphng,iNaturalist,http://creativecommons.org/licenses/by-nc/4.0/,sylphng,354935955
201101295,StillImage,image/jpeg,https://inaturalist-open-data.s3.amazonaws.com/photos/354935965/original.jpg,https://www.inaturalist.org/photos/354935965,2024-03-03T04:00:00Z,sylphng,iNaturalist,http://creativecommons.org/licenses/by-nc/4.0/,sylphng,354935965
201101295,StillImage,image/jpeg,https://inaturalist-open-data.s3.amazonaws.com/photos/354935974/original.jpg,https://www.inaturalist.org/photos/354935974,2024-03-03T04:00:00Z,sylphng,iNaturalist,http://creativecommons.org/licenses/by-nc/4.0/,sylphng,354935974
201101295,StillImage,image/jpeg,https://inaturalist-open-data.s3.amazonaws.com/photos/354935980/original.jpg,https://www.inaturalist.org/photos/354935980,2024-03-03T04:00:00Z,sylphng,iNaturalist,http://creativecommons.org/licenses/by-nc/4.0/,sylphng,354935980
201101296,StillImage,image/jpeg,https://inaturalist-open-data.s3.amazonaws.com/photos/354935928/original.jpeg,https://www.inaturalist.org/photos/354935928,2023-08-04T08:36:06-07:00,Василий,iNaturalist,http://creativecommons.org/licenses/by-nc/4.0/,Василий,354935928
201101299,StillImage,image/jpeg,https://inaturalist-open-data.s3.amazonaws.com/photos/354935984/original.jpg,https://www.inaturalist.org/photos/354935984,2024-03-03T08:04:35Z,Jordan M,iNaturalist,http://creativecommons.org/licenses/by-nc/4.0/,Jordan M,354935984
201101301,StillImage,image/jpeg,https://inaturalist-open-data.s3.amazonaws.com/photos/354935992/original.jpeg,https://www.inaturalist.org/photos/354935992,2024-03-03T21:28:57-08:00,kiwipom,iNaturalist,http://creativecommons.org/licenses/by-nc/4.0/,kiwipom,354935992
201101301,StillImage,image/jpeg,https://inaturalist-open-data.s3.amazonaws.com/photos/354935999/original.jpeg,https://www.inaturalist.org/photos/354935999,2024-03-03T21:29:17-08:00,kiwipom,iNaturalist,http://creativecommons.org/licenses/by-nc/4.0/,kiwipom,354935999
201101302,StillImage,image/jpeg,https://inaturalist-open-data.s3.amazonaws.com/photos/354936029/original.jpg,https://www.inaturalist.org/photos/354936029,2024-03-03T05:05:29Z,arthurjoestephens,iNaturalist,http://creativecommons.org/licenses/by-nc/4.0/,arthurjoestephens,354936029
201101302,StillImage,image/jpeg,https://inaturalist-open-data.s3.amazonaws.com/photos/354956194/original.jpg,https://www.inaturalist.org/photos/354956194,2024-03-03T05:05:29Z,arthurjoestephens,iNaturalist,http://creativecommons.org/licenses/by-nc/4.0/,arthurjoestephens,354956194
201101302,StillImage,image/jpeg,https://inaturalist-open-data.s3.amazonaws.com/photos/354956261/original.jpg,https://www.inaturalist.org/photos/354956261,2024-03-03T05:05:29Z,arthurjoestephens,iNaturalist,http://creativecommons.org/licenses/by-nc/4.0/,arthurjoestephens,354956261
201101303,StillImage,image/jpeg,https://inaturalist-open-data.s3.amazonaws.com/photos/354935858/original.jpeg,https://www.inaturalist.org/photos/354935858,2024-02-29T16:55:45-08:00,Alexey V. Ivanov,iNaturalist,http://creativecommons.org/licenses/by-nc/4.0/,Alexey V. Ivanov,354935858
201101304,StillImage,image/jpeg,https://inaturalist-open-data.s3.amazonaws.com/photos/354935869/original.jpeg,https://www.inaturalist.org/photos/354935869,2024-03-01T11:17:00-08:00,Alexey V. Ivanov,iNaturalist,http://creativecommons.org/licenses/by-nc/4.0/,Alexey V. Ivanov,354935869
201101304,StillImage,image/jpeg,https://inaturalist-open-data.s3.amazonaws.com/photos/354935871/original.jpeg,https://www.inaturalist.org/photos/354935871,2024-03-01T11:17:01-08:00,Alexey V. Ivanov,iNaturalist,http://creativecommons.org/licenses/by-nc/4.0/,Alexey V. Ivanov,354935871
201101306,StillImage,image/jpeg,https://inaturalist-open-data.s3.amazonaws.com/photos/354935873/original.jpeg,https://www.inaturalist.org/photos/354935873,2024-03-01T11:19:12-08:00,Alexey V. Ivanov,iNaturalist,http://creativecommons.org/licenses/by-nc/4.0/,Alexey V. Ivanov,354935873
201101307,StillImage,image/jpeg,https://inaturalist-open-data.s3.amazonaws.com/photos/354935878/original.jpeg,https://www.inaturalist.org/photos/354935878,2024-03-01T11:36:59-08:00,Alexey V. Ivanov,iNaturalist,http://creativecommons.org/licenses/by-nc/4.0/,Alexey V. Ivanov,354935878
201101308,StillImage,image/jpeg,https://inaturalist-open-data.s3.amazonaws.com/photos/354935880/original.jpeg,https://www.inaturalist.org/photos/354935880,2024-03-02T12:21:31-08:00,Alexey V. Ivanov,iNaturalist,http://creativecommons.org/licenses/by-nc/4.0/,Alexey V. Ivanov,354935880
201101309,StillImage,image/jpeg,https://inaturalist-open-data.s3.amazonaws.com/photos/354935876/original.jpeg,https://www.inaturalist.org/photos/354935876,2024-03-02T14:13:46-08:00,Alexey V. Ivanov,iNaturalist,http://creativecommons.org/licenses/by-nc/4.0/,Alexey V. Ivanov,354935876
201101310,StillImage,image/jpeg,https://inaturalist-open-data.s3.amazonaws.com/photos/354936002/original.jpg,https://www.inaturalist.org/photos/354936002,2024-03-02T00:16:10Z,smfang,iNaturalist,http://creativecommons.org/licenses/by-nc/4.0/,smfang,354936002
67033822,StillImage,image/jpeg,https://inaturalist-open-data.s3.amazonaws.com/photos/108204637/original.jpeg,https://www.inaturalist.org/photos/108204637,2020-12-24T07:50:43-08:00,Justin Vogel,iNaturalist,http://creativecommons.org/licenses/by-nc/4.0/,Justin Vogel,108204637
67033826,StillImage,image/jpeg,https://inaturalist-open-data.s3.amazonaws.com/photos/108204602/original.jpeg,https://www.inaturalist.org/photos/108204602,2020-12-22T11:45:27Z,Nat,iNaturalist,http://creativecommons.org/licenses/by-nc/4.0/,Nat,108204602
67033826,StillImage,image/jpeg,https://inaturalist-open-data.s3.amazonaws.com/photos/108204607/original.jpeg,https://www.inaturalist.org/photos/108204607,2020-12-22T11:45:38-08:00,Nat,iNaturalist,http://creativecommons.org/licenses/by-nc/4.0/,Nat,108204607
67033827,StillImage,image/jpeg,https://inaturalist-open-data.s3.amazonaws.com/photos/108204523/original.jpg,https://www.inaturalist.org/photos/108204523,2015-08-12T17:47:58-07:00,Alex Binck,iNaturalist,http://creativecommons.org/licenses/by-nc/4.0/,Alex Binck,108204523
67033827,StillImage,image/jpeg,https://inaturalist-open-data.s3.amazonaws.com/photos/108204531/original.jpg,https://www.inaturalist.org/photos/108204531,2015-08-12T17:48:00-07:00,Alex Binck,iNaturalist,http://creativecommons.org/licenses/by-nc/4.0/,Alex Binck,108204531
67033827,StillImage,image/jpeg,https://inaturalist-open-data.s3.amazonaws.com/photos/108204539/original.jpg,https://www.inaturalist.org/photos/108204539,2015-08-12T17:47:15-07:00,Alex Binck,iNaturalist,http://creativecommons.org/licenses/by-nc/4.0/,Alex Binck,108204539
67033827,StillImage,image/jpeg,https://inaturalist-open-data.s3.amazonaws.com/photos/108204552/original.jpg,https://www.inaturalist.org/photos/108204552,2015-08-12T17:47:49-07:00,Alex Binck,iNaturalist,http://creativecommons.org/licenses/by-nc/4.0/,Alex Binck,108204552
67033829,StillImage,image/jpeg,https://inaturalist-open-data.s3.amazonaws.com/photos/108204588/original.jpg,https://www.inaturalist.org/photos/108204588,2020-12-25T05:42:00Z,paulzc,iNaturalist,http://creativecommons.org/licenses/by-nc/4.0/,paulzc,108204588
67033830,StillImage,image/jpeg,https://inaturalist-open-data.s3.amazonaws.com/photos/108204656/original.jpeg,https://www.inaturalist.org/photos/108204656,2020-12-24T17:12:55-08:00,Zoltán Stekkelpak,iNaturalist,http://creativecommons.org/publicdomain/zero/1.0/,Zoltán Stekkelpak,108204656
67033830,StillImage,image/jpeg,https://inaturalist-open-data.s3.amazonaws.com/photos/108204709/original.jpeg,https://www.inaturalist.org/photos/108204709,2020-12-24T17:12:43-08:00,Zoltán Stekkelpak,iNaturalist,http://creativecommons.org/publicdomain/zero/1.0/,Zoltán Stekkelpak,108204709
67033832,StillImage,image/jpeg,https://inaturalist-open-data.s3.amazonaws.com/photos/108204615/original.jpg,https://www.inaturalist.org/photos/108204615,2020-12-25T05:42:36Z,andreagrecu,iNaturalist,http://creativecommons.org/licenses/by-nc/4.0/,andreagrecu,108204615
67033840,StillImage,image/jpeg,https://inaturalist-open-data.s3.amazonaws.com/photos/108204616/original.jpg,https://www.inaturalist.org/photos/108204616,2020-12-25T05:42:00Z,paulzc,iNaturalist,http://creativecommons.org/licenses/by-nc/4.0/,paulzc,108204616
67033841,StillImage,image/jpeg,https://inaturalist-open-data.s3.amazonaws.com/photos/108204652/original.jpeg,https://www.inaturalist.org/photos/108204652,2020-12-24T07:51:03-08:00,Justin Vogel,iNaturalist,http://creativecommons.org/licenses/by-nc/4.0/,Justin Vogel,108204652
67033841,StillImage,image/jpeg,https://inaturalist-open-data.s3.amazonaws.com/photos/108204663/original.jpeg,https://www.inaturalist.org/photos/108204663,2020-12-24T07:51:13-08:00,Justin Vogel,iNaturalist,http://creativecommons.org/licenses/by-nc/4.0/,Justin Vogel,108204663
67033841,StillImage,image/jpeg,https://inaturalist-open-data.s3.amazonaws.com/photos/108204671/original.jpeg,https://www.inaturalist.org/photos/108204671,2020-12-24T07:51:20-08:00,Justin Vogel,iNaturalist,http://creativecommons.org/licenses/by-nc/4.0/,Justin Vogel,108204671
67033842,StillImage,image/jpeg,https://inaturalist-open-data.s3.amazonaws.com/photos/108204647/original.jpg,https://www.inaturalist.org/photos/108204647,2020-12-25T05:43:14Z,andreagrecu,iNaturalist,http://creativecommons.org/licenses/by-nc/4.0/,andreagrecu,108204647
67033851,StillImage,image/jpeg,https://inaturalist-open-data.s3.amazonaws.com/photos/108204634/original.jpg,https://www.inaturalist.org/photos/108204634,2015-08-12T17:52:16-07:00,Alex Binck,iNaturalist,http://creativecommons.org/licenses/by-nc/4.0/,Alex Binck,108204634
67033851,StillImage,image/jpeg,https://inaturalist-open-data.s3.amazonaws.com/photos/108204642/original.jpg,https://www.inaturalist.org/photos/108204642,2015-08-12T17:52:04-07:00,Alex Binck,iNaturalist,http://creativecommons.org/licenses/by-nc/4.0/,Alex Binck,108204642
67033852,StillImage,image/jpeg,https://inaturalist-open-data.s3.amazonaws.com/photos/108208733/original.jpeg,https://www.inaturalist.org/photos/108208733,2020-12-25T10:42:48-08:00,Иван Качалов,iNaturalist,http://creativecommons.org/licenses/by-nc/4.0/,Иван Качалов,108208733
67033852,StillImage,image/jpeg,https://inaturalist-open-data.s3.amazonaws.com/photos/108208736/original.jpeg,https://www.inaturalist.org/photos/108208736,2020-12-25T10:42:55-08:00,Иван Качалов,iNaturalist,http://creativecommons.org/licenses/by-nc/4.0/,Иван Качалов,108208736
67033852,StillImage,image/jpeg,https://inaturalist-open-data.s3.amazonaws.com/photos/108208742/original.jpeg,https://www.inaturalist.org/photos/108208742,2020-12-25T10:42:53-08:00,Иван Качалов,iNaturalist,http://creativecommons.org/licenses/by-nc/4.0/,Иван Качалов,108208742
67033853,StillImage,image/jpeg,https://inaturalist-open-data.s3.amazonaws.com/photos/108204651/original.jpg,https://www.inaturalist.org/photos/108204651,2020-12-25T05:43:00Z,paulzc,iNaturalist,http://creativecommons.org/licenses/by-nc/4.0/,paulzc,108204651
67033886,StillImage,image/jpeg,https://inaturalist-open-data.s3.amazonaws.com/photos/108204698/original.jpeg,https://www.inaturalist.org/photos/108204698,2020-12-24T07:55:26-08:00,Justin Vogel,iNaturalist,http://creativecommons.org/licenses/by-nc/4.0/,Justin Vogel,108204698
67033886,StillImage,image/jpeg,https://inaturalist-open-data.s3.amazonaws.com/photos/108205557/original.jpeg,https://www.inaturalist.org/photos/108205557,2020-12-24T07:55:38-08:00,Justin Vogel,iNaturalist,http://creativecommons.org/licenses/by-nc/4.0/,Justin Vogel,108205557
67033886,StillImage,image/jpeg,https://inaturalist-open-data.s3.amazonaws.com/photos/108205569/original.jpeg,https://www.inaturalist.org/photos/108205569,2020-12-24T07:55:47-08:00,Justin Vogel,iNaturalist,http://creativecommons.org/licenses/by-nc/4.0/,Justin Vogel,108205569
67033895,StillImage,image/jpeg,https://inaturalist-open-data.s3.amazonaws.com/photos/108204694/original.jpg,https://www.inaturalist.org/photos/108204694,2020-12-25T05:37:49Z,Hugo Walton,iNaturalist,http://creativecommons.org/licenses/by-nc/4.0/,Hugo Walton,108204694
67033899,StillImage,image/jpeg,https://inaturalist-open-data.s3.amazonaws.com/photos/108204702/original.jpg,https://www.inaturalist.org/photos/108204702,2020-12-25T05:36:29Z,Hugo Walton,iNaturalist,http://creativecommons.org/licenses/by-nc/4.0/,Hugo Walton,108204702
67033901,StillImage,image/jpeg,https://inaturalist-open-data.s3.amazonaws.com/photos/108204707/original.jpeg,https://www.inaturalist.org/photos/108204707,2020-11-27T13:05:06-08:00,MP Zhou,iNaturalist,http://creativecommons.org/licenses/by-nc/4.0/,MP Zhou,108204707
67033901,StillImage,image/jpeg,https://inaturalist-open-data.s3.amazonaws.com/photos/108204714/original.jpeg,https://www.inaturalist.org/photos/108204714,2020-11-27T13:05:18-08:00,MP Zhou,iNaturalist,http://creativecommons.org/licenses/by-nc/4.0/,MP Zhou,108204714
67033904,StillImage,image/jpeg,https://inaturalist-open-data.s3.amazonaws.com/photos/108204424/original.jpeg,https://www.inaturalist.org/photos/108204424,2006-04-14T11:10:31-07:00,auntie_uncle,iNaturalist,http://creativecommons.org/licenses/by-nc/4.0/,auntie_uncle,108204424
67033906,StillImage,image/jpeg,https://inaturalist-open-data.s3.amazonaws.com/photos/108204462/original.jpeg,https://www.inaturalist.org/photos/108204462,2006-04-14T12:13:27-07:00,auntie_uncle,iNaturalist,http://creativecommons.org/licenses/by-nc/4.0/,auntie_uncle,108204462
67033907,StillImage,image/jpeg,https://inaturalist-open-data.s3.amazonaws.com/photos/108204468/original.jpeg,https://www.inaturalist.org/photos/108204468,2006-04-14T12:06:28-07:00,auntie_uncle,iNaturalist,http://creativecommons.org/licenses/by-nc/4.0/,auntie_uncle,108204468
67033908,StillImage,image/jpeg,https://inaturalist-open-data.s3.amazonaws.com/photos/108204508/original.jpeg,https://www.inaturalist.org/photos/108204508,2006-04-14T10:41:43-07:00,auntie_uncle,iNaturalist,http://creativecommons.org/licenses/by-nc/4.0/,auntie_uncle,108204508
67033909,StillImage,image/jpeg,https://inaturalist-open-data.s3.amazonaws.com/photos/108204676/original.jpeg,https://www.inaturalist.org/photos/108204676,2006-04-14T10:41:43-07:00,auntie_uncle,iNaturalist,http://creativecommons.org/licenses/by-nc/4.0/,auntie_uncle,108204676
67033910,StillImage,image/jpeg,https://inaturalist-open-data.s3.amazonaws.com/photos/108204654/original.jpg,https://www.inaturalist.org/photos/108204654,2019-02-03T13:39:53-08:00,William Harris,iNaturalist,http://creativecommons.org/licenses/by-nc/4.0/,William Harris,108204654
67033914,StillImage,image/jpeg,https://inaturalist-open-data.s3.amazonaws.com/photos/108204727/original.jpg,https://www.inaturalist.org/photos/108204727,2020-12-24T23:44:26Z,Gerrit van den Bergh,iNaturalist,http://creativecommons.org/licenses/by-nc/4.0/,Gerrit van den Bergh,108204727
67033914,StillImage,image/jpeg,https://inaturalist-open-data.s3.amazonaws.com/photos/108204872/original.jpg,https://www.inaturalist.org/photos/108204872,2020-12-24T23:44:26Z,Gerrit van den Bergh,iNaturalist,http://creativecommons.org/licenses/by-nc/4.0/,Gerrit van den Bergh,108204872
67033914,StillImage,image/jpeg,https://inaturalist-open-data.s3.amazonaws.com/photos/108204730/original.jpg,https://www.inaturalist.org/photos/108204730,2020-12-24T23:44:26Z,Gerrit van den Bergh,iNaturalist,http://creativecommons.org/licenses/by-nc/4.0/,Gerrit van den Bergh,108204730
67033914,StillImage,image/jpeg,https://inaturalist-open-data.s3.amazonaws.com/photos/108204733/original.jpg,https://www.inaturalist.org/photos/108204733,2020-12-24T23:44:26Z,Gerrit van den Bergh,iNaturalist,http://creativecommons.org/licenses/by-nc/4.0/,Gerrit van den Bergh,108204733
67033921,StillImage,image/jpeg,https://inaturalist-open-data.s3.amazonaws.com/photos/108204736/original.jpg,https://www.inaturalist.org/photos/108204736,2020-12-25T05:45:32Z,andreagrecu,iNaturalist,http://creativecommons.org/licenses/by-nc/4.0/,andreagrecu,108204736
67033926,StillImage,image/jpeg,https://inaturalist-open-data.s3.amazonaws.com/photos/108204763/original.jpeg,https://www.inaturalist.org/photos/108204763,2020-12-24T17:11:02-08:00,Zoltán Stekkelpak,iNaturalist,http://creativecommons.org/publicdomain/zero/1.0/,Zoltán Stekkelpak,108204763
67033926,StillImage,image/jpeg,https://inaturalist-open-data.s3.amazonaws.com/photos/108204781/original.jpeg,https://www.inaturalist.org/photos/108204781,2020-12-24T17:10:49-08:00,Zoltán Stekkelpak,iNaturalist,http://creativecommons.org/publicdomain/zero/1.0/,Zoltán Stekkelpak,108204781
67033929,StillImage,image/jpeg,https://inaturalist-open-data.s3.amazonaws.com/photos/108204735/original.jpeg,https://www.inaturalist.org/photos/108204735,2020-12-24T12:33:27-08:00,Georgie Elliott,iNaturalist,http://creativecommons.org/licenses/by-nc/4.0/,Georgie Elliott,108204735
67033929,StillImage,image/jpeg,https://inaturalist-open-data.s3.amazonaws.com/photos/108204772/original.jpeg,https://www.inaturalist.org/photos/108204772,2020-12-24T12:32:42-08:00,Georgie Elliott,iNaturalist,http://creativecommons.org/licenses/by-nc/4.0/,Georgie Elliott,108204772
67033929,StillImage,image/jpeg,https://inaturalist-open-data.s3.amazonaws.com/photos/108204773/original.jpeg,https://www.inaturalist.org/photos/108204773,2020-12-24T12:32:57-08:00,Georgie Elliott,iNaturalist,http://creativecommons.org/licenses/by-nc/4.0/,Georgie Elliott,108204773
67033929,StillImage,image/jpeg,https://inaturalist-open-data.s3.amazonaws.com/photos/108204776/original.jpeg,https://www.inaturalist.org/photos/108204776,2020-12-24T12:32:10-08:00,Georgie Elliott,iNaturalist,http://creativecommons.org/licenses/by-nc/4.0/,Georgie Elliott,108204776
67033929,StillImage,image/jpeg,https://inaturalist-open-data.s3.amazonaws.com/photos/108204783/original.jpeg,https://www.inaturalist.org/photos/108204783,2020-12-24T12:33:10-08:00,Georgie Elliott,iNaturalist,http://creativecommons.org/licenses/by-nc/4.0/,Georgie Elliott,108204783
67033929,StillImage,image/jpeg,https://inaturalist-open-data.s3.amazonaws.com/photos/108204784/original.jpeg,https://www.inaturalist.org/photos/108204784,2020-12-24T12:33:55-08:00,Georgie Elliott,iNaturalist,http://creativecommons.org/licenses/by-nc/4.0/,Georgie Elliott,108204784
67033929,StillImage,image/jpeg,https://inaturalist-open-data.s3.amazonaws.com/photos/108204835/original.jpeg,https://www.inaturalist.org/photos/108204835,2020-12-24T12:34:42-08:00,Georgie Elliott,iNaturalist,http://creativecommons.org/licenses/by-nc/4.0/,Georgie Elliott,108204835
67033929,StillImage,image/jpeg,https://inaturalist-open-data.s3.amazonaws.com/photos/108204836/original.jpeg,https://www.inaturalist.org/photos/108204836,2020-12-24T12:34:37-08:00,Georgie Elliott,iNaturalist,http://creativecommons.org/licenses/by-nc/4.0/,Georgie Elliott,108204836
67033929,StillImage,image/jpeg,https://inaturalist-open-data.s3.amazonaws.com/photos/108204839/original.jpeg,https://www.inaturalist.org/photos/108204839,2020-12-24T12:34:44-08:00,Georgie Elliott,iNaturalist,http://creativecommons.org/licenses/by-nc/4.0/,Georgie Elliott,108204839
67033929,StillImage,image/jpeg,https://inaturalist-open-data.s3.amazonaws.com/photos/108204849/original.jpeg,https://www.inaturalist.org/photos/108204849,2020-12-24T12:34:34-08:00,Georgie Elliott,iNaturalist,http://creativecommons.org/licenses/by-nc/4.0/,Georgie Elliott,108204849
67033930,StillImage,image/jpeg,https://inaturalist-open-data.s3.amazonaws.com/photos/108204756/original.jpg,https://www.inaturalist.org/photos/108204756,2020-12-25T05:45:51Z,andreagrecu,iNaturalist,http://creativecommons.org/licenses/by-nc/4.0/,andreagrecu,108204756
67033939,StillImage,image/jpeg,https://inaturalist-open-data.s3.amazonaws.com/photos/108204689/original.jpeg,https://www.inaturalist.org/photos/108204689,2020-12-23T14:59:20-08:00,Владимир,iNaturalist,http://creativecommons.org/licenses/by-nc/4.0/,Владимир,108204689
67033941,StillImage,image/jpeg,https://inaturalist-open-data.s3.amazonaws.com/photos/108204769/original.jpeg,https://www.inaturalist.org/photos/108204769,2020-11-27T13:02:40-08:00,MP Zhou,iNaturalist,http://creativecommons.org/licenses/by-nc/4.0/,MP Zhou,108204769
67033941,StillImage,image/jpeg,https://inaturalist-open-data.s3.amazonaws.com/photos/108204774/original.jpeg,https://www.inaturalist.org/photos/108204774,2020-11-27T13:03:51-08:00,MP Zhou,iNaturalist,http://creativecommons.org/licenses/by-nc/4.0/,MP Zhou,108204774
67033941,StillImage,image/jpeg,https://inaturalist-open-data.s3.amazonaws.com/photos/108204780/original.jpeg,https://www.inaturalist.org/photos/108204780,2020-11-27T13:03:07-08:00,MP Zhou,iNaturalist,http://creativecommons.org/licenses/by-nc/4.0/,MP Zhou,108204780
67033941,StillImage,image/jpeg,https://inaturalist-open-data.s3.amazonaws.com/photos/108204786/original.jpeg,https://www.inaturalist.org/photos/108204786,2020-11-27T13:03:26-08:00,MP Zhou,iNaturalist,http://creativecommons.org/licenses/by-nc/4.0/,MP Zhou,108204786
67033943,StillImage,image/jpeg,https://inaturalist-open-data.s3.amazonaws.com/photos/108204715/original.jpg,https://www.inaturalist.org/photos/108204715,2018-07-31T14:27:37-07:00,Daba,iNaturalist,http://creativecommons.org/licenses/by-nc/4.0/,Daba,108204715
67033946,StillImage,image/jpeg,https://inaturalist-open-data.s3.amazonaws.com/photos/108204823/original.jpeg,https://www.inaturalist.org/photos/108204823,2020-12-24T17:09:43-08:00,Zoltán Stekkelpak,iNaturalist,http://creativecommons.org/publicdomain/zero/1.0/,Zoltán Stekkelpak,108204823
67033946,StillImage,image/jpeg,https://inaturalist-open-data.s3.amazonaws.com/photos/108204845/original.jpeg,https://www.inaturalist.org/photos/108204845,2020-12-24T17:09:54-08:00,Zoltán Stekkelpak,iNaturalist,http://creativecommons.org/publicdomain/zero/1.0/,Zoltán Stekkelpak,108204845
201101315,StillImage,image/jpeg,https://inaturalist-open-data.s3.amazonaws.com/photos/354935875/original.jpeg,https://www.inaturalist.org/photos/354935875,2024-02-29T17:45:11-08:00,Reiner Richter,iNaturalist,http://creativecommons.org/licenses/by-nc-sa/4.0/,Reiner Richter,354935875
201101316,StillImage,image/jpeg,https://inaturalist-open-data.s3.amazonaws.com/photos/354935877/original.jpeg,https://www.inaturalist.org/photos/354935877,2024-02-29T17:45:21-08:00,Reiner Richter,iNaturalist,http://creativecommons.org/licenses/by-nc-sa/4.0/,Reiner Richter,354935877
201101317,StillImage,image/jpeg,https://inaturalist-open-data.s3.amazonaws.com/photos/354935879/original.jpeg,https://www.inaturalist.org/photos/354935879,2024-02-29T17:47:06-08:00,Reiner Richter,iNaturalist,http://creativecommons.org/licenses/by-nc-sa/4.0/,Reiner Richter,354935879
201101317,StillImage,image/jpeg,https://inaturalist-open-data.s3.amazonaws.com/photos/354935883/original.jpeg,https://www.inaturalist.org/photos/354935883,2024-02-29T17:47:42-08:00,Reiner Richter,iNaturalist,http://creativecommons.org/licenses/by-nc-sa/4.0/,Reiner Richter,354935883
201101318,StillImage,image/jpeg,https://inaturalist-open-data.s3.amazonaws.com/photos/354936017/original.jpg,https://www.inaturalist.org/photos/354936017,2024-03-03T05:08:51Z,dorayoyo,iNaturalist,http://creativecommons.org/licenses/by-nc/4.0/,dorayoyo,354936017
201101319,StillImage,image/jpeg,https://inaturalist-open-data.s3.amazonaws.com/photos/354935882/original.jpeg,https://www.inaturalist.org/photos/354935882,2024-02-29T17:47:10-08:00,Reiner Richter,iNaturalist,http://creativecommons.org/licenses/by-nc-sa/4.0/,Reiner Richter,354935882
201101320,StillImage,image/jpeg,https://inaturalist-open-data.s3.amazonaws.com/photos/354935887/original.jpeg,https://www.inaturalist.org/photos/354935887,2024-02-29T17:48:39-08:00,Reiner Richter,iNaturalist,http://creativecommons.org/licenses/by-nc-sa/4.0/,Reiner Richter,354935887
201101320,StillImage,image/jpeg,https://inaturalist-open-data.s3.amazonaws.com/photos/354935884/original.jpeg,https://www.inaturalist.org/photos/354935884,2024-02-29T17:47:55-08:00,Reiner Richter,iNaturalist,http://creativecommons.org/licenses/by-nc-sa/4.0/,Reiner Richter,354935884
201101321,StillImage,image/jpeg,https://inaturalist-open-data.s3.amazonaws.com/photos/354935888/original.jpeg,https://www.inaturalist.org/photos/354935888,2024-02-29T17:50:27-08:00,Reiner Richter,iNaturalist,http://creativecommons.org/licenses/by-nc-sa/4.0/,Reiner Richter,354935888
201101322,StillImage,image/jpeg,https://inaturalist-open-data.s3.amazonaws.com/photos/354935891/original.jpeg,https://www.inaturalist.org/photos/354935891,2024-02-29T17:52:12-08:00,Reiner Richter,iNaturalist,http://creativecommons.org/licenses/by-nc-sa/4.0/,Reiner Richter,354935891
201101323,StillImage,image/jpeg,https://inaturalist-open-data.s3.amazonaws.com/photos/354936021/original.jpg,https://www.inaturalist.org/photos/354936021,2024-03-02T00:21:27Z,smfang,iNaturalist,http://creativecommons.org/licenses/by-nc/4.0/,smfang,354936021
201101326,StillImage,image/jpeg,https://inaturalist-open-data.s3.amazonaws.com/photos/354936028/original.jpeg,https://www.inaturalist.org/photos/354936028,2024-03-03T08:55:50-08:00,Elias,iNaturalist,http://creativecommons.org/licenses/by/4.0/,Elias,354936028
201101328,StillImage,image/jpeg,https://inaturalist-open-data.s3.amazonaws.com/photos/354935905/original.jpg,https://www.inaturalist.org/photos/354935905,2024-03-03T13:18:12-08:00,Petra Holland,iNaturalist,http://creativecommons.org/licenses/by/4.0/,Petra Holland,354935905
201101328,StillImage,image/jpeg,https://inaturalist-open-data.s3.amazonaws.com/photos/354935903/original.jpg,https://www.inaturalist.org/photos/354935903,2024-03-03T13:17:58-08:00,Petra Holland,iNaturalist,http://creativecommons.org/licenses/by/4.0/,Petra Holland,354935903
201101328,StillImage,image/jpeg,https://inaturalist-open-data.s3.amazonaws.com/photos/354935893/original.jpg,https://www.inaturalist.org/photos/354935893,2024-03-03T13:17:20-08:00,Petra Holland,iNaturalist,http://creativecommons.org/licenses/by/4.0/,Petra Holland,354935893
201101328,StillImage,image/jpeg,https://inaturalist-open-data.s3.amazonaws.com/photos/354935904/original.jpg,https://www.inaturalist.org/photos/354935904,2024-03-03T13:18:25-08:00,Petra Holland,iNaturalist,http://creativecommons.org/licenses/by/4.0/,Petra Holland,354935904
201101328,StillImage,image/jpeg,https://inaturalist-open-data.s3.amazonaws.com/photos/354935918/original.jpg,https://www.inaturalist.org/photos/354935918,2024-03-03T13:19:12-08:00,Petra Holland,iNaturalist,http://creativecommons.org/licenses/by/4.0/,Petra Holland,354935918
201101329,StillImage,image/jpeg,https://inaturalist-open-data.s3.amazonaws.com/photos/354935953/original.jpg,https://www.inaturalist.org/photos/354935953,2024-02-28T13:35:19-08:00,Szymon Bzoma,iNaturalist,http://creativecommons.org/licenses/by-nc/4.0/,Szymon Bzoma,354935953
201101331,StillImage,image/jpeg,https://inaturalist-open-data.s3.amazonaws.com/photos/354935948/original.jpg,https://www.inaturalist.org/photos/354935948,2024-02-28T13:44:18-08:00,Szymon Bzoma,iNaturalist,http://creativecommons.org/licenses/by-nc/4.0/,Szymon Bzoma,354935948
201101332,StillImage,image/jpeg,https://inaturalist-open-data.s3.amazonaws.com/photos/354935952/original.jpg,https://www.inaturalist.org/photos/354935952,2024-02-28T13:47:47-08:00,Szymon Bzoma,iNaturalist,http://creativecommons.org/licenses/by-nc/4.0/,Szymon Bzoma,354935952
201101334,StillImage,image/jpeg,https://inaturalist-open-data.s3.amazonaws.com/photos/354935971/original.jpg,https://www.inaturalist.org/photos/354935971,2024-02-28T13:54:34-08:00,Szymon Bzoma,iNaturalist,http://creativecommons.org/licenses/by-nc/4.0/,Szymon Bzoma,354935971
201101335,StillImage,image/jpeg,https://inaturalist-open-data.s3.amazonaws.com/photos/354935959/original.jpg,https://www.inaturalist.org/photos/354935959,2024-02-28T14:02:41-08:00,Szymon Bzoma,iNaturalist,http://creativecommons.org/licenses/by-nc/4.0/,Szymon Bzoma,354935959
201101336,StillImage,image/jpeg,https://inaturalist-open-data.s3.amazonaws.com/photos/354935963/original.jpg,https://www.inaturalist.org/photos/354935963,2024-02-28T14:55:57-08:00,Szymon Bzoma,iNaturalist,http://creativecommons.org/licenses/by-nc/4.0/,Szymon Bzoma,354935963
201101337,StillImage,image/jpeg,https://inaturalist-open-data.s3.amazonaws.com/photos/354935968/original.jpg,https://www.inaturalist.org/photos/354935968,2024-02-28T15:32:47-08:00,Szymon Bzoma,iNaturalist,http://creativecommons.org/licenses/by-nc/4.0/,Szymon Bzoma,354935968
201101338,StillImage,image/jpeg,https://inaturalist-open-data.s3.amazonaws.com/photos/354936041/original.jpeg,https://www.inaturalist.org/photos/354936041,2024-03-03T08:24:35-08:00,Elias,iNaturalist,http://creativecommons.org/licenses/by/4.0/,Elias,354936041
201101341,StillImage,image/jpeg,https://inaturalist-open-data.s3.amazonaws.com/photos/354936066/original.jpg,https://www.inaturalist.org/photos/354936066,2024-02-15T21:13:16Z,Jarah Marginata,iNaturalist,http://creativecommons.org/licenses/by-nc/4.0/,Jarah Marginata,354936066
201101342,StillImage,image/jpeg,https://inaturalist-open-data.s3.amazonaws.com/photos/354936052/original.jpeg,https://www.inaturalist.org/photos/354936052,2024-03-02T14:37:28-08:00,irrwisch,iNaturalist,http://creativecommons.org/licenses/by-nc/4.0/,irrwisch,354936052
201101343,StillImage,image/jpeg,https://inaturalist-open-data.s3.amazonaws.com/photos/354936061/original.jpeg,https://www.inaturalist.org/photos/354936061,2024-03-03T08:32:05-08:00,Elias,iNaturalist,http://creativecommons.org/licenses/by/4.0/,Elias,354936061
201101343,StillImage,image/jpeg,https://inaturalist-open-data.s3.amazonaws.com/photos/354936075/original.jpeg,https://www.inaturalist.org/photos/354936075,2024-03-03T08:32:48-08:00,Elias,iNaturalist,http://creativecommons.org/licenses/by/4.0/,Elias,354936075
201101343,StillImage,image/jpeg,https://inaturalist-open-data.s3.amazonaws.com/photos/354936084/original.jpeg,https://www.inaturalist.org/photos/354936084,2024-03-03T08:32:38-08:00,Elias,iNaturalist,http://creativecommons.org/licenses/by/4.0/,Elias,354936084
201101343,StillImage,image/jpeg,https://inaturalist-open-data.s3.amazonaws.com/photos/354936102/original.jpeg,https://www.inaturalist.org/photos/354936102,2024-03-03T08:32:18-08:00,Elias,iNaturalist,http://creativecommons.org/licenses/by/4.0/,Elias,354936102
201101343,StillImage,image/jpeg,https://inaturalist-open-data.s3.amazonaws.com/photos/354936110/original.jpeg,https://www.inaturalist.org/photos/354936110,2024-03-03T08:31:54-08:00,Elias,iNaturalist,http://creativecommons.org/licenses/by/4.0/,Elias,354936110
201101346,StillImage,image/jpeg,https://inaturalist-open-data.s3.amazonaws.com/photos/354936076/original.jpeg,https://www.inaturalist.org/photos/354936076,2023-12-30T21:22:55-08:00,elsabe_gnp,iNaturalist,http://creativecommons.org/licenses/by-nc/4.0/,elsabe_gnp,354936076
201101346,StillImage,image/jpeg,https://inaturalist-open-data.s3.amazonaws.com/photos/354936094/original.jpeg,https://www.inaturalist.org/photos/354936094,2023-12-30T21:22:39-08:00,elsabe_gnp,iNaturalist,http://creativecommons.org/licenses/by-nc/4.0/,elsabe_gnp,354936094
201101348,StillImage,image/jpeg,https://inaturalist-open-data.s3.amazonaws.com/photos/354936073/original.jpeg,https://www.inaturalist.org/photos/354936073,2024-03-02T15:04:22-08:00,irrwisch,iNaturalist,http://creativecommons.org/licenses/by-nc/4.0/,irrwisch,354936073
201101349,StillImage,image/jpeg,https://inaturalist-open-data.s3.amazonaws.com/photos/354936071/original.jpg,https://www.inaturalist.org/photos/354936071,2024-01-23T20:29:20Z,klevingston,iNaturalist,http://creativecommons.org/licenses/by-nc/4.0/,klevingston,354936071
201101351,StillImage,image/jpeg,https://inaturalist-open-data.s3.amazonaws.com/photos/354936079/original.jpg,https://www.inaturalist.org/photos/354936079,2024-01-28T22:11:29Z,iacomaner,iNaturalist,http://creativecommons.org/licenses/by-nc/4.0/,iacomaner,354936079
201101351,StillImage,image/jpeg,https://inaturalist-open-data.s3.amazonaws.com/photos/354936065/original.jpg,https://www.inaturalist.org/photos/354936065,2024-01-28T22:11:29Z,iacomaner,iNaturalist,http://creativecommons.org/licenses/by-nc/4.0/,iacomaner,354936065
201101351,StillImage,image/jpeg,https://inaturalist-open-data.s3.amazonaws.com/photos/354936074/original.jpg,https://www.inaturalist.org/photos/354936074,2024-01-28T22:11:29Z,iacomaner,iNaturalist,http://creativecommons.org/licenses/by-nc/4.0/,iacomaner,354936074
201101352,StillImage,image/jpeg,https://inaturalist-open-data.s3.amazonaws.com/photos/354936064/original.jpg,https://www.inaturalist.org/photos/354936064,2024-03-02T00:29:56Z,smfang,iNaturalist,http://creativecommons.org/licenses/by-nc/4.0/,smfang,354936064
201101354,StillImage,image/jpeg,https://inaturalist-open-data.s3.amazonaws.com/photos/354936121/original.jpg,https://www.inaturalist.org/photos/354936121,2024-03-03T05:07:11Z,arthurjoestephens,iNaturalist,http://creativecommons.org/licenses/by-nc/4.0/,arthurjoestephens,354936121
201101354,StillImage,image/jpeg,https://inaturalist-open-data.s3.amazonaws.com/photos/354936191/original.jpg,https://www.inaturalist.org/photos/354936191,2024-03-03T05:07:11Z,arthurjoestephens,iNaturalist,http://creativecommons.org/licenses/by-nc/4.0/,arthurjoestephens,354936191
201101354,StillImage,image/jpeg,https://inaturalist-open-data.s3.amazonaws.com/photos/354956306/original.jpg,https://www.inaturalist.org/photos/354956306,2024-03-03T05:07:11Z,arthurjoestephens,iNaturalist,http://creativecommons.org/licenses/by-nc/4.0/,arthurjoestephens,354956306
201101359,StillImage,image/jpeg,https://inaturalist-open-data.s3.amazonaws.com/photos/354935912/original.jpeg,https://www.inaturalist.org/photos/354935912,2024-03-03T08:18:38-08:00,rhinolin,iNaturalist,http://creativecommons.org/licenses/by-nc/4.0/,rhinolin,354935912
201101359,StillImage,image/jpeg,https://inaturalist-open-data.s3.amazonaws.com/photos/354935914/original.jpeg,https://www.inaturalist.org/photos/354935914,2024-03-03T08:59:37-08:00,rhinolin,iNaturalist,http://creativecommons.org/licenses/by-nc/4.0/,rhinolin,354935914
201101360,StillImage,image/jpeg,https://inaturalist-open-data.s3.amazonaws.com/photos/354935956/original.jpeg,https://www.inaturalist.org/photos/354935956,2024-03-03T09:11:08-08:00,rhinolin,iNaturalist,http://creativecommons.org/licenses/by-nc/4.0/,rhinolin,354935956
201101361,StillImage,image/jpeg,https://inaturalist-open-data.s3.amazonaws.com/photos/354935941/original.jpeg,https://www.inaturalist.org/photos/354935941,2024-03-03T09:06:35-08:00,rhinolin,iNaturalist,http://creativecommons.org/licenses/by-nc/4.0/,rhinolin,354935941
201101362,StillImage,image/jpeg,https://inaturalist-open-data.s3.amazonaws.com/photos/354935964/original.jpeg,https://www.inaturalist.org/photos/354935964,2024-03-03T09:16:23-08:00,rhinolin,iNaturalist,http://creativecommons.org/licenses/by-nc/4.0/,rhinolin,354935964
201101363,StillImage,image/jpeg,https://inaturalist-open-data.s3.amazonaws.com/photos/354936089/original.jpeg,https://www.inaturalist.org/photos/354936089,2024-03-03T21:30:56-08:00,kiwipom,iNaturalist,http://creativecommons.org/licenses/by-nc/4.0/,kiwipom,354936089
201101363,StillImage,image/jpeg,https://inaturalist-open-data.s3.amazonaws.com/photos/354936097/original.jpeg,https://www.inaturalist.org/photos/354936097,2024-03-03T21:30:37-08:00,kiwipom,iNaturalist,http://creativecommons.org/licenses/by-nc/4.0/,kiwipom,354936097
201101364,StillImage,image/jpeg,https://inaturalist-open-data.s3.amazonaws.com/photos/354935966/original.jpeg,https://www.inaturalist.org/photos/354935966,2024-03-03T09:30:01-08:00,rhinolin,iNaturalist,http://creativecommons.org/licenses/by-nc/4.0/,rhinolin,354935966
201101365,StillImage,image/jpeg,https://inaturalist-open-data.s3.amazonaws.com/photos/354935979/original.jpeg,https://www.inaturalist.org/photos/354935979,2024-03-03T09:35:27-08:00,rhinolin,iNaturalist,http://creativecommons.org/licenses/by-nc/4.0/,rhinolin,354935979
201101365,StillImage,image/jpeg,https://inaturalist-open-data.s3.amazonaws.com/photos/354935981/original.jpeg,https://www.inaturalist.org/photos/354935981,2024-03-03T09:34:54-08:00,rhinolin,iNaturalist,http://creativecommons.org/licenses/by-nc/4.0/,rhinolin,354935981
201101366,StillImage,image/jpeg,https://inaturalist-open-data.s3.amazonaws.com/photos/354935993/original.jpeg,https://www.inaturalist.org/photos/354935993,2024-03-03T09:48:42-08:00,rhinolin,iNaturalist,http://creativecommons.org/licenses/by-nc/4.0/,rhinolin,354935993
201101367,StillImage,image/jpeg,https://inaturalist-open-data.s3.amazonaws.com/photos/354935989/original.jpeg,https://www.inaturalist.org/photos/354935989,2024-03-03T09:41:05-08:00,rhinolin,iNaturalist,http://creativecommons.org/licenses/by-nc/4.0/,rhinolin,354935989
201101368,StillImage,image/jpeg,https://inaturalist-open-data.s3.amazonaws.com/photos/354935996/original.jpeg,https://www.inaturalist.org/photos/354935996,2024-03-03T09:45:39-08:00,rhinolin,iNaturalist,http://creativecommons.org/licenses/by-nc/4.0/,rhinolin,354935996
201101368,StillImage,image/jpeg,https://inaturalist-open-data.s3.amazonaws.com/photos/354935995/original.jpeg,https://www.inaturalist.org/photos/354935995,2024-03-03T09:45:38-08:00,rhinolin,iNaturalist,http://creativecommons.org/licenses/by-nc/4.0/,rhinolin,354935995
201101369,StillImage,image/jpeg,https://inaturalist-open-data.s3.amazonaws.com/photos/354936007/original.jpeg,https://www.inaturalist.org/photos/354936007,2024-03-03T09:53:50-08:00,rhinolin,iNaturalist,http://creativecommons.org/licenses/by-nc/4.0/,rhinolin,354936007
201101370,StillImage,image/jpeg,https://inaturalist-open-data.s3.amazonaws.com/photos/354936020/original.jpeg,https://www.inaturalist.org/photos/354936020,2024-03-03T09:55:21-08:00,rhinolin,iNaturalist,http://creativecommons.org/licenses/by-nc/4.0/,rhinolin,354936020
201101372,StillImage,image/jpeg,https://inaturalist-open-data.s3.amazonaws.com/photos/354936009/original.jpeg,https://www.inaturalist.org/photos/354936009,2024-03-03T09:54:10-08:00,rhinolin,iNaturalist,http://creativecommons.org/licenses/by-nc/4.0/,rhinolin,354936009
201101372,StillImage,image/jpeg,https://inaturalist-open-data.s3.amazonaws.com/photos/354936005/original.jpeg,https://www.inaturalist.org/photos/354936005,2024-03-03T09:54:12-08:00,rhinolin,iNaturalist,http://creativecommons.org/licenses/by-nc/4.0/,rhinolin,354936005
67033946,StillImage,image/jpeg,https://inaturalist-open-data.s3.amazonaws.com/photos/108204865/original.jpeg,https://www.inaturalist.org/photos/108204865,2020-12-24T17:10:04-08:00,Zoltán Stekkelpak,iNaturalist,http://creativecommons.org/publicdomain/zero/1.0/,Zoltán Stekkelpak,108204865
67033947,StillImage,image/jpeg,https://inaturalist-open-data.s3.amazonaws.com/photos/108204777/original.jpeg,https://www.inaturalist.org/photos/108204777,2020-12-22T07:10:02-08:00,Arnim Littek,iNaturalist,http://creativecommons.org/licenses/by/4.0/,Arnim Littek,108204777
67033949,StillImage,image/jpeg,https://inaturalist-open-data.s3.amazonaws.com/photos/108204759/original.jpg,https://www.inaturalist.org/photos/108204759,2019-01-26T13:50:10-08:00,William Harris,iNaturalist,http://creativecommons.org/licenses/by-nc/4.0/,William Harris,108204759
67033952,StillImage,image/jpeg,https://inaturalist-open-data.s3.amazonaws.com/photos/108204803/original.jpg,https://www.inaturalist.org/photos/108204803,2020-12-02T19:40:44Z,Hannah Mews,iNaturalist,http://creativecommons.org/licenses/by-nc/4.0/,Hannah Mews,108204803
67033952,StillImage,image/jpeg,https://inaturalist-open-data.s3.amazonaws.com/photos/108204809/original.jpg,https://www.inaturalist.org/photos/108204809,2020-12-02T19:40:44Z,Hannah Mews,iNaturalist,http://creativecommons.org/licenses/by-nc/4.0/,Hannah Mews,108204809
67033952,StillImage,image/jpeg,https://inaturalist-open-data.s3.amazonaws.com/photos/108204818/original.jpg,https://www.inaturalist.org/photos/108204818,2020-12-02T19:40:44Z,Hannah Mews,iNaturalist,http://creativecommons.org/licenses/by-nc/4.0/,Hannah Mews,108204818
67033952,StillImage,image/jpeg,https://inaturalist-open-data.s3.amazonaws.com/photos/108204827/original.jpg,https://www.inaturalist.org/photos/108204827,2020-12-02T19:40:44Z,Hannah Mews,iNaturalist,http://creativecommons.org/licenses/by-nc/4.0/,Hannah Mews,108204827
67033952,StillImage,image/jpeg,https://inaturalist-open-data.s3.amazonaws.com/photos/108204830/original.jpg,https://www.inaturalist.org/photos/108204830,2020-12-02T19:40:44Z,Hannah Mews,iNaturalist,http://creativecommons.org/licenses/by-nc/4.0/,Hannah Mews,108204830
67033952,StillImage,image/jpeg,https://inaturalist-open-data.s3.amazonaws.com/photos/108204834/original.jpg,https://www.inaturalist.org/photos/108204834,2020-12-02T19:40:44Z,Hannah Mews,iNaturalist,http://creativecommons.org/licenses/by-nc/4.0/,Hannah Mews,108204834
67033956,StillImage,image/jpeg,https://inaturalist-open-data.s3.amazonaws.com/photos/108204791/original.jpeg,https://www.inaturalist.org/photos/108204791,2006-04-14T10:11:01-07:00,auntie_uncle,iNaturalist,http://creativecommons.org/licenses/by-nc/4.0/,auntie_uncle,108204791
67033957,StillImage,image/jpeg,https://inaturalist-open-data.s3.amazonaws.com/photos/108204795/original.jpeg,https://www.inaturalist.org/photos/108204795,2006-04-14T11:48:31-07:00,auntie_uncle,iNaturalist,http://creativecommons.org/licenses/by-nc/4.0/,auntie_uncle,108204795
67033960,StillImage,image/jpeg,https://inaturalist-open-data.s3.amazonaws.com/photos/108204829/original.jpg,https://www.inaturalist.org/photos/108204829,2020-12-25T00:07:01Z,Braden McDonald,iNaturalist,http://creativecommons.org/licenses/by-nc/4.0/,Braden McDonald,108204829
67033961,StillImage,image/jpeg,https://inaturalist-open-data.s3.amazonaws.com/photos/108204831/original.jpg,https://www.inaturalist.org/photos/108204831,2020-12-25T05:47:00Z,andreagrecu,iNaturalist,http://creativecommons.org/licenses/by-nc/4.0/,andreagrecu,108204831
67033962,StillImage,image/jpeg,https://inaturalist-open-data.s3.amazonaws.com/photos/108204797/original.jpg,https://www.inaturalist.org/photos/108204797,2018-07-31T18:05:37-07:00,Daba,iNaturalist,http://creativecommons.org/licenses/by-nc/4.0/,Daba,108204797
67033962,StillImage,image/jpeg,https://inaturalist-open-data.s3.amazonaws.com/photos/108204989/original.jpg,https://www.inaturalist.org/photos/108204989,2018-07-31T19:06:16-07:00,Daba,iNaturalist,http://creativecommons.org/licenses/by-nc/4.0/,Daba,108204989
67033964,StillImage,image/jpeg,https://inaturalist-open-data.s3.amazonaws.com/photos/108204840/original.jpg,https://www.inaturalist.org/photos/108204840,2020-12-25T05:24:45Z,suchihfen,iNaturalist,http://creativecommons.org/licenses/by-nc/4.0/,suchihfen,108204840
67033964,StillImage,image/jpeg,https://inaturalist-open-data.s3.amazonaws.com/photos/108204844/original.jpg,https://www.inaturalist.org/photos/108204844,2020-12-25T05:24:45Z,suchihfen,iNaturalist,http://creativecommons.org/licenses/by-nc/4.0/,suchihfen,108204844
67033964,StillImage,image/jpeg,https://inaturalist-open-data.s3.amazonaws.com/photos/108204850/original.jpg,https://www.inaturalist.org/photos/108204850,2020-12-25T05:24:45Z,suchihfen,iNaturalist,http://creativecommons.org/licenses/by-nc/4.0/,suchihfen,108204850
67033971,StillImage,image/jpeg,https://inaturalist-open-data.s3.amazonaws.com/photos/108204858/original.jpg,https://www.inaturalist.org/photos/108204858,2020-12-25T05:24:12Z,suchihfen,iNaturalist,http://creativecommons.org/licenses/by-nc/4.0/,suchihfen,108204858
67033971,StillImage,image/jpeg,https://inaturalist-open-data.s3.amazonaws.com/photos/108204863/original.jpg,https://www.inaturalist.org/photos/108204863,2020-12-25T05:24:12Z,suchihfen,iNaturalist,http://creativecommons.org/licenses/by-nc/4.0/,suchihfen,108204863
67033972,StillImage,image/jpeg,https://inaturalist-open-data.s3.amazonaws.com/photos/108204837/original.jpeg,https://www.inaturalist.org/photos/108204837,2020-12-23T14:59:40-08:00,Владимир,iNaturalist,http://creativecommons.org/licenses/by-nc/4.0/,Владимир,108204837
67033973,Sound,audio/x-wav,https://static.inaturalist.org/sounds/155171.wav?1608875349,https://www.inaturalist.org/sounds/155171,2020-12-25T05:49:09Z,aeruginosa,iNaturalist,http://creativecommons.org/licenses/by-nc/4.0/,aeruginosa,155171
67033976,StillImage,image/jpeg,https://inaturalist-open-data.s3.amazonaws.com/photos/108204847/original.jpg,https://www.inaturalist.org/photos/108204847,2019-01-27T12:02:15-08:00,William Harris,iNaturalist,http://creativecommons.org/licenses/by-nc/4.0/,William Harris,108204847
67033981,StillImage,image/jpeg,https://inaturalist-open-data.s3.amazonaws.com/photos/108204807/original.jpg,https://www.inaturalist.org/photos/108204807,2015-10-17T16:56:21-07:00,Alex Binck,iNaturalist,http://creativecommons.org/licenses/by-nc/4.0/,Alex Binck,108204807
67033984,StillImage,image/jpeg,https://inaturalist-open-data.s3.amazonaws.com/photos/108204892/original.jpeg,https://www.inaturalist.org/photos/108204892,2020-12-24T17:07:00-08:00,Zoltán Stekkelpak,iNaturalist,http://creativecommons.org/publicdomain/zero/1.0/,Zoltán Stekkelpak,108204892
67033985,StillImage,image/jpeg,https://inaturalist-open-data.s3.amazonaws.com/photos/108204885/original.jpg,https://www.inaturalist.org/photos/108204885,2020-12-07T16:16:18Z,Hannah Mews,iNaturalist,http://creativecommons.org/licenses/by-nc/4.0/,Hannah Mews,108204885
67033986,StillImage,image/jpeg,https://inaturalist-open-data.s3.amazonaws.com/photos/108204888/original.jpg,https://www.inaturalist.org/photos/108204888,2020-12-24T14:34:12-08:00,James Maughn,iNaturalist,http://creativecommons.org/licenses/by-nc/4.0/,James Maughn,108204888
67033989,StillImage,image/jpeg,https://inaturalist-open-data.s3.amazonaws.com/photos/108204868/original.jpeg,https://www.inaturalist.org/photos/108204868,2020-12-22T07:07:49-08:00,Arnim Littek,iNaturalist,http://creativecommons.org/licenses/by/4.0/,Arnim Littek,108204868
67033989,StillImage,image/jpeg,https://inaturalist-open-data.s3.amazonaws.com/photos/108204941/original.jpeg,https://www.inaturalist.org/photos/108204941,2020-12-22T07:07:28-08:00,Arnim Littek,iNaturalist,http://creativecommons.org/licenses/by/4.0/,Arnim Littek,108204941
67033989,StillImage,image/jpeg,https://inaturalist-open-data.s3.amazonaws.com/photos/108204943/original.jpeg,https://www.inaturalist.org/photos/108204943,2020-12-22T07:07:36-08:00,Arnim Littek,iNaturalist,http://creativecommons.org/licenses/by/4.0/,Arnim Littek,108204943
67033989,StillImage,image/jpeg,https://inaturalist-open-data.s3.amazonaws.com/photos/108204944/original.jpeg,https://www.inaturalist.org/photos/108204944,2020-12-22T07:08:16-08:00,Arnim Littek,iNaturalist,http://creativecommons.org/licenses/by/4.0/,Arnim Littek,108204944
201101374,StillImage,image/jpeg,https://inaturalist-open-data.s3.amazonaws.com/photos/354936090/original.jpeg,https://www.inaturalist.org/photos/354936090,2024-03-03T08:46:50-08:00,Carolapro,iNaturalist,http://creativecommons.org/licenses/by-nc/4.0/,Carolapro,354936090
201101374,StillImage,image/jpeg,https://inaturalist-open-data.s3.amazonaws.com/photos/354936101/original.jpeg,https://www.inaturalist.org/photos/354936101,2024-03-03T08:46:06-08:00,Carolapro,iNaturalist,http://creativecommons.org/licenses/by-nc/4.0/,Carolapro,354936101
201101381,StillImage,image/jpeg,https://inaturalist-open-data.s3.amazonaws.com/photos/354936113/original.jpeg,https://www.inaturalist.org/photos/354936113,2024-03-03T08:31:24Z,danipanini,iNaturalist,http://creativecommons.org/licenses/by-nc/4.0/,danipanini,354936113
201101382,StillImage,image/jpeg,https://inaturalist-open-data.s3.amazonaws.com/photos/354936109/original.jpeg,https://www.inaturalist.org/photos/354936109,2024-03-03T08:19:43Z,Ivan Paz-Vinas,iNaturalist,http://creativecommons.org/licenses/by-nc/4.0/,Ivan Paz-Vinas,354936109
201101385,StillImage,image/jpeg,https://inaturalist-open-data.s3.amazonaws.com/photos/354936111/original.jpeg,https://www.inaturalist.org/photos/354936111,2023-08-03T15:28:36-07:00,Василий,iNaturalist,http://creativecommons.org/licenses/by-nc/4.0/,Василий,354936111
201101388,StillImage,image/jpeg,https://inaturalist-open-data.s3.amazonaws.com/photos/354936132/original.jpeg,https://www.inaturalist.org/photos/354936132,2024-03-03T08:35:49-08:00,Elias,iNaturalist,http://creativecommons.org/licenses/by/4.0/,Elias,354936132
201101388,StillImage,image/jpeg,https://inaturalist-open-data.s3.amazonaws.com/photos/354936141/original.jpeg,https://www.inaturalist.org/photos/354936141,2024-03-03T08:35:23-08:00,Elias,iNaturalist,http://creativecommons.org/licenses/by/4.0/,Elias,354936141
201101388,StillImage,image/jpeg,https://inaturalist-open-data.s3.amazonaws.com/photos/354936299/original.jpeg,https://www.inaturalist.org/photos/354936299,2024-03-03T08:35:18-08:00,Elias,iNaturalist,http://creativecommons.org/licenses/by/4.0/,Elias,354936299
201101389,StillImage,image/jpeg,https://inaturalist-open-data.s3.amazonaws.com/photos/354931689/original.jpeg,https://www.inaturalist.org/photos/354931689,2024-03-02T14:20:07-08:00,Christopher Stephens,iNaturalist,http://creativecommons.org/licenses/by-sa/4.0/,Christopher Stephens,354931689
201101389,StillImage,image/jpeg,https://inaturalist-open-data.s3.amazonaws.com/photos/354931887/original.jpeg,https://www.inaturalist.org/photos/354931887,2024-03-02T14:20:21-08:00,Christopher Stephens,iNaturalist,http://creativecommons.org/licenses/by-sa/4.0/,Christopher Stephens,354931887
201101389,StillImage,image/jpeg,https://inaturalist-open-data.s3.amazonaws.com/photos/354931890/original.jpeg,https://www.inaturalist.org/photos/354931890,2024-03-02T14:20:24-08:00,Christopher Stephens,iNaturalist,http://creativecommons.org/licenses/by-sa/4.0/,Christopher Stephens,354931890
201101389,StillImage,image/jpeg,https://inaturalist-open-data.s3.amazonaws.com/photos/354931894/original.jpeg,https://www.inaturalist.org/photos/354931894,2024-03-02T14:20:05-08:00,Christopher Stephens,iNaturalist,http://creativecommons.org/licenses/by-sa/4.0/,Christopher Stephens,354931894
201101389,StillImage,image/jpeg,https://inaturalist-open-data.s3.amazonaws.com/photos/354931902/original.jpeg,https://www.inaturalist.org/photos/354931902,2024-03-02T14:20:51-08:00,Christopher Stephens,iNaturalist,http://creativecommons.org/licenses/by-sa/4.0/,Christopher Stephens,354931902
201101389,StillImage,image/jpeg,https://inaturalist-open-data.s3.amazonaws.com/photos/354931968/original.jpeg,https://www.inaturalist.org/photos/354931968,2024-03-02T14:21:26-08:00,Christopher Stephens,iNaturalist,http://creativecommons.org/licenses/by-sa/4.0/,Christopher Stephens,354931968
201101390,StillImage,image/jpeg,https://inaturalist-open-data.s3.amazonaws.com/photos/354936139/original.jpeg,https://www.inaturalist.org/photos/354936139,2024-03-03T10:30:59-08:00,Tilla Günther,iNaturalist,http://creativecommons.org/licenses/by-nc/4.0/,Tilla Günther,354936139
201101392,StillImage,image/jpeg,https://inaturalist-open-data.s3.amazonaws.com/photos/354931998/original.jpeg,https://www.inaturalist.org/photos/354931998,2024-03-02T14:22:03-08:00,Christopher Stephens,iNaturalist,http://creativecommons.org/licenses/by-sa/4.0/,Christopher Stephens,354931998
201101395,StillImage,image/jpeg,https://inaturalist-open-data.s3.amazonaws.com/photos/354932187/original.jpeg,https://www.inaturalist.org/photos/354932187,2024-03-02T14:25:10-08:00,Christopher Stephens,iNaturalist,http://creativecommons.org/licenses/by-sa/4.0/,Christopher Stephens,354932187
201101396,StillImage,image/jpeg,https://inaturalist-open-data.s3.amazonaws.com/photos/354932221/original.jpeg,https://www.inaturalist.org/photos/354932221,2024-03-02T14:26:02-08:00,Christopher Stephens,iNaturalist,http://creativecommons.org/licenses/by-sa/4.0/,Christopher Stephens,354932221
201101397,StillImage,image/jpeg,https://inaturalist-open-data.s3.amazonaws.com/photos/354932252/original.jpeg,https://www.inaturalist.org/photos/354932252,2024-03-02T14:27:29-08:00,Christopher Stephens,iNaturalist,http://creativecommons.org/licenses/by-sa/4.0/,Christopher Stephens,354932252
201101398,StillImage,image/jpeg,https://inaturalist-open-data.s3.amazonaws.com/photos/354932535/original.jpeg,https://www.inaturalist.org/photos/354932535,2024-03-02T14:32:16-08:00,Christopher Stephens,iNaturalist,http://creativecommons.org/licenses/by-sa/4.0/,Christopher Stephens,354932535
201101398,StillImage,image/jpeg,https://inaturalist-open-data.s3.amazonaws.com/photos/354932533/original.jpeg,https://www.inaturalist.org/photos/354932533,2024-03-02T14:31:28-08:00,Christopher Stephens,iNaturalist,http://creativecommons.org/licenses/by-sa/4.0/,Christopher Stephens,354932533
201101398,StillImage,image/jpeg,https://inaturalist-open-data.s3.amazonaws.com/photos/354932527/original.jpeg,https://www.inaturalist.org/photos/354932527,2024-03-02T14:31:39-08:00,Christopher Stephens,iNaturalist,http://creativecommons.org/licenses/by-sa/4.0/,Christopher Stephens,354932527
201101399,StillImage,image/jpeg,https://inaturalist-open-data.s3.amazonaws.com/photos/354932577/original.jpeg,https://www.inaturalist.org/photos/354932577,2024-03-02T14:36:33-08:00,Christopher Stephens,iNaturalist,http://creativecommons.org/licenses/by-sa/4.0/,Christopher Stephens,354932577
201101399,StillImage,image/jpeg,https://inaturalist-open-data.s3.amazonaws.com/photos/354932578/original.jpeg,https://www.inaturalist.org/photos/354932578,2024-03-02T14:36:24-08:00,Christopher Stephens,iNaturalist,http://creativecommons.org/licenses/by-sa/4.0/,Christopher Stephens,354932578
201101400,StillImage,image/jpeg,https://inaturalist-open-data.s3.amazonaws.com/photos/356954203/original.jpg,https://www.inaturalist.org/photos/356954203,2024-02-29T06:57:31Z,michaelheuermann,iNaturalist,http://creativecommons.org/licenses/by/4.0/,michaelheuermann,356954203
201101402,StillImage,image/jpeg,https://inaturalist-open-data.s3.amazonaws.com/photos/354932649/original.jpeg,https://www.inaturalist.org/photos/354932649,2024-03-02T14:39:16-08:00,Christopher Stephens,iNaturalist,http://creativecommons.org/licenses/by-sa/4.0/,Christopher Stephens,354932649
201101402,StillImage,image/jpeg,https://inaturalist-open-data.s3.amazonaws.com/photos/354932662/original.jpeg,https://www.inaturalist.org/photos/354932662,2024-03-02T14:39:40-08:00,Christopher Stephens,iNaturalist,http://creativecommons.org/licenses/by-sa/4.0/,Christopher Stephens,354932662
201101403,StillImage,image/jpeg,https://inaturalist-open-data.s3.amazonaws.com/photos/354932655/original.jpeg,https://www.inaturalist.org/photos/354932655,2024-03-02T14:41:00-08:00,Christopher Stephens,iNaturalist,http://creativecommons.org/licenses/by-sa/4.0/,Christopher Stephens,354932655
201101403,StillImage,image/jpeg,https://inaturalist-open-data.s3.amazonaws.com/photos/354932677/original.jpeg,https://www.inaturalist.org/photos/354932677,2024-03-02T14:41:04-08:00,Christopher Stephens,iNaturalist,http://creativecommons.org/licenses/by-sa/4.0/,Christopher Stephens,354932677
201101404,StillImage,image/jpeg,https://inaturalist-open-data.s3.amazonaws.com/photos/354932680/original.jpeg,https://www.inaturalist.org/photos/354932680,2024-03-02T14:41:08-08:00,Christopher Stephens,iNaturalist,http://creativecommons.org/licenses/by-sa/4.0/,Christopher Stephens,354932680
201101404,StillImage,image/jpeg,https://inaturalist-open-data.s3.amazonaws.com/photos/354932684/original.jpeg,https://www.inaturalist.org/photos/354932684,2024-03-02T14:41:11-08:00,Christopher Stephens,iNaturalist,http://creativecommons.org/licenses/by-sa/4.0/,Christopher Stephens,354932684
201101405,StillImage,image/jpeg,https://inaturalist-open-data.s3.amazonaws.com/photos/354932698/original.jpeg,https://www.inaturalist.org/photos/354932698,2024-03-02T14:42:04-08:00,Christopher Stephens,iNaturalist,http://creativecommons.org/licenses/by-sa/4.0/,Christopher Stephens,354932698
201101406,StillImage,image/jpeg,https://inaturalist-open-data.s3.amazonaws.com/photos/354932737/original.jpeg,https://www.inaturalist.org/photos/354932737,2024-03-02T14:45:38-08:00,Christopher Stephens,iNaturalist,http://creativecommons.org/licenses/by-sa/4.0/,Christopher Stephens,354932737
201101407,StillImage,image/jpeg,https://inaturalist-open-data.s3.amazonaws.com/photos/354932760/original.jpeg,https://www.inaturalist.org/photos/354932760,2024-03-02T14:46:25-08:00,Christopher Stephens,iNaturalist,http://creativecommons.org/licenses/by-sa/4.0/,Christopher Stephens,354932760
201101407,StillImage,image/jpeg,https://inaturalist-open-data.s3.amazonaws.com/photos/354932755/original.jpeg,https://www.inaturalist.org/photos/354932755,2024-03-02T14:46:18-08:00,Christopher Stephens,iNaturalist,http://creativecommons.org/licenses/by-sa/4.0/,Christopher Stephens,354932755
201101407,StillImage,image/jpeg,https://inaturalist-open-data.s3.amazonaws.com/photos/354932752/original.jpeg,https://www.inaturalist.org/photos/354932752,2024-03-02T14:46:31-08:00,Christopher Stephens,iNaturalist,http://creativecommons.org/licenses/by-sa/4.0/,Christopher Stephens,354932752
201101408,StillImage,image/jpeg,https://inaturalist-open-data.s3.amazonaws.com/photos/354932805/original.jpeg,https://www.inaturalist.org/photos/354932805,2024-03-02T14:47:03-08:00,Christopher Stephens,iNaturalist,http://creativecommons.org/licenses/by-sa/4.0/,Christopher Stephens,354932805
201101408,StillImage,image/jpeg,https://inaturalist-open-data.s3.amazonaws.com/photos/354932789/original.jpeg,https://www.inaturalist.org/photos/354932789,2024-03-02T14:46:52-08:00,Christopher Stephens,iNaturalist,http://creativecommons.org/licenses/by-sa/4.0/,Christopher Stephens,354932789
201101408,StillImage,image/jpeg,https://inaturalist-open-data.s3.amazonaws.com/photos/354932788/original.jpeg,https://www.inaturalist.org/photos/354932788,2024-03-02T14:46:57-08:00,Christopher Stephens,iNaturalist,http://creativecommons.org/licenses/by-sa/4.0/,Christopher Stephens,354932788
201101409,StillImage,image/jpeg,https://inaturalist-open-data.s3.amazonaws.com/photos/354936154/original.jpeg,https://www.inaturalist.org/photos/354936154,2024-03-03T09:30:07-08:00,Jordi López-Pujol,iNaturalist,http://creativecommons.org/licenses/by-nc/4.0/,Jordi López-Pujol,354936154
201101409,StillImage,image/jpeg,https://inaturalist-open-data.s3.amazonaws.com/photos/354936183/original.jpeg,https://www.inaturalist.org/photos/354936183,2024-03-03T09:30:18-08:00,Jordi López-Pujol,iNaturalist,http://creativecommons.org/licenses/by-nc/4.0/,Jordi López-Pujol,354936183
201101409,StillImage,image/jpeg,https://inaturalist-open-data.s3.amazonaws.com/photos/354936198/original.jpeg,https://www.inaturalist.org/photos/354936198,2024-03-03T09:30:28-08:00,Jordi López-Pujol,iNaturalist,http://creativecommons.org/licenses/by-nc/4.0/,Jordi López-Pujol,354936198
201101409,StillImage,image/jpeg,https://inaturalist-open-data.s3.amazonaws.com/photos/354936223/original.jpeg,https://www.inaturalist.org/photos/354936223,2024-03-03T09:30:57-08:00,Jordi López-Pujol,iNaturalist,http://creativecommons.org/licenses/by-nc/4.0/,Jordi López-Pujol,354936223
201101410,StillImage,image/jpeg,https://inaturalist-open-data.s3.amazonaws.com/photos/354932849/original.jpeg,https://www.inaturalist.org/photos/354932849,2024-03-02T14:51:37-08:00,Christopher Stephens,iNaturalist,http://creativecommons.org/licenses/by-sa/4.0/,Christopher Stephens,354932849
201101411,StillImage,image/jpeg,https://inaturalist-open-data.s3.amazonaws.com/photos/354932847/original.jpeg,https://www.inaturalist.org/photos/354932847,2024-03-02T14:52:53-08:00,Christopher Stephens,iNaturalist,http://creativecommons.org/licenses/by-sa/4.0/,Christopher Stephens,354932847
201101412,StillImage,image/jpeg,https://inaturalist-open-data.s3.amazonaws.com/photos/354932852/original.jpeg,https://www.inaturalist.org/photos/354932852,2024-03-02T14:53:03-08:00,Christopher Stephens,iNaturalist,http://creativecommons.org/licenses/by-sa/4.0/,Christopher Stephens,354932852
201101412,StillImage,image/jpeg,https://inaturalist-open-data.s3.amazonaws.com/photos/354932872/original.jpeg,https://www.inaturalist.org/photos/354932872,2024-03-02T14:53:19-08:00,Christopher Stephens,iNaturalist,http://creativecommons.org/licenses/by-sa/4.0/,Christopher Stephens,354932872
201101414,StillImage,image/jpeg,https://inaturalist-open-data.s3.amazonaws.com/photos/354932866/original.jpeg,https://www.inaturalist.org/photos/354932866,2024-03-02T14:54:44-08:00,Christopher Stephens,iNaturalist,http://creativecommons.org/licenses/by-sa/4.0/,Christopher Stephens,354932866
201101419,StillImage,image/jpeg,https://inaturalist-open-data.s3.amazonaws.com/photos/354932926/original.jpeg,https://www.inaturalist.org/photos/354932926,2024-03-02T14:59:06-08:00,Christopher Stephens,iNaturalist,http://creativecommons.org/licenses/by-sa/4.0/,Christopher Stephens,354932926
201101420,StillImage,image/jpeg,https://inaturalist-open-data.s3.amazonaws.com/photos/354932949/original.jpeg,https://www.inaturalist.org/photos/354932949,2024-03-02T15:06:49-08:00,Christopher Stephens,iNaturalist,http://creativecommons.org/licenses/by-sa/4.0/,Christopher Stephens,354932949
201101420,StillImage,image/jpeg,https://inaturalist-open-data.s3.amazonaws.com/photos/354932952/original.jpeg,https://www.inaturalist.org/photos/354932952,2024-03-02T15:06:40-08:00,Christopher Stephens,iNaturalist,http://creativecommons.org/licenses/by-sa/4.0/,Christopher Stephens,354932952
201101420,StillImage,image/jpeg,https://inaturalist-open-data.s3.amazonaws.com/photos/354932979/original.jpeg,https://www.inaturalist.org/photos/354932979,2024-03-02T15:06:52-08:00,Christopher Stephens,iNaturalist,http://creativecommons.org/licenses/by-sa/4.0/,Christopher Stephens,354932979
201101421,StillImage,image/jpeg,https://inaturalist-open-data.s3.amazonaws.com/photos/354932981/original.jpeg,https://www.inaturalist.org/photos/354932981,2024-03-02T15:09:11-08:00,Christopher Stephens,iNaturalist,http://creativecommons.org/licenses/by-sa/4.0/,Christopher Stephens,354932981
201101421,StillImage,image/jpeg,https://inaturalist-open-data.s3.amazonaws.com/photos/354932990/original.jpeg,https://www.inaturalist.org/photos/354932990,2024-03-02T15:09:22-08:00,Christopher Stephens,iNaturalist,http://creativecommons.org/licenses/by-sa/4.0/,Christopher Stephens,354932990
201101422,StillImage,image/jpeg,https://inaturalist-open-data.s3.amazonaws.com/photos/354932944/original.jpeg,https://www.inaturalist.org/photos/354932944,2024-03-02T14:59:32-08:00,Christopher Stephens,iNaturalist,http://creativecommons.org/licenses/by-sa/4.0/,Christopher Stephens,354932944
201101424,StillImage,image/jpeg,https://inaturalist-open-data.s3.amazonaws.com/photos/354933015/original.jpeg,https://www.inaturalist.org/photos/354933015,2024-03-02T15:09:58-08:00,Christopher Stephens,iNaturalist,http://creativecommons.org/licenses/by-sa/4.0/,Christopher Stephens,354933015
201101424,StillImage,image/jpeg,https://inaturalist-open-data.s3.amazonaws.com/photos/354933010/original.jpeg,https://www.inaturalist.org/photos/354933010,2024-03-02T15:10:04-08:00,Christopher Stephens,iNaturalist,http://creativecommons.org/licenses/by-sa/4.0/,Christopher Stephens,354933010
201101425,StillImage,image/jpeg,https://inaturalist-open-data.s3.amazonaws.com/photos/354933013/original.jpeg,https://www.inaturalist.org/photos/354933013,2024-03-02T15:11:15-08:00,Christopher Stephens,iNaturalist,http://creativecommons.org/licenses/by-sa/4.0/,Christopher Stephens,354933013
67033991,StillImage,image/jpeg,https://inaturalist-open-data.s3.amazonaws.com/photos/108204897/original.jpeg,https://www.inaturalist.org/photos/108204897,2020-12-25T11:20:37-08:00,Liz,iNaturalist,http://creativecommons.org/licenses/by-nc/4.0/,Liz,108204897
67033991,StillImage,image/jpeg,https://inaturalist-open-data.s3.amazonaws.com/photos/108204900/original.jpeg,https://www.inaturalist.org/photos/108204900,2020-12-25T11:21:56-08:00,Liz,iNaturalist,http://creativecommons.org/licenses/by-nc/4.0/,Liz,108204900
67033991,StillImage,image/jpeg,https://inaturalist-open-data.s3.amazonaws.com/photos/108204901/original.jpeg,https://www.inaturalist.org/photos/108204901,2020-12-25T11:22:43-08:00,Liz,iNaturalist,http://creativecommons.org/licenses/by-nc/4.0/,Liz,108204901
67033993,StillImage,image/jpeg,https://inaturalist-open-data.s3.amazonaws.com/photos/108204886/original.jpeg,https://www.inaturalist.org/photos/108204886,2006-05-16T07:07:23-07:00,auntie_uncle,iNaturalist,http://creativecommons.org/licenses/by-nc/4.0/,auntie_uncle,108204886
67033993,StillImage,image/jpeg,https://inaturalist-open-data.s3.amazonaws.com/photos/108204893/original.jpeg,https://www.inaturalist.org/photos/108204893,2006-05-16T07:31:07-07:00,auntie_uncle,iNaturalist,http://creativecommons.org/licenses/by-nc/4.0/,auntie_uncle,108204893
67033994,StillImage,image/jpeg,https://inaturalist-open-data.s3.amazonaws.com/photos/108204920/original.jpg,https://www.inaturalist.org/photos/108204920,2020-12-25T00:23:56Z,Braden McDonald,iNaturalist,http://creativecommons.org/licenses/by-nc/4.0/,Braden McDonald,108204920
67033996,StillImage,image/jpeg,https://inaturalist-open-data.s3.amazonaws.com/photos/108204875/original.jpeg,https://www.inaturalist.org/photos/108204875,2020-12-25T16:13:34-08:00,Emma,iNaturalist,http://creativecommons.org/licenses/by-nc/4.0/,Emma,108204875
67033996,StillImage,image/jpeg,https://inaturalist-open-data.s3.amazonaws.com/photos/108204887/original.jpeg,https://www.inaturalist.org/photos/108204887,2020-12-25T16:13:37-08:00,Emma,iNaturalist,http://creativecommons.org/licenses/by-nc/4.0/,Emma,108204887
67033997,StillImage,image/jpeg,https://inaturalist-open-data.s3.amazonaws.com/photos/108204877/original.jpeg,https://www.inaturalist.org/photos/108204877,2020-12-23T15:00:18-08:00,Владимир,iNaturalist,http://creativecommons.org/licenses/by-nc/4.0/,Владимир,108204877
67033998,StillImage,image/jpeg,https://inaturalist-open-data.s3.amazonaws.com/photos/108208606/original.jpg,https://www.inaturalist.org/photos/108208606,2020-12-25T05:51:02Z,zanegillgren,iNaturalist,http://creativecommons.org/licenses/by-nc/4.0/,zanegillgren,108208606
67033999,StillImage,image/jpeg,https://inaturalist-open-data.s3.amazonaws.com/photos/108204908/original.jpeg,https://www.inaturalist.org/photos/108204908,2020-08-30T12:06:25-07:00,Paulo Acevedo,iNaturalist,http://creativecommons.org/licenses/by-nc/4.0/,Paulo Acevedo,108204908
67034001,StillImage,image/jpeg,https://inaturalist-open-data.s3.amazonaws.com/photos/108204919/original.jpeg,https://www.inaturalist.org/photos/108204919,2020-12-25T11:26:38-08:00,Yennifer (Jennifer) Longo,iNaturalist,http://creativecommons.org/licenses/by-nc/4.0/,Yennifer (Jennifer) Longo,108204919
67034001,StillImage,image/jpeg,https://inaturalist-open-data.s3.amazonaws.com/photos/108204924/original.jpeg,https://www.inaturalist.org/photos/108204924,2020-12-25T11:27:00-08:00,Yennifer (Jennifer) Longo,iNaturalist,http://creativecommons.org/licenses/by-nc/4.0/,Yennifer (Jennifer) Longo,108204924
67034001,StillImage,image/jpeg,https://inaturalist-open-data.s3.amazonaws.com/photos/108204927/original.jpeg,https://www.inaturalist.org/photos/108204927,2020-12-25T11:26:29-08:00,Yennifer (Jennifer) Longo,iNaturalist,http://creativecommons.org/licenses/by-nc/4.0/,Yennifer (Jennifer) Longo,108204927
67034003,StillImage,image/jpeg,https://inaturalist-open-data.s3.amazonaws.com/photos/108204898/original.jpg,https://www.inaturalist.org/photos/108204898,2018-03-03T17:03:34-08:00,William Harris,iNaturalist,http://creativecommons.org/licenses/by-nc/4.0/,William Harris,108204898
67034006,StillImage,image/jpeg,https://inaturalist-open-data.s3.amazonaws.com/photos/108204907/original.jpg,https://www.inaturalist.org/photos/108204907,2015-10-17T17:00:55-07:00,Alex Binck,iNaturalist,http://creativecommons.org/licenses/by-nc/4.0/,Alex Binck,108204907
67034010,StillImage,image/jpeg,https://inaturalist-open-data.s3.amazonaws.com/photos/108204958/original.jpeg,https://www.inaturalist.org/photos/108204958,2020-12-24T16:07:19-08:00,Zoltán Stekkelpak,iNaturalist,http://creativecommons.org/publicdomain/zero/1.0/,Zoltán Stekkelpak,108204958
67034011,StillImage,image/jpeg,https://inaturalist-open-data.s3.amazonaws.com/photos/108204848/original.jpeg,https://www.inaturalist.org/photos/108204848,2014-01-10T11:58:23-08:00,Станислав,iNaturalist,http://creativecommons.org/licenses/by-nc/4.0/,Станислав,108204848
67034012,StillImage,image/jpeg,https://inaturalist-open-data.s3.amazonaws.com/photos/108204922/original.jpg,https://www.inaturalist.org/photos/108204922,2018-07-31T18:30:20-07:00,Daba,iNaturalist,http://creativecommons.org/licenses/by-nc/4.0/,Daba,108204922
67034013,StillImage,image/jpeg,https://inaturalist-open-data.s3.amazonaws.com/photos/108204859/original.jpeg,https://www.inaturalist.org/photos/108204859,2014-01-10T12:15:51-08:00,Станислав,iNaturalist,http://creativecommons.org/licenses/by-nc/4.0/,Станислав,108204859
67034013,StillImage,image/jpeg,https://inaturalist-open-data.s3.amazonaws.com/photos/108204860/original.jpeg,https://www.inaturalist.org/photos/108204860,2014-01-10T12:16:00-08:00,Станислав,iNaturalist,http://creativecommons.org/licenses/by-nc/4.0/,Станислав,108204860
67034014,StillImage,image/jpeg,https://inaturalist-open-data.s3.amazonaws.com/photos/108204862/original.jpeg,https://www.inaturalist.org/photos/108204862,2014-01-10T12:19:31-08:00,Станислав,iNaturalist,http://creativecommons.org/licenses/by-nc/4.0/,Станислав,108204862
67034014,StillImage,image/jpeg,https://inaturalist-open-data.s3.amazonaws.com/photos/108204864/original.jpeg,https://www.inaturalist.org/photos/108204864,2014-01-10T12:20:32-08:00,Станислав,iNaturalist,http://creativecommons.org/licenses/by-nc/4.0/,Станислав,108204864
67034015,StillImage,image/jpeg,https://inaturalist-open-data.s3.amazonaws.com/photos/108204866/original.jpeg,https://www.inaturalist.org/photos/108204866,2014-01-10T12:35:17-08:00,Станислав,iNaturalist,http://creativecommons.org/licenses/by-nc/4.0/,Станислав,108204866
67034016,StillImage,image/jpeg,https://inaturalist-open-data.s3.amazonaws.com/photos/108204869/original.jpeg,https://www.inaturalist.org/photos/108204869,2014-01-10T12:40:40-08:00,Станислав,iNaturalist,http://creativecommons.org/licenses/by-nc/4.0/,Станислав,108204869
67034017,StillImage,image/jpeg,https://inaturalist-open-data.s3.amazonaws.com/photos/108204882/original.jpeg,https://www.inaturalist.org/photos/108204882,2014-01-10T13:24:45-08:00,Станислав,iNaturalist,http://creativecommons.org/licenses/by-nc/4.0/,Станислав,108204882
67034017,StillImage,image/jpeg,https://inaturalist-open-data.s3.amazonaws.com/photos/108204883/original.jpeg,https://www.inaturalist.org/photos/108204883,2014-01-10T13:24:54-08:00,Станислав,iNaturalist,http://creativecommons.org/licenses/by-nc/4.0/,Станислав,108204883
67034018,StillImage,image/jpeg,https://inaturalist-open-data.s3.amazonaws.com/photos/108204948/original.jpeg,https://www.inaturalist.org/photos/108204948,2020-08-30T12:08:11-07:00,Paulo Acevedo,iNaturalist,http://creativecommons.org/licenses/by-nc/4.0/,Paulo Acevedo,108204948
67034018,StillImage,image/jpeg,https://inaturalist-open-data.s3.amazonaws.com/photos/108204951/original.jpeg,https://www.inaturalist.org/photos/108204951,2020-08-30T12:08:27-07:00,Paulo Acevedo,iNaturalist,http://creativecommons.org/licenses/by-nc/4.0/,Paulo Acevedo,108204951
67034022,StillImage,image/jpeg,https://inaturalist-open-data.s3.amazonaws.com/photos/108204991/original.jpeg,https://www.inaturalist.org/photos/108204991,2020-12-24T16:07:08-08:00,Zoltán Stekkelpak,iNaturalist,http://creativecommons.org/publicdomain/zero/1.0/,Zoltán Stekkelpak,108204991
201101425,StillImage,image/jpeg,https://inaturalist-open-data.s3.amazonaws.com/photos/354933030/original.jpeg,https://www.inaturalist.org/photos/354933030,2024-03-02T15:11:15-08:00,Christopher Stephens,iNaturalist,http://creativecommons.org/licenses/by-sa/4.0/,Christopher Stephens,354933030
201101425,StillImage,image/jpeg,https://inaturalist-open-data.s3.amazonaws.com/photos/354933032/original.jpeg,https://www.inaturalist.org/photos/354933032,2024-03-02T15:11:23-08:00,Christopher Stephens,iNaturalist,http://creativecommons.org/licenses/by-sa/4.0/,Christopher Stephens,354933032
201101427,StillImage,image/jpeg,https://inaturalist-open-data.s3.amazonaws.com/photos/354933043/original.jpeg,https://www.inaturalist.org/photos/354933043,2024-03-02T15:13:02-08:00,Christopher Stephens,iNaturalist,http://creativecommons.org/licenses/by-sa/4.0/,Christopher Stephens,354933043
201101428,StillImage,image/jpeg,https://inaturalist-open-data.s3.amazonaws.com/photos/354933053/original.jpeg,https://www.inaturalist.org/photos/354933053,2024-03-02T15:15:34-08:00,Christopher Stephens,iNaturalist,http://creativecommons.org/licenses/by-sa/4.0/,Christopher Stephens,354933053
201101428,StillImage,image/jpeg,https://inaturalist-open-data.s3.amazonaws.com/photos/354933055/original.jpeg,https://www.inaturalist.org/photos/354933055,2024-03-02T15:15:34-08:00,Christopher Stephens,iNaturalist,http://creativecommons.org/licenses/by-sa/4.0/,Christopher Stephens,354933055
201101429,StillImage,image/jpeg,https://inaturalist-open-data.s3.amazonaws.com/photos/354933084/original.jpeg,https://www.inaturalist.org/photos/354933084,2024-03-02T15:24:01-08:00,Christopher Stephens,iNaturalist,http://creativecommons.org/licenses/by-sa/4.0/,Christopher Stephens,354933084
201101429,StillImage,image/jpeg,https://inaturalist-open-data.s3.amazonaws.com/photos/354933074/original.jpeg,https://www.inaturalist.org/photos/354933074,2024-03-02T15:24:01-08:00,Christopher Stephens,iNaturalist,http://creativecommons.org/licenses/by-sa/4.0/,Christopher Stephens,354933074
201101430,StillImage,image/jpeg,https://inaturalist-open-data.s3.amazonaws.com/photos/354936216/original.jpg,https://www.inaturalist.org/photos/354936216,2024-03-03T06:53:30Z,jacksparrow2010,iNaturalist,http://creativecommons.org/licenses/by-nc/4.0/,jacksparrow2010,354936216
201101430,StillImage,image/jpeg,https://inaturalist-open-data.s3.amazonaws.com/photos/354936237/original.jpg,https://www.inaturalist.org/photos/354936237,2024-03-03T06:53:30Z,jacksparrow2010,iNaturalist,http://creativecommons.org/licenses/by-nc/4.0/,jacksparrow2010,354936237
201101431,Sound,audio/mp4,https://static.inaturalist.org/sounds/914379.m4a?1709454720,https://www.inaturalist.org/sounds/914379,2024-03-03T08:32:00Z,Lilex,iNaturalist,http://creativecommons.org/licenses/by-nc/4.0/,Lilex,914379
201101432,StillImage,image/jpeg,https://inaturalist-open-data.s3.amazonaws.com/photos/354936096/original.jpg,https://www.inaturalist.org/photos/354936096,2021-11-02T13:01:38-07:00,Rajat Joshi,iNaturalist,http://creativecommons.org/licenses/by-nc/4.0/,Rajat Joshi,354936096
201101433,StillImage,image/jpeg,https://inaturalist-open-data.s3.amazonaws.com/photos/354936051/original.jpeg,https://www.inaturalist.org/photos/354936051,2024-03-03T13:22:05-08:00,davidsando,iNaturalist,http://creativecommons.org/licenses/by-nc/4.0/,davidsando,354936051
201101433,StillImage,image/jpeg,https://inaturalist-open-data.s3.amazonaws.com/photos/354936200/original.jpeg,https://www.inaturalist.org/photos/354936200,2024-03-03T13:22:55-08:00,davidsando,iNaturalist,http://creativecommons.org/licenses/by-nc/4.0/,davidsando,354936200
201101434,StillImage,image/jpeg,https://inaturalist-open-data.s3.amazonaws.com/photos/354936170/original.jpg,https://www.inaturalist.org/photos/354936170,2024-03-03T08:31:11Z,spissatella,iNaturalist,http://creativecommons.org/licenses/by-nc/4.0/,spissatella,354936170
201101437,StillImage,image/jpeg,https://inaturalist-open-data.s3.amazonaws.com/photos/354936175/original.jpeg,https://www.inaturalist.org/photos/354936175,2024-03-02T14:36:45Z,Ivan Paz-Vinas,iNaturalist,http://creativecommons.org/licenses/by-nc/4.0/,Ivan Paz-Vinas,354936175
201101440,StillImage,image/jpeg,https://inaturalist-open-data.s3.amazonaws.com/photos/354936190/original.jpg,https://www.inaturalist.org/photos/354936190,2024-02-15T22:04:46Z,Jarah Marginata,iNaturalist,http://creativecommons.org/licenses/by-nc/4.0/,Jarah Marginata,354936190
201101440,StillImage,image/jpeg,https://inaturalist-open-data.s3.amazonaws.com/photos/354936207/original.jpg,https://www.inaturalist.org/photos/354936207,2024-02-15T22:04:46Z,Jarah Marginata,iNaturalist,http://creativecommons.org/licenses/by-nc/4.0/,Jarah Marginata,354936207
201101442,Sound,audio/mp4,https://static.inaturalist.org/sounds/914380.m4a?1709454751,https://www.inaturalist.org/sounds/914380,2024-03-03T08:32:31Z,ahabo,iNaturalist,http://creativecommons.org/publicdomain/zero/1.0/,ahabo,914380
201101445,StillImage,image/jpeg,https://inaturalist-open-data.s3.amazonaws.com/photos/354936204/original.jpg,https://www.inaturalist.org/photos/354936204,2024-03-02T21:57:00Z,landvaettir,iNaturalist,http://creativecommons.org/licenses/by-nc/4.0/,landvaettir,354936204
201101445,StillImage,image/jpeg,https://inaturalist-open-data.s3.amazonaws.com/photos/354936210/original.jpg,https://www.inaturalist.org/photos/354936210,2024-03-02T21:57:00Z,landvaettir,iNaturalist,http://creativecommons.org/licenses/by-nc/4.0/,landvaettir,354936210
201101446,StillImage,image/jpeg,https://inaturalist-open-data.s3.amazonaws.com/photos/354936165/original.jpg,https://www.inaturalist.org/photos/354936165,2023-06-24T14:00:41-07:00,Martina Kišelová,iNaturalist,http://creativecommons.org/licenses/by-nc-nd/4.0/,Martina Kišelová,354936165
201101447,StillImage,image/jpeg,https://inaturalist-open-data.s3.amazonaws.com/photos/354936234/original.jpeg,https://www.inaturalist.org/photos/354936234,2024-03-03T16:59:22-08:00,Till,iNaturalist,http://creativecommons.org/licenses/by-nc/4.0/,Till,354936234
201101450,StillImage,image/jpeg,https://inaturalist-open-data.s3.amazonaws.com/photos/354936224/original.jpeg,https://www.inaturalist.org/photos/354936224,2024-03-03T21:32:26-08:00,kiwipom,iNaturalist,http://creativecommons.org/licenses/by-nc/4.0/,kiwipom,354936224
201101451,StillImage,image/jpeg,https://inaturalist-open-data.s3.amazonaws.com/photos/354936225/original.jpg,https://www.inaturalist.org/photos/354936225,2024-01-30T20:50:29Z,klevingston,iNaturalist,http://creativecommons.org/licenses/by-nc/4.0/,klevingston,354936225
201101453,StillImage,image/jpeg,https://inaturalist-open-data.s3.amazonaws.com/photos/354936231/original.jpg,https://www.inaturalist.org/photos/354936231,2024-03-03T08:31:18Z,leighlloyd,iNaturalist,http://creativecommons.org/licenses/by-nc/4.0/,leighlloyd,354936231
201101453,StillImage,image/jpeg,https://inaturalist-open-data.s3.amazonaws.com/photos/354936242/original.jpg,https://www.inaturalist.org/photos/354936242,2024-03-03T08:31:18Z,leighlloyd,iNaturalist,http://creativecommons.org/licenses/by-nc/4.0/,leighlloyd,354936242
201101453,StillImage,image/jpeg,https://inaturalist-open-data.s3.amazonaws.com/photos/354936247/original.jpg,https://www.inaturalist.org/photos/354936247,2024-03-03T08:31:18Z,leighlloyd,iNaturalist,http://creativecommons.org/licenses/by-nc/4.0/,leighlloyd,354936247
201101457,StillImage,image/jpeg,https://inaturalist-open-data.s3.amazonaws.com/photos/354936245/original.jpg,https://www.inaturalist.org/photos/354936245,2024-02-16T03:48:23Z,Jarah Marginata,iNaturalist,http://creativecommons.org/licenses/by-nc/4.0/,Jarah Marginata,354936245
201101458,StillImage,image/jpeg,https://inaturalist-open-data.s3.amazonaws.com/photos/354936268/original.jpg,https://www.inaturalist.org/photos/354936268,2024-03-02T16:07:11Z,Manuel Raab,iNaturalist,http://creativecommons.org/licenses/by-nc/4.0/,Manuel Raab,354936268
201101460,StillImage,image/jpeg,https://inaturalist-open-data.s3.amazonaws.com/photos/354936235/original.jpg,https://www.inaturalist.org/photos/354936235,2024-03-02T01:10:56Z,smfang,iNaturalist,http://creativecommons.org/licenses/by-nc/4.0/,smfang,354936235
201101461,StillImage,image/jpeg,https://inaturalist-open-data.s3.amazonaws.com/photos/354980947/original.jpeg,https://www.inaturalist.org/photos/354980947,2024-03-03T04:32:57Z,Samarth Jain,iNaturalist,http://creativecommons.org/licenses/by-nc/4.0/,Samarth Jain,354980947
201101461,StillImage,image/jpeg,https://inaturalist-open-data.s3.amazonaws.com/photos/354944786/original.jpeg,https://www.inaturalist.org/photos/354944786,2024-03-03T10:02:57-08:00,Samarth Jain,iNaturalist,http://creativecommons.org/licenses/by-nc/4.0/,Samarth Jain,354944786
201101461,StillImage,image/jpeg,https://inaturalist-open-data.s3.amazonaws.com/photos/354944811/original.jpeg,https://www.inaturalist.org/photos/354944811,2024-03-03T10:08:27-08:00,Samarth Jain,iNaturalist,http://creativecommons.org/licenses/by-nc/4.0/,Samarth Jain,354944811
201101465,StillImage,image/jpeg,https://inaturalist-open-data.s3.amazonaws.com/photos/354936248/original.jpg,https://www.inaturalist.org/photos/354936248,2024-03-02T01:12:30Z,smfang,iNaturalist,http://creativecommons.org/licenses/by-nc/4.0/,smfang,354936248
201101470,StillImage,image/jpeg,https://inaturalist-open-data.s3.amazonaws.com/photos/354936272/original.jpeg,https://www.inaturalist.org/photos/354936272,2024-03-03T16:56:35-08:00,Till,iNaturalist,http://creativecommons.org/licenses/by-nc/4.0/,Till,354936272
201101473,StillImage,image/jpeg,https://inaturalist-open-data.s3.amazonaws.com/photos/354936276/original.jpeg,https://www.inaturalist.org/photos/354936276,2024-03-02T11:23:25-08:00,livingandfossilthings,iNaturalist,http://creativecommons.org/licenses/by-nc/4.0/,livingandfossilthings,354936276
201101474,StillImage,image/jpeg,https://inaturalist-open-data.s3.amazonaws.com/photos/354936254/original.jpg,https://www.inaturalist.org/photos/354936254,2024-03-03T12:54:10-08:00,Денис Воронов,iNaturalist,http://creativecommons.org/licenses/by-nc/4.0/,Денис Воронов,354936254
201101474,StillImage,image/jpeg,https://inaturalist-open-data.s3.amazonaws.com/photos/354936316/original.jpg,https://www.inaturalist.org/photos/354936316,2024-03-03T12:54:10-08:00,Денис Воронов,iNaturalist,http://creativecommons.org/licenses/by-nc/4.0/,Денис Воронов,354936316
201101474,StillImage,image/jpeg,https://inaturalist-open-data.s3.amazonaws.com/photos/354936323/original.jpg,https://www.inaturalist.org/photos/354936323,2024-03-03T12:53:56-08:00,Денис Воронов,iNaturalist,http://creativecommons.org/licenses/by-nc/4.0/,Денис Воронов,354936323
201101475,StillImage,image/jpeg,https://inaturalist-open-data.s3.amazonaws.com/photos/354936266/original.jpeg,https://www.inaturalist.org/photos/354936266,2024-03-03T17:17:49-08:00,judybarnes,iNaturalist,http://creativecommons.org/licenses/by-nc/4.0/,judybarnes,354936266
201101476,StillImage,image/jpeg,https://inaturalist-open-data.s3.amazonaws.com/photos/354936269/original.jpg,https://www.inaturalist.org/photos/354936269,2024-03-02T01:28:47Z,smfang,iNaturalist,http://creativecommons.org/licenses/by-nc/4.0/,smfang,354936269
201101477,StillImage,image/jpeg,https://inaturalist-open-data.s3.amazonaws.com/photos/354936281/original.jpeg,https://www.inaturalist.org/photos/354936281,2024-03-03T21:33:10-08:00,kiwipom,iNaturalist,http://creativecommons.org/licenses/by-nc/4.0/,kiwipom,354936281
201101479,StillImage,image/jpeg,https://inaturalist-open-data.s3.amazonaws.com/photos/354936292/original.jpeg,https://www.inaturalist.org/photos/354936292,2024-03-02T15:27:16-08:00,jdabs,iNaturalist,http://creativecommons.org/licenses/by-nc/4.0/,jdabs,354936292
201101481,StillImage,image/jpeg,https://inaturalist-open-data.s3.amazonaws.com/photos/354936294/original.jpg,https://www.inaturalist.org/photos/354936294,2024-03-02T01:30:34Z,smfang,iNaturalist,http://creativecommons.org/licenses/by-nc/4.0/,smfang,354936294
201101484,StillImage,image/jpeg,https://inaturalist-open-data.s3.amazonaws.com/photos/354936295/original.jpeg,https://www.inaturalist.org/photos/354936295,2024-03-02T14:12:51Z,Ivan Paz-Vinas,iNaturalist,http://creativecommons.org/licenses/by-nc/4.0/,Ivan Paz-Vinas,354936295
201101487,StillImage,image/jpeg,https://inaturalist-open-data.s3.amazonaws.com/photos/354936239/original.jpeg,https://www.inaturalist.org/photos/354936239,2024-03-03T13:23:44-08:00,davidsando,iNaturalist,http://creativecommons.org/licenses/by-nc/4.0/,davidsando,354936239
201101488,StillImage,image/jpeg,https://inaturalist-open-data.s3.amazonaws.com/photos/354936332/original.jpg,https://www.inaturalist.org/photos/354936332,2024-03-02T12:44:00Z,johannaandthebugs,iNaturalist,http://creativecommons.org/licenses/by-nc/4.0/,johannaandthebugs,354936332
201101489,StillImage,image/jpeg,https://inaturalist-open-data.s3.amazonaws.com/photos/354936311/original.jpeg,https://www.inaturalist.org/photos/354936311,2024-03-03T08:33:19-08:00,Elias,iNaturalist,http://creativecommons.org/licenses/by/4.0/,Elias,354936311
201101489,StillImage,image/jpeg,https://inaturalist-open-data.s3.amazonaws.com/photos/354936324/original.jpeg,https://www.inaturalist.org/photos/354936324,2024-03-03T08:33:28-08:00,Elias,iNaturalist,http://creativecommons.org/licenses/by/4.0/,Elias,354936324
201101489,StillImage,image/jpeg,https://inaturalist-open-data.s3.amazonaws.com/photos/354936337/original.jpeg,https://www.inaturalist.org/photos/354936337,2024-03-03T08:33:41-08:00,Elias,iNaturalist,http://creativecommons.org/licenses/by/4.0/,Elias,354936337
201101491,StillImage,image/jpeg,https://inaturalist-open-data.s3.amazonaws.com/photos/354936307/original.jpeg,https://www.inaturalist.org/photos/354936307,2024-03-03T21:32:56-08:00,xaviergeezing,iNaturalist,http://creativecommons.org/licenses/by-nc/4.0/,xaviergeezing,354936307
201101491,StillImage,image/jpeg,https://inaturalist-open-data.s3.amazonaws.com/photos/354936315/original.jpeg,https://www.inaturalist.org/photos/354936315,2024-03-03T21:33:33-08:00,xaviergeezing,iNaturalist,http://creativecommons.org/licenses/by-nc/4.0/,xaviergeezing,354936315
201101492,StillImage,image/jpeg,https://inaturalist-open-data.s3.amazonaws.com/photos/354937573/original.jpg,https://www.inaturalist.org/photos/354937573,2024-03-03T08:33:42Z,ssyc02,iNaturalist,http://creativecommons.org/licenses/by-nc/4.0/,ssyc02,354937573
201101492,StillImage,image/jpeg,https://inaturalist-open-data.s3.amazonaws.com/photos/354936310/original.jpg,https://www.inaturalist.org/photos/354936310,2024-03-03T08:33:42Z,ssyc02,iNaturalist,http://creativecommons.org/licenses/by-nc/4.0/,ssyc02,354936310
201101492,StillImage,image/jpeg,https://inaturalist-open-data.s3.amazonaws.com/photos/354937567/original.jpg,https://www.inaturalist.org/photos/354937567,2024-03-03T08:33:42Z,ssyc02,iNaturalist,http://creativecommons.org/licenses/by-nc/4.0/,ssyc02,354937567
201101497,StillImage,image/jpeg,https://inaturalist-open-data.s3.amazonaws.com/photos/354936271/original.jpeg,https://www.inaturalist.org/photos/354936271,2024-01-19T07:29:42-08:00,taipingling,iNaturalist,http://creativecommons.org/licenses/by-nc/4.0/,taipingling,354936271
201101497,StillImage,image/jpeg,https://inaturalist-open-data.s3.amazonaws.com/photos/354936605/original.jpeg,https://www.inaturalist.org/photos/354936605,2024-01-19T07:38:58-08:00,taipingling,iNaturalist,http://creativecommons.org/licenses/by-nc/4.0/,taipingling,354936605
201101497,StillImage,image/jpeg,https://inaturalist-open-data.s3.amazonaws.com/photos/354936620/original.jpeg,https://www.inaturalist.org/photos/354936620,2024-01-19T07:39:15-08:00,taipingling,iNaturalist,http://creativecommons.org/licenses/by-nc/4.0/,taipingling,354936620
201101501,StillImage,image/jpeg,https://inaturalist-open-data.s3.amazonaws.com/photos/354936345/original.jpg,https://www.inaturalist.org/photos/354936345,2024-03-02T23:30:00Z,landvaettir,iNaturalist,http://creativecommons.org/licenses/by-nc/4.0/,landvaettir,354936345
201101501,StillImage,image/jpeg,https://inaturalist-open-data.s3.amazonaws.com/photos/354936351/original.jpg,https://www.inaturalist.org/photos/354936351,2024-03-02T23:30:00Z,landvaettir,iNaturalist,http://creativecommons.org/licenses/by-nc/4.0/,landvaettir,354936351
201101501,StillImage,image/jpeg,https://inaturalist-open-data.s3.amazonaws.com/photos/354936354/original.jpg,https://www.inaturalist.org/photos/354936354,2024-03-02T23:30:00Z,landvaettir,iNaturalist,http://creativecommons.org/licenses/by-nc/4.0/,landvaettir,354936354
201101502,StillImage,image/jpeg,https://inaturalist-open-data.s3.amazonaws.com/photos/354936348/original.jpg,https://www.inaturalist.org/photos/354936348,2024-03-02T01:30:26Z,smfang,iNaturalist,http://creativecommons.org/licenses/by-nc/4.0/,smfang,354936348
67034025,StillImage,image/jpeg,https://inaturalist-open-data.s3.amazonaws.com/photos/108204937/original.jpeg,https://www.inaturalist.org/photos/108204937,2020-12-23T15:00:54-08:00,Владимир,iNaturalist,http://creativecommons.org/licenses/by-nc/4.0/,Владимир,108204937
67034028,StillImage,image/jpeg,https://inaturalist-open-data.s3.amazonaws.com/photos/108204973/original.jpg,https://www.inaturalist.org/photos/108204973,2020-12-25T05:51:39Z,lourens-swanepoel,iNaturalist,http://creativecommons.org/licenses/by-nc/4.0/,lourens-swanepoel,108204973
67034028,StillImage,image/jpeg,https://inaturalist-open-data.s3.amazonaws.com/photos/108204978/original.jpg,https://www.inaturalist.org/photos/108204978,2020-12-25T05:51:39Z,lourens-swanepoel,iNaturalist,http://creativecommons.org/licenses/by-nc/4.0/,lourens-swanepoel,108204978
67034030,StillImage,image/jpeg,https://inaturalist-open-data.s3.amazonaws.com/photos/108204975/original.jpg,https://www.inaturalist.org/photos/108204975,2020-12-24T15:07:02-08:00,James Maughn,iNaturalist,http://creativecommons.org/licenses/by-nc/4.0/,James Maughn,108204975
67034031,StillImage,image/jpeg,https://inaturalist-open-data.s3.amazonaws.com/photos/108204972/original.jpg,https://www.inaturalist.org/photos/108204972,2017-12-04T12:58:29-08:00,William Harris,iNaturalist,http://creativecommons.org/licenses/by-nc/4.0/,William Harris,108204972
67034036,StillImage,image/jpeg,https://inaturalist-open-data.s3.amazonaws.com/photos/108204990/original.jpeg,https://www.inaturalist.org/photos/108204990,2020-12-25T05:51:32Z,aeruginosa,iNaturalist,http://creativecommons.org/licenses/by-nc/4.0/,aeruginosa,108204990
67034036,StillImage,image/jpeg,https://inaturalist-open-data.s3.amazonaws.com/photos/108204992/original.jpeg,https://www.inaturalist.org/photos/108204992,2020-12-25T05:51:32Z,aeruginosa,iNaturalist,http://creativecommons.org/licenses/by-nc/4.0/,aeruginosa,108204992
67034038,StillImage,image/jpeg,https://inaturalist-open-data.s3.amazonaws.com/photos/108205004/original.jpeg,https://www.inaturalist.org/photos/108205004,2020-12-24T16:05:29-08:00,Zoltán Stekkelpak,iNaturalist,http://creativecommons.org/publicdomain/zero/1.0/,Zoltán Stekkelpak,108205004
67034039,StillImage,image/jpeg,https://inaturalist-open-data.s3.amazonaws.com/photos/108204985/original.jpeg,https://www.inaturalist.org/photos/108204985,2020-12-23T15:01:58-08:00,Владимир,iNaturalist,http://creativecommons.org/licenses/by-nc/4.0/,Владимир,108204985
67034041,StillImage,image/jpeg,https://inaturalist-open-data.s3.amazonaws.com/photos/108204996/original.jpg,https://www.inaturalist.org/photos/108204996,2020-02-19T16:56:07-08:00,Ashley M Bradford,iNaturalist,http://creativecommons.org/licenses/by-nc/4.0/,Ashley M Bradford,108204996
67034041,StillImage,image/jpeg,https://inaturalist-open-data.s3.amazonaws.com/photos/108204998/original.jpg,https://www.inaturalist.org/photos/108204998,2020-02-19T16:55:03-08:00,Ashley M Bradford,iNaturalist,http://creativecommons.org/licenses/by-nc/4.0/,Ashley M Bradford,108204998
67034044,StillImage,image/jpeg,https://inaturalist-open-data.s3.amazonaws.com/photos/108204982/original.jpg,https://www.inaturalist.org/photos/108204982,2020-12-24T13:38:05-08:00,kianchai,iNaturalist,http://creativecommons.org/licenses/by-nc/4.0/,kianchai,108204982
67034045,StillImage,image/jpeg,https://inaturalist-open-data.s3.amazonaws.com/photos/108204999/original.jpg,https://www.inaturalist.org/photos/108204999,2020-12-24T11:38:23-08:00,kianchai,iNaturalist,http://creativecommons.org/licenses/by-nc/4.0/,kianchai,108204999
67034047,StillImage,image/jpeg,https://inaturalist-open-data.s3.amazonaws.com/photos/108205016/original.jpeg,https://www.inaturalist.org/photos/108205016,2020-12-24T16:04:42-08:00,Zoltán Stekkelpak,iNaturalist,http://creativecommons.org/publicdomain/zero/1.0/,Zoltán Stekkelpak,108205016
67034049,StillImage,image/jpeg,https://inaturalist-open-data.s3.amazonaws.com/photos/108205000/original.jpg,https://www.inaturalist.org/photos/108205000,2020-12-25T05:13:00Z,Emma,iNaturalist,http://creativecommons.org/licenses/by-nc/4.0/,Emma,108205000
67034049,StillImage,image/jpeg,https://inaturalist-open-data.s3.amazonaws.com/photos/108205001/original.jpg,https://www.inaturalist.org/photos/108205001,2020-12-25T05:13:00Z,Emma,iNaturalist,http://creativecommons.org/licenses/by-nc/4.0/,Emma,108205001
67034050,StillImage,image/jpeg,https://inaturalist-open-data.s3.amazonaws.com/photos/108205003/original.jpeg,https://www.inaturalist.org/photos/108205003,2020-12-23T15:02:21-08:00,Владимир,iNaturalist,http://creativecommons.org/licenses/by-nc/4.0/,Владимир,108205003
67034061,StillImage,image/jpeg,https://inaturalist-open-data.s3.amazonaws.com/photos/108204793/original.jpeg,https://www.inaturalist.org/photos/108204793,2011-05-30T12:20:48-07:00,onyxrat,iNaturalist,http://creativecommons.org/licenses/by-nc/4.0/,onyxrat,108204793
67034061,StillImage,image/jpeg,https://inaturalist-open-data.s3.amazonaws.com/photos/108204799/original.jpeg,https://www.inaturalist.org/photos/108204799,2011-05-30T12:20:54-07:00,onyxrat,iNaturalist,http://creativecommons.org/licenses/by-nc/4.0/,onyxrat,108204799
67034061,StillImage,image/jpeg,https://inaturalist-open-data.s3.amazonaws.com/photos/108204801/original.jpeg,https://www.inaturalist.org/photos/108204801,2011-05-30T12:21:07-07:00,onyxrat,iNaturalist,http://creativecommons.org/licenses/by-nc/4.0/,onyxrat,108204801
67034062,StillImage,image/jpeg,https://inaturalist-open-data.s3.amazonaws.com/photos/108204805/original.jpeg,https://www.inaturalist.org/photos/108204805,2011-05-28T15:38:11-07:00,onyxrat,iNaturalist,http://creativecommons.org/licenses/by-nc/4.0/,onyxrat,108204805
67034062,StillImage,image/jpeg,https://inaturalist-open-data.s3.amazonaws.com/photos/108204813/original.jpeg,https://www.inaturalist.org/photos/108204813,2011-05-28T15:40:56-07:00,onyxrat,iNaturalist,http://creativecommons.org/licenses/by-nc/4.0/,onyxrat,108204813
67034062,StillImage,image/jpeg,https://inaturalist-open-data.s3.amazonaws.com/photos/108204816/original.jpeg,https://www.inaturalist.org/photos/108204816,2011-05-28T15:38:17-07:00,onyxrat,iNaturalist,http://creativecommons.org/licenses/by-nc/4.0/,onyxrat,108204816
67034063,StillImage,image/jpeg,https://inaturalist-open-data.s3.amazonaws.com/photos/108204815/original.jpg,https://www.inaturalist.org/photos/108204815,2011-05-28T13:19:33-07:00,onyxrat,iNaturalist,http://creativecommons.org/licenses/by-nc/4.0/,onyxrat,108204815
67034063,StillImage,image/jpeg,https://inaturalist-open-data.s3.amazonaws.com/photos/108204824/original.jpg,https://www.inaturalist.org/photos/108204824,2011-05-28T13:19:21-07:00,onyxrat,iNaturalist,http://creativecommons.org/licenses/by-nc/4.0/,onyxrat,108204824
67034063,StillImage,image/jpeg,https://inaturalist-open-data.s3.amazonaws.com/photos/108204825/original.jpg,https://www.inaturalist.org/photos/108204825,2011-05-28T13:19:30-07:00,onyxrat,iNaturalist,http://creativecommons.org/licenses/by-nc/4.0/,onyxrat,108204825
67034064,StillImage,image/jpeg,https://inaturalist-open-data.s3.amazonaws.com/photos/108205010/original.jpg,https://www.inaturalist.org/photos/108205010,2020-09-05T12:11:41-07:00,William Harris,iNaturalist,http://creativecommons.org/licenses/by-nc/4.0/,William Harris,108205010
67034065,StillImage,image/jpeg,https://inaturalist-open-data.s3.amazonaws.com/photos/108205033/original.jpeg,https://www.inaturalist.org/photos/108205033,2020-12-24T16:04:03-08:00,Zoltán Stekkelpak,iNaturalist,http://creativecommons.org/publicdomain/zero/1.0/,Zoltán Stekkelpak,108205033
67034070,Sound,audio/x-wav,https://static.inaturalist.org/sounds/155175.wav?1608875771,https://www.inaturalist.org/sounds/155175,2020-12-25T05:56:11Z,aeruginosa,iNaturalist,http://creativecommons.org/licenses/by-nc/4.0/,aeruginosa,155175
67034090,StillImage,image/jpeg,https://inaturalist-open-data.s3.amazonaws.com/photos/108205038/original.jpeg,https://www.inaturalist.org/photos/108205038,2020-12-23T15:03:30-08:00,Владимир,iNaturalist,http://creativecommons.org/licenses/by-nc/4.0/,Владимир,108205038
67034093,StillImage,image/jpeg,https://inaturalist-open-data.s3.amazonaws.com/photos/108205075/original.jpg,https://www.inaturalist.org/photos/108205075,1988-04-29,Todd Stout,iNaturalist,http://creativecommons.org/licenses/by-nc/4.0/,Todd Stout,108205075
201101505,StillImage,image/jpeg,https://inaturalist-open-data.s3.amazonaws.com/photos/354936362/original.jpeg,https://www.inaturalist.org/photos/354936362,2024-03-03T17:34:56-08:00,judybarnes,iNaturalist,http://creativecommons.org/licenses/by-nc/4.0/,judybarnes,354936362
201101507,StillImage,image/jpeg,https://inaturalist-open-data.s3.amazonaws.com/photos/354936366/original.jpeg,https://www.inaturalist.org/photos/354936366,2024-03-01T12:15:54-08:00,dojo14,iNaturalist,http://creativecommons.org/licenses/by-nc/4.0/,dojo14,354936366
201101508,StillImage,image/jpeg,https://inaturalist-open-data.s3.amazonaws.com/photos/354936396/original.jpeg,https://www.inaturalist.org/photos/354936396,2024-03-03T13:06:16-08:00,T R Shankar Raman,iNaturalist,http://creativecommons.org/licenses/by/4.0/,T R Shankar Raman,354936396
201101508,StillImage,image/jpeg,https://inaturalist-open-data.s3.amazonaws.com/photos/354936407/original.jpeg,https://www.inaturalist.org/photos/354936407,2024-03-03T13:06:33-08:00,T R Shankar Raman,iNaturalist,http://creativecommons.org/licenses/by/4.0/,T R Shankar Raman,354936407
201101508,StillImage,image/jpeg,https://inaturalist-open-data.s3.amazonaws.com/photos/354936427/original.jpeg,https://www.inaturalist.org/photos/354936427,2024-03-03T13:06:50-08:00,T R Shankar Raman,iNaturalist,http://creativecommons.org/licenses/by/4.0/,T R Shankar Raman,354936427
201101508,StillImage,image/jpeg,https://inaturalist-open-data.s3.amazonaws.com/photos/354936458/original.jpeg,https://www.inaturalist.org/photos/354936458,2024-03-03T13:07:05-08:00,T R Shankar Raman,iNaturalist,http://creativecommons.org/licenses/by/4.0/,T R Shankar Raman,354936458
201101508,StillImage,image/jpeg,https://inaturalist-open-data.s3.amazonaws.com/photos/354936493/original.jpeg,https://www.inaturalist.org/photos/354936493,2024-03-03T13:07:28-08:00,T R Shankar Raman,iNaturalist,http://creativecommons.org/licenses/by/4.0/,T R Shankar Raman,354936493
201101520,StillImage,image/jpeg,https://inaturalist-open-data.s3.amazonaws.com/photos/354936402/original.jpg,https://www.inaturalist.org/photos/354936402,2024-01-28T22:15:46Z,iacomaner,iNaturalist,http://creativecommons.org/licenses/by-nc/4.0/,iacomaner,354936402
201101520,StillImage,image/jpeg,https://inaturalist-open-data.s3.amazonaws.com/photos/354936405/original.jpg,https://www.inaturalist.org/photos/354936405,2024-01-28T22:15:46Z,iacomaner,iNaturalist,http://creativecommons.org/licenses/by-nc/4.0/,iacomaner,354936405
201101520,StillImage,image/jpeg,https://inaturalist-open-data.s3.amazonaws.com/photos/354936411/original.jpg,https://www.inaturalist.org/photos/354936411,2024-01-28T22:15:46Z,iacomaner,iNaturalist,http://creativecommons.org/licenses/by-nc/4.0/,iacomaner,354936411
201101520,StillImage,image/jpeg,https://inaturalist-open-data.s3.amazonaws.com/photos/354936416/original.jpg,https://www.inaturalist.org/photos/354936416,2024-01-28T22:15:46Z,iacomaner,iNaturalist,http://creativecommons.org/licenses/by-nc/4.0/,iacomaner,354936416
201101520,StillImage,image/jpeg,https://inaturalist-open-data.s3.amazonaws.com/photos/354936429/original.jpg,https://www.inaturalist.org/photos/354936429,2024-01-28T22:15:46Z,iacomaner,iNaturalist,http://creativecommons.org/licenses/by-nc/4.0/,iacomaner,354936429
201101526,StillImage,image/jpeg,https://inaturalist-open-data.s3.amazonaws.com/photos/354936425/original.jpeg,https://www.inaturalist.org/photos/354936425,2024-03-03T09:32:44-08:00,Valentin Moser,iNaturalist,http://creativecommons.org/licenses/by/4.0/,Valentin Moser,354936425
201101526,StillImage,image/jpeg,https://inaturalist-open-data.s3.amazonaws.com/photos/354936443/original.jpeg,https://www.inaturalist.org/photos/354936443,2024-03-03T09:33:06-08:00,Valentin Moser,iNaturalist,http://creativecommons.org/licenses/by/4.0/,Valentin Moser,354936443
201101529,StillImage,image/jpeg,https://inaturalist-open-data.s3.amazonaws.com/photos/354924988/original.jpg,https://www.inaturalist.org/photos/354924988,2024-03-02T14:03:08-08:00,Felix Harper,iNaturalist,http://creativecommons.org/licenses/by-nc/4.0/,Felix Harper,354924988
201101532,StillImage,image/jpeg,https://inaturalist-open-data.s3.amazonaws.com/photos/354925618/original.jpg,https://www.inaturalist.org/photos/354925618,2024-03-03T10:02:53-08:00,Felix Harper,iNaturalist,http://creativecommons.org/licenses/by-nc/4.0/,Felix Harper,354925618
201101532,StillImage,image/jpeg,https://inaturalist-open-data.s3.amazonaws.com/photos/354925611/original.jpg,https://www.inaturalist.org/photos/354925611,2024-03-03T10:02:55-08:00,Felix Harper,iNaturalist,http://creativecommons.org/licenses/by-nc/4.0/,Felix Harper,354925611
201101532,StillImage,image/jpeg,https://inaturalist-open-data.s3.amazonaws.com/photos/354925644/original.jpg,https://www.inaturalist.org/photos/354925644,2024-03-03T10:03:08-08:00,Felix Harper,iNaturalist,http://creativecommons.org/licenses/by-nc/4.0/,Felix Harper,354925644
201101532,StillImage,image/jpeg,https://inaturalist-open-data.s3.amazonaws.com/photos/354925650/original.jpg,https://www.inaturalist.org/photos/354925650,2024-03-03T10:03:10-08:00,Felix Harper,iNaturalist,http://creativecommons.org/licenses/by-nc/4.0/,Felix Harper,354925650
201101532,StillImage,image/jpeg,https://inaturalist-open-data.s3.amazonaws.com/photos/354925652/original.jpg,https://www.inaturalist.org/photos/354925652,2024-03-03T10:03:17-08:00,Felix Harper,iNaturalist,http://creativecommons.org/licenses/by-nc/4.0/,Felix Harper,354925652
201101534,StillImage,image/jpeg,https://inaturalist-open-data.s3.amazonaws.com/photos/354929253/original.jpg,https://www.inaturalist.org/photos/354929253,2024-02-18T10:12:10-08:00,Joyce Tu,iNaturalist,http://creativecommons.org/licenses/by-nc/4.0/,Joyce Tu,354929253
201101535,StillImage,image/jpeg,https://inaturalist-open-data.s3.amazonaws.com/photos/354925746/original.jpg,https://www.inaturalist.org/photos/354925746,2024-03-03T10:06:20-08:00,Felix Harper,iNaturalist,http://creativecommons.org/licenses/by-nc/4.0/,Felix Harper,354925746
201101535,StillImage,image/jpeg,https://inaturalist-open-data.s3.amazonaws.com/photos/354925747/original.jpg,https://www.inaturalist.org/photos/354925747,2024-03-03T10:06:26-08:00,Felix Harper,iNaturalist,http://creativecommons.org/licenses/by-nc/4.0/,Felix Harper,354925747
201101535,StillImage,image/jpeg,https://inaturalist-open-data.s3.amazonaws.com/photos/354925783/original.jpg,https://www.inaturalist.org/photos/354925783,2024-03-03T10:06:32-08:00,Felix Harper,iNaturalist,http://creativecommons.org/licenses/by-nc/4.0/,Felix Harper,354925783
201101535,StillImage,image/jpeg,https://inaturalist-open-data.s3.amazonaws.com/photos/354925787/original.jpg,https://www.inaturalist.org/photos/354925787,2024-03-03T10:06:57-08:00,Felix Harper,iNaturalist,http://creativecommons.org/licenses/by-nc/4.0/,Felix Harper,354925787
201101535,StillImage,image/jpeg,https://inaturalist-open-data.s3.amazonaws.com/photos/354925795/original.jpg,https://www.inaturalist.org/photos/354925795,2024-03-03T10:07:00-08:00,Felix Harper,iNaturalist,http://creativecommons.org/licenses/by-nc/4.0/,Felix Harper,354925795
201101535,StillImage,image/jpeg,https://inaturalist-open-data.s3.amazonaws.com/photos/354925813/original.jpg,https://www.inaturalist.org/photos/354925813,2024-03-03T10:07:03-08:00,Felix Harper,iNaturalist,http://creativecommons.org/licenses/by-nc/4.0/,Felix Harper,354925813
201101538,StillImage,image/jpeg,https://inaturalist-open-data.s3.amazonaws.com/photos/354930234/original.jpg,https://www.inaturalist.org/photos/354930234,2024-02-18T10:45:19-08:00,Joyce Tu,iNaturalist,http://creativecommons.org/licenses/by-nc/4.0/,Joyce Tu,354930234
201101538,StillImage,image/jpeg,https://inaturalist-open-data.s3.amazonaws.com/photos/354930237/original.jpg,https://www.inaturalist.org/photos/354930237,2024-02-18T10:45:19-08:00,Joyce Tu,iNaturalist,http://creativecommons.org/licenses/by-nc/4.0/,Joyce Tu,354930237
201101541,StillImage,image/jpeg,https://inaturalist-open-data.s3.amazonaws.com/photos/354930921/original.jpg,https://www.inaturalist.org/photos/354930921,2024-02-18T10:50:19-08:00,Joyce Tu,iNaturalist,http://creativecommons.org/licenses/by-nc/4.0/,Joyce Tu,354930921
67034093,StillImage,image/jpeg,https://inaturalist-open-data.s3.amazonaws.com/photos/108205076/original.jpg,https://www.inaturalist.org/photos/108205076,1988-04-29,Todd Stout,iNaturalist,http://creativecommons.org/licenses/by-nc/4.0/,Todd Stout,108205076
67034094,StillImage,image/jpeg,https://inaturalist-open-data.s3.amazonaws.com/photos/108205085/original.jpg,https://www.inaturalist.org/photos/108205085,2020-12-08T17:37:34Z,Diane Collier,iNaturalist,http://creativecommons.org/licenses/by-nc/4.0/,Diane Collier,108205085
67034095,StillImage,image/jpeg,https://inaturalist-open-data.s3.amazonaws.com/photos/108205088/original.jpg,https://www.inaturalist.org/photos/108205088,2020-12-24T21:14:17Z,Diane Collier,iNaturalist,http://creativecommons.org/licenses/by-nc/4.0/,Diane Collier,108205088
67034096,StillImage,image/jpeg,https://inaturalist-open-data.s3.amazonaws.com/photos/108205077/original.jpg,https://www.inaturalist.org/photos/108205077,2020-12-14T10:46:20-08:00,dspittlehouse,iNaturalist,http://creativecommons.org/licenses/by-nc/4.0/,dspittlehouse,108205077
67034097,StillImage,image/jpeg,https://inaturalist-open-data.s3.amazonaws.com/photos/108205048/original.jpg,https://www.inaturalist.org/photos/108205048,2020-12-25T05:14:00Z,Emma,iNaturalist,http://creativecommons.org/licenses/by-nc/4.0/,Emma,108205048
67034100,StillImage,image/jpeg,https://inaturalist-open-data.s3.amazonaws.com/photos/108205097/original.jpeg,https://www.inaturalist.org/photos/108205097,2019-07-27T15:37:41-07:00,Willem Van Zyl,iNaturalist,http://creativecommons.org/licenses/by-nc/4.0/,Willem Van Zyl,108205097
67034100,StillImage,image/jpeg,https://inaturalist-open-data.s3.amazonaws.com/photos/108205155/original.jpeg,https://www.inaturalist.org/photos/108205155,2019-07-27T15:35:55-07:00,Willem Van Zyl,iNaturalist,http://creativecommons.org/licenses/by-nc/4.0/,Willem Van Zyl,108205155
67034103,StillImage,image/jpeg,https://inaturalist-open-data.s3.amazonaws.com/photos/108205101/original.jpeg,https://www.inaturalist.org/photos/108205101,2020-08-30T12:25:19-07:00,Paulo Acevedo,iNaturalist,http://creativecommons.org/licenses/by-nc/4.0/,Paulo Acevedo,108205101
67034103,StillImage,image/jpeg,https://inaturalist-open-data.s3.amazonaws.com/photos/108205104/original.jpeg,https://www.inaturalist.org/photos/108205104,2020-08-30T12:25:08-07:00,Paulo Acevedo,iNaturalist,http://creativecommons.org/licenses/by-nc/4.0/,Paulo Acevedo,108205104
67034103,StillImage,image/jpeg,https://inaturalist-open-data.s3.amazonaws.com/photos/108205107/original.jpeg,https://www.inaturalist.org/photos/108205107,2020-08-30T12:25:00-07:00,Paulo Acevedo,iNaturalist,http://creativecommons.org/licenses/by-nc/4.0/,Paulo Acevedo,108205107
67034109,StillImage,image/jpeg,https://inaturalist-open-data.s3.amazonaws.com/photos/108205017/original.jpeg,https://www.inaturalist.org/photos/108205017,2014-03-22T11:53:54-07:00,Станислав,iNaturalist,http://creativecommons.org/licenses/by-nc/4.0/,Станислав,108205017
67034109,StillImage,image/jpeg,https://inaturalist-open-data.s3.amazonaws.com/photos/108205021/original.jpeg,https://www.inaturalist.org/photos/108205021,2014-03-22T11:54:12-07:00,Станислав,iNaturalist,http://creativecommons.org/licenses/by-nc/4.0/,Станислав,108205021
67034110,StillImage,image/jpeg,https://inaturalist-open-data.s3.amazonaws.com/photos/108205022/original.jpeg,https://www.inaturalist.org/photos/108205022,2014-03-22T11:56:32-07:00,Станислав,iNaturalist,http://creativecommons.org/licenses/by-nc/4.0/,Станислав,108205022
67034111,StillImage,image/jpeg,https://inaturalist-open-data.s3.amazonaws.com/photos/108205029/original.jpeg,https://www.inaturalist.org/photos/108205029,2014-03-22T12:16:41-07:00,Станислав,iNaturalist,http://creativecommons.org/licenses/by-nc/4.0/,Станислав,108205029
67034112,StillImage,image/jpeg,https://inaturalist-open-data.s3.amazonaws.com/photos/108205041/original.jpeg,https://www.inaturalist.org/photos/108205041,2014-03-22T12:46:27-07:00,Станислав,iNaturalist,http://creativecommons.org/licenses/by-nc/4.0/,Станислав,108205041
67034112,StillImage,image/jpeg,https://inaturalist-open-data.s3.amazonaws.com/photos/108205042/original.jpeg,https://www.inaturalist.org/photos/108205042,2014-03-22T12:46:41-07:00,Станислав,iNaturalist,http://creativecommons.org/licenses/by-nc/4.0/,Станислав,108205042
67034112,StillImage,image/jpeg,https://inaturalist-open-data.s3.amazonaws.com/photos/108205044/original.jpeg,https://www.inaturalist.org/photos/108205044,2014-03-22T12:46:51-07:00,Станислав,iNaturalist,http://creativecommons.org/licenses/by-nc/4.0/,Станислав,108205044
67034112,StillImage,image/jpeg,https://inaturalist-open-data.s3.amazonaws.com/photos/108205050/original.jpeg,https://www.inaturalist.org/photos/108205050,2014-03-22T12:47:01-07:00,Станислав,iNaturalist,http://creativecommons.org/licenses/by-nc/4.0/,Станислав,108205050
67034112,StillImage,image/jpeg,https://inaturalist-open-data.s3.amazonaws.com/photos/108205053/original.jpeg,https://www.inaturalist.org/photos/108205053,2014-03-22T12:47:16-07:00,Станислав,iNaturalist,http://creativecommons.org/licenses/by-nc/4.0/,Станислав,108205053
67034115,StillImage,image/jpeg,https://inaturalist-open-data.s3.amazonaws.com/photos/108205124/original.jpg,https://www.inaturalist.org/photos/108205124,2020-11-25T22:13:13Z,Greg Davis,iNaturalist,http://creativecommons.org/licenses/by-nc/4.0/,Greg Davis,108205124
67034115,StillImage,image/jpeg,https://inaturalist-open-data.s3.amazonaws.com/photos/108205128/original.jpg,https://www.inaturalist.org/photos/108205128,2020-11-25T22:13:13Z,Greg Davis,iNaturalist,http://creativecommons.org/licenses/by-nc/4.0/,Greg Davis,108205128
67034117,StillImage,image/jpeg,https://inaturalist-open-data.s3.amazonaws.com/photos/108205114/original.jpg,https://www.inaturalist.org/photos/108205114,2020-12-14T10:58:37-08:00,dspittlehouse,iNaturalist,http://creativecommons.org/licenses/by-nc/4.0/,dspittlehouse,108205114
67034118,StillImage,image/jpeg,https://inaturalist-open-data.s3.amazonaws.com/photos/108204916/original.jpg,https://www.inaturalist.org/photos/108204916,2020-12-13T09:43:06-08:00,WATANABE Hitoshi 渡辺仁,iNaturalist,http://creativecommons.org/licenses/by/4.0/,WATANABE Hitoshi 渡辺仁,108204916
67034119,StillImage,image/jpeg,https://inaturalist-open-data.s3.amazonaws.com/photos/108204913/original.jpg,https://www.inaturalist.org/photos/108204913,2020-12-13T10:00:21-08:00,WATANABE Hitoshi 渡辺仁,iNaturalist,http://creativecommons.org/licenses/by/4.0/,WATANABE Hitoshi 渡辺仁,108204913
67034120,StillImage,image/jpeg,https://inaturalist-open-data.s3.amazonaws.com/photos/108205012/original.jpeg,https://www.inaturalist.org/photos/108205012,2020-12-25T13:06:40-08:00,Colin Trainor,iNaturalist,http://creativecommons.org/licenses/by-nc/4.0/,Colin Trainor,108205012
67034120,StillImage,image/jpeg,https://inaturalist-open-data.s3.amazonaws.com/photos/108205019/original.jpeg,https://www.inaturalist.org/photos/108205019,2020-12-25T13:06:35-08:00,Colin Trainor,iNaturalist,http://creativecommons.org/licenses/by-nc/4.0/,Colin Trainor,108205019
67034121,StillImage,image/jpeg,https://inaturalist-open-data.s3.amazonaws.com/photos/108204915/original.jpg,https://www.inaturalist.org/photos/108204915,2020-12-13T10:04:01-08:00,WATANABE Hitoshi 渡辺仁,iNaturalist,http://creativecommons.org/licenses/by/4.0/,WATANABE Hitoshi 渡辺仁,108204915
67034122,StillImage,image/jpeg,https://inaturalist-open-data.s3.amazonaws.com/photos/108204921/original.jpg,https://www.inaturalist.org/photos/108204921,2020-12-13T10:04:08-08:00,WATANABE Hitoshi 渡辺仁,iNaturalist,http://creativecommons.org/licenses/by/4.0/,WATANABE Hitoshi 渡辺仁,108204921
67034123,StillImage,image/jpeg,https://inaturalist-open-data.s3.amazonaws.com/photos/108205015/original.jpeg,https://www.inaturalist.org/photos/108205015,2020-12-25T12:11:50-08:00,Colin Trainor,iNaturalist,http://creativecommons.org/licenses/by-nc/4.0/,Colin Trainor,108205015
67034124,StillImage,image/jpeg,https://inaturalist-open-data.s3.amazonaws.com/photos/108204925/original.jpg,https://www.inaturalist.org/photos/108204925,2020-12-13T10:04:14-08:00,WATANABE Hitoshi 渡辺仁,iNaturalist,http://creativecommons.org/licenses/by/4.0/,WATANABE Hitoshi 渡辺仁,108204925
201101541,StillImage,image/jpeg,https://inaturalist-open-data.s3.amazonaws.com/photos/354930892/original.jpg,https://www.inaturalist.org/photos/354930892,2024-02-18T10:47:15-08:00,Joyce Tu,iNaturalist,http://creativecommons.org/licenses/by-nc/4.0/,Joyce Tu,354930892
201101541,StillImage,image/jpeg,https://inaturalist-open-data.s3.amazonaws.com/photos/354931430/original.jpg,https://www.inaturalist.org/photos/354931430,2024-02-18T10:47:02-08:00,Joyce Tu,iNaturalist,http://creativecommons.org/licenses/by-nc/4.0/,Joyce Tu,354931430
201101541,StillImage,image/jpeg,https://inaturalist-open-data.s3.amazonaws.com/photos/354935885/original.jpg,https://www.inaturalist.org/photos/354935885,2024-02-18T11:15:28-08:00,Joyce Tu,iNaturalist,http://creativecommons.org/licenses/by-nc/4.0/,Joyce Tu,354935885
201101543,StillImage,image/jpeg,https://inaturalist-open-data.s3.amazonaws.com/photos/354926014/original.jpg,https://www.inaturalist.org/photos/354926014,2024-03-03T10:12:16-08:00,Felix Harper,iNaturalist,http://creativecommons.org/licenses/by-nc/4.0/,Felix Harper,354926014
201101543,StillImage,image/jpeg,https://inaturalist-open-data.s3.amazonaws.com/photos/354926012/original.jpg,https://www.inaturalist.org/photos/354926012,2024-03-03T10:12:13-08:00,Felix Harper,iNaturalist,http://creativecommons.org/licenses/by-nc/4.0/,Felix Harper,354926012
201101543,StillImage,image/jpeg,https://inaturalist-open-data.s3.amazonaws.com/photos/354925938/original.jpg,https://www.inaturalist.org/photos/354925938,2024-03-03T10:12:07-08:00,Felix Harper,iNaturalist,http://creativecommons.org/licenses/by-nc/4.0/,Felix Harper,354925938
201101543,StillImage,image/jpeg,https://inaturalist-open-data.s3.amazonaws.com/photos/354925950/original.jpg,https://www.inaturalist.org/photos/354925950,2024-03-03T10:11:56-08:00,Felix Harper,iNaturalist,http://creativecommons.org/licenses/by-nc/4.0/,Felix Harper,354925950
201101543,StillImage,image/jpeg,https://inaturalist-open-data.s3.amazonaws.com/photos/354925920/original.jpg,https://www.inaturalist.org/photos/354925920,2024-03-03T10:11:53-08:00,Felix Harper,iNaturalist,http://creativecommons.org/licenses/by-nc/4.0/,Felix Harper,354925920
201101544,StillImage,image/jpeg,https://inaturalist-open-data.s3.amazonaws.com/photos/354926045/original.jpg,https://www.inaturalist.org/photos/354926045,2024-03-03T10:14:22-08:00,Felix Harper,iNaturalist,http://creativecommons.org/licenses/by-nc/4.0/,Felix Harper,354926045
201101544,StillImage,image/jpeg,https://inaturalist-open-data.s3.amazonaws.com/photos/354926086/original.jpg,https://www.inaturalist.org/photos/354926086,2024-03-03T10:14:26-08:00,Felix Harper,iNaturalist,http://creativecommons.org/licenses/by-nc/4.0/,Felix Harper,354926086
201101544,StillImage,image/jpeg,https://inaturalist-open-data.s3.amazonaws.com/photos/354926095/original.jpg,https://www.inaturalist.org/photos/354926095,2024-03-03T10:14:30-08:00,Felix Harper,iNaturalist,http://creativecommons.org/licenses/by-nc/4.0/,Felix Harper,354926095
201101544,StillImage,image/jpeg,https://inaturalist-open-data.s3.amazonaws.com/photos/354926099/original.jpg,https://www.inaturalist.org/photos/354926099,2024-03-03T10:14:40-08:00,Felix Harper,iNaturalist,http://creativecommons.org/licenses/by-nc/4.0/,Felix Harper,354926099
201101544,StillImage,image/jpeg,https://inaturalist-open-data.s3.amazonaws.com/photos/354926134/original.jpg,https://www.inaturalist.org/photos/354926134,2024-03-03T10:14:50-08:00,Felix Harper,iNaturalist,http://creativecommons.org/licenses/by-nc/4.0/,Felix Harper,354926134
201101544,StillImage,image/jpeg,https://inaturalist-open-data.s3.amazonaws.com/photos/354926144/original.jpg,https://www.inaturalist.org/photos/354926144,2024-03-03T10:14:55-08:00,Felix Harper,iNaturalist,http://creativecommons.org/licenses/by-nc/4.0/,Felix Harper,354926144
201101544,StillImage,image/jpeg,https://inaturalist-open-data.s3.amazonaws.com/photos/354926149/original.jpg,https://www.inaturalist.org/photos/354926149,2024-03-03T10:14:59-08:00,Felix Harper,iNaturalist,http://creativecommons.org/licenses/by-nc/4.0/,Felix Harper,354926149
201101544,StillImage,image/jpeg,https://inaturalist-open-data.s3.amazonaws.com/photos/354925714/original.jpg,https://www.inaturalist.org/photos/354925714,2024-03-03T10:04:37-08:00,Felix Harper,iNaturalist,http://creativecommons.org/licenses/by-nc/4.0/,Felix Harper,354925714
201101544,StillImage,image/jpeg,https://inaturalist-open-data.s3.amazonaws.com/photos/354925718/original.jpg,https://www.inaturalist.org/photos/354925718,2024-03-03T10:04:57-08:00,Felix Harper,iNaturalist,http://creativecommons.org/licenses/by-nc/4.0/,Felix Harper,354925718
201101546,StillImage,image/jpeg,https://inaturalist-open-data.s3.amazonaws.com/photos/354931761/original.jpg,https://www.inaturalist.org/photos/354931761,2024-02-18T10:51:55-08:00,Joyce Tu,iNaturalist,http://creativecommons.org/licenses/by-nc/4.0/,Joyce Tu,354931761
201101549,StillImage,image/jpeg,https://inaturalist-open-data.s3.amazonaws.com/photos/354931884/original.jpg,https://www.inaturalist.org/photos/354931884,2024-02-18T10:52:51-08:00,Joyce Tu,iNaturalist,http://creativecommons.org/licenses/by-nc/4.0/,Joyce Tu,354931884
201101551,StillImage,image/jpeg,https://inaturalist-open-data.s3.amazonaws.com/photos/354932271/original.jpg,https://www.inaturalist.org/photos/354932271,2024-02-18T10:53:08-08:00,Joyce Tu,iNaturalist,http://creativecommons.org/licenses/by-nc/4.0/,Joyce Tu,354932271
201101552,StillImage,image/jpeg,https://inaturalist-open-data.s3.amazonaws.com/photos/354932248/original.jpg,https://www.inaturalist.org/photos/354932248,2024-02-18T10:53:00-08:00,Joyce Tu,iNaturalist,http://creativecommons.org/licenses/by-nc/4.0/,Joyce Tu,354932248
201101552,StillImage,image/jpeg,https://inaturalist-open-data.s3.amazonaws.com/photos/354932251/original.jpg,https://www.inaturalist.org/photos/354932251,2024-02-18T10:53:00-08:00,Joyce Tu,iNaturalist,http://creativecommons.org/licenses/by-nc/4.0/,Joyce Tu,354932251
201101553,StillImage,image/jpeg,https://inaturalist-open-data.s3.amazonaws.com/photos/354936343/original.jpeg,https://www.inaturalist.org/photos/354936343,2024-03-03T13:25:37-08:00,davidsando,iNaturalist,http://creativecommons.org/licenses/by-nc/4.0/,davidsando,354936343
201101556,StillImage,image/jpeg,https://inaturalist-open-data.s3.amazonaws.com/photos/354932367/original.jpg,https://www.inaturalist.org/photos/354932367,2024-02-18T10:53:22-08:00,Joyce Tu,iNaturalist,http://creativecommons.org/licenses/by-nc/4.0/,Joyce Tu,354932367
201101560,StillImage,image/jpeg,https://inaturalist-open-data.s3.amazonaws.com/photos/354932460/original.jpg,https://www.inaturalist.org/photos/354932460,2024-02-18T10:53:25-08:00,Joyce Tu,iNaturalist,http://creativecommons.org/licenses/by-nc/4.0/,Joyce Tu,354932460
201101560,StillImage,image/jpeg,https://inaturalist-open-data.s3.amazonaws.com/photos/354932470/original.jpg,https://www.inaturalist.org/photos/354932470,2024-02-18T10:53:25-08:00,Joyce Tu,iNaturalist,http://creativecommons.org/licenses/by-nc/4.0/,Joyce Tu,354932470
201101561,StillImage,image/jpeg,https://inaturalist-open-data.s3.amazonaws.com/photos/354926383/original.jpg,https://www.inaturalist.org/photos/354926383,2024-03-03T10:18:33-08:00,Felix Harper,iNaturalist,http://creativecommons.org/licenses/by-nc/4.0/,Felix Harper,354926383
201101563,StillImage,image/jpeg,https://inaturalist-open-data.s3.amazonaws.com/photos/354932924/original.jpg,https://www.inaturalist.org/photos/354932924,2024-02-18T10:55:00-08:00,Joyce Tu,iNaturalist,http://creativecommons.org/licenses/by-nc/4.0/,Joyce Tu,354932924
201101563,StillImage,image/jpeg,https://inaturalist-open-data.s3.amazonaws.com/photos/354932930/original.jpg,https://www.inaturalist.org/photos/354932930,2024-02-18T10:55:00-08:00,Joyce Tu,iNaturalist,http://creativecommons.org/licenses/by-nc/4.0/,Joyce Tu,354932930
201101563,StillImage,image/jpeg,https://inaturalist-open-data.s3.amazonaws.com/photos/354932958/original.jpg,https://www.inaturalist.org/photos/354932958,2024-02-18T10:55:02-08:00,Joyce Tu,iNaturalist,http://creativecommons.org/licenses/by-nc/4.0/,Joyce Tu,354932958
201101566,StillImage,image/jpeg,https://inaturalist-open-data.s3.amazonaws.com/photos/354933245/original.jpg,https://www.inaturalist.org/photos/354933245,2024-02-18T10:58:33-08:00,Joyce Tu,iNaturalist,http://creativecommons.org/licenses/by-nc/4.0/,Joyce Tu,354933245
201101566,StillImage,image/jpeg,https://inaturalist-open-data.s3.amazonaws.com/photos/354933254/original.jpg,https://www.inaturalist.org/photos/354933254,2024-02-18T10:57:57-08:00,Joyce Tu,iNaturalist,http://creativecommons.org/licenses/by-nc/4.0/,Joyce Tu,354933254
201101569,StillImage,image/jpeg,https://inaturalist-open-data.s3.amazonaws.com/photos/354933366/original.jpg,https://www.inaturalist.org/photos/354933366,2024-02-18T10:59:00-08:00,Joyce Tu,iNaturalist,http://creativecommons.org/licenses/by-nc/4.0/,Joyce Tu,354933366
201101569,StillImage,image/jpeg,https://inaturalist-open-data.s3.amazonaws.com/photos/354933376/original.jpg,https://www.inaturalist.org/photos/354933376,2024-02-18T10:59:00-08:00,Joyce Tu,iNaturalist,http://creativecommons.org/licenses/by-nc/4.0/,Joyce Tu,354933376
201101569,StillImage,image/jpeg,https://inaturalist-open-data.s3.amazonaws.com/photos/354933607/original.jpg,https://www.inaturalist.org/photos/354933607,2024-02-18T10:59:07-08:00,Joyce Tu,iNaturalist,http://creativecommons.org/licenses/by-nc/4.0/,Joyce Tu,354933607
201101573,StillImage,image/jpeg,https://inaturalist-open-data.s3.amazonaws.com/photos/354934110/original.jpg,https://www.inaturalist.org/photos/354934110,2024-02-18T11:02:26-08:00,Joyce Tu,iNaturalist,http://creativecommons.org/licenses/by-nc/4.0/,Joyce Tu,354934110
201101573,StillImage,image/jpeg,https://inaturalist-open-data.s3.amazonaws.com/photos/354934124/original.jpg,https://www.inaturalist.org/photos/354934124,2024-02-18T11:02:21-08:00,Joyce Tu,iNaturalist,http://creativecommons.org/licenses/by-nc/4.0/,Joyce Tu,354934124
201101573,StillImage,image/jpeg,https://inaturalist-open-data.s3.amazonaws.com/photos/354935017/original.jpg,https://www.inaturalist.org/photos/354935017,2024-02-18T11:04:58-08:00,Joyce Tu,iNaturalist,http://creativecommons.org/licenses/by-nc/4.0/,Joyce Tu,354935017
201101574,StillImage,image/jpeg,https://inaturalist-open-data.s3.amazonaws.com/photos/354926515/original.jpg,https://www.inaturalist.org/photos/354926515,2024-03-03T10:23:42-08:00,Felix Harper,iNaturalist,http://creativecommons.org/licenses/by-nc/4.0/,Felix Harper,354926515
201101574,StillImage,image/jpeg,https://inaturalist-open-data.s3.amazonaws.com/photos/354926490/original.jpg,https://www.inaturalist.org/photos/354926490,2024-03-03T10:23:38-08:00,Felix Harper,iNaturalist,http://creativecommons.org/licenses/by-nc/4.0/,Felix Harper,354926490
201101578,StillImage,image/jpeg,https://inaturalist-open-data.s3.amazonaws.com/photos/354936439/original.jpeg,https://www.inaturalist.org/photos/354936439,2024-03-03T16:31:51-08:00,Andy liao,iNaturalist,http://creativecommons.org/licenses/by-nc/4.0/,Andy liao,354936439
201101578,StillImage,image/jpeg,https://inaturalist-open-data.s3.amazonaws.com/photos/354937763/original.jpeg,https://www.inaturalist.org/photos/354937763,2024-03-03T16:43:42-08:00,Andy liao,iNaturalist,http://creativecommons.org/licenses/by-nc/4.0/,Andy liao,354937763
201101578,StillImage,image/jpeg,https://inaturalist-open-data.s3.amazonaws.com/photos/354937783/original.jpeg,https://www.inaturalist.org/photos/354937783,2024-03-03T16:40:53-08:00,Andy liao,iNaturalist,http://creativecommons.org/licenses/by-nc/4.0/,Andy liao,354937783
201101579,StillImage,image/jpeg,https://inaturalist-open-data.s3.amazonaws.com/photos/354934674/original.jpg,https://www.inaturalist.org/photos/354934674,2024-02-18T11:03:59-08:00,Joyce Tu,iNaturalist,http://creativecommons.org/licenses/by-nc/4.0/,Joyce Tu,354934674
201101579,StillImage,image/jpeg,https://inaturalist-open-data.s3.amazonaws.com/photos/354934681/original.jpg,https://www.inaturalist.org/photos/354934681,2024-02-18T11:03:59-08:00,Joyce Tu,iNaturalist,http://creativecommons.org/licenses/by-nc/4.0/,Joyce Tu,354934681
201101580,StillImage,image/jpeg,https://inaturalist-open-data.s3.amazonaws.com/photos/354934789/original.jpg,https://www.inaturalist.org/photos/354934789,2024-02-18T11:04:09-08:00,Joyce Tu,iNaturalist,http://creativecommons.org/licenses/by-nc/4.0/,Joyce Tu,354934789
201101580,StillImage,image/jpeg,https://inaturalist-open-data.s3.amazonaws.com/photos/354934793/original.jpg,https://www.inaturalist.org/photos/354934793,2024-02-18T11:04:15-08:00,Joyce Tu,iNaturalist,http://creativecommons.org/licenses/by-nc/4.0/,Joyce Tu,354934793
201101580,StillImage,image/jpeg,https://inaturalist-open-data.s3.amazonaws.com/photos/354934799/original.jpg,https://www.inaturalist.org/photos/354934799,2024-02-18T11:04:03-08:00,Joyce Tu,iNaturalist,http://creativecommons.org/licenses/by-nc/4.0/,Joyce Tu,354934799
201101586,StillImage,image/jpeg,https://inaturalist-open-data.s3.amazonaws.com/photos/354935355/original.jpg,https://www.inaturalist.org/photos/354935355,2024-02-18T11:13:28-08:00,Joyce Tu,iNaturalist,http://creativecommons.org/licenses/by-nc/4.0/,Joyce Tu,354935355
201101587,StillImage,image/jpeg,https://inaturalist-open-data.s3.amazonaws.com/photos/354935493/original.jpg,https://www.inaturalist.org/photos/354935493,2024-02-18T11:14:30-08:00,Joyce Tu,iNaturalist,http://creativecommons.org/licenses/by-nc/4.0/,Joyce Tu,354935493
201101587,StillImage,image/jpeg,https://inaturalist-open-data.s3.amazonaws.com/photos/354935500/original.jpg,https://www.inaturalist.org/photos/354935500,2024-02-18T11:14:27-08:00,Joyce Tu,iNaturalist,http://creativecommons.org/licenses/by-nc/4.0/,Joyce Tu,354935500
201101587,StillImage,image/jpeg,https://inaturalist-open-data.s3.amazonaws.com/photos/354935508/original.jpg,https://www.inaturalist.org/photos/354935508,2024-02-18T11:14:36-08:00,Joyce Tu,iNaturalist,http://creativecommons.org/licenses/by-nc/4.0/,Joyce Tu,354935508
201101591,StillImage,image/jpeg,https://inaturalist-open-data.s3.amazonaws.com/photos/354935592/original.jpg,https://www.inaturalist.org/photos/354935592,2024-02-18T11:14:56-08:00,Joyce Tu,iNaturalist,http://creativecommons.org/licenses/by-nc/4.0/,Joyce Tu,354935592
201101593,StillImage,image/jpeg,https://inaturalist-open-data.s3.amazonaws.com/photos/354936031/original.jpg,https://www.inaturalist.org/photos/354936031,2024-02-18T11:15:37-08:00,Joyce Tu,iNaturalist,http://creativecommons.org/licenses/by-nc/4.0/,Joyce Tu,354936031
201101593,StillImage,image/jpeg,https://inaturalist-open-data.s3.amazonaws.com/photos/354936038/original.jpg,https://www.inaturalist.org/photos/354936038,2024-02-18T11:15:46-08:00,Joyce Tu,iNaturalist,http://creativecommons.org/licenses/by-nc/4.0/,Joyce Tu,354936038
201101594,StillImage,image/jpeg,https://inaturalist-open-data.s3.amazonaws.com/photos/354936115/original.jpg,https://www.inaturalist.org/photos/354936115,2024-02-18T11:16:49-08:00,Joyce Tu,iNaturalist,http://creativecommons.org/licenses/by-nc/4.0/,Joyce Tu,354936115
201101594,StillImage,image/jpeg,https://inaturalist-open-data.s3.amazonaws.com/photos/354936145/original.jpg,https://www.inaturalist.org/photos/354936145,2024-02-18T11:16:53-08:00,Joyce Tu,iNaturalist,http://creativecommons.org/licenses/by-nc/4.0/,Joyce Tu,354936145
201101594,StillImage,image/jpeg,https://inaturalist-open-data.s3.amazonaws.com/photos/354936189/original.jpg,https://www.inaturalist.org/photos/354936189,2024-02-18T11:17:03-08:00,Joyce Tu,iNaturalist,http://creativecommons.org/licenses/by-nc/4.0/,Joyce Tu,354936189
201101594,StillImage,image/jpeg,https://inaturalist-open-data.s3.amazonaws.com/photos/354936196/original.jpg,https://www.inaturalist.org/photos/354936196,2024-02-18T11:16:57-08:00,Joyce Tu,iNaturalist,http://creativecommons.org/licenses/by-nc/4.0/,Joyce Tu,354936196
201101594,StillImage,image/jpeg,https://inaturalist-open-data.s3.amazonaws.com/photos/354936236/original.jpg,https://www.inaturalist.org/photos/354936236,2024-02-18T11:17:14-08:00,Joyce Tu,iNaturalist,http://creativecommons.org/licenses/by-nc/4.0/,Joyce Tu,354936236
201101594,StillImage,image/jpeg,https://inaturalist-open-data.s3.amazonaws.com/photos/354936240/original.jpg,https://www.inaturalist.org/photos/354936240,2024-02-18T11:17:07-08:00,Joyce Tu,iNaturalist,http://creativecommons.org/licenses/by-nc/4.0/,Joyce Tu,354936240
201101596,StillImage,image/jpeg,https://inaturalist-open-data.s3.amazonaws.com/photos/354927306/original.jpg,https://www.inaturalist.org/photos/354927306,2024-03-03T10:35:42-08:00,Felix Harper,iNaturalist,http://creativecommons.org/licenses/by-nc/4.0/,Felix Harper,354927306
67034125,StillImage,image/jpeg,https://inaturalist-open-data.s3.amazonaws.com/photos/108204926/original.jpg,https://www.inaturalist.org/photos/108204926,2020-12-13T10:04:24-08:00,WATANABE Hitoshi 渡辺仁,iNaturalist,http://creativecommons.org/licenses/by/4.0/,WATANABE Hitoshi 渡辺仁,108204926
67034125,StillImage,image/jpeg,https://inaturalist-open-data.s3.amazonaws.com/photos/108204929/original.jpg,https://www.inaturalist.org/photos/108204929,2020-12-13T10:06:58-08:00,WATANABE Hitoshi 渡辺仁,iNaturalist,http://creativecommons.org/licenses/by/4.0/,WATANABE Hitoshi 渡辺仁,108204929
67034126,StillImage,image/jpeg,https://inaturalist-open-data.s3.amazonaws.com/photos/108205027/original.jpeg,https://www.inaturalist.org/photos/108205027,2020-12-25T11:43:42-08:00,Colin Trainor,iNaturalist,http://creativecommons.org/licenses/by-nc/4.0/,Colin Trainor,108205027
67034127,StillImage,image/jpeg,https://inaturalist-open-data.s3.amazonaws.com/photos/108205030/original.jpeg,https://www.inaturalist.org/photos/108205030,2020-12-25T11:43:16-08:00,Colin Trainor,iNaturalist,http://creativecommons.org/licenses/by-nc/4.0/,Colin Trainor,108205030
67034128,StillImage,image/jpeg,https://inaturalist-open-data.s3.amazonaws.com/photos/108204938/original.jpg,https://www.inaturalist.org/photos/108204938,2020-12-13T10:14:10-08:00,WATANABE Hitoshi 渡辺仁,iNaturalist,http://creativecommons.org/licenses/by/4.0/,WATANABE Hitoshi 渡辺仁,108204938
67034129,StillImage,image/jpeg,https://inaturalist-open-data.s3.amazonaws.com/photos/108205039/original.jpeg,https://www.inaturalist.org/photos/108205039,2020-12-25T11:24:37-08:00,Colin Trainor,iNaturalist,http://creativecommons.org/licenses/by-nc/4.0/,Colin Trainor,108205039
67034130,StillImage,image/jpeg,https://inaturalist-open-data.s3.amazonaws.com/photos/108204946/original.jpg,https://www.inaturalist.org/photos/108204946,2020-12-13T10:20:14-08:00,WATANABE Hitoshi 渡辺仁,iNaturalist,http://creativecommons.org/licenses/by/4.0/,WATANABE Hitoshi 渡辺仁,108204946
67034131,StillImage,image/jpeg,https://inaturalist-open-data.s3.amazonaws.com/photos/108204949/original.jpg,https://www.inaturalist.org/photos/108204949,2020-12-13T10:34:21-08:00,WATANABE Hitoshi 渡辺仁,iNaturalist,http://creativecommons.org/licenses/by/4.0/,WATANABE Hitoshi 渡辺仁,108204949
67034132,StillImage,image/jpeg,https://inaturalist-open-data.s3.amazonaws.com/photos/108205034/original.jpeg,https://www.inaturalist.org/photos/108205034,2020-12-25T11:23:29-08:00,Colin Trainor,iNaturalist,http://creativecommons.org/licenses/by-nc/4.0/,Colin Trainor,108205034
67034133,StillImage,image/jpeg,https://inaturalist-open-data.s3.amazonaws.com/photos/108204953/original.jpg,https://www.inaturalist.org/photos/108204953,2020-12-13T10:35:50-08:00,WATANABE Hitoshi 渡辺仁,iNaturalist,http://creativecommons.org/licenses/by/4.0/,WATANABE Hitoshi 渡辺仁,108204953
67034133,StillImage,image/jpeg,https://inaturalist-open-data.s3.amazonaws.com/photos/108204954/original.jpg,https://www.inaturalist.org/photos/108204954,2020-12-13T10:35:52-08:00,WATANABE Hitoshi 渡辺仁,iNaturalist,http://creativecommons.org/licenses/by/4.0/,WATANABE Hitoshi 渡辺仁,108204954
67034134,StillImage,image/jpeg,https://inaturalist-open-data.s3.amazonaws.com/photos/108204956/original.jpg,https://www.inaturalist.org/photos/108204956,2020-12-13T10:36:03-08:00,WATANABE Hitoshi 渡辺仁,iNaturalist,http://creativecommons.org/licenses/by/4.0/,WATANABE Hitoshi 渡辺仁,108204956
67034135,StillImage,image/jpeg,https://inaturalist-open-data.s3.amazonaws.com/photos/108204961/original.jpg,https://www.inaturalist.org/photos/108204961,2020-12-13T10:37:21-08:00,WATANABE Hitoshi 渡辺仁,iNaturalist,http://creativecommons.org/licenses/by/4.0/,WATANABE Hitoshi 渡辺仁,108204961
67034136,StillImage,image/jpeg,https://inaturalist-open-data.s3.amazonaws.com/photos/108205040/original.jpeg,https://www.inaturalist.org/photos/108205040,2020-12-25T11:23:13-08:00,Colin Trainor,iNaturalist,http://creativecommons.org/licenses/by-nc/4.0/,Colin Trainor,108205040
67034137,StillImage,image/jpeg,https://inaturalist-open-data.s3.amazonaws.com/photos/108205045/original.jpeg,https://www.inaturalist.org/photos/108205045,2020-12-25T11:22:16-08:00,Colin Trainor,iNaturalist,http://creativecommons.org/licenses/by-nc/4.0/,Colin Trainor,108205045
67034138,StillImage,image/jpeg,https://inaturalist-open-data.s3.amazonaws.com/photos/108204963/original.jpg,https://www.inaturalist.org/photos/108204963,2020-12-13T10:46:04-08:00,WATANABE Hitoshi 渡辺仁,iNaturalist,http://creativecommons.org/licenses/by/4.0/,WATANABE Hitoshi 渡辺仁,108204963
67034139,StillImage,image/jpeg,https://inaturalist-open-data.s3.amazonaws.com/photos/108205046/original.jpeg,https://www.inaturalist.org/photos/108205046,2020-12-25T11:20:41-08:00,Colin Trainor,iNaturalist,http://creativecommons.org/licenses/by-nc/4.0/,Colin Trainor,108205046
67034139,StillImage,image/jpeg,https://inaturalist-open-data.s3.amazonaws.com/photos/108205052/original.jpeg,https://www.inaturalist.org/photos/108205052,2020-12-25T11:20:36-08:00,Colin Trainor,iNaturalist,http://creativecommons.org/licenses/by-nc/4.0/,Colin Trainor,108205052
67034140,StillImage,image/jpeg,https://inaturalist-open-data.s3.amazonaws.com/photos/108204980/original.jpg,https://www.inaturalist.org/photos/108204980,2020-12-13T10:56:01-08:00,WATANABE Hitoshi 渡辺仁,iNaturalist,http://creativecommons.org/licenses/by/4.0/,WATANABE Hitoshi 渡辺仁,108204980
67034142,StillImage,image/jpeg,https://inaturalist-open-data.s3.amazonaws.com/photos/108205056/original.jpeg,https://www.inaturalist.org/photos/108205056,2020-12-25T11:14:12-08:00,Colin Trainor,iNaturalist,http://creativecommons.org/licenses/by-nc/4.0/,Colin Trainor,108205056
67034142,StillImage,image/jpeg,https://inaturalist-open-data.s3.amazonaws.com/photos/108205060/original.jpeg,https://www.inaturalist.org/photos/108205060,2020-12-25T11:13:59-08:00,Colin Trainor,iNaturalist,http://creativecommons.org/licenses/by-nc/4.0/,Colin Trainor,108205060
67034143,StillImage,image/jpeg,https://inaturalist-open-data.s3.amazonaws.com/photos/108205063/original.jpeg,https://www.inaturalist.org/photos/108205063,2020-12-25T11:11:30-08:00,Colin Trainor,iNaturalist,http://creativecommons.org/licenses/by-nc/4.0/,Colin Trainor,108205063
67034144,StillImage,image/jpeg,https://inaturalist-open-data.s3.amazonaws.com/photos/108205067/original.jpeg,https://www.inaturalist.org/photos/108205067,2020-12-25T11:04:50-08:00,Colin Trainor,iNaturalist,http://creativecommons.org/licenses/by-nc/4.0/,Colin Trainor,108205067
67034145,StillImage,image/jpeg,https://inaturalist-open-data.s3.amazonaws.com/photos/108205068/original.jpeg,https://www.inaturalist.org/photos/108205068,2020-12-25T10:58:26-08:00,Colin Trainor,iNaturalist,http://creativecommons.org/licenses/by-nc/4.0/,Colin Trainor,108205068
67034146,StillImage,image/jpeg,https://inaturalist-open-data.s3.amazonaws.com/photos/108205071/original.jpeg,https://www.inaturalist.org/photos/108205071,2020-12-25T10:56:30-08:00,Colin Trainor,iNaturalist,http://creativecommons.org/licenses/by-nc/4.0/,Colin Trainor,108205071
67034147,StillImage,image/jpeg,https://inaturalist-open-data.s3.amazonaws.com/photos/108205082/original.jpeg,https://www.inaturalist.org/photos/108205082,2020-12-25T09:56:04-08:00,Colin Trainor,iNaturalist,http://creativecommons.org/licenses/by-nc/4.0/,Colin Trainor,108205082
67034148,StillImage,image/jpeg,https://inaturalist-open-data.s3.amazonaws.com/photos/108205083/original.jpeg,https://www.inaturalist.org/photos/108205083,2020-12-25T09:55:44-08:00,Colin Trainor,iNaturalist,http://creativecommons.org/licenses/by-nc/4.0/,Colin Trainor,108205083
67034149,StillImage,image/jpeg,https://inaturalist-open-data.s3.amazonaws.com/photos/108205084/original.jpeg,https://www.inaturalist.org/photos/108205084,2020-12-25T09:54:22-08:00,Colin Trainor,iNaturalist,http://creativecommons.org/licenses/by-nc/4.0/,Colin Trainor,108205084
67034150,StillImage,image/jpeg,https://inaturalist-open-data.s3.amazonaws.com/photos/108205086/original.jpeg,https://www.inaturalist.org/photos/108205086,2020-12-25T09:49:22-08:00,Colin Trainor,iNaturalist,http://creativecommons.org/licenses/by-nc/4.0/,Colin Trainor,108205086
67034152,StillImage,image/jpeg,https://inaturalist-open-data.s3.amazonaws.com/photos/108205118/original.jpeg,https://www.inaturalist.org/photos/108205118,2020-12-24T15:55:10-08:00,Владимир,iNaturalist,http://creativecommons.org/licenses/by-nc/4.0/,Владимир,108205118
67034153,StillImage,image/jpeg,https://inaturalist-open-data.s3.amazonaws.com/photos/108205132/original.jpeg,https://www.inaturalist.org/photos/108205132,2020-12-24T09:59:27-08:00,Ryan Yue Wah Chan,iNaturalist,http://creativecommons.org/licenses/by-nc/4.0/,Ryan Yue Wah Chan,108205132
67034153,StillImage,image/jpeg,https://inaturalist-open-data.s3.amazonaws.com/photos/108205173/original.jpeg,https://www.inaturalist.org/photos/108205173,2020-12-24T09:59:29-08:00,Ryan Yue Wah Chan,iNaturalist,http://creativecommons.org/licenses/by-nc/4.0/,Ryan Yue Wah Chan,108205173
67034153,StillImage,image/jpeg,https://inaturalist-open-data.s3.amazonaws.com/photos/108205176/original.jpeg,https://www.inaturalist.org/photos/108205176,2020-12-24T09:59:33-08:00,Ryan Yue Wah Chan,iNaturalist,http://creativecommons.org/licenses/by-nc/4.0/,Ryan Yue Wah Chan,108205176
67034153,StillImage,image/jpeg,https://inaturalist-open-data.s3.amazonaws.com/photos/108205179/original.jpeg,https://www.inaturalist.org/photos/108205179,2020-12-24T09:59:39-08:00,Ryan Yue Wah Chan,iNaturalist,http://creativecommons.org/licenses/by-nc/4.0/,Ryan Yue Wah Chan,108205179
67034153,StillImage,image/jpeg,https://inaturalist-open-data.s3.amazonaws.com/photos/108205178/original.jpeg,https://www.inaturalist.org/photos/108205178,2020-12-24T09:59:35-08:00,Ryan Yue Wah Chan,iNaturalist,http://creativecommons.org/licenses/by-nc/4.0/,Ryan Yue Wah Chan,108205178
67034155,StillImage,image/jpeg,https://inaturalist-open-data.s3.amazonaws.com/photos/108205080/original.jpeg,https://www.inaturalist.org/photos/108205080,2020-12-23T15:04:18-08:00,Владимир,iNaturalist,http://creativecommons.org/licenses/by-nc/4.0/,Владимир,108205080
67034158,StillImage,image/jpeg,https://inaturalist-open-data.s3.amazonaws.com/photos/108205161/original.jpg,https://www.inaturalist.org/photos/108205161,2020-12-18T19:33:25Z,Greg Davis,iNaturalist,http://creativecommons.org/licenses/by-nc/4.0/,Greg Davis,108205161
67034160,StillImage,image/jpeg,https://inaturalist-open-data.s3.amazonaws.com/photos/108205160/original.jpg,https://www.inaturalist.org/photos/108205160,2020-12-25T05:59:49Z,lourens-swanepoel,iNaturalist,http://creativecommons.org/licenses/by-nc/4.0/,lourens-swanepoel,108205160
67034161,StillImage,image/jpeg,https://inaturalist-open-data.s3.amazonaws.com/photos/108205163/original.jpeg,https://www.inaturalist.org/photos/108205163,2020-12-24T10:01:22Z,Martin,iNaturalist,http://creativecommons.org/licenses/by-nc/4.0/,Martin,108205163
67034162,StillImage,image/jpeg,https://inaturalist-open-data.s3.amazonaws.com/photos/108205144/original.jpg,https://www.inaturalist.org/photos/108205144,2020-12-14T11:01:06-08:00,dspittlehouse,iNaturalist,http://creativecommons.org/licenses/by-nc/4.0/,dspittlehouse,108205144
67034168,StillImage,image/jpeg,https://inaturalist-open-data.s3.amazonaws.com/photos/108205159/original.jpg,https://www.inaturalist.org/photos/108205159,2018-07-31T19:15:46-07:00,Daba,iNaturalist,http://creativecommons.org/licenses/by-nc/4.0/,Daba,108205159
67034169,StillImage,image/jpeg,https://inaturalist-open-data.s3.amazonaws.com/photos/108205138/original.jpg,https://www.inaturalist.org/photos/108205138,2020-12-25T09:36:01-08:00,Sylvia Felicity Ann Haworth,iNaturalist,http://creativecommons.org/licenses/by-nc/4.0/,Sylvia Felicity Ann Haworth,108205138
67034169,StillImage,image/jpeg,https://inaturalist-open-data.s3.amazonaws.com/photos/108205150/original.jpeg,https://www.inaturalist.org/photos/108205150,2020-12-25T09:36:06-08:00,Sylvia Felicity Ann Haworth,iNaturalist,http://creativecommons.org/licenses/by-nc/4.0/,Sylvia Felicity Ann Haworth,108205150
67034169,StillImage,image/jpeg,https://inaturalist-open-data.s3.amazonaws.com/photos/108205143/original.jpg,https://www.inaturalist.org/photos/108205143,2020-12-25T09:36:04-08:00,Sylvia Felicity Ann Haworth,iNaturalist,http://creativecommons.org/licenses/by-nc/4.0/,Sylvia Felicity Ann Haworth,108205143
67034170,StillImage,image/jpeg,https://inaturalist-open-data.s3.amazonaws.com/photos/108205103/original.jpg,https://www.inaturalist.org/photos/108205103,2020-12-25T05:18:00Z,Emma,iNaturalist,http://creativecommons.org/licenses/by-nc/4.0/,Emma,108205103
67034174,StillImage,image/jpeg,https://inaturalist-open-data.s3.amazonaws.com/photos/108205199/original.jpeg,https://www.inaturalist.org/photos/108205199,2020-12-21T15:39:37-08:00,Martin,iNaturalist,http://creativecommons.org/licenses/by-nc/4.0/,Martin,108205199
67034174,StillImage,image/jpeg,https://inaturalist-open-data.s3.amazonaws.com/photos/108205206/original.jpeg,https://www.inaturalist.org/photos/108205206,2020-12-21T15:40:11-08:00,Martin,iNaturalist,http://creativecommons.org/licenses/by-nc/4.0/,Martin,108205206
67034176,StillImage,image/jpeg,https://inaturalist-open-data.s3.amazonaws.com/photos/108205207/original.jpg,https://www.inaturalist.org/photos/108205207,2020-12-09T20:19:04Z,Greg Davis,iNaturalist,http://creativecommons.org/licenses/by-nc/4.0/,Greg Davis,108205207
67034178,StillImage,image/jpeg,https://inaturalist-open-data.s3.amazonaws.com/photos/108205218/original.jpg,https://www.inaturalist.org/photos/108205218,2020-12-24T23:58:21Z,Gerrit van den Bergh,iNaturalist,http://creativecommons.org/licenses/by-nc/4.0/,Gerrit van den Bergh,108205218
67034178,StillImage,image/jpeg,https://inaturalist-open-data.s3.amazonaws.com/photos/108205203/original.jpg,https://www.inaturalist.org/photos/108205203,2020-12-24T23:58:21Z,Gerrit van den Bergh,iNaturalist,http://creativecommons.org/licenses/by-nc/4.0/,Gerrit van den Bergh,108205203
67034178,StillImage,image/jpeg,https://inaturalist-open-data.s3.amazonaws.com/photos/108205212/original.jpg,https://www.inaturalist.org/photos/108205212,2020-12-24T23:58:21Z,Gerrit van den Bergh,iNaturalist,http://creativecommons.org/licenses/by-nc/4.0/,Gerrit van den Bergh,108205212
67034180,StillImage,image/jpeg,https://inaturalist-open-data.s3.amazonaws.com/photos/108205195/original.jpg,https://www.inaturalist.org/photos/108205195,2020-09-05T12:12:38-07:00,William Harris,iNaturalist,http://creativecommons.org/licenses/by-nc/4.0/,William Harris,108205195
67034182,StillImage,image/jpeg,https://inaturalist-open-data.s3.amazonaws.com/photos/108205223/original.jpeg,https://www.inaturalist.org/photos/108205223,2020-12-25T17:49:41-08:00,Astrid,iNaturalist,http://creativecommons.org/licenses/by-nc/4.0/,Astrid,108205223
67034183,StillImage,image/jpeg,https://inaturalist-open-data.s3.amazonaws.com/photos/108205175/original.jpg,https://www.inaturalist.org/photos/108205175,2018-01-05T11:02:45-08:00,Ashley M Bradford,iNaturalist,http://creativecommons.org/licenses/by-nc/4.0/,Ashley M Bradford,108205175
67034185,StillImage,image/jpeg,https://inaturalist-open-data.s3.amazonaws.com/photos/108205210/original.jpg,https://www.inaturalist.org/photos/108205210,2018-07-31T19:17:38-07:00,Daba,iNaturalist,http://creativecommons.org/licenses/by-nc/4.0/,Daba,108205210
67034186,StillImage,image/jpeg,https://inaturalist-open-data.s3.amazonaws.com/photos/108205165/original.jpeg,https://www.inaturalist.org/photos/108205165,2020-12-24T15:55:17-08:00,Владимир,iNaturalist,http://creativecommons.org/licenses/by-nc/4.0/,Владимир,108205165
67034190,StillImage,image/jpeg,https://inaturalist-open-data.s3.amazonaws.com/photos/108205196/original.jpg,https://www.inaturalist.org/photos/108205196,2014-06-20T14:10:58-07:00,onyxrat,iNaturalist,http://creativecommons.org/licenses/by-nc/4.0/,onyxrat,108205196
67034196,StillImage,image/jpeg,https://inaturalist-open-data.s3.amazonaws.com/photos/108205247/original.jpg,https://www.inaturalist.org/photos/108205247,2018-07-31T19:18:38-07:00,Daba,iNaturalist,http://creativecommons.org/licenses/by-nc/4.0/,Daba,108205247
67034197,StillImage,image/jpeg,https://inaturalist-open-data.s3.amazonaws.com/photos/108205262/original.jpg,https://www.inaturalist.org/photos/108205262,2020-12-24T23:58:47Z,Gerrit van den Bergh,iNaturalist,http://creativecommons.org/licenses/by-nc/4.0/,Gerrit van den Bergh,108205262
201101596,StillImage,image/jpeg,https://inaturalist-open-data.s3.amazonaws.com/photos/354927309/original.jpg,https://www.inaturalist.org/photos/354927309,2024-03-03T10:35:34-08:00,Felix Harper,iNaturalist,http://creativecommons.org/licenses/by-nc/4.0/,Felix Harper,354927309
201101596,StillImage,image/jpeg,https://inaturalist-open-data.s3.amazonaws.com/photos/354927263/original.jpg,https://www.inaturalist.org/photos/354927263,2024-03-03T10:35:28-08:00,Felix Harper,iNaturalist,http://creativecommons.org/licenses/by-nc/4.0/,Felix Harper,354927263
201101596,StillImage,image/jpeg,https://inaturalist-open-data.s3.amazonaws.com/photos/354927249/original.jpg,https://www.inaturalist.org/photos/354927249,2024-03-03T10:35:25-08:00,Felix Harper,iNaturalist,http://creativecommons.org/licenses/by-nc/4.0/,Felix Harper,354927249
201101596,StillImage,image/jpeg,https://inaturalist-open-data.s3.amazonaws.com/photos/354927246/original.jpg,https://www.inaturalist.org/photos/354927246,2024-03-03T10:35:22-08:00,Felix Harper,iNaturalist,http://creativecommons.org/licenses/by-nc/4.0/,Felix Harper,354927246
201101596,StillImage,image/jpeg,https://inaturalist-open-data.s3.amazonaws.com/photos/354927225/original.jpg,https://www.inaturalist.org/photos/354927225,2024-03-03T10:35:02-08:00,Felix Harper,iNaturalist,http://creativecommons.org/licenses/by-nc/4.0/,Felix Harper,354927225
201101596,StillImage,image/jpeg,https://inaturalist-open-data.s3.amazonaws.com/photos/354927064/original.jpg,https://www.inaturalist.org/photos/354927064,2024-03-03T10:34:59-08:00,Felix Harper,iNaturalist,http://creativecommons.org/licenses/by-nc/4.0/,Felix Harper,354927064
201101596,StillImage,image/jpeg,https://inaturalist-open-data.s3.amazonaws.com/photos/354927310/original.jpg,https://www.inaturalist.org/photos/354927310,2024-03-03T10:35:48-08:00,Felix Harper,iNaturalist,http://creativecommons.org/licenses/by-nc/4.0/,Felix Harper,354927310
201101596,StillImage,image/jpeg,https://inaturalist-open-data.s3.amazonaws.com/photos/354927024/original.jpg,https://www.inaturalist.org/photos/354927024,2024-03-03T10:34:36-08:00,Felix Harper,iNaturalist,http://creativecommons.org/licenses/by-nc/4.0/,Felix Harper,354927024
201101596,StillImage,image/jpeg,https://inaturalist-open-data.s3.amazonaws.com/photos/354927033/original.jpg,https://www.inaturalist.org/photos/354927033,2024-03-03T10:34:32-08:00,Felix Harper,iNaturalist,http://creativecommons.org/licenses/by-nc/4.0/,Felix Harper,354927033
201101596,StillImage,image/jpeg,https://inaturalist-open-data.s3.amazonaws.com/photos/354927004/original.jpg,https://www.inaturalist.org/photos/354927004,2024-03-03T10:34:29-08:00,Felix Harper,iNaturalist,http://creativecommons.org/licenses/by-nc/4.0/,Felix Harper,354927004
201101598,StillImage,image/jpeg,https://inaturalist-open-data.s3.amazonaws.com/photos/354936334/original.jpg,https://www.inaturalist.org/photos/354936334,2024-02-18T11:18:49-08:00,Joyce Tu,iNaturalist,http://creativecommons.org/licenses/by-nc/4.0/,Joyce Tu,354936334
201101598,StillImage,image/jpeg,https://inaturalist-open-data.s3.amazonaws.com/photos/354936342/original.jpg,https://www.inaturalist.org/photos/354936342,2024-02-18T11:18:55-08:00,Joyce Tu,iNaturalist,http://creativecommons.org/licenses/by-nc/4.0/,Joyce Tu,354936342
201101601,StillImage,image/jpeg,https://inaturalist-open-data.s3.amazonaws.com/photos/354927498/original.jpg,https://www.inaturalist.org/photos/354927498,2024-03-03T10:37:06-08:00,Felix Harper,iNaturalist,http://creativecommons.org/licenses/by-nc/4.0/,Felix Harper,354927498
201101601,StillImage,image/jpeg,https://inaturalist-open-data.s3.amazonaws.com/photos/354927503/original.jpg,https://www.inaturalist.org/photos/354927503,2024-03-03T10:37:12-08:00,Felix Harper,iNaturalist,http://creativecommons.org/licenses/by-nc/4.0/,Felix Harper,354927503
201101601,StillImage,image/jpeg,https://inaturalist-open-data.s3.amazonaws.com/photos/354927479/original.jpg,https://www.inaturalist.org/photos/354927479,2024-03-03T10:37:09-08:00,Felix Harper,iNaturalist,http://creativecommons.org/licenses/by-nc/4.0/,Felix Harper,354927479
201101606,StillImage,image/jpeg,https://inaturalist-open-data.s3.amazonaws.com/photos/354927709/original.jpg,https://www.inaturalist.org/photos/354927709,2024-03-03T10:45:04-08:00,Felix Harper,iNaturalist,http://creativecommons.org/licenses/by-nc/4.0/,Felix Harper,354927709
201101606,StillImage,image/jpeg,https://inaturalist-open-data.s3.amazonaws.com/photos/354927705/original.jpg,https://www.inaturalist.org/photos/354927705,2024-03-03T10:45:01-08:00,Felix Harper,iNaturalist,http://creativecommons.org/licenses/by-nc/4.0/,Felix Harper,354927705
201101606,StillImage,image/jpeg,https://inaturalist-open-data.s3.amazonaws.com/photos/354927718/original.jpg,https://www.inaturalist.org/photos/354927718,2024-03-03T10:45:10-08:00,Felix Harper,iNaturalist,http://creativecommons.org/licenses/by-nc/4.0/,Felix Harper,354927718
201101606,StillImage,image/jpeg,https://inaturalist-open-data.s3.amazonaws.com/photos/354927732/original.jpg,https://www.inaturalist.org/photos/354927732,2024-03-03T10:45:18-08:00,Felix Harper,iNaturalist,http://creativecommons.org/licenses/by-nc/4.0/,Felix Harper,354927732
201101606,StillImage,image/jpeg,https://inaturalist-open-data.s3.amazonaws.com/photos/354927675/original.jpg,https://www.inaturalist.org/photos/354927675,2024-03-03T10:44:57-08:00,Felix Harper,iNaturalist,http://creativecommons.org/licenses/by-nc/4.0/,Felix Harper,354927675
201101607,StillImage,image/jpeg,https://inaturalist-open-data.s3.amazonaws.com/photos/354927888/original.jpg,https://www.inaturalist.org/photos/354927888,2024-03-03T10:21:51-08:00,Felix Harper,iNaturalist,http://creativecommons.org/licenses/by-nc/4.0/,Felix Harper,354927888
201101608,StillImage,image/jpeg,https://inaturalist-open-data.s3.amazonaws.com/photos/354936460/original.jpeg,https://www.inaturalist.org/photos/354936460,2024-03-03T13:47:16-08:00,lofee,iNaturalist,http://creativecommons.org/licenses/by-nc/4.0/,lofee,354936460
201101608,StillImage,image/jpeg,https://inaturalist-open-data.s3.amazonaws.com/photos/354936483/original.jpeg,https://www.inaturalist.org/photos/354936483,2024-03-03T13:47:22-08:00,lofee,iNaturalist,http://creativecommons.org/licenses/by-nc/4.0/,lofee,354936483
201101608,StillImage,image/jpeg,https://inaturalist-open-data.s3.amazonaws.com/photos/354936524/original.jpeg,https://www.inaturalist.org/photos/354936524,2024-03-03T13:47:25-08:00,lofee,iNaturalist,http://creativecommons.org/licenses/by-nc/4.0/,lofee,354936524
201101611,StillImage,image/jpeg,https://inaturalist-open-data.s3.amazonaws.com/photos/354936409/original.jpeg,https://www.inaturalist.org/photos/354936409,2024-03-01T14:42:38-08:00,Alexey V. Ivanov,iNaturalist,http://creativecommons.org/licenses/by-nc/4.0/,Alexey V. Ivanov,354936409
201101613,StillImage,image/jpeg,https://inaturalist-open-data.s3.amazonaws.com/photos/354936462/original.jpeg,https://www.inaturalist.org/photos/354936462,2024-03-03T10:32:53-08:00,Tilla Günther,iNaturalist,http://creativecommons.org/licenses/by-nc/4.0/,Tilla Günther,354936462
201101613,StillImage,image/jpeg,https://inaturalist-open-data.s3.amazonaws.com/photos/354936474/original.jpeg,https://www.inaturalist.org/photos/354936474,2024-03-03T10:33:35-08:00,Tilla Günther,iNaturalist,http://creativecommons.org/licenses/by-nc/4.0/,Tilla Günther,354936474
201101628,StillImage,image/jpeg,https://inaturalist-open-data.s3.amazonaws.com/photos/354936496/original.jpeg,https://www.inaturalist.org/photos/354936496,2024-03-03T16:54:29-08:00,Till,iNaturalist,http://creativecommons.org/licenses/by-nc/4.0/,Till,354936496
201101630,StillImage,image/jpeg,https://inaturalist-open-data.s3.amazonaws.com/photos/354936511/original.jpeg,https://www.inaturalist.org/photos/354936511,2024-03-03T11:05:13-08:00,mangoat1,iNaturalist,http://creativecommons.org/licenses/by-nc/4.0/,mangoat1,354936511
201101633,StillImage,image/jpeg,https://inaturalist-open-data.s3.amazonaws.com/photos/354936497/original.jpg,https://www.inaturalist.org/photos/354936497,2024-03-02T23:36:00Z,landvaettir,iNaturalist,http://creativecommons.org/licenses/by-nc/4.0/,landvaettir,354936497
201101633,StillImage,image/jpeg,https://inaturalist-open-data.s3.amazonaws.com/photos/354936506/original.jpg,https://www.inaturalist.org/photos/354936506,2024-03-02T23:36:00Z,landvaettir,iNaturalist,http://creativecommons.org/licenses/by-nc/4.0/,landvaettir,354936506
67034197,StillImage,image/jpeg,https://inaturalist-open-data.s3.amazonaws.com/photos/108205265/original.jpg,https://www.inaturalist.org/photos/108205265,2020-12-24T23:58:47Z,Gerrit van den Bergh,iNaturalist,http://creativecommons.org/licenses/by-nc/4.0/,Gerrit van den Bergh,108205265
67034197,StillImage,image/jpeg,https://inaturalist-open-data.s3.amazonaws.com/photos/108205272/original.jpg,https://www.inaturalist.org/photos/108205272,2020-12-24T23:58:47Z,Gerrit van den Bergh,iNaturalist,http://creativecommons.org/licenses/by-nc/4.0/,Gerrit van den Bergh,108205272
67034197,StillImage,image/jpeg,https://inaturalist-open-data.s3.amazonaws.com/photos/108205274/original.jpg,https://www.inaturalist.org/photos/108205274,2020-12-24T23:58:47Z,Gerrit van den Bergh,iNaturalist,http://creativecommons.org/licenses/by-nc/4.0/,Gerrit van den Bergh,108205274
67034200,StillImage,image/jpeg,https://inaturalist-open-data.s3.amazonaws.com/photos/108202883/original.jpg,https://www.inaturalist.org/photos/108202883,2020-12-25T00:38:00Z,Finn Davey,iNaturalist,http://creativecommons.org/licenses/by-nc/4.0/,Finn Davey,108202883
67034201,StillImage,image/jpeg,https://inaturalist-open-data.s3.amazonaws.com/photos/108203273/original.jpg,https://www.inaturalist.org/photos/108203273,2020-12-24T23:38:00Z,Finn Davey,iNaturalist,http://creativecommons.org/licenses/by-nc/4.0/,Finn Davey,108203273
67034202,StillImage,image/jpeg,https://inaturalist-open-data.s3.amazonaws.com/photos/108203428/original.jpg,https://www.inaturalist.org/photos/108203428,2020-12-24T23:37:00Z,Finn Davey,iNaturalist,http://creativecommons.org/licenses/by-nc/4.0/,Finn Davey,108203428
67034203,StillImage,image/jpeg,https://inaturalist-open-data.s3.amazonaws.com/photos/108203599/original.jpg,https://www.inaturalist.org/photos/108203599,2020-12-24T23:34:00Z,Finn Davey,iNaturalist,http://creativecommons.org/licenses/by-nc/4.0/,Finn Davey,108203599
67034204,StillImage,image/jpeg,https://inaturalist-open-data.s3.amazonaws.com/photos/108204026/original.jpg,https://www.inaturalist.org/photos/108204026,2020-12-24T23:34:00Z,Finn Davey,iNaturalist,http://creativecommons.org/licenses/by-nc/4.0/,Finn Davey,108204026
67034205,StillImage,image/jpeg,https://inaturalist-open-data.s3.amazonaws.com/photos/108204068/original.jpg,https://www.inaturalist.org/photos/108204068,2020-12-24T23:34:00Z,Finn Davey,iNaturalist,http://creativecommons.org/licenses/by-nc/4.0/,Finn Davey,108204068
67034206,StillImage,image/jpeg,https://inaturalist-open-data.s3.amazonaws.com/photos/108204092/original.jpg,https://www.inaturalist.org/photos/108204092,2020-12-24T23:06:00Z,Finn Davey,iNaturalist,http://creativecommons.org/licenses/by-nc/4.0/,Finn Davey,108204092
67034207,StillImage,image/jpeg,https://inaturalist-open-data.s3.amazonaws.com/photos/108204939/original.jpg,https://www.inaturalist.org/photos/108204939,2020-12-17T00:42:00Z,Finn Davey,iNaturalist,http://creativecommons.org/licenses/by-nc/4.0/,Finn Davey,108204939
67034208,StillImage,image/jpeg,https://inaturalist-open-data.s3.amazonaws.com/photos/108205133/original.jpeg,https://www.inaturalist.org/photos/108205133,2014-03-30T10:48:05-07:00,Станислав,iNaturalist,http://creativecommons.org/licenses/by-nc/4.0/,Станислав,108205133
67034208,StillImage,image/jpeg,https://inaturalist-open-data.s3.amazonaws.com/photos/108205135/original.jpeg,https://www.inaturalist.org/photos/108205135,2014-03-30T10:48:14-07:00,Станислав,iNaturalist,http://creativecommons.org/licenses/by-nc/4.0/,Станислав,108205135
67034209,StillImage,image/jpeg,https://inaturalist-open-data.s3.amazonaws.com/photos/108205237/original.jpeg,https://www.inaturalist.org/photos/108205237,2020-11-03T06:02:00Z,jacobastern,iNaturalist,http://creativecommons.org/licenses/by-nc/4.0/,jacobastern,108205237
67034210,StillImage,image/jpeg,https://inaturalist-open-data.s3.amazonaws.com/photos/108205140/original.jpeg,https://www.inaturalist.org/photos/108205140,2014-03-30T11:52:06-07:00,Станислав,iNaturalist,http://creativecommons.org/licenses/by-nc/4.0/,Станислав,108205140
67034211,StillImage,image/jpeg,https://inaturalist-open-data.s3.amazonaws.com/photos/108205142/original.jpeg,https://www.inaturalist.org/photos/108205142,2014-03-30T12:05:17-07:00,Станислав,iNaturalist,http://creativecommons.org/licenses/by-nc/4.0/,Станислав,108205142
67034211,StillImage,image/jpeg,https://inaturalist-open-data.s3.amazonaws.com/photos/108205145/original.jpeg,https://www.inaturalist.org/photos/108205145,2014-03-30T12:05:25-07:00,Станислав,iNaturalist,http://creativecommons.org/licenses/by-nc/4.0/,Станислав,108205145
67034211,StillImage,image/jpeg,https://inaturalist-open-data.s3.amazonaws.com/photos/108205149/original.jpeg,https://www.inaturalist.org/photos/108205149,2014-03-30T12:05:33-07:00,Станислав,iNaturalist,http://creativecommons.org/licenses/by-nc/4.0/,Станислав,108205149
67034212,StillImage,image/jpeg,https://inaturalist-open-data.s3.amazonaws.com/photos/108205183/original.jpeg,https://www.inaturalist.org/photos/108205183,2014-03-30T13:56:53-07:00,Станислав,iNaturalist,http://creativecommons.org/licenses/by-nc/4.0/,Станислав,108205183
67034212,StillImage,image/jpeg,https://inaturalist-open-data.s3.amazonaws.com/photos/108205186/original.jpeg,https://www.inaturalist.org/photos/108205186,2014-03-30T13:57:20-07:00,Станислав,iNaturalist,http://creativecommons.org/licenses/by-nc/4.0/,Станислав,108205186
67034212,StillImage,image/jpeg,https://inaturalist-open-data.s3.amazonaws.com/photos/108205187/original.jpeg,https://www.inaturalist.org/photos/108205187,2014-03-30T13:57:34-07:00,Станислав,iNaturalist,http://creativecommons.org/licenses/by-nc/4.0/,Станислав,108205187
67034216,StillImage,image/jpeg,https://inaturalist-open-data.s3.amazonaws.com/photos/108205285/original.jpg,https://www.inaturalist.org/photos/108205285,2020-11-26T03:51:13Z,Greg Davis,iNaturalist,http://creativecommons.org/licenses/by-nc/4.0/,Greg Davis,108205285
67034218,StillImage,image/jpeg,https://inaturalist-open-data.s3.amazonaws.com/photos/108205268/original.jpeg,https://www.inaturalist.org/photos/108205268,2020-12-24T15:56:09-08:00,Владимир,iNaturalist,http://creativecommons.org/licenses/by-nc/4.0/,Владимир,108205268
67034220,StillImage,image/jpeg,https://inaturalist-open-data.s3.amazonaws.com/photos/108205298/original.jpg,https://www.inaturalist.org/photos/108205298,2020-10-04T15:19:04Z,Hannah Mews,iNaturalist,http://creativecommons.org/licenses/by-nc/4.0/,Hannah Mews,108205298
67034220,StillImage,image/jpeg,https://inaturalist-open-data.s3.amazonaws.com/photos/108205302/original.jpg,https://www.inaturalist.org/photos/108205302,2020-10-04T15:19:04Z,Hannah Mews,iNaturalist,http://creativecommons.org/licenses/by-nc/4.0/,Hannah Mews,108205302
67034220,StillImage,image/jpeg,https://inaturalist-open-data.s3.amazonaws.com/photos/108205306/original.jpg,https://www.inaturalist.org/photos/108205306,2020-10-04T15:19:04Z,Hannah Mews,iNaturalist,http://creativecommons.org/licenses/by-nc/4.0/,Hannah Mews,108205306
67034220,StillImage,image/jpeg,https://inaturalist-open-data.s3.amazonaws.com/photos/108205313/original.jpg,https://www.inaturalist.org/photos/108205313,2020-10-04T15:19:04Z,Hannah Mews,iNaturalist,http://creativecommons.org/licenses/by-nc/4.0/,Hannah Mews,108205313
67034220,StillImage,image/jpeg,https://inaturalist-open-data.s3.amazonaws.com/photos/108205317/original.jpg,https://www.inaturalist.org/photos/108205317,2020-10-04T15:19:04Z,Hannah Mews,iNaturalist,http://creativecommons.org/licenses/by-nc/4.0/,Hannah Mews,108205317
67034222,StillImage,image/jpeg,https://inaturalist-open-data.s3.amazonaws.com/photos/108205295/original.jpg,https://www.inaturalist.org/photos/108205295,2018-07-31T19:29:25-07:00,Daba,iNaturalist,http://creativecommons.org/licenses/by-nc/4.0/,Daba,108205295
67034224,StillImage,image/jpeg,https://inaturalist-open-data.s3.amazonaws.com/photos/108205035/original.jpeg,https://www.inaturalist.org/photos/108205035,2006-04-13T15:57:10-07:00,auntie_uncle,iNaturalist,http://creativecommons.org/licenses/by-nc/4.0/,auntie_uncle,108205035
67034225,StillImage,image/jpeg,https://inaturalist-open-data.s3.amazonaws.com/photos/108205065/original.jpeg,https://www.inaturalist.org/photos/108205065,2006-04-13T15:46:35-07:00,auntie_uncle,iNaturalist,http://creativecommons.org/licenses/by-nc/4.0/,auntie_uncle,108205065
67034226,StillImage,image/jpeg,https://inaturalist-open-data.s3.amazonaws.com/photos/108205092/original.jpeg,https://www.inaturalist.org/photos/108205092,2006-04-13T15:41:28-07:00,auntie_uncle,iNaturalist,http://creativecommons.org/licenses/by-nc/4.0/,auntie_uncle,108205092
67034226,StillImage,image/jpeg,https://inaturalist-open-data.s3.amazonaws.com/photos/108205094/original.jpeg,https://www.inaturalist.org/photos/108205094,2006-04-13T15:41:54-07:00,auntie_uncle,iNaturalist,http://creativecommons.org/licenses/by-nc/4.0/,auntie_uncle,108205094
67034227,StillImage,image/jpeg,https://inaturalist-open-data.s3.amazonaws.com/photos/108205116/original.jpeg,https://www.inaturalist.org/photos/108205116,2006-04-13T16:03:13-07:00,auntie_uncle,iNaturalist,http://creativecommons.org/licenses/by-nc/4.0/,auntie_uncle,108205116
67034227,StillImage,image/jpeg,https://inaturalist-open-data.s3.amazonaws.com/photos/108205147/original.jpeg,https://www.inaturalist.org/photos/108205147,2006-04-13T16:05:38-07:00,auntie_uncle,iNaturalist,http://creativecommons.org/licenses/by-nc/4.0/,auntie_uncle,108205147
67034228,StillImage,image/jpeg,https://inaturalist-open-data.s3.amazonaws.com/photos/108205167/original.jpeg,https://www.inaturalist.org/photos/108205167,2006-04-13T15:09:41-07:00,auntie_uncle,iNaturalist,http://creativecommons.org/licenses/by-nc/4.0/,auntie_uncle,108205167
67034229,StillImage,image/jpeg,https://inaturalist-open-data.s3.amazonaws.com/photos/108205213/original.jpeg,https://www.inaturalist.org/photos/108205213,2006-04-13T15:01:55-07:00,auntie_uncle,iNaturalist,http://creativecommons.org/licenses/by-nc/4.0/,auntie_uncle,108205213
67034230,StillImage,image/jpeg,https://inaturalist-open-data.s3.amazonaws.com/photos/108205258/original.jpeg,https://www.inaturalist.org/photos/108205258,2006-04-13T15:30:56-07:00,auntie_uncle,iNaturalist,http://creativecommons.org/licenses/by-nc/4.0/,auntie_uncle,108205258
67034231,StillImage,image/jpeg,https://inaturalist-open-data.s3.amazonaws.com/photos/108205267/original.jpeg,https://www.inaturalist.org/photos/108205267,2006-04-13T15:33:05-07:00,auntie_uncle,iNaturalist,http://creativecommons.org/licenses/by-nc/4.0/,auntie_uncle,108205267
67034233,StillImage,image/jpeg,https://inaturalist-open-data.s3.amazonaws.com/photos/108205276/original.jpeg,https://www.inaturalist.org/photos/108205276,2006-04-13T15:10:21-07:00,auntie_uncle,iNaturalist,http://creativecommons.org/licenses/by-nc/4.0/,auntie_uncle,108205276
67034248,StillImage,image/jpeg,https://inaturalist-open-data.s3.amazonaws.com/photos/108205361/original.jpg,https://www.inaturalist.org/photos/108205361,2020-12-25T06:04:11Z,waratah1,iNaturalist,http://creativecommons.org/licenses/by-nc/4.0/,waratah1,108205361
67034249,StillImage,image/jpeg,https://inaturalist-open-data.s3.amazonaws.com/photos/108205363/original.jpg,https://www.inaturalist.org/photos/108205363,2020-11-03T12:00:00Z,kmsfkf,iNaturalist,http://creativecommons.org/licenses/by-nc/4.0/,kmsfkf,108205363
67034251,StillImage,image/jpeg,https://inaturalist-open-data.s3.amazonaws.com/photos/108205304/original.jpeg,https://www.inaturalist.org/photos/108205304,2020-12-24T15:58:28-08:00,Владимир,iNaturalist,http://creativecommons.org/licenses/by-nc/4.0/,Владимир,108205304
67034255,StillImage,image/jpeg,https://inaturalist-open-data.s3.amazonaws.com/photos/108205235/original.jpeg,https://www.inaturalist.org/photos/108205235,2020-12-24T21:56:07-08:00,Oliver Angus,iNaturalist,http://creativecommons.org/licenses/by-nc/4.0/,Oliver Angus,108205235
67034255,StillImage,image/jpeg,https://inaturalist-open-data.s3.amazonaws.com/photos/108205371/original.jpeg,https://www.inaturalist.org/photos/108205371,2020-12-24T21:53:46-08:00,Oliver Angus,iNaturalist,http://creativecommons.org/licenses/by-nc/4.0/,Oliver Angus,108205371
67034256,StillImage,image/jpeg,https://inaturalist-open-data.s3.amazonaws.com/photos/108205286/original.jpeg,https://www.inaturalist.org/photos/108205286,2020-12-24T23:01:00-08:00,Oliver Angus,iNaturalist,http://creativecommons.org/licenses/by-nc/4.0/,Oliver Angus,108205286
67034256,StillImage,image/jpeg,https://inaturalist-open-data.s3.amazonaws.com/photos/108205316/original.jpeg,https://www.inaturalist.org/photos/108205316,2020-12-24T23:04:24-08:00,Oliver Angus,iNaturalist,http://creativecommons.org/licenses/by-nc/4.0/,Oliver Angus,108205316
67034257,StillImage,image/jpeg,https://inaturalist-open-data.s3.amazonaws.com/photos/108205383/original.jpg,https://www.inaturalist.org/photos/108205383,2020-12-25T05:48:39Z,Jade Fortnash,iNaturalist,http://creativecommons.org/publicdomain/zero/1.0/,Jade Fortnash,108205383
67034257,StillImage,image/jpeg,https://inaturalist-open-data.s3.amazonaws.com/photos/108205390/original.jpg,https://www.inaturalist.org/photos/108205390,2020-12-25T05:48:39Z,Jade Fortnash,iNaturalist,http://creativecommons.org/publicdomain/zero/1.0/,Jade Fortnash,108205390
67034257,StillImage,image/jpeg,https://inaturalist-open-data.s3.amazonaws.com/photos/108205397/original.jpg,https://www.inaturalist.org/photos/108205397,2020-12-25T05:48:39Z,Jade Fortnash,iNaturalist,http://creativecommons.org/publicdomain/zero/1.0/,Jade Fortnash,108205397
67034257,StillImage,image/jpeg,https://inaturalist-open-data.s3.amazonaws.com/photos/108205401/original.jpg,https://www.inaturalist.org/photos/108205401,2020-12-25T05:48:39Z,Jade Fortnash,iNaturalist,http://creativecommons.org/publicdomain/zero/1.0/,Jade Fortnash,108205401
67034257,StillImage,image/jpeg,https://inaturalist-open-data.s3.amazonaws.com/photos/108205402/original.jpg,https://www.inaturalist.org/photos/108205402,2020-12-25T05:48:39Z,Jade Fortnash,iNaturalist,http://creativecommons.org/publicdomain/zero/1.0/,Jade Fortnash,108205402
67034257,StillImage,image/jpeg,https://inaturalist-open-data.s3.amazonaws.com/photos/108205408/original.jpg,https://www.inaturalist.org/photos/108205408,2020-12-25T05:48:39Z,Jade Fortnash,iNaturalist,http://creativecommons.org/publicdomain/zero/1.0/,Jade Fortnash,108205408
67034257,StillImage,image/jpeg,https://inaturalist-open-data.s3.amazonaws.com/photos/108205413/original.jpg,https://www.inaturalist.org/photos/108205413,2020-12-25T05:48:39Z,Jade Fortnash,iNaturalist,http://creativecommons.org/publicdomain/zero/1.0/,Jade Fortnash,108205413
67034257,StillImage,image/jpeg,https://inaturalist-open-data.s3.amazonaws.com/photos/108205418/original.jpg,https://www.inaturalist.org/photos/108205418,2020-12-25T05:48:39Z,Jade Fortnash,iNaturalist,http://creativecommons.org/publicdomain/zero/1.0/,Jade Fortnash,108205418
67034258,StillImage,image/jpeg,https://inaturalist-open-data.s3.amazonaws.com/photos/108205518/original.jpg,https://www.inaturalist.org/photos/108205518,2020-12-25T16:56:40-08:00,Ben Travaglini,iNaturalist,http://creativecommons.org/licenses/by-nc/4.0/,Ben Travaglini,108205518
67034259,StillImage,image/jpeg,https://inaturalist-open-data.s3.amazonaws.com/photos/108205389/original.jpg,https://www.inaturalist.org/photos/108205389,2020-12-23T12:31:09Z,mancho,iNaturalist,http://creativecommons.org/licenses/by-nc/4.0/,mancho,108205389
67034259,StillImage,image/jpeg,https://inaturalist-open-data.s3.amazonaws.com/photos/108205393/original.jpg,https://www.inaturalist.org/photos/108205393,2020-12-23T12:31:09Z,mancho,iNaturalist,http://creativecommons.org/licenses/by-nc/4.0/,mancho,108205393
67034262,StillImage,image/jpeg,https://inaturalist-open-data.s3.amazonaws.com/photos/108205191/original.jpeg,https://www.inaturalist.org/photos/108205191,2020-12-25T16:08:42-08:00,Joe Dillon,iNaturalist,http://creativecommons.org/licenses/by/4.0/,Joe Dillon,108205191
67034263,StillImage,image/jpeg,https://inaturalist-open-data.s3.amazonaws.com/photos/108205205/original.jpeg,https://www.inaturalist.org/photos/108205205,2020-12-25T16:08:55-08:00,Joe Dillon,iNaturalist,http://creativecommons.org/licenses/by/4.0/,Joe Dillon,108205205
67034265,StillImage,image/jpeg,https://inaturalist-open-data.s3.amazonaws.com/photos/108205219/original.jpeg,https://www.inaturalist.org/photos/108205219,2020-12-25T16:15:21-08:00,Joe Dillon,iNaturalist,http://creativecommons.org/licenses/by/4.0/,Joe Dillon,108205219
67034265,StillImage,image/jpeg,https://inaturalist-open-data.s3.amazonaws.com/photos/108205221/original.jpeg,https://www.inaturalist.org/photos/108205221,2020-12-25T16:15:27-08:00,Joe Dillon,iNaturalist,http://creativecommons.org/licenses/by/4.0/,Joe Dillon,108205221
67034266,StillImage,image/jpeg,https://inaturalist-open-data.s3.amazonaws.com/photos/108205229/original.jpeg,https://www.inaturalist.org/photos/108205229,2020-12-25T16:18:42-08:00,Joe Dillon,iNaturalist,http://creativecommons.org/licenses/by/4.0/,Joe Dillon,108205229
67034267,StillImage,image/jpeg,https://inaturalist-open-data.s3.amazonaws.com/photos/108205244/original.jpeg,https://www.inaturalist.org/photos/108205244,2020-12-25T16:19:05-08:00,Joe Dillon,iNaturalist,http://creativecommons.org/licenses/by/4.0/,Joe Dillon,108205244
67034268,StillImage,image/jpeg,https://inaturalist-open-data.s3.amazonaws.com/photos/108205249/original.jpeg,https://www.inaturalist.org/photos/108205249,2020-12-25T16:19:49-08:00,Joe Dillon,iNaturalist,http://creativecommons.org/licenses/by/4.0/,Joe Dillon,108205249
67034269,StillImage,image/jpeg,https://inaturalist-open-data.s3.amazonaws.com/photos/108205259/original.jpeg,https://www.inaturalist.org/photos/108205259,2020-12-25T16:21:01-08:00,Joe Dillon,iNaturalist,http://creativecommons.org/licenses/by/4.0/,Joe Dillon,108205259
67034269,StillImage,image/jpeg,https://inaturalist-open-data.s3.amazonaws.com/photos/108205264/original.jpeg,https://www.inaturalist.org/photos/108205264,2020-12-25T16:21:06-08:00,Joe Dillon,iNaturalist,http://creativecommons.org/licenses/by/4.0/,Joe Dillon,108205264
67034270,StillImage,image/jpeg,https://inaturalist-open-data.s3.amazonaws.com/photos/108205255/original.jpeg,https://www.inaturalist.org/photos/108205255,2020-12-25T16:20:36-08:00,Joe Dillon,iNaturalist,http://creativecommons.org/licenses/by/4.0/,Joe Dillon,108205255
67034271,StillImage,image/jpeg,https://inaturalist-open-data.s3.amazonaws.com/photos/108205271/original.jpeg,https://www.inaturalist.org/photos/108205271,2020-12-25T16:31:49-08:00,Joe Dillon,iNaturalist,http://creativecommons.org/licenses/by/4.0/,Joe Dillon,108205271
67034275,StillImage,image/jpeg,https://inaturalist-open-data.s3.amazonaws.com/photos/108205386/original.jpeg,https://www.inaturalist.org/photos/108205386,2015-12-23T15:05:26-08:00,Ana Gatica Colima,iNaturalist,http://creativecommons.org/licenses/by-nc/4.0/,Ana Gatica Colima,108205386
67034277,StillImage,image/jpeg,https://inaturalist-open-data.s3.amazonaws.com/photos/108205378/original.jpg,https://www.inaturalist.org/photos/108205378,2018-07-31T19:44:13-07:00,Daba,iNaturalist,http://creativecommons.org/licenses/by-nc/4.0/,Daba,108205378
67034278,StillImage,image/jpeg,https://inaturalist-open-data.s3.amazonaws.com/photos/108205398/original.jpeg,https://www.inaturalist.org/photos/108205398,2020-12-24T15:59:01-08:00,Владимир,iNaturalist,http://creativecommons.org/licenses/by-nc/4.0/,Владимир,108205398
67034280,StillImage,image/jpeg,https://inaturalist-open-data.s3.amazonaws.com/photos/108205385/original.jpeg,https://www.inaturalist.org/photos/108205385,2014-04-20T13:13:30-07:00,Станислав,iNaturalist,http://creativecommons.org/licenses/by-nc/4.0/,Станислав,108205385
67034280,StillImage,image/jpeg,https://inaturalist-open-data.s3.amazonaws.com/photos/108205387/original.jpeg,https://www.inaturalist.org/photos/108205387,2014-04-20T13:13:59-07:00,Станислав,iNaturalist,http://creativecommons.org/licenses/by-nc/4.0/,Станислав,108205387
67034280,StillImage,image/jpeg,https://inaturalist-open-data.s3.amazonaws.com/photos/108205392/original.jpeg,https://www.inaturalist.org/photos/108205392,2014-04-20T13:14:28-07:00,Станислав,iNaturalist,http://creativecommons.org/licenses/by-nc/4.0/,Станислав,108205392
67034281,StillImage,image/jpeg,https://inaturalist-open-data.s3.amazonaws.com/photos/108205419/original.jpeg,https://www.inaturalist.org/photos/108205419,2020-12-24T16:32:34-08:00,zedkelly,iNaturalist,http://creativecommons.org/licenses/by-nc/4.0/,zedkelly,108205419
67034281,StillImage,image/jpeg,https://inaturalist-open-data.s3.amazonaws.com/photos/108205421/original.jpeg,https://www.inaturalist.org/photos/108205421,2020-12-24T16:32:03-08:00,zedkelly,iNaturalist,http://creativecommons.org/licenses/by-nc/4.0/,zedkelly,108205421
67034282,StillImage,image/jpeg,https://inaturalist-open-data.s3.amazonaws.com/photos/108205422/original.jpeg,https://www.inaturalist.org/photos/108205422,2020-12-19T09:36:00-08:00,Doreen,iNaturalist,http://creativecommons.org/licenses/by/4.0/,Doreen,108205422
67034319,StillImage,image/jpeg,https://inaturalist-open-data.s3.amazonaws.com/photos/108205439/original.jpg,https://www.inaturalist.org/photos/108205439,2020-11-17T22:55:25Z,Greg Davis,iNaturalist,http://creativecommons.org/licenses/by-nc/4.0/,Greg Davis,108205439
67034319,StillImage,image/jpeg,https://inaturalist-open-data.s3.amazonaws.com/photos/108205444/original.jpg,https://www.inaturalist.org/photos/108205444,2020-11-17T22:55:25Z,Greg Davis,iNaturalist,http://creativecommons.org/licenses/by-nc/4.0/,Greg Davis,108205444
67034320,StillImage,image/jpeg,https://inaturalist-open-data.s3.amazonaws.com/photos/108205426/original.jpeg,https://www.inaturalist.org/photos/108205426,2006-04-02T15:29:23-07:00,auntie_uncle,iNaturalist,http://creativecommons.org/licenses/by-nc/4.0/,auntie_uncle,108205426
67034325,StillImage,image/jpeg,https://inaturalist-open-data.s3.amazonaws.com/photos/108205440/original.jpeg,https://www.inaturalist.org/photos/108205440,2020-12-24T16:01:00-08:00,Владимир,iNaturalist,http://creativecommons.org/licenses/by-nc/4.0/,Владимир,108205440
67034326,StillImage,image/jpeg,https://inaturalist-open-data.s3.amazonaws.com/photos/108205409/original.jpg,https://www.inaturalist.org/photos/108205409,2020-07-15T10:09:55-07:00,William Harris,iNaturalist,http://creativecommons.org/licenses/by-nc/4.0/,William Harris,108205409
67034338,StillImage,image/jpeg,https://inaturalist-open-data.s3.amazonaws.com/photos/108205496/original.jpg,https://www.inaturalist.org/photos/108205496,2020-12-24T20:29:40Z,Flaviano Zubieta,iNaturalist,http://creativecommons.org/licenses/by-nc/4.0/,Flaviano Zubieta,108205496
67034338,StillImage,image/jpeg,https://inaturalist-open-data.s3.amazonaws.com/photos/108205490/original.jpg,https://www.inaturalist.org/photos/108205490,2020-12-24T20:29:40Z,Flaviano Zubieta,iNaturalist,http://creativecommons.org/licenses/by-nc/4.0/,Flaviano Zubieta,108205490
67034338,StillImage,image/jpeg,https://inaturalist-open-data.s3.amazonaws.com/photos/108205483/original.jpg,https://www.inaturalist.org/photos/108205483,2020-12-24T20:29:40Z,Flaviano Zubieta,iNaturalist,http://creativecommons.org/licenses/by-nc/4.0/,Flaviano Zubieta,108205483
67034338,StillImage,image/jpeg,https://inaturalist-open-data.s3.amazonaws.com/photos/108205486/original.jpg,https://www.inaturalist.org/photos/108205486,2020-12-24T20:29:40Z,Flaviano Zubieta,iNaturalist,http://creativecommons.org/licenses/by-nc/4.0/,Flaviano Zubieta,108205486
67034338,StillImage,image/jpeg,https://inaturalist-open-data.s3.amazonaws.com/photos/108205499/original.jpg,https://www.inaturalist.org/photos/108205499,2020-12-24T20:29:40Z,Flaviano Zubieta,iNaturalist,http://creativecommons.org/licenses/by-nc/4.0/,Flaviano Zubieta,108205499
67034338,StillImage,image/jpeg,https://inaturalist-open-data.s3.amazonaws.com/photos/108205504/original.jpg,https://www.inaturalist.org/photos/108205504,2020-12-24T20:29:40Z,Flaviano Zubieta,iNaturalist,http://creativecommons.org/licenses/by-nc/4.0/,Flaviano Zubieta,108205504
67034338,StillImage,image/jpeg,https://inaturalist-open-data.s3.amazonaws.com/photos/108205511/original.jpg,https://www.inaturalist.org/photos/108205511,2020-12-24T20:29:40Z,Flaviano Zubieta,iNaturalist,http://creativecommons.org/licenses/by-nc/4.0/,Flaviano Zubieta,108205511
67034339,StillImage,image/jpeg,https://inaturalist-open-data.s3.amazonaws.com/photos/108205491/original.jpg,https://www.inaturalist.org/photos/108205491,2020-12-25T00:03:39Z,Gerrit van den Bergh,iNaturalist,http://creativecommons.org/licenses/by-nc/4.0/,Gerrit van den Bergh,108205491
201101633,StillImage,image/jpeg,https://inaturalist-open-data.s3.amazonaws.com/photos/354936515/original.jpg,https://www.inaturalist.org/photos/354936515,2024-03-02T23:36:00Z,landvaettir,iNaturalist,http://creativecommons.org/licenses/by-nc/4.0/,landvaettir,354936515
201101634,StillImage,image/jpeg,https://inaturalist-open-data.s3.amazonaws.com/photos/354936551/original.jpeg,https://www.inaturalist.org/photos/354936551,2024-03-03T01:22:23Z,Adam Smith,iNaturalist,http://creativecommons.org/licenses/by-nc/4.0/,Adam Smith,354936551
201101636,StillImage,image/jpeg,https://inaturalist-open-data.s3.amazonaws.com/photos/354936521/original.jpeg,https://www.inaturalist.org/photos/354936521,2024-03-02T12:13:03-08:00,Evelio Dominguez Chavez,iNaturalist,http://creativecommons.org/licenses/by-nc/4.0/,Evelio Dominguez Chavez,354936521
201101636,StillImage,image/jpeg,https://inaturalist-open-data.s3.amazonaws.com/photos/354936536/original.jpeg,https://www.inaturalist.org/photos/354936536,2024-03-02T12:14:13-08:00,Evelio Dominguez Chavez,iNaturalist,http://creativecommons.org/licenses/by-nc/4.0/,Evelio Dominguez Chavez,354936536
201101638,StillImage,image/jpeg,https://inaturalist-open-data.s3.amazonaws.com/photos/354936528/original.jpg,https://www.inaturalist.org/photos/354936528,2024-03-03T08:34:19Z,Wai Shing,iNaturalist,http://creativecommons.org/licenses/by-nc/4.0/,Wai Shing,354936528
201101640,StillImage,image/jpeg,https://inaturalist-open-data.s3.amazonaws.com/photos/354936452/original.jpg,https://www.inaturalist.org/photos/354936452,2024-02-05T07:18:21-08:00,Nicola,iNaturalist,http://creativecommons.org/licenses/by-nc/4.0/,Nicola,354936452
201101642,StillImage,image/jpeg,https://inaturalist-open-data.s3.amazonaws.com/photos/354936563/original.jpeg,https://www.inaturalist.org/photos/354936563,2024-03-03T16:34:56-08:00,Till,iNaturalist,http://creativecommons.org/licenses/by-nc/4.0/,Till,354936563
201101646,StillImage,image/jpeg,https://inaturalist-open-data.s3.amazonaws.com/photos/354936494/original.jpeg,https://www.inaturalist.org/photos/354936494,2015-07-18T02:25:01-07:00,davidbeo,iNaturalist,http://creativecommons.org/licenses/by-nc/4.0/,davidbeo,354936494
201101646,StillImage,image/jpeg,https://inaturalist-open-data.s3.amazonaws.com/photos/354936613/original.jpeg,https://www.inaturalist.org/photos/354936613,2015-07-18T02:24:42-07:00,davidbeo,iNaturalist,http://creativecommons.org/licenses/by-nc/4.0/,davidbeo,354936613
201101646,StillImage,image/jpeg,https://inaturalist-open-data.s3.amazonaws.com/photos/354936616/original.jpeg,https://www.inaturalist.org/photos/354936616,2015-07-18T02:24:48-07:00,davidbeo,iNaturalist,http://creativecommons.org/licenses/by-nc/4.0/,davidbeo,354936616
201101649,StillImage,image/jpeg,https://inaturalist-open-data.s3.amazonaws.com/photos/354936569/original.jpg,https://www.inaturalist.org/photos/354936569,2024-03-03T00:12:09Z,goatleg,iNaturalist,http://creativecommons.org/licenses/by-nc/4.0/,goatleg,354936569
201101652,StillImage,image/jpeg,https://inaturalist-open-data.s3.amazonaws.com/photos/354936489/original.jpeg,https://www.inaturalist.org/photos/354936489,2024-03-02T15:36:55-08:00,Jan Ebr &amp; Ivana Ebrová,iNaturalist,http://creativecommons.org/licenses/by/4.0/,Jan Ebr &amp; Ivana Ebrová,354936489
201101653,StillImage,image/jpeg,https://inaturalist-open-data.s3.amazonaws.com/photos/354936488/original.jpeg,https://www.inaturalist.org/photos/354936488,2024-03-02T15:36:55-08:00,Jan Ebr &amp; Ivana Ebrová,iNaturalist,http://creativecommons.org/licenses/by/4.0/,Jan Ebr &amp; Ivana Ebrová,354936488
201101654,StillImage,image/jpeg,https://inaturalist-open-data.s3.amazonaws.com/photos/354936490/original.jpeg,https://www.inaturalist.org/photos/354936490,2024-03-02T11:16:08-08:00,Jan Ebr &amp; Ivana Ebrová,iNaturalist,http://creativecommons.org/licenses/by/4.0/,Jan Ebr &amp; Ivana Ebrová,354936490
201101655,StillImage,image/jpeg,https://inaturalist-open-data.s3.amazonaws.com/photos/354936495/original.jpeg,https://www.inaturalist.org/photos/354936495,2024-03-02T11:16:33-08:00,Jan Ebr &amp; Ivana Ebrová,iNaturalist,http://creativecommons.org/licenses/by/4.0/,Jan Ebr &amp; Ivana Ebrová,354936495
201101656,StillImage,image/jpeg,https://inaturalist-open-data.s3.amazonaws.com/photos/354936501/original.jpeg,https://www.inaturalist.org/photos/354936501,2024-03-02T12:44:48-08:00,Jan Ebr &amp; Ivana Ebrová,iNaturalist,http://creativecommons.org/licenses/by/4.0/,Jan Ebr &amp; Ivana Ebrová,354936501
201101657,StillImage,image/jpeg,https://inaturalist-open-data.s3.amazonaws.com/photos/354936507/original.jpeg,https://www.inaturalist.org/photos/354936507,2024-03-02T14:56:55-08:00,Jan Ebr &amp; Ivana Ebrová,iNaturalist,http://creativecommons.org/licenses/by/4.0/,Jan Ebr &amp; Ivana Ebrová,354936507
201101658,StillImage,image/jpeg,https://inaturalist-open-data.s3.amazonaws.com/photos/354936580/original.jpeg,https://www.inaturalist.org/photos/354936580,2024-03-03T12:52:08-08:00,julietruskett,iNaturalist,http://creativecommons.org/licenses/by-nc/4.0/,julietruskett,354936580
201101659,StillImage,image/jpeg,https://inaturalist-open-data.s3.amazonaws.com/photos/354936512/original.jpeg,https://www.inaturalist.org/photos/354936512,2024-03-02T15:33:19-08:00,Jan Ebr &amp; Ivana Ebrová,iNaturalist,http://creativecommons.org/licenses/by/4.0/,Jan Ebr &amp; Ivana Ebrová,354936512
201101660,StillImage,image/jpeg,https://inaturalist-open-data.s3.amazonaws.com/photos/354936514/original.jpeg,https://www.inaturalist.org/photos/354936514,2024-03-02T15:37:50-08:00,Jan Ebr &amp; Ivana Ebrová,iNaturalist,http://creativecommons.org/licenses/by/4.0/,Jan Ebr &amp; Ivana Ebrová,354936514
201101663,StillImage,image/jpeg,https://inaturalist-open-data.s3.amazonaws.com/photos/354938206/original.jpg,https://www.inaturalist.org/photos/354938206,2024-03-03T07:39:29Z,marikav,iNaturalist,http://creativecommons.org/licenses/by-nc/4.0/,marikav,354938206
201101663,StillImage,image/jpeg,https://inaturalist-open-data.s3.amazonaws.com/photos/354936591/original.jpg,https://www.inaturalist.org/photos/354936591,2024-03-03T07:39:29Z,marikav,iNaturalist,http://creativecommons.org/licenses/by-nc/4.0/,marikav,354936591
201101663,StillImage,image/jpeg,https://inaturalist-open-data.s3.amazonaws.com/photos/354938216/original.jpg,https://www.inaturalist.org/photos/354938216,2024-03-03T07:39:29Z,marikav,iNaturalist,http://creativecommons.org/licenses/by-nc/4.0/,marikav,354938216
201101665,StillImage,image/jpeg,https://inaturalist-open-data.s3.amazonaws.com/photos/354936273/original.jpeg,https://www.inaturalist.org/photos/354936273,2024-02-21T17:21:16-08:00,mattward,iNaturalist,http://creativecommons.org/licenses/by-nc/4.0/,mattward,354936273
201101665,StillImage,image/jpeg,https://inaturalist-open-data.s3.amazonaws.com/photos/354936274/original.jpeg,https://www.inaturalist.org/photos/354936274,2024-02-21T17:21:23-08:00,mattward,iNaturalist,http://creativecommons.org/licenses/by-nc/4.0/,mattward,354936274
201101665,StillImage,image/jpeg,https://inaturalist-open-data.s3.amazonaws.com/photos/354936275/original.jpeg,https://www.inaturalist.org/photos/354936275,2024-02-21T17:21:31-08:00,mattward,iNaturalist,http://creativecommons.org/licenses/by-nc/4.0/,mattward,354936275
201101665,StillImage,image/jpeg,https://inaturalist-open-data.s3.amazonaws.com/photos/354936286/original.jpeg,https://www.inaturalist.org/photos/354936286,2024-02-21T17:21:11-08:00,mattward,iNaturalist,http://creativecommons.org/licenses/by-nc/4.0/,mattward,354936286
201101671,StillImage,image/jpeg,https://inaturalist-open-data.s3.amazonaws.com/photos/354936612/original.jpg,https://www.inaturalist.org/photos/354936612,2024-01-28T22:17:54Z,iacomaner,iNaturalist,http://creativecommons.org/licenses/by-nc/4.0/,iacomaner,354936612
201101671,StillImage,image/jpeg,https://inaturalist-open-data.s3.amazonaws.com/photos/354936606/original.jpg,https://www.inaturalist.org/photos/354936606,2024-01-28T22:17:54Z,iacomaner,iNaturalist,http://creativecommons.org/licenses/by-nc/4.0/,iacomaner,354936606
201101675,StillImage,image/jpeg,https://inaturalist-open-data.s3.amazonaws.com/photos/354935933/original.jpg,https://www.inaturalist.org/photos/354935933,2024-03-02T19:50:13-08:00,catchwords,iNaturalist,http://creativecommons.org/licenses/by/4.0/,catchwords,354935933
67034339,StillImage,image/jpeg,https://inaturalist-open-data.s3.amazonaws.com/photos/108205485/original.jpg,https://www.inaturalist.org/photos/108205485,2020-12-25T00:03:39Z,Gerrit van den Bergh,iNaturalist,http://creativecommons.org/licenses/by-nc/4.0/,Gerrit van den Bergh,108205485
67034339,StillImage,image/jpeg,https://inaturalist-open-data.s3.amazonaws.com/photos/108205495/original.jpg,https://www.inaturalist.org/photos/108205495,2020-12-25T00:03:39Z,Gerrit van den Bergh,iNaturalist,http://creativecommons.org/licenses/by-nc/4.0/,Gerrit van den Bergh,108205495
67034341,StillImage,image/jpeg,https://inaturalist-open-data.s3.amazonaws.com/photos/108205461/original.jpeg,https://www.inaturalist.org/photos/108205461,2020-12-24T16:01:28-08:00,Владимир,iNaturalist,http://creativecommons.org/licenses/by-nc/4.0/,Владимир,108205461
67034342,StillImage,image/jpeg,https://inaturalist-open-data.s3.amazonaws.com/photos/108205497/original.jpeg,https://www.inaturalist.org/photos/108205497,2020-12-25T13:08:26-08:00,Luke Quinane,iNaturalist,http://creativecommons.org/licenses/by/4.0/,Luke Quinane,108205497
67034344,StillImage,image/jpeg,https://inaturalist-open-data.s3.amazonaws.com/photos/108205459/original.jpg,https://www.inaturalist.org/photos/108205459,2016-12-24T13:07:14-08:00,Ashley M Bradford,iNaturalist,http://creativecommons.org/licenses/by-nc/4.0/,Ashley M Bradford,108205459
67034344,StillImage,image/jpeg,https://inaturalist-open-data.s3.amazonaws.com/photos/108205462/original.jpg,https://www.inaturalist.org/photos/108205462,2016-12-24T13:01:14-08:00,Ashley M Bradford,iNaturalist,http://creativecommons.org/licenses/by-nc/4.0/,Ashley M Bradford,108205462
67034345,StillImage,image/jpeg,https://inaturalist-open-data.s3.amazonaws.com/photos/108205476/original.jpg,https://www.inaturalist.org/photos/108205476,2016-12-24T13:01:14-08:00,Ashley M Bradford,iNaturalist,http://creativecommons.org/licenses/by-nc/4.0/,Ashley M Bradford,108205476
67034346,StillImage,image/jpeg,https://inaturalist-open-data.s3.amazonaws.com/photos/108205406/original.jpg,https://www.inaturalist.org/photos/108205406,2016-12-21T11:37:33-08:00,Andy Pearce 🕊,iNaturalist,http://creativecommons.org/licenses/by-nc/4.0/,Andy Pearce 🕊,108205406
67034347,StillImage,image/jpeg,https://inaturalist-open-data.s3.amazonaws.com/photos/108205470/original.jpg,https://www.inaturalist.org/photos/108205470,2018-08-03T15:46:16-07:00,Daba,iNaturalist,http://creativecommons.org/licenses/by-nc/4.0/,Daba,108205470
67034348,StillImage,image/jpeg,https://inaturalist-open-data.s3.amazonaws.com/photos/108205543/original.jpg,https://www.inaturalist.org/photos/108205543,2020-12-12T10:41:09Z,leafu,iNaturalist,http://creativecommons.org/licenses/by-nc/4.0/,leafu,108205543
67034351,StillImage,image/jpeg,https://inaturalist-open-data.s3.amazonaws.com/photos/108205522/original.jpg,https://www.inaturalist.org/photos/108205522,2020-07-15T14:26:26-07:00,William Harris,iNaturalist,http://creativecommons.org/licenses/by-nc/4.0/,William Harris,108205522
67034353,StillImage,image/jpeg,https://inaturalist-open-data.s3.amazonaws.com/photos/108205158/original.jpeg,https://www.inaturalist.org/photos/108205158,2020-12-24T13:05:00-08:00,Julia Markey,iNaturalist,http://creativecommons.org/licenses/by-nc/4.0/,Julia Markey,108205158
67034353,StillImage,image/jpeg,https://inaturalist-open-data.s3.amazonaws.com/photos/108205245/original.jpeg,https://www.inaturalist.org/photos/108205245,2020-12-24T13:05:00-08:00,Julia Markey,iNaturalist,http://creativecommons.org/licenses/by-nc/4.0/,Julia Markey,108205245
67034353,StillImage,image/jpeg,https://inaturalist-open-data.s3.amazonaws.com/photos/108205241/original.jpeg,https://www.inaturalist.org/photos/108205241,2020-12-24T13:04:56-08:00,Julia Markey,iNaturalist,http://creativecommons.org/licenses/by-nc/4.0/,Julia Markey,108205241
67034353,StillImage,image/jpeg,https://inaturalist-open-data.s3.amazonaws.com/photos/108205297/original.jpeg,https://www.inaturalist.org/photos/108205297,2020-12-24T13:04:56-08:00,Julia Markey,iNaturalist,http://creativecommons.org/licenses/by-nc/4.0/,Julia Markey,108205297
67034355,StillImage,image/jpeg,https://inaturalist-open-data.s3.amazonaws.com/photos/108205185/original.jpeg,https://www.inaturalist.org/photos/108205185,2020-12-24T11:50:58-08:00,Julia Markey,iNaturalist,http://creativecommons.org/licenses/by-nc/4.0/,Julia Markey,108205185
67034356,StillImage,image/jpeg,https://inaturalist-open-data.s3.amazonaws.com/photos/108205190/original.jpeg,https://www.inaturalist.org/photos/108205190,2020-12-24T11:55:21-08:00,Julia Markey,iNaturalist,http://creativecommons.org/licenses/by-nc/4.0/,Julia Markey,108205190
67034356,StillImage,image/jpeg,https://inaturalist-open-data.s3.amazonaws.com/photos/108205193/original.jpeg,https://www.inaturalist.org/photos/108205193,2020-12-24T12:02:14-08:00,Julia Markey,iNaturalist,http://creativecommons.org/licenses/by-nc/4.0/,Julia Markey,108205193
67034357,StillImage,image/jpeg,https://inaturalist-open-data.s3.amazonaws.com/photos/108205251/original.jpeg,https://www.inaturalist.org/photos/108205251,2020-12-24T12:13:16-08:00,Julia Markey,iNaturalist,http://creativecommons.org/licenses/by-nc/4.0/,Julia Markey,108205251
67034358,StillImage,image/jpeg,https://inaturalist-open-data.s3.amazonaws.com/photos/108205329/original.jpeg,https://www.inaturalist.org/photos/108205329,2020-12-24T12:40:59-08:00,Julia Markey,iNaturalist,http://creativecommons.org/licenses/by-nc/4.0/,Julia Markey,108205329
67034359,StillImage,image/jpeg,https://inaturalist-open-data.s3.amazonaws.com/photos/108205220/original.jpeg,https://www.inaturalist.org/photos/108205220,2020-12-24T12:50:14-08:00,Julia Markey,iNaturalist,http://creativecommons.org/licenses/by-nc/4.0/,Julia Markey,108205220
67034359,StillImage,image/jpeg,https://inaturalist-open-data.s3.amazonaws.com/photos/108205308/original.jpeg,https://www.inaturalist.org/photos/108205308,2020-12-24T12:50:15-08:00,Julia Markey,iNaturalist,http://creativecommons.org/licenses/by-nc/4.0/,Julia Markey,108205308
67034360,StillImage,image/jpeg,https://inaturalist-open-data.s3.amazonaws.com/photos/108205227/original.jpeg,https://www.inaturalist.org/photos/108205227,2020-12-24T12:51:52-08:00,Julia Markey,iNaturalist,http://creativecommons.org/licenses/by-nc/4.0/,Julia Markey,108205227
67034360,StillImage,image/jpeg,https://inaturalist-open-data.s3.amazonaws.com/photos/108205231/original.jpeg,https://www.inaturalist.org/photos/108205231,2020-12-24T12:51:53-08:00,Julia Markey,iNaturalist,http://creativecommons.org/licenses/by-nc/4.0/,Julia Markey,108205231
67034360,StillImage,image/jpeg,https://inaturalist-open-data.s3.amazonaws.com/photos/108205300/original.jpeg,https://www.inaturalist.org/photos/108205300,2020-12-24T12:52:01-08:00,Julia Markey,iNaturalist,http://creativecommons.org/licenses/by-nc/4.0/,Julia Markey,108205300
67034360,StillImage,image/jpeg,https://inaturalist-open-data.s3.amazonaws.com/photos/108205299/original.jpeg,https://www.inaturalist.org/photos/108205299,2020-12-24T12:51:54-08:00,Julia Markey,iNaturalist,http://creativecommons.org/licenses/by-nc/4.0/,Julia Markey,108205299
67034362,StillImage,image/jpeg,https://inaturalist-open-data.s3.amazonaws.com/photos/108205294/original.jpeg,https://www.inaturalist.org/photos/108205294,2020-12-24T12:56:47-08:00,Julia Markey,iNaturalist,http://creativecommons.org/licenses/by-nc/4.0/,Julia Markey,108205294
67034363,StillImage,image/jpeg,https://inaturalist-open-data.s3.amazonaws.com/photos/108205239/original.jpeg,https://www.inaturalist.org/photos/108205239,2020-12-24T12:57:25-08:00,Julia Markey,iNaturalist,http://creativecommons.org/licenses/by-nc/4.0/,Julia Markey,108205239
67034363,StillImage,image/jpeg,https://inaturalist-open-data.s3.amazonaws.com/photos/108205278/original.jpeg,https://www.inaturalist.org/photos/108205278,2020-12-24T12:57:29-08:00,Julia Markey,iNaturalist,http://creativecommons.org/licenses/by-nc/4.0/,Julia Markey,108205278
67034364,StillImage,image/jpeg,https://inaturalist-open-data.s3.amazonaws.com/photos/108205551/original.jpg,https://www.inaturalist.org/photos/108205551,2020-12-24T13:05:03Z,Gerrit van den Bergh,iNaturalist,http://creativecommons.org/licenses/by-nc/4.0/,Gerrit van den Bergh,108205551
67034365,StillImage,image/jpeg,https://inaturalist-open-data.s3.amazonaws.com/photos/108205530/original.jpg,https://www.inaturalist.org/photos/108205530,2016-12-21T11:38:21-08:00,Andy Pearce 🕊,iNaturalist,http://creativecommons.org/licenses/by-nc/4.0/,Andy Pearce 🕊,108205530
67034365,StillImage,image/jpeg,https://inaturalist-open-data.s3.amazonaws.com/photos/108205533/original.jpg,https://www.inaturalist.org/photos/108205533,2016-12-21T11:38:58-08:00,Andy Pearce 🕊,iNaturalist,http://creativecommons.org/licenses/by-nc/4.0/,Andy Pearce 🕊,108205533
67034368,StillImage,image/jpeg,https://inaturalist-open-data.s3.amazonaws.com/photos/108205532/original.jpeg,https://www.inaturalist.org/photos/108205532,2006-03-03T17:55:42-08:00,auntie_uncle,iNaturalist,http://creativecommons.org/licenses/by-nc/4.0/,auntie_uncle,108205532
67034369,StillImage,image/jpeg,https://inaturalist-open-data.s3.amazonaws.com/photos/108205534/original.jpeg,https://www.inaturalist.org/photos/108205534,2006-03-03T18:04:18-08:00,auntie_uncle,iNaturalist,http://creativecommons.org/licenses/by-nc/4.0/,auntie_uncle,108205534
67034372,StillImage,image/jpeg,https://inaturalist-open-data.s3.amazonaws.com/photos/108205540/original.jpeg,https://www.inaturalist.org/photos/108205540,2013-12-28T07:59:17-08:00,Yves Bas,iNaturalist,http://creativecommons.org/licenses/by/4.0/,Yves Bas,108205540
67034372,StillImage,image/jpeg,https://inaturalist-open-data.s3.amazonaws.com/photos/108205513/original.jpeg,https://www.inaturalist.org/photos/108205513,2013-12-28T07:59:13-08:00,Yves Bas,iNaturalist,http://creativecommons.org/licenses/by/4.0/,Yves Bas,108205513
67034372,StillImage,image/jpeg,https://inaturalist-open-data.s3.amazonaws.com/photos/108205555/original.jpeg,https://www.inaturalist.org/photos/108205555,2013-12-28T07:59:28-08:00,Yves Bas,iNaturalist,http://creativecommons.org/licenses/by/4.0/,Yves Bas,108205555
67034375,StillImage,image/jpeg,https://inaturalist-open-data.s3.amazonaws.com/photos/108205575/original.jpg,https://www.inaturalist.org/photos/108205575,2020-12-25T00:06:00Z,Gerrit van den Bergh,iNaturalist,http://creativecommons.org/licenses/by-nc/4.0/,Gerrit van den Bergh,108205575
67034375,StillImage,image/jpeg,https://inaturalist-open-data.s3.amazonaws.com/photos/108205577/original.jpg,https://www.inaturalist.org/photos/108205577,2020-12-25T00:06:00Z,Gerrit van den Bergh,iNaturalist,http://creativecommons.org/licenses/by-nc/4.0/,Gerrit van den Bergh,108205577
67034376,StillImage,image/jpeg,https://inaturalist-open-data.s3.amazonaws.com/photos/108205494/original.jpeg,https://www.inaturalist.org/photos/108205494,2017-10-14T08:48:13-07:00,Albert Kang,iNaturalist,http://creativecommons.org/licenses/by-nc/4.0/,Albert Kang,108205494
67034378,StillImage,image/jpeg,https://inaturalist-open-data.s3.amazonaws.com/photos/108205585/original.jpg,https://www.inaturalist.org/photos/108205585,2019-09-01T02:29:39-07:00,Max Laubstein,iNaturalist,http://creativecommons.org/licenses/by-nc/4.0/,Max Laubstein,108205585
67034379,StillImage,image/jpeg,https://inaturalist-open-data.s3.amazonaws.com/photos/108205600/original.jpg,https://www.inaturalist.org/photos/108205600,2020-12-24T14:00:00Z,Dawson Diaz,iNaturalist,http://creativecommons.org/licenses/by/4.0/,Dawson Diaz,108205600
67034379,StillImage,image/jpeg,https://inaturalist-open-data.s3.amazonaws.com/photos/108205830/original.jpg,https://www.inaturalist.org/photos/108205830,2020-12-24T14:00:00Z,Dawson Diaz,iNaturalist,http://creativecommons.org/licenses/by/4.0/,Dawson Diaz,108205830
67034382,StillImage,image/jpeg,https://inaturalist-open-data.s3.amazonaws.com/photos/108205588/original.jpeg,https://www.inaturalist.org/photos/108205588,2006-02-25T11:11:34-08:00,auntie_uncle,iNaturalist,http://creativecommons.org/licenses/by-nc/4.0/,auntie_uncle,108205588
67034385,StillImage,image/jpeg,https://inaturalist-open-data.s3.amazonaws.com/photos/108205579/original.jpg,https://www.inaturalist.org/photos/108205579,2015-05-02T17:26:27-07:00,Ana Gatica Colima,iNaturalist,http://creativecommons.org/licenses/by-nc/4.0/,Ana Gatica Colima,108205579
67034386,StillImage,image/jpeg,https://inaturalist-open-data.s3.amazonaws.com/photos/108205466/original.jpg,https://www.inaturalist.org/photos/108205466,2020-12-12T14:43:20-08:00,WATANABE Hitoshi 渡辺仁,iNaturalist,http://creativecommons.org/licenses/by/4.0/,WATANABE Hitoshi 渡辺仁,108205466
67034388,StillImage,image/jpeg,https://inaturalist-open-data.s3.amazonaws.com/photos/108205467/original.jpg,https://www.inaturalist.org/photos/108205467,2020-12-12T14:47:30-08:00,WATANABE Hitoshi 渡辺仁,iNaturalist,http://creativecommons.org/licenses/by/4.0/,WATANABE Hitoshi 渡辺仁,108205467
67034389,StillImage,image/jpeg,https://inaturalist-open-data.s3.amazonaws.com/photos/108205469/original.jpg,https://www.inaturalist.org/photos/108205469,2020-12-12T14:49:47-08:00,WATANABE Hitoshi 渡辺仁,iNaturalist,http://creativecommons.org/licenses/by/4.0/,WATANABE Hitoshi 渡辺仁,108205469
67034390,StillImage,image/jpeg,https://inaturalist-open-data.s3.amazonaws.com/photos/108205468/original.jpg,https://www.inaturalist.org/photos/108205468,2020-12-12T14:58:11-08:00,WATANABE Hitoshi 渡辺仁,iNaturalist,http://creativecommons.org/licenses/by/4.0/,WATANABE Hitoshi 渡辺仁,108205468
67034391,StillImage,image/jpeg,https://inaturalist-open-data.s3.amazonaws.com/photos/108205477/original.jpg,https://www.inaturalist.org/photos/108205477,2020-12-12T14:58:27-08:00,WATANABE Hitoshi 渡辺仁,iNaturalist,http://creativecommons.org/licenses/by/4.0/,WATANABE Hitoshi 渡辺仁,108205477
67034392,StillImage,image/jpeg,https://inaturalist-open-data.s3.amazonaws.com/photos/108205479/original.jpg,https://www.inaturalist.org/photos/108205479,2020-12-12T14:58:32-08:00,WATANABE Hitoshi 渡辺仁,iNaturalist,http://creativecommons.org/licenses/by/4.0/,WATANABE Hitoshi 渡辺仁,108205479
67034394,StillImage,image/jpeg,https://inaturalist-open-data.s3.amazonaws.com/photos/108205480/original.jpg,https://www.inaturalist.org/photos/108205480,2020-12-12T15:01:16-08:00,WATANABE Hitoshi 渡辺仁,iNaturalist,http://creativecommons.org/licenses/by/4.0/,WATANABE Hitoshi 渡辺仁,108205480
67034394,StillImage,image/jpeg,https://inaturalist-open-data.s3.amazonaws.com/photos/108205481/original.jpg,https://www.inaturalist.org/photos/108205481,2020-12-12T15:01:30-08:00,WATANABE Hitoshi 渡辺仁,iNaturalist,http://creativecommons.org/licenses/by/4.0/,WATANABE Hitoshi 渡辺仁,108205481
67034395,StillImage,image/jpeg,https://inaturalist-open-data.s3.amazonaws.com/photos/108205484/original.jpg,https://www.inaturalist.org/photos/108205484,2020-12-12T15:02:12-08:00,WATANABE Hitoshi 渡辺仁,iNaturalist,http://creativecommons.org/licenses/by/4.0/,WATANABE Hitoshi 渡辺仁,108205484
67034396,StillImage,image/jpeg,https://inaturalist-open-data.s3.amazonaws.com/photos/108205487/original.jpg,https://www.inaturalist.org/photos/108205487,2020-12-12T15:09:40-08:00,WATANABE Hitoshi 渡辺仁,iNaturalist,http://creativecommons.org/licenses/by/4.0/,WATANABE Hitoshi 渡辺仁,108205487
67034397,StillImage,image/jpeg,https://inaturalist-open-data.s3.amazonaws.com/photos/108205616/original.jpeg,https://www.inaturalist.org/photos/108205616,2020-12-24T22:38:02-08:00,Oliver Angus,iNaturalist,http://creativecommons.org/licenses/by-nc/4.0/,Oliver Angus,108205616
67034398,StillImage,image/jpeg,https://inaturalist-open-data.s3.amazonaws.com/photos/108205625/original.jpg,https://www.inaturalist.org/photos/108205625,2020-12-25T00:16:01Z,Gerrit van den Bergh,iNaturalist,http://creativecommons.org/licenses/by-nc/4.0/,Gerrit van den Bergh,108205625
67034398,StillImage,image/jpeg,https://inaturalist-open-data.s3.amazonaws.com/photos/108205623/original.jpg,https://www.inaturalist.org/photos/108205623,2020-12-25T00:16:01Z,Gerrit van den Bergh,iNaturalist,http://creativecommons.org/licenses/by-nc/4.0/,Gerrit van den Bergh,108205623
67034398,StillImage,image/jpeg,https://inaturalist-open-data.s3.amazonaws.com/photos/108205630/original.jpg,https://www.inaturalist.org/photos/108205630,2020-12-25T00:16:01Z,Gerrit van den Bergh,iNaturalist,http://creativecommons.org/licenses/by-nc/4.0/,Gerrit van den Bergh,108205630
67034400,StillImage,image/jpeg,https://inaturalist-open-data.s3.amazonaws.com/photos/108205612/original.jpg,https://www.inaturalist.org/photos/108205612,2020-11-01T18:21:01-08:00,Max Laubstein,iNaturalist,http://creativecommons.org/licenses/by-nc/4.0/,Max Laubstein,108205612
67034401,StillImage,image/jpeg,https://inaturalist-open-data.s3.amazonaws.com/photos/108205633/original.jpeg,https://www.inaturalist.org/photos/108205633,2020-12-24T08:09:48-08:00,Justin Vogel,iNaturalist,http://creativecommons.org/licenses/by-nc/4.0/,Justin Vogel,108205633
67034401,StillImage,image/jpeg,https://inaturalist-open-data.s3.amazonaws.com/photos/108205638/original.jpeg,https://www.inaturalist.org/photos/108205638,2020-12-24T08:10:46-08:00,Justin Vogel,iNaturalist,http://creativecommons.org/licenses/by-nc/4.0/,Justin Vogel,108205638
67034401,StillImage,image/jpeg,https://inaturalist-open-data.s3.amazonaws.com/photos/108205640/original.jpeg,https://www.inaturalist.org/photos/108205640,2020-12-24T08:10:01-08:00,Justin Vogel,iNaturalist,http://creativecommons.org/licenses/by-nc/4.0/,Justin Vogel,108205640
67034403,StillImage,image/jpeg,https://inaturalist-open-data.s3.amazonaws.com/photos/108205646/original.jpeg,https://www.inaturalist.org/photos/108205646,2019-07-27T15:10:14-07:00,Willem Van Zyl,iNaturalist,http://creativecommons.org/licenses/by-nc/4.0/,Willem Van Zyl,108205646
67034404,StillImage,image/jpeg,https://inaturalist-open-data.s3.amazonaws.com/photos/108205576/original.jpg,https://www.inaturalist.org/photos/108205576,2020-09-16T14:52:44-07:00,William Harris,iNaturalist,http://creativecommons.org/licenses/by-nc/4.0/,William Harris,108205576
67034410,StillImage,image/jpeg,https://inaturalist-open-data.s3.amazonaws.com/photos/108205654/original.jpeg,https://www.inaturalist.org/photos/108205654,2020-12-25T10:01:38-08:00,akw123,iNaturalist,http://creativecommons.org/licenses/by-nc/4.0/,akw123,108205654
67034411,StillImage,image/jpeg,https://inaturalist-open-data.s3.amazonaws.com/photos/108205641/original.jpg,https://www.inaturalist.org/photos/108205641,2020-09-28T17:45:29-07:00,Max Laubstein,iNaturalist,http://creativecommons.org/licenses/by-nc/4.0/,Max Laubstein,108205641
67034413,StillImage,image/jpeg,https://inaturalist-open-data.s3.amazonaws.com/photos/108205662/original.jpeg,https://www.inaturalist.org/photos/108205662,2020-12-19T09:40:52-08:00,Doreen,iNaturalist,http://creativecommons.org/licenses/by/4.0/,Doreen,108205662
67034417,StillImage,image/jpeg,https://inaturalist-open-data.s3.amazonaws.com/photos/108205668/original.jpeg,https://www.inaturalist.org/photos/108205668,2020-12-24T12:37:15Z,pastila,iNaturalist,http://creativecommons.org/licenses/by-nc/4.0/,pastila,108205668
67034419,StillImage,image/jpeg,https://inaturalist-open-data.s3.amazonaws.com/photos/108205680/original.jpg,https://www.inaturalist.org/photos/108205680,2020-12-25T00:18:47Z,Gerrit van den Bergh,iNaturalist,http://creativecommons.org/licenses/by-nc/4.0/,Gerrit van den Bergh,108205680
67034419,StillImage,image/jpeg,https://inaturalist-open-data.s3.amazonaws.com/photos/108205673/original.jpg,https://www.inaturalist.org/photos/108205673,2020-12-25T00:18:47Z,Gerrit van den Bergh,iNaturalist,http://creativecommons.org/licenses/by-nc/4.0/,Gerrit van den Bergh,108205673
67034422,StillImage,image/jpeg,https://inaturalist-open-data.s3.amazonaws.com/photos/108205529/original.jpg,https://www.inaturalist.org/photos/108205529,2018-08-03T15:47:05-07:00,Daba,iNaturalist,http://creativecommons.org/licenses/by-nc/4.0/,Daba,108205529
67034423,StillImage,image/jpeg,https://inaturalist-open-data.s3.amazonaws.com/photos/108205683/original.jpeg,https://www.inaturalist.org/photos/108205683,2020-12-25T14:10:05-08:00,John T,iNaturalist,http://creativecommons.org/licenses/by-nc/4.0/,John T,108205683
67034423,StillImage,image/jpeg,https://inaturalist-open-data.s3.amazonaws.com/photos/108205684/original.jpeg,https://www.inaturalist.org/photos/108205684,2020-12-25T14:06:11-08:00,John T,iNaturalist,http://creativecommons.org/licenses/by-nc/4.0/,John T,108205684
67034423,StillImage,image/jpeg,https://inaturalist-open-data.s3.amazonaws.com/photos/108205693/original.jpeg,https://www.inaturalist.org/photos/108205693,2020-12-25T14:09:48-08:00,John T,iNaturalist,http://creativecommons.org/licenses/by-nc/4.0/,John T,108205693
67034423,StillImage,image/jpeg,https://inaturalist-open-data.s3.amazonaws.com/photos/108206425/original.jpeg,https://www.inaturalist.org/photos/108206425,2020-12-25T14:28:48-08:00,John T,iNaturalist,http://creativecommons.org/licenses/by-nc/4.0/,John T,108206425
67034428,StillImage,image/jpeg,https://inaturalist-open-data.s3.amazonaws.com/photos/108205509/original.jpeg,https://www.inaturalist.org/photos/108205509,2014-04-30T10:32:16-07:00,Станислав,iNaturalist,http://creativecommons.org/licenses/by-nc/4.0/,Станислав,108205509
67034428,StillImage,image/jpeg,https://inaturalist-open-data.s3.amazonaws.com/photos/108205514/original.jpeg,https://www.inaturalist.org/photos/108205514,2014-04-30T10:32:41-07:00,Станислав,iNaturalist,http://creativecommons.org/licenses/by-nc/4.0/,Станислав,108205514
67034428,StillImage,image/jpeg,https://inaturalist-open-data.s3.amazonaws.com/photos/108205517/original.jpeg,https://www.inaturalist.org/photos/108205517,2014-04-30T10:32:59-07:00,Станислав,iNaturalist,http://creativecommons.org/licenses/by-nc/4.0/,Станислав,108205517
67034428,StillImage,image/jpeg,https://inaturalist-open-data.s3.amazonaws.com/photos/108205519/original.jpeg,https://www.inaturalist.org/photos/108205519,2014-04-30T10:33:14-07:00,Станислав,iNaturalist,http://creativecommons.org/licenses/by-nc/4.0/,Станислав,108205519
67034428,StillImage,image/jpeg,https://inaturalist-open-data.s3.amazonaws.com/photos/108205520/original.jpeg,https://www.inaturalist.org/photos/108205520,2014-04-30T10:33:37-07:00,Станислав,iNaturalist,http://creativecommons.org/licenses/by-nc/4.0/,Станислав,108205520
67034431,StillImage,image/jpeg,https://inaturalist-open-data.s3.amazonaws.com/photos/108205581/original.jpeg,https://www.inaturalist.org/photos/108205581,2014-04-30T13:58:52-07:00,Станислав,iNaturalist,http://creativecommons.org/licenses/by-nc/4.0/,Станислав,108205581
67034432,StillImage,image/jpeg,https://inaturalist-open-data.s3.amazonaws.com/photos/108205626/original.jpg,https://www.inaturalist.org/photos/108205626,2015-05-02T17:29:25-07:00,Ana Gatica Colima,iNaturalist,http://creativecommons.org/licenses/by-nc/4.0/,Ana Gatica Colima,108205626
67034433,StillImage,image/jpeg,https://inaturalist-open-data.s3.amazonaws.com/photos/108205605/original.jpeg,https://www.inaturalist.org/photos/108205605,2014-04-30T14:53:48-07:00,Станислав,iNaturalist,http://creativecommons.org/licenses/by-nc/4.0/,Станислав,108205605
67034435,StillImage,image/jpeg,https://inaturalist-open-data.s3.amazonaws.com/photos/108205615/original.jpeg,https://www.inaturalist.org/photos/108205615,2014-04-30T15:01:41-07:00,Станислав,iNaturalist,http://creativecommons.org/licenses/by-nc/4.0/,Станислав,108205615
67034435,StillImage,image/jpeg,https://inaturalist-open-data.s3.amazonaws.com/photos/108205619/original.jpeg,https://www.inaturalist.org/photos/108205619,2014-04-30T15:01:48-07:00,Станислав,iNaturalist,http://creativecommons.org/licenses/by-nc/4.0/,Станислав,108205619
67034435,StillImage,image/jpeg,https://inaturalist-open-data.s3.amazonaws.com/photos/108205624/original.jpeg,https://www.inaturalist.org/photos/108205624,2014-04-30T15:04:28-07:00,Станислав,iNaturalist,http://creativecommons.org/licenses/by-nc/4.0/,Станислав,108205624
67034435,StillImage,image/jpeg,https://inaturalist-open-data.s3.amazonaws.com/photos/108205631/original.jpeg,https://www.inaturalist.org/photos/108205631,2014-04-30T15:04:38-07:00,Станислав,iNaturalist,http://creativecommons.org/licenses/by-nc/4.0/,Станислав,108205631
67034435,StillImage,image/jpeg,https://inaturalist-open-data.s3.amazonaws.com/photos/108205637/original.jpeg,https://www.inaturalist.org/photos/108205637,2014-04-30T15:04:59-07:00,Станислав,iNaturalist,http://creativecommons.org/licenses/by-nc/4.0/,Станислав,108205637
201101687,StillImage,image/jpeg,https://inaturalist-open-data.s3.amazonaws.com/photos/354936487/original.jpg,https://www.inaturalist.org/photos/354936487,2024-02-08T10:28:32-08:00,meetoh_nlc,iNaturalist,http://creativecommons.org/licenses/by-nc/4.0/,meetoh_nlc,354936487
201101690,StillImage,image/jpeg,https://inaturalist-open-data.s3.amazonaws.com/photos/354936645/original.jpeg,https://www.inaturalist.org/photos/354936645,2024-03-03T13:33:32-08:00,Till,iNaturalist,http://creativecommons.org/licenses/by-nc/4.0/,Till,354936645
201101690,StillImage,image/jpeg,https://inaturalist-open-data.s3.amazonaws.com/photos/354936664/original.jpeg,https://www.inaturalist.org/photos/354936664,2024-03-03T13:33:37-08:00,Till,iNaturalist,http://creativecommons.org/licenses/by-nc/4.0/,Till,354936664
201101693,StillImage,image/jpeg,https://inaturalist-open-data.s3.amazonaws.com/photos/354936654/original.jpg,https://www.inaturalist.org/photos/354936654,2024-03-02T22:53:16Z,bryceking,iNaturalist,http://creativecommons.org/licenses/by-nc/4.0/,bryceking,354936654
201101693,StillImage,image/jpeg,https://inaturalist-open-data.s3.amazonaws.com/photos/355595868/original.jpg,https://www.inaturalist.org/photos/355595868,2024-03-02T22:53:16Z,bryceking,iNaturalist,http://creativecommons.org/licenses/by-nc/4.0/,bryceking,355595868
201101693,StillImage,image/jpeg,https://inaturalist-open-data.s3.amazonaws.com/photos/355595900/original.jpg,https://www.inaturalist.org/photos/355595900,2024-03-02T22:53:16Z,bryceking,iNaturalist,http://creativecommons.org/licenses/by-nc/4.0/,bryceking,355595900
201101695,StillImage,image/jpeg,https://inaturalist-open-data.s3.amazonaws.com/photos/354936486/original.jpeg,https://www.inaturalist.org/photos/354936486,2024-02-27T12:38:05-08:00,o_zoli,iNaturalist,http://creativecommons.org/licenses/by-nc/4.0/,o_zoli,354936486
201101696,StillImage,image/jpeg,https://inaturalist-open-data.s3.amazonaws.com/photos/354936708/original.jpeg,https://www.inaturalist.org/photos/354936708,2024-03-03T08:37:59-08:00,Adam Smith,iNaturalist,http://creativecommons.org/licenses/by-nc/4.0/,Adam Smith,354936708
201101699,StillImage,image/jpeg,https://inaturalist-open-data.s3.amazonaws.com/photos/354936517/original.jpeg,https://www.inaturalist.org/photos/354936517,2024-02-29T18:14:10-08:00,Reiner Richter,iNaturalist,http://creativecommons.org/licenses/by-nc-sa/4.0/,Reiner Richter,354936517
201101699,StillImage,image/jpeg,https://inaturalist-open-data.s3.amazonaws.com/photos/354936526/original.jpeg,https://www.inaturalist.org/photos/354936526,2024-02-29T18:14:25-08:00,Reiner Richter,iNaturalist,http://creativecommons.org/licenses/by-nc-sa/4.0/,Reiner Richter,354936526
201101700,StillImage,image/jpeg,https://inaturalist-open-data.s3.amazonaws.com/photos/354936532/original.jpeg,https://www.inaturalist.org/photos/354936532,2024-02-29T18:47:31-08:00,Reiner Richter,iNaturalist,http://creativecommons.org/licenses/by-nc-sa/4.0/,Reiner Richter,354936532
201101701,StillImage,image/jpeg,https://inaturalist-open-data.s3.amazonaws.com/photos/354936544/original.jpeg,https://www.inaturalist.org/photos/354936544,2024-02-29T18:49:00-08:00,Reiner Richter,iNaturalist,http://creativecommons.org/licenses/by-nc-sa/4.0/,Reiner Richter,354936544
201101701,StillImage,image/jpeg,https://inaturalist-open-data.s3.amazonaws.com/photos/354936539/original.jpeg,https://www.inaturalist.org/photos/354936539,2024-02-29T18:49:05-08:00,Reiner Richter,iNaturalist,http://creativecommons.org/licenses/by-nc-sa/4.0/,Reiner Richter,354936539
201101701,StillImage,image/jpeg,https://inaturalist-open-data.s3.amazonaws.com/photos/354936530/original.jpeg,https://www.inaturalist.org/photos/354936530,2024-02-29T18:48:51-08:00,Reiner Richter,iNaturalist,http://creativecommons.org/licenses/by-nc-sa/4.0/,Reiner Richter,354936530
201101701,StillImage,image/jpeg,https://inaturalist-open-data.s3.amazonaws.com/photos/354936534/original.jpeg,https://www.inaturalist.org/photos/354936534,2024-02-29T18:48:54-08:00,Reiner Richter,iNaturalist,http://creativecommons.org/licenses/by-nc-sa/4.0/,Reiner Richter,354936534
201101701,StillImage,image/jpeg,https://inaturalist-open-data.s3.amazonaws.com/photos/354936540/original.jpeg,https://www.inaturalist.org/photos/354936540,2024-02-29T18:48:57-08:00,Reiner Richter,iNaturalist,http://creativecommons.org/licenses/by-nc-sa/4.0/,Reiner Richter,354936540
201101703,StillImage,image/jpeg,https://inaturalist-open-data.s3.amazonaws.com/photos/354936550/original.jpeg,https://www.inaturalist.org/photos/354936550,2024-02-29T18:49:31-08:00,Reiner Richter,iNaturalist,http://creativecommons.org/licenses/by-nc-sa/4.0/,Reiner Richter,354936550
201101703,StillImage,image/jpeg,https://inaturalist-open-data.s3.amazonaws.com/photos/354936549/original.jpeg,https://www.inaturalist.org/photos/354936549,2024-02-29T18:49:29-08:00,Reiner Richter,iNaturalist,http://creativecommons.org/licenses/by-nc-sa/4.0/,Reiner Richter,354936549
201101706,StillImage,image/jpeg,https://inaturalist-open-data.s3.amazonaws.com/photos/354936672/original.jpeg,https://www.inaturalist.org/photos/354936672,2024-03-02T12:18:38-08:00,Evelio Dominguez Chavez,iNaturalist,http://creativecommons.org/licenses/by-nc/4.0/,Evelio Dominguez Chavez,354936672
201101708,StillImage,image/jpeg,https://inaturalist-open-data.s3.amazonaws.com/photos/354936667/original.jpeg,https://www.inaturalist.org/photos/354936667,2024-03-03T14:20:22-08:00,Ksenia Lozovskaya,iNaturalist,http://creativecommons.org/licenses/by-nc/4.0/,Ksenia Lozovskaya,354936667
201101711,StillImage,image/jpeg,https://inaturalist-open-data.s3.amazonaws.com/photos/354936011/original.jpg,https://www.inaturalist.org/photos/354936011,2024-02-27T13:27:06-08:00,Vyacheslav Luzanov,iNaturalist,http://creativecommons.org/licenses/by-nc/4.0/,Vyacheslav Luzanov,354936011
201101712,StillImage,image/jpeg,https://inaturalist-open-data.s3.amazonaws.com/photos/354936014/original.jpg,https://www.inaturalist.org/photos/354936014,2024-02-27T13:14:29-08:00,Vyacheslav Luzanov,iNaturalist,http://creativecommons.org/licenses/by-nc/4.0/,Vyacheslav Luzanov,354936014
201101713,StillImage,image/jpeg,https://inaturalist-open-data.s3.amazonaws.com/photos/354936016/original.jpg,https://www.inaturalist.org/photos/354936016,2024-02-27T13:13:09-08:00,Vyacheslav Luzanov,iNaturalist,http://creativecommons.org/licenses/by-nc/4.0/,Vyacheslav Luzanov,354936016
201101716,StillImage,image/jpeg,https://inaturalist-open-data.s3.amazonaws.com/photos/354936019/original.jpg,https://www.inaturalist.org/photos/354936019,2024-02-27T12:58:17-08:00,Vyacheslav Luzanov,iNaturalist,http://creativecommons.org/licenses/by-nc/4.0/,Vyacheslav Luzanov,354936019
201101717,StillImage,image/jpeg,https://inaturalist-open-data.s3.amazonaws.com/photos/354936022/original.jpg,https://www.inaturalist.org/photos/354936022,2024-02-27T12:58:09-08:00,Vyacheslav Luzanov,iNaturalist,http://creativecommons.org/licenses/by-nc/4.0/,Vyacheslav Luzanov,354936022
201101718,StillImage,image/jpeg,https://inaturalist-open-data.s3.amazonaws.com/photos/354936023/original.jpg,https://www.inaturalist.org/photos/354936023,2024-02-27T12:43:33-08:00,Vyacheslav Luzanov,iNaturalist,http://creativecommons.org/licenses/by-nc/4.0/,Vyacheslav Luzanov,354936023
201101719,StillImage,image/jpeg,https://inaturalist-open-data.s3.amazonaws.com/photos/354936615/original.jpg,https://www.inaturalist.org/photos/354936615,2024-02-06T05:37:00Z,Ernest,iNaturalist,http://creativecommons.org/licenses/by-nc/4.0/,Ernest,354936615
201101720,StillImage,image/jpeg,https://inaturalist-open-data.s3.amazonaws.com/photos/354936025/original.jpg,https://www.inaturalist.org/photos/354936025,2024-02-27T12:28:49-08:00,Vyacheslav Luzanov,iNaturalist,http://creativecommons.org/licenses/by-nc/4.0/,Vyacheslav Luzanov,354936025
201101721,StillImage,image/jpeg,https://inaturalist-open-data.s3.amazonaws.com/photos/354936026/original.jpg,https://www.inaturalist.org/photos/354936026,2024-02-27T12:25:27-08:00,Vyacheslav Luzanov,iNaturalist,http://creativecommons.org/licenses/by-nc/4.0/,Vyacheslav Luzanov,354936026
201101722,StillImage,image/jpeg,https://inaturalist-open-data.s3.amazonaws.com/photos/354936032/original.jpg,https://www.inaturalist.org/photos/354936032,2024-02-27T11:59:52-08:00,Vyacheslav Luzanov,iNaturalist,http://creativecommons.org/licenses/by-nc/4.0/,Vyacheslav Luzanov,354936032
67034439,StillImage,image/jpeg,https://inaturalist-open-data.s3.amazonaws.com/photos/108205701/original.jpeg,https://www.inaturalist.org/photos/108205701,2020-12-24T08:36:28-08:00,Justin Vogel,iNaturalist,http://creativecommons.org/licenses/by-nc/4.0/,Justin Vogel,108205701
67034439,StillImage,image/jpeg,https://inaturalist-open-data.s3.amazonaws.com/photos/108205711/original.jpeg,https://www.inaturalist.org/photos/108205711,2020-12-24T08:36:38-08:00,Justin Vogel,iNaturalist,http://creativecommons.org/licenses/by-nc/4.0/,Justin Vogel,108205711
67034439,StillImage,image/jpeg,https://inaturalist-open-data.s3.amazonaws.com/photos/108205715/original.jpeg,https://www.inaturalist.org/photos/108205715,2020-12-24T08:36:44-08:00,Justin Vogel,iNaturalist,http://creativecommons.org/licenses/by-nc/4.0/,Justin Vogel,108205715
67034441,StillImage,image/jpeg,https://inaturalist-open-data.s3.amazonaws.com/photos/108205707/original.jpg,https://www.inaturalist.org/photos/108205707,2020-12-25T00:20:39Z,Gerrit van den Bergh,iNaturalist,http://creativecommons.org/licenses/by-nc/4.0/,Gerrit van den Bergh,108205707
67034441,StillImage,image/jpeg,https://inaturalist-open-data.s3.amazonaws.com/photos/108205713/original.jpg,https://www.inaturalist.org/photos/108205713,2020-12-25T00:20:39Z,Gerrit van den Bergh,iNaturalist,http://creativecommons.org/licenses/by-nc/4.0/,Gerrit van den Bergh,108205713
67034444,StillImage,image/jpeg,https://inaturalist-open-data.s3.amazonaws.com/photos/108205719/original.jpeg,https://www.inaturalist.org/photos/108205719,2020-12-19T10:09:24-08:00,Doreen,iNaturalist,http://creativecommons.org/licenses/by/4.0/,Doreen,108205719
67034445,StillImage,image/jpeg,https://inaturalist-open-data.s3.amazonaws.com/photos/108205723/original.jpg,https://www.inaturalist.org/photos/108205723,2020-10-22T19:08:03Z,Greg Davis,iNaturalist,http://creativecommons.org/licenses/by-nc/4.0/,Greg Davis,108205723
67034445,StillImage,image/jpeg,https://inaturalist-open-data.s3.amazonaws.com/photos/108205729/original.jpg,https://www.inaturalist.org/photos/108205729,2020-10-22T19:08:03Z,Greg Davis,iNaturalist,http://creativecommons.org/licenses/by-nc/4.0/,Greg Davis,108205729
67034445,StillImage,image/jpeg,https://inaturalist-open-data.s3.amazonaws.com/photos/108205733/original.jpg,https://www.inaturalist.org/photos/108205733,2020-10-22T19:08:03Z,Greg Davis,iNaturalist,http://creativecommons.org/licenses/by-nc/4.0/,Greg Davis,108205733
67034447,StillImage,image/jpeg,https://inaturalist-open-data.s3.amazonaws.com/photos/108180092/original.jpeg,https://www.inaturalist.org/photos/108180092,2012-01-01T12:30:16-08:00,Katarina Stenman,iNaturalist,http://creativecommons.org/licenses/by-nc/4.0/,Katarina Stenman,108180092
67034450,StillImage,image/jpeg,https://inaturalist-open-data.s3.amazonaws.com/photos/108205675/original.jpg,https://www.inaturalist.org/photos/108205675,2020-09-26T09:33:05-07:00,Max Laubstein,iNaturalist,http://creativecommons.org/licenses/by-nc/4.0/,Max Laubstein,108205675
67034452,StillImage,image/jpeg,https://inaturalist-open-data.s3.amazonaws.com/photos/108205538/original.jpg,https://www.inaturalist.org/photos/108205538,2016-03-01T17:25:10-08:00,Alex Binck,iNaturalist,http://creativecommons.org/licenses/by-nc/4.0/,Alex Binck,108205538
67034452,StillImage,image/jpeg,https://inaturalist-open-data.s3.amazonaws.com/photos/108205590/original.jpg,https://www.inaturalist.org/photos/108205590,2016-03-01T17:25:01-08:00,Alex Binck,iNaturalist,http://creativecommons.org/licenses/by-nc/4.0/,Alex Binck,108205590
67034457,StillImage,image/jpeg,https://inaturalist-open-data.s3.amazonaws.com/photos/108205639/original.jpeg,https://www.inaturalist.org/photos/108205639,2020-12-24T12:40:47-08:00,Mikael Nyman,iNaturalist,http://creativecommons.org/licenses/by/4.0/,Mikael Nyman,108205639
67034457,StillImage,image/jpeg,https://inaturalist-open-data.s3.amazonaws.com/photos/108205650/original.jpeg,https://www.inaturalist.org/photos/108205650,2020-12-24T12:39:45-08:00,Mikael Nyman,iNaturalist,http://creativecommons.org/licenses/by/4.0/,Mikael Nyman,108205650
67034459,StillImage,image/jpeg,https://inaturalist-open-data.s3.amazonaws.com/photos/108205739/original.jpeg,https://www.inaturalist.org/photos/108205739,2019-07-27T13:25:24-07:00,Willem Van Zyl,iNaturalist,http://creativecommons.org/licenses/by-nc/4.0/,Willem Van Zyl,108205739
67034459,StillImage,image/jpeg,https://inaturalist-open-data.s3.amazonaws.com/photos/108205747/original.jpeg,https://www.inaturalist.org/photos/108205747,2019-07-27T13:25:14-07:00,Willem Van Zyl,iNaturalist,http://creativecommons.org/licenses/by-nc/4.0/,Willem Van Zyl,108205747
67034460,StillImage,image/jpeg,https://inaturalist-open-data.s3.amazonaws.com/photos/108205738/original.jpeg,https://www.inaturalist.org/photos/108205738,2020-12-19T10:12:59-08:00,Doreen,iNaturalist,http://creativecommons.org/licenses/by/4.0/,Doreen,108205738
67034461,StillImage,image/jpeg,https://inaturalist-open-data.s3.amazonaws.com/photos/108205671/original.jpeg,https://www.inaturalist.org/photos/108205671,2017-10-14T10:44:29-07:00,Albert Kang,iNaturalist,http://creativecommons.org/licenses/by-nc/4.0/,Albert Kang,108205671
67034466,StillImage,image/jpeg,https://inaturalist-open-data.s3.amazonaws.com/photos/108205748/original.jpeg,https://www.inaturalist.org/photos/108205748,2020-12-25T16:48:49-08:00,Thomas Mesaglio,iNaturalist,http://creativecommons.org/licenses/by/4.0/,Thomas Mesaglio,108205748
67034467,StillImage,image/jpeg,https://inaturalist-open-data.s3.amazonaws.com/photos/108205755/original.jpg,https://www.inaturalist.org/photos/108205755,2020-12-25T00:23:48Z,Gerrit van den Bergh,iNaturalist,http://creativecommons.org/licenses/by-nc/4.0/,Gerrit van den Bergh,108205755
67034467,StillImage,image/jpeg,https://inaturalist-open-data.s3.amazonaws.com/photos/108205759/original.jpg,https://www.inaturalist.org/photos/108205759,2020-12-25T00:23:48Z,Gerrit van den Bergh,iNaturalist,http://creativecommons.org/licenses/by-nc/4.0/,Gerrit van den Bergh,108205759
67034468,StillImage,image/jpeg,https://inaturalist-open-data.s3.amazonaws.com/photos/108205736/original.jpg,https://www.inaturalist.org/photos/108205736,2020-09-26T13:53:00-07:00,Max Laubstein,iNaturalist,http://creativecommons.org/licenses/by-nc/4.0/,Max Laubstein,108205736
67034471,StillImage,image/jpeg,https://inaturalist-open-data.s3.amazonaws.com/photos/108205765/original.jpeg,https://www.inaturalist.org/photos/108205765,2019-07-27T13:23:45-07:00,Willem Van Zyl,iNaturalist,http://creativecommons.org/licenses/by-nc/4.0/,Willem Van Zyl,108205765
67034471,StillImage,image/jpeg,https://inaturalist-open-data.s3.amazonaws.com/photos/108205780/original.jpeg,https://www.inaturalist.org/photos/108205780,2019-07-27T13:23:33-07:00,Willem Van Zyl,iNaturalist,http://creativecommons.org/licenses/by-nc/4.0/,Willem Van Zyl,108205780
67034472,StillImage,image/jpeg,https://inaturalist-open-data.s3.amazonaws.com/photos/108205698/original.jpeg,https://www.inaturalist.org/photos/108205698,2020-12-21T12:24:32-08:00,Daval Davis,iNaturalist,http://creativecommons.org/licenses/by/4.0/,Daval Davis,108205698
67034474,StillImage,image/jpeg,https://inaturalist-open-data.s3.amazonaws.com/photos/108205787/original.jpeg,https://www.inaturalist.org/photos/108205787,2020-12-25T18:20:00-08:00,Kate McAlpine,iNaturalist,http://creativecommons.org/licenses/by/4.0/,Kate McAlpine,108205787
67034474,StillImage,image/jpeg,https://inaturalist-open-data.s3.amazonaws.com/photos/108205803/original.jpeg,https://www.inaturalist.org/photos/108205803,2020-12-25T18:17:47-08:00,Kate McAlpine,iNaturalist,http://creativecommons.org/licenses/by/4.0/,Kate McAlpine,108205803
67034474,StillImage,image/jpeg,https://inaturalist-open-data.s3.amazonaws.com/photos/108205824/original.jpeg,https://www.inaturalist.org/photos/108205824,2020-12-25T18:17:41-08:00,Kate McAlpine,iNaturalist,http://creativecommons.org/licenses/by/4.0/,Kate McAlpine,108205824
67034474,StillImage,image/jpeg,https://inaturalist-open-data.s3.amazonaws.com/photos/108205857/original.jpeg,https://www.inaturalist.org/photos/108205857,2020-12-25T18:17:33-08:00,Kate McAlpine,iNaturalist,http://creativecommons.org/licenses/by/4.0/,Kate McAlpine,108205857
201101724,StillImage,image/jpeg,https://inaturalist-open-data.s3.amazonaws.com/photos/354936680/original.jpg,https://www.inaturalist.org/photos/354936680,2024-02-06T21:28:07Z,klevingston,iNaturalist,http://creativecommons.org/licenses/by-nc/4.0/,klevingston,354936680
201101725,StillImage,image/jpeg,https://inaturalist-open-data.s3.amazonaws.com/photos/354936033/original.jpg,https://www.inaturalist.org/photos/354936033,2024-02-27T11:46:12-08:00,Vyacheslav Luzanov,iNaturalist,http://creativecommons.org/licenses/by-nc/4.0/,Vyacheslav Luzanov,354936033
201101726,StillImage,image/jpeg,https://inaturalist-open-data.s3.amazonaws.com/photos/354936690/original.jpg,https://www.inaturalist.org/photos/354936690,2024-03-03T07:50:25Z,steve-watson,iNaturalist,http://creativecommons.org/licenses/by-nc/4.0/,steve-watson,354936690
201101727,StillImage,image/jpeg,https://inaturalist-open-data.s3.amazonaws.com/photos/354936036/original.jpg,https://www.inaturalist.org/photos/354936036,2024-02-27T11:24:00-08:00,Vyacheslav Luzanov,iNaturalist,http://creativecommons.org/licenses/by-nc/4.0/,Vyacheslav Luzanov,354936036
201101728,StillImage,image/jpeg,https://inaturalist-open-data.s3.amazonaws.com/photos/354936035/original.jpg,https://www.inaturalist.org/photos/354936035,2024-02-27T11:24:07-08:00,Vyacheslav Luzanov,iNaturalist,http://creativecommons.org/licenses/by-nc/4.0/,Vyacheslav Luzanov,354936035
201101729,StillImage,image/jpeg,https://inaturalist-open-data.s3.amazonaws.com/photos/354936040/original.jpg,https://www.inaturalist.org/photos/354936040,2024-02-27T11:00:11-08:00,Vyacheslav Luzanov,iNaturalist,http://creativecommons.org/licenses/by-nc/4.0/,Vyacheslav Luzanov,354936040
201101730,StillImage,image/jpeg,https://inaturalist-open-data.s3.amazonaws.com/photos/354936037/original.jpg,https://www.inaturalist.org/photos/354936037,2024-02-27T11:02:41-08:00,Vyacheslav Luzanov,iNaturalist,http://creativecommons.org/licenses/by-nc/4.0/,Vyacheslav Luzanov,354936037
201101731,StillImage,image/jpeg,https://inaturalist-open-data.s3.amazonaws.com/photos/354936039/original.jpg,https://www.inaturalist.org/photos/354936039,2024-02-27T10:51:14-08:00,Vyacheslav Luzanov,iNaturalist,http://creativecommons.org/licenses/by-nc/4.0/,Vyacheslav Luzanov,354936039
201101732,StillImage,image/jpeg,https://inaturalist-open-data.s3.amazonaws.com/photos/354936042/original.jpg,https://www.inaturalist.org/photos/354936042,2024-02-27T10:42:23-08:00,Vyacheslav Luzanov,iNaturalist,http://creativecommons.org/licenses/by-nc/4.0/,Vyacheslav Luzanov,354936042
201101733,StillImage,image/jpeg,https://inaturalist-open-data.s3.amazonaws.com/photos/354936045/original.jpg,https://www.inaturalist.org/photos/354936045,2024-02-27T10:40:45-08:00,Vyacheslav Luzanov,iNaturalist,http://creativecommons.org/licenses/by-nc/4.0/,Vyacheslav Luzanov,354936045
201101735,StillImage,image/jpeg,https://inaturalist-open-data.s3.amazonaws.com/photos/354936513/original.jpeg,https://www.inaturalist.org/photos/354936513,2024-03-02T15:09:04-08:00,rhinolin,iNaturalist,http://creativecommons.org/licenses/by-nc/4.0/,rhinolin,354936513
201101735,StillImage,image/jpeg,https://inaturalist-open-data.s3.amazonaws.com/photos/354936594/original.jpeg,https://www.inaturalist.org/photos/354936594,2024-03-02T15:09:04-08:00,rhinolin,iNaturalist,http://creativecommons.org/licenses/by-nc/4.0/,rhinolin,354936594
201101735,StillImage,image/jpeg,https://inaturalist-open-data.s3.amazonaws.com/photos/354936638/original.jpeg,https://www.inaturalist.org/photos/354936638,2024-03-02T15:08:40-08:00,rhinolin,iNaturalist,http://creativecommons.org/licenses/by-nc/4.0/,rhinolin,354936638
201101736,StillImage,image/jpeg,https://inaturalist-open-data.s3.amazonaws.com/photos/354936529/original.jpeg,https://www.inaturalist.org/photos/354936529,2024-03-02T15:55:01-08:00,rhinolin,iNaturalist,http://creativecommons.org/licenses/by-nc/4.0/,rhinolin,354936529
201101736,StillImage,image/jpeg,https://inaturalist-open-data.s3.amazonaws.com/photos/354936648/original.jpeg,https://www.inaturalist.org/photos/354936648,2024-03-02T15:54:16-08:00,rhinolin,iNaturalist,http://creativecommons.org/licenses/by-nc/4.0/,rhinolin,354936648
201101736,StillImage,image/jpeg,https://inaturalist-open-data.s3.amazonaws.com/photos/354936678/original.jpeg,https://www.inaturalist.org/photos/354936678,2024-03-02T15:54:55-08:00,rhinolin,iNaturalist,http://creativecommons.org/licenses/by-nc/4.0/,rhinolin,354936678
201101737,StillImage,image/jpeg,https://inaturalist-open-data.s3.amazonaws.com/photos/354936048/original.jpg,https://www.inaturalist.org/photos/354936048,2024-02-27T10:25:16-08:00,Vyacheslav Luzanov,iNaturalist,http://creativecommons.org/licenses/by-nc/4.0/,Vyacheslav Luzanov,354936048
201101738,StillImage,image/jpeg,https://inaturalist-open-data.s3.amazonaws.com/photos/354936046/original.jpg,https://www.inaturalist.org/photos/354936046,2024-02-27T10:29:41-08:00,Vyacheslav Luzanov,iNaturalist,http://creativecommons.org/licenses/by-nc/4.0/,Vyacheslav Luzanov,354936046
201101739,StillImage,image/jpeg,https://inaturalist-open-data.s3.amazonaws.com/photos/354936044/original.jpg,https://www.inaturalist.org/photos/354936044,2024-02-27T10:36:41-08:00,Vyacheslav Luzanov,iNaturalist,http://creativecommons.org/licenses/by-nc/4.0/,Vyacheslav Luzanov,354936044
201101740,StillImage,image/jpeg,https://inaturalist-open-data.s3.amazonaws.com/photos/354936472/original.jpeg,https://www.inaturalist.org/photos/354936472,2024-03-02T12:28:28-08:00,sergioc,iNaturalist,http://creativecommons.org/licenses/by-nc/4.0/,sergioc,354936472
201101741,StillImage,image/jpeg,https://inaturalist-open-data.s3.amazonaws.com/photos/354936049/original.jpg,https://www.inaturalist.org/photos/354936049,2024-02-27T10:24:15-08:00,Vyacheslav Luzanov,iNaturalist,http://creativecommons.org/licenses/by-nc/4.0/,Vyacheslav Luzanov,354936049
201101742,StillImage,image/jpeg,https://inaturalist-open-data.s3.amazonaws.com/photos/354936050/original.jpg,https://www.inaturalist.org/photos/354936050,2024-02-27T10:19:00-08:00,Vyacheslav Luzanov,iNaturalist,http://creativecommons.org/licenses/by-nc/4.0/,Vyacheslav Luzanov,354936050
201101743,StillImage,image/jpeg,https://inaturalist-open-data.s3.amazonaws.com/photos/354936053/original.jpg,https://www.inaturalist.org/photos/354936053,2024-02-27T10:18:56-08:00,Vyacheslav Luzanov,iNaturalist,http://creativecommons.org/licenses/by-nc/4.0/,Vyacheslav Luzanov,354936053
201101744,StillImage,image/jpeg,https://inaturalist-open-data.s3.amazonaws.com/photos/354936473/original.jpeg,https://www.inaturalist.org/photos/354936473,2024-03-02T13:10:45-08:00,sergioc,iNaturalist,http://creativecommons.org/licenses/by-nc/4.0/,sergioc,354936473
201101745,StillImage,image/jpeg,https://inaturalist-open-data.s3.amazonaws.com/photos/354936478/original.jpeg,https://www.inaturalist.org/photos/354936478,2024-03-02T13:17:35-08:00,sergioc,iNaturalist,http://creativecommons.org/licenses/by-nc/4.0/,sergioc,354936478
201101745,StillImage,image/jpeg,https://inaturalist-open-data.s3.amazonaws.com/photos/354936479/original.jpeg,https://www.inaturalist.org/photos/354936479,2024-03-02T13:27:17-08:00,sergioc,iNaturalist,http://creativecommons.org/licenses/by-nc/4.0/,sergioc,354936479
201101746,StillImage,image/jpeg,https://inaturalist-open-data.s3.amazonaws.com/photos/354936054/original.jpg,https://www.inaturalist.org/photos/354936054,2024-02-27T10:18:17-08:00,Vyacheslav Luzanov,iNaturalist,http://creativecommons.org/licenses/by-nc/4.0/,Vyacheslav Luzanov,354936054
201101747,StillImage,image/jpeg,https://inaturalist-open-data.s3.amazonaws.com/photos/354936056/original.jpg,https://www.inaturalist.org/photos/354936056,2024-02-27T09:34:43-08:00,Vyacheslav Luzanov,iNaturalist,http://creativecommons.org/licenses/by-nc/4.0/,Vyacheslav Luzanov,354936056
201101748,StillImage,image/jpeg,https://inaturalist-open-data.s3.amazonaws.com/photos/354936059/original.jpg,https://www.inaturalist.org/photos/354936059,2024-02-27T08:52:39-08:00,Vyacheslav Luzanov,iNaturalist,http://creativecommons.org/licenses/by-nc/4.0/,Vyacheslav Luzanov,354936059
201101748,StillImage,image/jpeg,https://inaturalist-open-data.s3.amazonaws.com/photos/354936058/original.jpg,https://www.inaturalist.org/photos/354936058,2024-02-27T08:52:41-08:00,Vyacheslav Luzanov,iNaturalist,http://creativecommons.org/licenses/by-nc/4.0/,Vyacheslav Luzanov,354936058
67034480,StillImage,image/jpeg,https://inaturalist-open-data.s3.amazonaws.com/photos/108205789/original.jpg,https://www.inaturalist.org/photos/108205789,2020-12-25T04:07:36Z,Stephanie Dolrenry,iNaturalist,http://creativecommons.org/licenses/by-nc/4.0/,Stephanie Dolrenry,108205789
67034480,StillImage,image/jpeg,https://inaturalist-open-data.s3.amazonaws.com/photos/108205797/original.jpg,https://www.inaturalist.org/photos/108205797,2020-12-25T04:07:36Z,Stephanie Dolrenry,iNaturalist,http://creativecommons.org/licenses/by-nc/4.0/,Stephanie Dolrenry,108205797
67034482,StillImage,image/jpeg,https://inaturalist-open-data.s3.amazonaws.com/photos/108205792/original.jpeg,https://www.inaturalist.org/photos/108205792,2020-12-25T14:17:30-08:00,John T,iNaturalist,http://creativecommons.org/licenses/by-nc/4.0/,John T,108205792
67034484,StillImage,image/jpeg,https://inaturalist-open-data.s3.amazonaws.com/photos/108205799/original.jpg,https://www.inaturalist.org/photos/108205799,2020-12-25T06:18:13Z,lydialavender,iNaturalist,http://creativecommons.org/licenses/by-nc/4.0/,lydialavender,108205799
67034486,StillImage,image/jpeg,https://inaturalist-open-data.s3.amazonaws.com/photos/108205798/original.jpeg,https://www.inaturalist.org/photos/108205798,2020-12-03T16:20:48-08:00,Tim,iNaturalist,http://creativecommons.org/licenses/by/4.0/,Tim,108205798
67034486,StillImage,image/jpeg,https://inaturalist-open-data.s3.amazonaws.com/photos/108205801/original.jpeg,https://www.inaturalist.org/photos/108205801,2020-12-03T16:20:49-08:00,Tim,iNaturalist,http://creativecommons.org/licenses/by/4.0/,Tim,108205801
67034486,StillImage,image/jpeg,https://inaturalist-open-data.s3.amazonaws.com/photos/108205807/original.jpeg,https://www.inaturalist.org/photos/108205807,2020-12-03T16:20:51-08:00,Tim,iNaturalist,http://creativecommons.org/licenses/by/4.0/,Tim,108205807
67034489,StillImage,image/jpeg,https://inaturalist-open-data.s3.amazonaws.com/photos/108205758/original.jpg,https://www.inaturalist.org/photos/108205758,2020-11-01T13:00:14-08:00,Max Laubstein,iNaturalist,http://creativecommons.org/licenses/by-nc/4.0/,Max Laubstein,108205758
67034490,StillImage,image/jpeg,https://inaturalist-open-data.s3.amazonaws.com/photos/108205763/original.jpg,https://www.inaturalist.org/photos/108205763,2020-11-01T13:00:18-08:00,Max Laubstein,iNaturalist,http://creativecommons.org/licenses/by-nc/4.0/,Max Laubstein,108205763
67034491,StillImage,image/jpeg,https://inaturalist-open-data.s3.amazonaws.com/photos/108205762/original.jpg,https://www.inaturalist.org/photos/108205762,2020-11-01T13:00:15-08:00,Max Laubstein,iNaturalist,http://creativecommons.org/licenses/by-nc/4.0/,Max Laubstein,108205762
67034492,StillImage,image/jpeg,https://inaturalist-open-data.s3.amazonaws.com/photos/108205811/original.jpeg,https://www.inaturalist.org/photos/108205811,2020-12-19T10:45:39-08:00,Doreen,iNaturalist,http://creativecommons.org/licenses/by/4.0/,Doreen,108205811
67034496,StillImage,image/jpeg,https://inaturalist-open-data.s3.amazonaws.com/photos/108205823/original.jpg,https://www.inaturalist.org/photos/108205823,2020-12-25T05:49:51Z,Thomas Mesaglio,iNaturalist,http://creativecommons.org/licenses/by/4.0/,Thomas Mesaglio,108205823
67034496,StillImage,image/jpeg,https://inaturalist-open-data.s3.amazonaws.com/photos/108205832/original.jpg,https://www.inaturalist.org/photos/108205832,2020-12-25T05:49:51Z,Thomas Mesaglio,iNaturalist,http://creativecommons.org/licenses/by/4.0/,Thomas Mesaglio,108205832
67034497,StillImage,image/jpeg,https://inaturalist-open-data.s3.amazonaws.com/photos/108205831/original.jpg,https://www.inaturalist.org/photos/108205831,2020-12-25T00:32:14Z,Gerrit van den Bergh,iNaturalist,http://creativecommons.org/licenses/by-nc/4.0/,Gerrit van den Bergh,108205831
67034498,StillImage,image/jpeg,https://inaturalist-open-data.s3.amazonaws.com/photos/108205827/original.jpeg,https://www.inaturalist.org/photos/108205827,2020-08-30T12:52:50-07:00,Paulo Acevedo,iNaturalist,http://creativecommons.org/licenses/by-nc/4.0/,Paulo Acevedo,108205827
67034506,StillImage,image/jpeg,https://inaturalist-open-data.s3.amazonaws.com/photos/108205856/original.jpeg,https://www.inaturalist.org/photos/108205856,2020-12-03T16:41:48-08:00,Tim,iNaturalist,http://creativecommons.org/licenses/by/4.0/,Tim,108205856
67034506,StillImage,image/jpeg,https://inaturalist-open-data.s3.amazonaws.com/photos/108205861/original.jpeg,https://www.inaturalist.org/photos/108205861,2020-12-03T16:41:50-08:00,Tim,iNaturalist,http://creativecommons.org/licenses/by/4.0/,Tim,108205861
67034508,StillImage,image/jpeg,https://inaturalist-open-data.s3.amazonaws.com/photos/108205818/original.jpeg,https://www.inaturalist.org/photos/108205818,2005-02-20T10:35:31-08:00,auntie_uncle,iNaturalist,http://creativecommons.org/licenses/by-nc/4.0/,auntie_uncle,108205818
67034509,StillImage,image/jpeg,https://inaturalist-open-data.s3.amazonaws.com/photos/108205853/original.jpg,https://www.inaturalist.org/photos/108205853,2020-11-07T21:58:32-08:00,Max Laubstein,iNaturalist,http://creativecommons.org/licenses/by-nc/4.0/,Max Laubstein,108205853
67034511,StillImage,image/jpeg,https://inaturalist-open-data.s3.amazonaws.com/photos/108205874/original.jpeg,https://www.inaturalist.org/photos/108205874,2020-12-03T16:45:34-08:00,Tim,iNaturalist,http://creativecommons.org/licenses/by/4.0/,Tim,108205874
67034511,StillImage,image/jpeg,https://inaturalist-open-data.s3.amazonaws.com/photos/108205879/original.jpeg,https://www.inaturalist.org/photos/108205879,2020-12-03T16:45:37-08:00,Tim,iNaturalist,http://creativecommons.org/licenses/by/4.0/,Tim,108205879
67034512,StillImage,image/jpeg,https://inaturalist-open-data.s3.amazonaws.com/photos/108205878/original.jpeg,https://www.inaturalist.org/photos/108205878,2020-12-25T14:20:17-08:00,John T,iNaturalist,http://creativecommons.org/licenses/by-nc/4.0/,John T,108205878
67034516,StillImage,image/jpeg,https://inaturalist-open-data.s3.amazonaws.com/photos/108205892/original.jpeg,https://www.inaturalist.org/photos/108205892,2020-12-03T16:54:13-08:00,Tim,iNaturalist,http://creativecommons.org/licenses/by/4.0/,Tim,108205892
67034516,StillImage,image/jpeg,https://inaturalist-open-data.s3.amazonaws.com/photos/108205897/original.jpeg,https://www.inaturalist.org/photos/108205897,2020-12-03T16:54:15-08:00,Tim,iNaturalist,http://creativecommons.org/licenses/by/4.0/,Tim,108205897
67034517,StillImage,image/jpeg,https://inaturalist-open-data.s3.amazonaws.com/photos/108205902/original.jpg,https://www.inaturalist.org/photos/108205902,2020-12-25T00:35:02Z,Gerrit van den Bergh,iNaturalist,http://creativecommons.org/licenses/by-nc/4.0/,Gerrit van den Bergh,108205902
67034517,StillImage,image/jpeg,https://inaturalist-open-data.s3.amazonaws.com/photos/108205896/original.jpg,https://www.inaturalist.org/photos/108205896,2020-12-25T00:35:02Z,Gerrit van den Bergh,iNaturalist,http://creativecommons.org/licenses/by-nc/4.0/,Gerrit van den Bergh,108205896
67034518,StillImage,image/jpeg,https://inaturalist-open-data.s3.amazonaws.com/photos/108205898/original.jpeg,https://www.inaturalist.org/photos/108205898,2020-08-30T12:55:07-07:00,Paulo Acevedo,iNaturalist,http://creativecommons.org/licenses/by-nc/4.0/,Paulo Acevedo,108205898
67034520,StillImage,image/jpeg,https://inaturalist-open-data.s3.amazonaws.com/photos/108205967/original.jpeg,https://www.inaturalist.org/photos/108205967,2019-07-26T17:12:24-07:00,Willem Van Zyl,iNaturalist,http://creativecommons.org/licenses/by-nc/4.0/,Willem Van Zyl,108205967
67034520,StillImage,image/jpeg,https://inaturalist-open-data.s3.amazonaws.com/photos/108205976/original.jpeg,https://www.inaturalist.org/photos/108205976,2019-07-26T17:12:17-07:00,Willem Van Zyl,iNaturalist,http://creativecommons.org/licenses/by-nc/4.0/,Willem Van Zyl,108205976
67034521,StillImage,image/jpeg,https://inaturalist-open-data.s3.amazonaws.com/photos/108205901/original.jpeg,https://www.inaturalist.org/photos/108205901,2017-10-14T10:57:04-07:00,Albert Kang,iNaturalist,http://creativecommons.org/licenses/by-nc/4.0/,Albert Kang,108205901
67034525,StillImage,image/jpeg,https://inaturalist-open-data.s3.amazonaws.com/photos/108205912/original.jpeg,https://www.inaturalist.org/photos/108205912,2020-12-03T17:23:18-08:00,Tim,iNaturalist,http://creativecommons.org/licenses/by/4.0/,Tim,108205912
67034525,StillImage,image/jpeg,https://inaturalist-open-data.s3.amazonaws.com/photos/108205915/original.jpeg,https://www.inaturalist.org/photos/108205915,2020-12-03T17:23:21-08:00,Tim,iNaturalist,http://creativecommons.org/licenses/by/4.0/,Tim,108205915
