id,occurrenceID,basisOfRecord,modified,institutionCode,collectionCode,datasetName,informationWithheld,catalogNumber,references,occurrenceRemarks,recordedBy,recordedByID,identifiedBy,identifiedByID,captive,eventDate,eventTime,verbatimEventDate,verbatimLocality,decimalLatitude,decimalLongitude,coordinateUncertaintyInMeters,geodeticDatum,countryCode,stateProvince,identificationID,dateIdentified,identificationRemarks,taxonID,scientificName,taxonRank,kingdom,phylum,class,order,family,genus,license,rightsHolder,inaturalistLogin,publishingCountry,projectId,sex,lifeStage,reproductiveCondition,vitality,dynamicProperties
201101237,https://www.inaturalist.org/observations/201101237,HumanObservation,2024-03-04T13:50:06Z,iNaturalist,Observations,iNaturalist research-grade observations,,201101237,https://www.inaturalist.org/observations/201101237,,Samulik,,Harri Nygren,,wild,2024-03-03T10:27:34+02:00,10:27:34+02:00,2024-03-03 10:27:34+02:00,"Untolantie, Riihimäki, 06, FI",60.75938,24.7739083333,30.0,EPSG:4326,FI,Western Finland,456530929.0,2024-03-03T17:16:11Z,Mustakääpä,1061180,Phellinus igniarius trivialis,variety,Fungi,Basidiomycota,Agaricomycetes,Hymenochaetales,Hymenochaetaceae,Phellinus,http://creativecommons.org/licenses/by-nc/4.0/,Samulik,samuli_k,FI,,,,,,
201101238,https://www.inaturalist.org/observations/201101238,HumanObservation,2024-03-15T19:59:13Z,iNaturalist,Observations,iNaturalist research-grade observations,,201101238,https://www.inaturalist.org/observations/201101238,,Igor Derevskov,,Igor Derevskov,,wild,2024-03-02T16:27:00+05:00,16:27:00+05:00,2024-03-02 16:27:00,"Челябинская обл., Россия, 455047",53.3438215424,58.9186732471,1221.0,EPSG:4326,RU,Chelyabinsk,456421018.0,2024-03-03T08:28:24Z,,7429,Bombycilla garrulus,species,Animalia,Chordata,Aves,Passeriformes,Bombycillidae,Bombycilla,http://creativecommons.org/licenses/by-nc/4.0/,Igor Derevskov,igorderevskov,,,,,,,
201101239,https://www.inaturalist.org/observations/201101239,HumanObservation,2025-02-12T20:26:21Z,iNaturalist,Observations,iNaturalist research-grade observations,,201101239,https://www.inaturalist.org/observations/201101239,,Dustin Snider,,Dustin Snider,,wild,2023-08-03T15:24:18-07:00,15:24:18-07:00,2023-08-03 16:24:18-06:00,"Nancy Greene Park, Kootenay Boundary, BC, CA",49.2593474212,-117.9415097722,74.0,EPSG:4326,CA,British Columbia,456421019.0,2024-03-03T08:28:25Z,,50739,Platanthera stricta,species,Plantae,Tracheophyta,Liliopsida,Asparagales,Orchidaceae,Platanthera,http://creativecommons.org/licenses/by-nc/4.0/,Dustin Snider,dustin777,CA,,,,,,
201101240,https://www.inaturalist.org/observations/201101240,HumanObservation,2024-03-03T08:30:06Z,iNaturalist,Observations,iNaturalist research-grade observations,,201101240,https://www.inaturalist.org/observations/201101240,,Elias,,Elias,,wild,2024-03-03T08:21:21+01:00,08:21:21+01:00,2024-03-03 08:21:21,"Straßgang, Graz, Austria",47.0355998949,15.391699858,4.0,EPSG:4326,AT,Steiermark,456421023.0,2024-03-03T08:28:27Z,,55814,Corydalis solida,species,Plantae,Tracheophyta,Magnoliopsida,Ranunculales,Papaveraceae,Corydalis,http://creativecommons.org/publicdomain/zero/1.0/,Elias,elias105,,,,,,,
201101241,https://www.inaturalist.org/observations/201101241,HumanObservation,2024-03-03T13:11:15Z,iNaturalist,Observations,iNaturalist research-grade observations,,201101241,https://www.inaturalist.org/observations/201101241,,Aleksey,,fornax313,,wild,2024-02-08T11:28:00+03:00,11:28:00+03:00,2024/02/08 11:28,Феодосия,45.0307208508,35.396261597,7216.0,EPSG:4326,UA,Crimea,456449478.0,2024-03-03T11:43:47Z,?,987315,Aloconota gregaria,species,Animalia,Arthropoda,Insecta,Coleoptera,Staphylinidae,Aloconota,http://creativecommons.org/licenses/by-nc/4.0/,Aleksey,sazhnev,,,,,,,
201101245,https://www.inaturalist.org/observations/201101245,HumanObservation,2024-03-04T05:41:50Z,iNaturalist,Observations,iNaturalist research-grade observations,,201101245,https://www.inaturalist.org/observations/201101245,Clinton Rocks Victoria Subsp sophorae look,arthurjoestephens,,jackiemiles,,wild,2024-03-03T16:03:18+11:00,16:03:18+11:00,2024-03-03 16:03:18+11:00,"Croajingolong, E. Gippsland - Orbost, AU-VI, AU",-37.7774454451,149.199178226,5.0,EPSG:4326,AU,Victoria,456689890.0,2024-03-04T03:18:41Z,,244653,Acacia longifolia sophorae,subspecies,Plantae,Tracheophyta,Magnoliopsida,Fabales,Fabaceae,Acacia,http://creativecommons.org/licenses/by-nc/4.0/,arthurjoestephens,arthurjoestephens,,,,,,,
201101246,https://www.inaturalist.org/observations/201101246,HumanObservation,2024-07-19T07:39:41Z,iNaturalist,Observations,iNaturalist research-grade observations,,201101246,https://www.inaturalist.org/observations/201101246,,davidsando,,davidsando,,wild,2024-03-03T13:22:00+10:30,13:22:00+10:30,2024/03/03 1:22 PM,"Keith SA 5267, Australia",-36.1335781675,140.3982687073,31.0,EPSG:4326,AU,South Australia,456421047.0,2024-03-03T08:28:42Z,,7176,Chenonetta jubata,species,Animalia,Chordata,Aves,Anseriformes,Anatidae,Chenonetta,http://creativecommons.org/licenses/by-nc/4.0/,davidsando,davidsando,AU,,,,,,
201101249,https://www.inaturalist.org/observations/201101249,HumanObservation,2024-09-05T08:13:55Z,iNaturalist,Observations,iNaturalist research-grade observations,,201101249,https://www.inaturalist.org/observations/201101249,Killed/paralysed by wasp,Jarah Marginata,,Eathan Douglas,,wild,2024-02-15T14:45:27+11:00,14:45:27+11:00,2024-02-15 14:45:27+11:00,"Central Ward, Noorat, VIC, AU",-38.1816533333,142.9346616667,215.0,EPSG:4326,AU,Victoria,456456894.0,2024-03-03T12:27:36Z,,553879,Neosparassus patellatus,species,Animalia,Arthropoda,Arachnida,Araneae,Sparassidae,Neosparassus,http://creativecommons.org/licenses/by-nc/4.0/,Jarah Marginata,jarah,AU,,,,,,
201101250,https://www.inaturalist.org/observations/201101250,HumanObservation,2024-03-03T09:28:10Z,iNaturalist,Observations,iNaturalist research-grade observations,,201101250,https://www.inaturalist.org/observations/201101250,,vishnu_uplc,,vishnu_uplc,,wild,2023-12-25T13:46:00+05:30,13:46:00+05:30,2023/12/25 1:46 PM,"Nawabganj, Uttar Pradesh, India",28.5405365,79.6305599,267.0,EPSG:4326,IN,Uttar Pradesh,456421054.0,2024-03-03T08:28:46Z,,474332,Porphyrio poliocephalus,species,Animalia,Chordata,Aves,Gruiformes,Rallidae,Porphyrio,http://creativecommons.org/licenses/by-nc/4.0/,vishnu_uplc,vishnu_uplc,,,,,,,
201101251,https://www.inaturalist.org/observations/201101251,HumanObservation,2024-03-03T08:33:07Z,iNaturalist,Observations,iNaturalist research-grade observations,,201101251,https://www.inaturalist.org/observations/201101251,,Elias,,Elias,,wild,2024-03-03T08:12:38+01:00,08:12:38+01:00,2024-03-03 08:12:38,"Straßgang, Graz, Austria",47.0351805556,15.3924194444,,EPSG:4326,AT,Steiermark,456421059.0,2024-03-03T08:28:49Z,,126188,Gagea lutea,species,Plantae,Tracheophyta,Liliopsida,Liliales,Liliaceae,Gagea,http://creativecommons.org/publicdomain/zero/1.0/,Elias,elias105,,,,,,,
201101254,https://www.inaturalist.org/observations/201101254,HumanObservation,2024-03-12T13:20:26Z,iNaturalist,Observations,iNaturalist research-grade observations,,201101254,https://www.inaturalist.org/observations/201101254,,Martina Kišelová,,Richard Bulva,,wild,2023-06-24T12:47:00+02:00,12:47:00+02:00,2023/06/24 12:47,"Doksy, Česko",50.5805297098,14.636030058,3328.0,EPSG:4326,CZ,Liberecký,456436868.0,2024-03-03T10:10:59Z,,467853,Macaria brunneata,species,Animalia,Arthropoda,Insecta,Lepidoptera,Geometridae,Macaria,http://creativecommons.org/licenses/by-nc/4.0/,Martina Kišelová,marhi_226,,,,,,,
201101257,https://www.inaturalist.org/observations/201101257,HumanObservation,2024-03-03T08:42:01Z,iNaturalist,Observations,iNaturalist research-grade observations,Coordinate uncertainty increased to 29727m at the request of the observer,201101257,https://www.inaturalist.org/observations/201101257,,Aaron Bean,,Aaron Bean,,wild,2024-03-01T08:37:00+10:00,08:37:00+10:00,2024/03/01 8:37 AM,"Queensland, AU",-27.5504144031,152.361017871,29727.0,EPSG:4326,AU,Queensland,456421085.0,2024-03-03T08:29:05Z,,7990,Coracina novaehollandiae,species,Animalia,Chordata,Aves,Passeriformes,Campephagidae,Coracina,http://creativecommons.org/licenses/by-nc/4.0/,Aaron Bean,beaniana08,,,,,,,
201101258,https://www.inaturalist.org/observations/201101258,HumanObservation,2024-03-04T10:40:19Z,iNaturalist,Observations,iNaturalist research-grade observations,Coordinate uncertainty increased to 29727m at the request of the observer,201101258,https://www.inaturalist.org/observations/201101258,,Aaron Bean,,Aaron Bean,,wild,2024-03-01T08:26:00+10:00,08:26:00+10:00,2024/03/01 8:26 AM,"Queensland, AU",-27.4924805863,152.2204934159,29727.0,EPSG:4326,AU,Queensland,456421086.0,2024-03-03T08:29:05Z,,2464,Todiramphus sanctus,species,Animalia,Chordata,Aves,Coraciiformes,Alcedinidae,Todiramphus,http://creativecommons.org/licenses/by-nc/4.0/,Aaron Bean,beaniana08,,,,,,,
201101259,https://www.inaturalist.org/observations/201101259,HumanObservation,2024-03-29T02:11:11Z,iNaturalist,Observations,iNaturalist research-grade observations,Coordinate uncertainty increased to 29727m at the request of the observer,201101259,https://www.inaturalist.org/observations/201101259,,Aaron Bean,,Ross Coupland,,wild,2024-03-01T13:29:00+10:00,13:29:00+10:00,2024/03/01 1:29 PM,"Queensland, AU",-27.4378058514,152.3429322504,29727.0,EPSG:4326,AU,Queensland,456438649.0,2024-03-03T10:22:58Z,,566219,Tropidoderus rhodomus,species,Animalia,Arthropoda,Insecta,Phasmida,Phasmatidae,Tropidoderus,http://creativecommons.org/licenses/by-nc/4.0/,Aaron Bean,beaniana08,,,,,,,
201101260,https://www.inaturalist.org/observations/201101260,HumanObservation,2024-03-03T10:06:53Z,iNaturalist,Observations,iNaturalist research-grade observations,Coordinate uncertainty increased to 29727m at the request of the observer,201101260,https://www.inaturalist.org/observations/201101260,,Aaron Bean,,Aaron Bean,,wild,2024-03-01T13:39:00+10:00,13:39:00+10:00,2024/03/01 1:39 PM,"Queensland, AU",-27.5557278829,152.3001165495,29727.0,EPSG:4326,AU,Queensland,456421088.0,2024-03-03T08:29:06Z,,6969,Anas gracilis,species,Animalia,Chordata,Aves,Anseriformes,Anatidae,Anas,http://creativecommons.org/licenses/by-nc/4.0/,Aaron Bean,beaniana08,,,,,,,
201101261,https://www.inaturalist.org/observations/201101261,HumanObservation,2024-03-03T10:17:46Z,iNaturalist,Observations,iNaturalist research-grade observations,Coordinate uncertainty increased to 29727m at the request of the observer,201101261,https://www.inaturalist.org/observations/201101261,,Aaron Bean,,Aaron Bean,,wild,2024-03-01T13:39:00+10:00,13:39:00+10:00,2024/03/01 1:39 PM,"Queensland, AU",-27.489248222,152.3480104695,29727.0,EPSG:4326,AU,Queensland,456421089.0,2024-03-03T08:29:07Z,,6905,Anseranas semipalmata,species,Animalia,Chordata,Aves,Anseriformes,Anseranatidae,Anseranas,http://creativecommons.org/licenses/by-nc/4.0/,Aaron Bean,beaniana08,,,,,,,
201101262,https://www.inaturalist.org/observations/201101262,HumanObservation,2024-03-03T08:42:44Z,iNaturalist,Observations,iNaturalist research-grade observations,Coordinate uncertainty increased to 29727m at the request of the observer,201101262,https://www.inaturalist.org/observations/201101262,,Aaron Bean,,Aaron Bean,,wild,2024-03-01T13:39:00+10:00,13:39:00+10:00,2024/03/01 1:39 PM,"Queensland, AU",-27.4252345323,152.3341214516,29727.0,EPSG:4326,AU,Queensland,456421090.0,2024-03-03T08:29:07Z,,4243,Tachybaptus novaehollandiae,species,Animalia,Chordata,Aves,Podicipediformes,Podicipedidae,Tachybaptus,http://creativecommons.org/licenses/by-nc/4.0/,Aaron Bean,beaniana08,,,,,,,
201101263,https://www.inaturalist.org/observations/201101263,HumanObservation,2024-03-03T08:42:49Z,iNaturalist,Observations,iNaturalist research-grade observations,Coordinate uncertainty increased to 29727m at the request of the observer,201101263,https://www.inaturalist.org/observations/201101263,,Aaron Bean,,Aaron Bean,,wild,2024-03-01T18:18:00+10:00,18:18:00+10:00,2024/03/01 6:18 PM,"Queensland, AU",-27.4243486162,152.2784410406,29727.0,EPSG:4326,AU,Queensland,456421094.0,2024-03-03T08:29:08Z,,12657,Plectorhyncha lanceolata,species,Animalia,Chordata,Aves,Passeriformes,Meliphagidae,Plectorhyncha,http://creativecommons.org/licenses/by-nc/4.0/,Aaron Bean,beaniana08,,,,,,,
201101264,https://www.inaturalist.org/observations/201101264,HumanObservation,2024-03-03T08:42:53Z,iNaturalist,Observations,iNaturalist research-grade observations,Coordinate uncertainty increased to 29727m at the request of the observer,201101264,https://www.inaturalist.org/observations/201101264,,Aaron Bean,,Aaron Bean,,wild,2024-03-01T17:41:00+10:00,17:41:00+10:00,2024/03/01 5:41 PM,"Queensland, AU",-27.468211855,152.2086335018,29727.0,EPSG:4326,AU,Queensland,456421095.0,2024-03-03T08:29:08Z,,100695,Eudynamys orientalis,species,Animalia,Chordata,Aves,Cuculiformes,Cuculidae,Eudynamys,http://creativecommons.org/licenses/by-nc/4.0/,Aaron Bean,beaniana08,,,,,,,
201101270,https://www.inaturalist.org/observations/201101270,HumanObservation,2024-11-23T13:44:33Z,iNaturalist,Observations,iNaturalist research-grade observations,Coordinate uncertainty increased to 30069m at the request of the observer,201101270,https://www.inaturalist.org/observations/201101270,,hakkahamushi,,hakkahamushi,,wild,2014-03-14T13:59:00+09:00,13:59:00+09:00,2014/03/14 13:59,"Okinawa, JP",24.5596651282,124.1829086035,30069.0,EPSG:4326,JP,Okinawa,456421121.0,2024-03-03T08:29:20Z,,1103154,Duolandrevus yaeyamensis,species,Animalia,Arthropoda,Insecta,Orthoptera,Gryllidae,Duolandrevus,http://creativecommons.org/licenses/by-nc/4.0/,hakkahamushi,hakkahamushi,,https://www.inaturalist.org/projects/arthropod-faces,female,adult,,alive,"{""evidenceOfPresence"":""organism""}"
201101271,https://www.inaturalist.org/observations/201101271,HumanObservation,2025-01-08T13:31:33Z,iNaturalist,Observations,iNaturalist research-grade observations,Coordinate uncertainty increased to 30069m at the request of the observer,201101271,https://www.inaturalist.org/observations/201101271,,hakkahamushi,,hakkahamushi,,wild,2014-03-14T16:08:00+09:00,16:08:00+09:00,2014/03/14 16:08,"Okinawa, JP",24.4402479272,124.0703305794,30069.0,EPSG:4326,JP,Okinawa,456421122.0,2024-03-03T08:29:20Z,,1084185,Nasutitermes takasagoensis,species,Animalia,Arthropoda,Insecta,Blattodea,Termitidae,Nasutitermes,http://creativecommons.org/licenses/by-nc/4.0/,hakkahamushi,hakkahamushi,,,,adult,,alive,"{""evidenceOfPresence"":""organism""}"
201101272,https://www.inaturalist.org/observations/201101272,HumanObservation,2024-03-03T12:30:04Z,iNaturalist,Observations,iNaturalist research-grade observations,Coordinate uncertainty increased to 30069m at the request of the observer,201101272,https://www.inaturalist.org/observations/201101272,,hakkahamushi,,hakkahamushi,,wild,2014-03-14T20:06:00+09:00,20:06:00+09:00,2014/03/14 20:06,"Okinawa, JP",24.4600719191,124.2267060833,30069.0,EPSG:4326,JP,Okinawa,456421124.0,2024-03-03T08:29:21Z,,1125824,Microhyla kuramotoi,species,Animalia,Chordata,Amphibia,Anura,Microhylidae,Microhyla,http://creativecommons.org/licenses/by-nc/4.0/,hakkahamushi,hakkahamushi,,,,adult,,alive,"{""evidenceOfPresence"":""organism""}"
201101278,https://www.inaturalist.org/observations/201101278,HumanObservation,2024-03-08T13:52:52Z,iNaturalist,Observations,iNaturalist research-grade observations,,201101278,https://www.inaturalist.org/observations/201101278,,sylphng,,sylphng,,wild,2024-03-03T08:30:00+08:00,08:30:00+08:00,2024-03-03 08:30:00+08:00,"Sungei Buloh Wetland Reserve, SG",1.4470521793,103.7240917138,326.0,EPSG:4326,SG,North,456421133.0,2024-03-03T08:29:23Z,,4943,Egretta garzetta,species,Animalia,Chordata,Aves,Pelecaniformes,Ardeidae,Egretta,http://creativecommons.org/licenses/by-nc/4.0/,sylphng,sylphng,,,,,,,
201101281,https://www.inaturalist.org/observations/201101281,HumanObservation,2025-03-23T05:35:52Z,iNaturalist,Observations,iNaturalist research-grade observations,,201101281,https://www.inaturalist.org/observations/201101281,,Jarah Marginata,,Jarah Marginata,,wild,2024-02-15T20:59:44+11:00,20:59:44+11:00,2024-02-15 20:59:44+11:00,"Moyne Shire, Bessiebelle, VIC, AU",-38.1581611667,141.9027416667,14267.0,EPSG:4326,AU,Victoria,456421147.0,2024-03-03T08:29:29Z,,23668,Litoria ewingii,species,Animalia,Chordata,Amphibia,Anura,Hylidae,Litoria,http://creativecommons.org/licenses/by-nc/4.0/,Jarah Marginata,jarah,AU,,,,,,
201101282,https://www.inaturalist.org/observations/201101282,HumanObservation,2024-03-04T07:34:17Z,iNaturalist,Observations,iNaturalist research-grade observations,,201101282,https://www.inaturalist.org/observations/201101282,,smfang,,smfang,,wild,2024-03-01T15:49:05-08:00,15:49:05-08:00,2024-03-01 15:49:05-08:00,"Anza-Borrego Desert State Park, Borrego Springs, CA, US",33.3495416667,-116.3750216667,77.0,EPSG:4326,US,California,456421152.0,2024-03-03T08:29:31Z,,79366,Tiquilia palmeri,species,Plantae,Tracheophyta,Magnoliopsida,Boraginales,Boraginaceae,Tiquilia,http://creativecommons.org/licenses/by-nc/4.0/,smfang,smfang,,https://www.inaturalist.org/projects/san-diego-county-california-biodiversity|https://www.inaturalist.org/projects/san-diego-county-plant-atlas|https://www.inaturalist.org/projects/flora-of-anza-borrego-state-park-and-adjacent-desert,,,,,
201101283,https://www.inaturalist.org/observations/201101283,HumanObservation,2024-03-03T13:22:59Z,iNaturalist,Observations,iNaturalist research-grade observations,,201101283,https://www.inaturalist.org/observations/201101283,,belugagirl2024,,belugagirl2024,,wild,2020-11-01T14:58:42-05:00,14:58:42-05:00,2020-11-01 14:58:42,"Duck Key, FL 33050, USA",24.7669668809,-80.9455091134,200.0,EPSG:4326,US,Florida,456421153.0,2024-03-03T08:29:32Z,,35342,Iguana iguana,species,Animalia,Chordata,Reptilia,Squamata,Iguanidae,Iguana,http://creativecommons.org/licenses/by-nc/4.0/,belugagirl2024,belugagirl2024,,https://www.inaturalist.org/projects/florida-keys-biodiversity|https://www.inaturalist.org/projects/herps-of-florida,,,,,
201101286,https://www.inaturalist.org/observations/201101286,HumanObservation,2024-03-08T13:52:48Z,iNaturalist,Observations,iNaturalist research-grade observations,,201101286,https://www.inaturalist.org/observations/201101286,,sylphng,,sylphng,,wild,2024-03-03T09:00:00+08:00,09:00:00+08:00,2024-03-03 09:00:00+08:00,"Sungei Buloh Wetland Reserve, SG",1.4467925283,103.7240829598,311.0,EPSG:4326,SG,North,456421161.0,2024-03-03T08:29:37Z,,3879,Tringa totanus,species,Animalia,Chordata,Aves,Charadriiformes,Scolopacidae,Tringa,http://creativecommons.org/licenses/by-nc/4.0/,sylphng,sylphng,,,,,,,
201101289,https://www.inaturalist.org/observations/201101289,HumanObservation,2024-03-03T08:51:14Z,iNaturalist,Observations,iNaturalist research-grade observations,,201101289,https://www.inaturalist.org/observations/201101289,,Margarita Gafurova,,Margarita Gafurova,,wild,2023-08-22T14:23:00+03:00,14:23:00+03:00,2023/08/22 14:23,"Чебоксарский р-н, Чувашская Респ., Россия",56.106813491,47.4392530082,61.0,EPSG:4326,RU,Chuvash,456421169.0,2024-03-03T08:29:41Z,,51712,Bidens frondosa,species,Plantae,Tracheophyta,Magnoliopsida,Asterales,Asteraceae,Bidens,http://creativecommons.org/licenses/by-nc/4.0/,Margarita Gafurova,mmgafurova,,,,,,,
201101291,https://www.inaturalist.org/observations/201101291,HumanObservation,2024-03-08T13:22:39Z,iNaturalist,Observations,iNaturalist research-grade observations,,201101291,https://www.inaturalist.org/observations/201101291,,sylphng,,sylphng,,wild,2024-03-03T11:30:00+08:00,11:30:00+08:00,2024-03-03 11:30:00+08:00,"Sungei Buloh Wetland Reserve, SG",1.446811801,103.7240467128,184.0,EPSG:4326,SG,North,456421175.0,2024-03-03T08:29:43Z,,4951,Ardea purpurea,species,Animalia,Chordata,Aves,Pelecaniformes,Ardeidae,Ardea,http://creativecommons.org/licenses/by-nc/4.0/,sylphng,sylphng,,,,,,,
201101295,https://www.inaturalist.org/observations/201101295,HumanObservation,2024-03-08T13:22:42Z,iNaturalist,Observations,iNaturalist research-grade observations,,201101295,https://www.inaturalist.org/observations/201101295,,sylphng,,sylphng,,wild,2024-03-03T12:00:00+08:00,12:00:00+08:00,2024-03-03 12:00:00+08:00,"Sungei Buloh Wetland Reserve, SG",1.446771584,103.7240713858,147.0,EPSG:4326,SG,North,456421183.0,2024-03-03T08:29:48Z,,4981,Nycticorax nycticorax,species,Animalia,Chordata,Aves,Pelecaniformes,Ardeidae,Nycticorax,http://creativecommons.org/licenses/by-nc/4.0/,sylphng,sylphng,,,,,,,
201101296,https://www.inaturalist.org/observations/201101296,HumanObservation,2024-03-03T13:49:34Z,iNaturalist,Observations,iNaturalist research-grade observations,,201101296,https://www.inaturalist.org/observations/201101296,,Василий,,Василий,,wild,2023-08-04T08:36:00+07:00,08:36:00+07:00,2023/08/04 08:36,"Новая Ювала, Томская обл., Россия, 636165",56.29853,83.42698,,EPSG:4326,RU,Tomsk,456421185.0,2024-03-03T08:29:49Z,,117016,Phylloscopus collybita,species,Animalia,Chordata,Aves,Passeriformes,Phylloscopidae,Phylloscopus,http://creativecommons.org/licenses/by-nc/4.0/,Василий,vakula65,,,,,,,
201101299,https://www.inaturalist.org/observations/201101299,HumanObservation,2024-03-05T06:50:12Z,iNaturalist,Observations,iNaturalist research-grade observations,Coordinate uncertainty increased to 29120m at the request of the observer,201101299,https://www.inaturalist.org/observations/201101299,,Jordan M,,Jordan M,,wild,2024-03-03T16:04:35+08:00,16:04:35+08:00,2024-03-03 16:04:35+08:00,"Western Australia, AU",-32.2795913594,115.8475836242,29120.0,EPSG:4326,AU,Western Australia,456421199.0,2024-03-03T08:30:01Z,,20907,Turnix varius,species,Animalia,Chordata,Aves,Charadriiformes,Turnicidae,Turnix,http://creativecommons.org/licenses/by-nc/4.0/,Jordan M,jordanrae,AU,,,,,,
201101301,https://www.inaturalist.org/observations/201101301,HumanObservation,2024-03-03T18:27:40Z,iNaturalist,Observations,iNaturalist research-grade observations,,201101301,https://www.inaturalist.org/observations/201101301,Approx 2 cm across wings,kiwipom,,Neville Hudson,,wild,2024-03-03T21:28:43+13:00,21:28:43+13:00,2024-03-03 21:28:43,"Te Ore Ore, Masterton, New Zealand",-40.9552966667,175.692805,4.0,EPSG:4326,NZ,Wellington,456547319.0,2024-03-03T18:11:58Z,,1004767,Phrissogonus laticostata,species,Animalia,Arthropoda,Insecta,Lepidoptera,Geometridae,Phrissogonus,http://creativecommons.org/licenses/by-nc/4.0/,kiwipom,kiwipom,NZ,,female,adult,,alive,"{""evidenceOfPresence"":""organism""}"
201101302,https://www.inaturalist.org/observations/201101302,HumanObservation,2024-03-04T03:17:52Z,iNaturalist,Observations,iNaturalist research-grade observations,,201101302,https://www.inaturalist.org/observations/201101302,Clinton Rocks Victoria,arthurjoestephens,,arthurjoestephens,,wild,2024-03-03T16:05:29+11:00,16:05:29+11:00,2024-03-03 16:05:29+11:00,"Croajingolong, E. Gippsland - Orbost, AU-VI, AU",-37.7773130151,149.1991909994,7.0,EPSG:4326,AU,Victoria,456421218.0,2024-03-03T08:30:11Z,,323840,Myoporum insulare,species,Plantae,Tracheophyta,Magnoliopsida,Lamiales,Scrophulariaceae,Myoporum,http://creativecommons.org/licenses/by-nc/4.0/,arthurjoestephens,arthurjoestephens,,,,,fruits or seeds,,
201101303,https://www.inaturalist.org/observations/201101303,HumanObservation,2024-03-05T20:40:57Z,iNaturalist,Observations,iNaturalist research-grade observations,,201101303,https://www.inaturalist.org/observations/201101303,,Alexey V. Ivanov,,Alexey V. Ivanov,,wild,2024-02-29T16:55:00+03:00,16:55:00+03:00,2024/02/29 16:55,"Kanashskiy rayon, Chuvash, Russia",55.5427166667,47.3593916667,,EPSG:4326,RU,Chuvash,456421219.0,2024-03-03T08:30:11Z,,19910,Strix uralensis,species,Animalia,Chordata,Aves,Strigiformes,Strigidae,Strix,http://creativecommons.org/licenses/by-nc/4.0/,Alexey V. Ivanov,wkent,,https://www.inaturalist.org/projects/owls-of-the-world,,,,,
201101304,https://www.inaturalist.org/observations/201101304,HumanObservation,2024-11-17T15:24:46Z,iNaturalist,Observations,iNaturalist research-grade observations,,201101304,https://www.inaturalist.org/observations/201101304,,Alexey V. Ivanov,,Alexey V. Ivanov,,wild,2024-03-01T11:17:00+03:00,11:17:00+03:00,2024/03/01 11:17,"Канаш, Чувашская Респ., Россия",55.5032216667,47.4872833333,,EPSG:4326,RU,Chuvash,565071983.0,2024-11-17T15:22:35Z,,145300,Acanthis flammea,species,Animalia,Chordata,Aves,Passeriformes,Fringillidae,Acanthis,http://creativecommons.org/licenses/by-nc/4.0/,Alexey V. Ivanov,wkent,,,,,,,
201101306,https://www.inaturalist.org/observations/201101306,HumanObservation,2024-03-03T09:02:13Z,iNaturalist,Observations,iNaturalist research-grade observations,,201101306,https://www.inaturalist.org/observations/201101306,,Alexey V. Ivanov,,Alexey V. Ivanov,,wild,2024-03-01T11:19:00+03:00,11:19:00+03:00,2024/03/01 11:19,"Канаш, Чувашская Респ., Россия",55.5031266667,47.4877733333,,EPSG:4326,RU,Chuvash,456421223.0,2024-03-03T08:30:12Z,,46001,Sciurus vulgaris,species,Animalia,Chordata,Mammalia,Rodentia,Sciuridae,Sciurus,http://creativecommons.org/licenses/by-nc/4.0/,Alexey V. Ivanov,wkent,,,,,,,
201101307,https://www.inaturalist.org/observations/201101307,HumanObservation,2024-03-03T09:09:18Z,iNaturalist,Observations,iNaturalist research-grade observations,,201101307,https://www.inaturalist.org/observations/201101307,,Alexey V. Ivanov,,Alexey V. Ivanov,,wild,2024-03-01T11:36:00+03:00,11:36:00+03:00,2024/03/01 11:36,"Канаш, Чувашская Респ., Россия",55.5004933333,47.48317,,EPSG:4326,RU,Chuvash,456421224.0,2024-03-03T08:30:13Z,,17943,Dendrocopos leucotos,species,Animalia,Chordata,Aves,Piciformes,Picidae,Dendrocopos,http://creativecommons.org/licenses/by-nc/4.0/,Alexey V. Ivanov,wkent,,,,,,,
201101308,https://www.inaturalist.org/observations/201101308,HumanObservation,2024-03-03T08:31:57Z,iNaturalist,Observations,iNaturalist research-grade observations,,201101308,https://www.inaturalist.org/observations/201101308,,Alexey V. Ivanov,,Alexey V. Ivanov,,wild,2024-03-02T12:21:00+03:00,12:21:00+03:00,2024/03/02 12:21,"Канаш, Чувашская Респ., Россия",55.5060216667,47.489555,,EPSG:4326,RU,Chuvash,456421225.0,2024-03-03T08:30:13Z,,144849,Cyanistes caeruleus,species,Animalia,Chordata,Aves,Passeriformes,Paridae,Cyanistes,http://creativecommons.org/licenses/by-nc/4.0/,Alexey V. Ivanov,wkent,,,,,,,
201101309,https://www.inaturalist.org/observations/201101309,HumanObservation,2024-03-03T08:46:05Z,iNaturalist,Observations,iNaturalist research-grade observations,,201101309,https://www.inaturalist.org/observations/201101309,,Alexey V. Ivanov,,Alexey V. Ivanov,,wild,2024-03-02T14:13:00+03:00,14:13:00+03:00,2024/03/02 14:13,"Канаш, Чувашская Респ., Россия",55.5108316667,47.4782366667,,EPSG:4326,RU,Chuvash,456421227.0,2024-03-03T08:30:14Z,,8029,Corvus frugilegus,species,Animalia,Chordata,Aves,Passeriformes,Corvidae,Corvus,http://creativecommons.org/licenses/by-nc/4.0/,Alexey V. Ivanov,wkent,,,,,,,
201101310,https://www.inaturalist.org/observations/201101310,HumanObservation,2024-03-04T07:34:18Z,iNaturalist,Observations,iNaturalist research-grade observations,,201101310,https://www.inaturalist.org/observations/201101310,,smfang,,smfang,,wild,2024-03-01T16:16:10-08:00,16:16:10-08:00,2024-03-01 16:16:10-08:00,"Anza-Borrego Desert State Park, Borrego Springs, CA, US",33.3401833333,-116.36885,36.0,EPSG:4326,US,California,456421228.0,2024-03-03T08:30:14Z,,76672,Dithyrea californica,species,Plantae,Tracheophyta,Magnoliopsida,Brassicales,Brassicaceae,Dithyrea,http://creativecommons.org/licenses/by-nc/4.0/,smfang,smfang,,https://www.inaturalist.org/projects/san-diego-county-plant-atlas|https://www.inaturalist.org/projects/san-diego-county-california-biodiversity|https://www.inaturalist.org/projects/flora-of-anza-borrego-state-park-and-adjacent-desert,,,,,
201101315,https://www.inaturalist.org/observations/201101315,HumanObservation,2024-03-03T08:54:00Z,iNaturalist,Observations,iNaturalist research-grade observations,,201101315,https://www.inaturalist.org/observations/201101315,,Reiner Richter,,Reiner Richter,,wild,2024-02-29T17:45:00+11:00,17:45:00+11:00,2024/02/29 5:45 PM,"Licola VIC 3858, Australia",-37.5339680556,146.6084880556,,EPSG:4326,AU,Victoria,456421245.0,2024-03-03T08:30:25Z,,79408,Trifolium arvense,species,Plantae,Tracheophyta,Magnoliopsida,Fabales,Fabaceae,Trifolium,http://creativecommons.org/licenses/by/4.0/,Reiner Richter,reiner,AU,,,,,,
201101316,https://www.inaturalist.org/observations/201101316,HumanObservation,2024-03-03T09:55:02Z,iNaturalist,Observations,iNaturalist research-grade observations,,201101316,https://www.inaturalist.org/observations/201101316,,Reiner Richter,,Reiner Richter,,wild,2024-02-29T17:45:00+11:00,17:45:00+11:00,2024/02/29 5:45 PM,"Licola VIC 3858, Australia",-37.5339680556,146.6084880556,,EPSG:4326,AU,Victoria,456421246.0,2024-03-03T08:30:25Z,,57036,Euphorbia peplus,species,Plantae,Tracheophyta,Magnoliopsida,Malpighiales,Euphorbiaceae,Euphorbia,http://creativecommons.org/licenses/by/4.0/,Reiner Richter,reiner,AU,,,,,,
201101317,https://www.inaturalist.org/observations/201101317,HumanObservation,2024-03-03T08:32:02Z,iNaturalist,Observations,iNaturalist research-grade observations,,201101317,https://www.inaturalist.org/observations/201101317,,Reiner Richter,,Reiner Richter,,wild,2024-02-29T17:47:00+11:00,17:47:00+11:00,2024/02/29 5:47 PM,"Crookayan VIC 3858, Australia",-37.5341080556,146.60828,,EPSG:4326,AU,Victoria,456421248.0,2024-03-03T08:30:25Z,,125538,Zizina otis labradus,subspecies,Animalia,Arthropoda,Insecta,Lepidoptera,Lycaenidae,Zizina,http://creativecommons.org/licenses/by/4.0/,Reiner Richter,reiner,AU,,,,,,
201101318,https://www.inaturalist.org/observations/201101318,HumanObservation,2024-04-12T00:43:36Z,iNaturalist,Observations,iNaturalist research-grade observations,,201101318,https://www.inaturalist.org/observations/201101318,,dorayoyo,,dorayoyo,,wild,2024-03-03T13:08:51+08:00,13:08:51+08:00,2024-03-03 13:08:51+08:00,"臺灣島, 北投區, TPE, TW",25.1291055,121.5168133333,4.0,EPSG:4326,TW,Taipei,456421250.0,2024-03-03T08:30:27Z,,1394663,Emilia javanica,species,Plantae,Tracheophyta,Magnoliopsida,Asterales,Asteraceae,Emilia,http://creativecommons.org/licenses/by-nc/4.0/,dorayoyo,dorayoyo,TW,,,,,,
201101319,https://www.inaturalist.org/observations/201101319,HumanObservation,2024-03-03T09:55:13Z,iNaturalist,Observations,iNaturalist research-grade observations,,201101319,https://www.inaturalist.org/observations/201101319,,Reiner Richter,,Reiner Richter,,wild,2024-02-29T17:47:00+11:00,17:47:00+11:00,2024/02/29 5:47 PM,"Crookayan VIC 3858, Australia",-37.5341080556,146.60828,,EPSG:4326,AU,Victoria,456421251.0,2024-03-03T08:30:27Z,,79487,Verbena bonariensis,species,Plantae,Tracheophyta,Magnoliopsida,Lamiales,Verbenaceae,Verbena,http://creativecommons.org/licenses/by/4.0/,Reiner Richter,reiner,AU,,,,,,
201101320,https://www.inaturalist.org/observations/201101320,HumanObservation,2024-03-03T08:34:04Z,iNaturalist,Observations,iNaturalist research-grade observations,,201101320,https://www.inaturalist.org/observations/201101320,,Reiner Richter,,Reiner Richter,,wild,2024-02-29T17:48:00+11:00,17:48:00+11:00,2024/02/29 5:48 PM,"Crookayan VIC 3858, Australia",-37.5341080556,146.60828,,EPSG:4326,AU,Victoria,456421252.0,2024-03-03T08:30:28Z,,55626,Pieris rapae,species,Animalia,Arthropoda,Insecta,Lepidoptera,Pieridae,Pieris,http://creativecommons.org/licenses/by/4.0/,Reiner Richter,reiner,AU,,,,,,
201101321,https://www.inaturalist.org/observations/201101321,HumanObservation,2024-03-03T22:23:07Z,iNaturalist,Observations,iNaturalist research-grade observations,,201101321,https://www.inaturalist.org/observations/201101321,,Reiner Richter,,Reiner Richter,,wild,2024-02-29T17:50:00+11:00,17:50:00+11:00,2024/02/29 5:50 PM,"Crookayan VIC 3858, Australia",-37.53414,146.608345,,EPSG:4326,AU,Victoria,456421255.0,2024-03-03T08:30:29Z,,123051,Chauliognathus lugubris,species,Animalia,Arthropoda,Insecta,Coleoptera,Cantharidae,Chauliognathus,http://creativecommons.org/licenses/by/4.0/,Reiner Richter,reiner,AU,,,,,,
201101322,https://www.inaturalist.org/observations/201101322,HumanObservation,2024-03-03T08:52:03Z,iNaturalist,Observations,iNaturalist research-grade observations,,201101322,https://www.inaturalist.org/observations/201101322,,Reiner Richter,,Reiner Richter,,wild,2024-02-29T17:52:00+11:00,17:52:00+11:00,2024/02/29 5:52 PM,"Crookayan VIC 3858, Australia",-37.5342013889,146.6084080556,,EPSG:4326,AU,Victoria,456421257.0,2024-03-03T08:30:30Z,,865287,Lycopus australis,species,Plantae,Tracheophyta,Magnoliopsida,Lamiales,Lamiaceae,Lycopus,http://creativecommons.org/licenses/by/4.0/,Reiner Richter,reiner,AU,,,,,,
201101323,https://www.inaturalist.org/observations/201101323,HumanObservation,2024-03-04T07:34:19Z,iNaturalist,Observations,iNaturalist research-grade observations,,201101323,https://www.inaturalist.org/observations/201101323,,smfang,,smfang,,wild,2024-03-01T16:21:27-08:00,16:21:27-08:00,2024-03-01 16:21:27-08:00,"Anza-Borrego Desert State Park, Borrego Springs, CA, US",33.3399,-116.3694533333,4.0,EPSG:4326,US,California,456421258.0,2024-03-03T08:30:30Z,,802494,Aphyllon cooperi,species,Plantae,Tracheophyta,Magnoliopsida,Lamiales,Orobanchaceae,Aphyllon,http://creativecommons.org/licenses/by-nc/4.0/,smfang,smfang,,https://www.inaturalist.org/projects/san-diego-county-california-biodiversity|https://www.inaturalist.org/projects/san-diego-county-plant-atlas|https://www.inaturalist.org/projects/flora-of-anza-borrego-state-park-and-adjacent-desert,,,,,
201101326,https://www.inaturalist.org/observations/201101326,HumanObservation,2024-03-03T08:33:53Z,iNaturalist,Observations,iNaturalist research-grade observations,,201101326,https://www.inaturalist.org/observations/201101326,,Elias,,Elias,,wild,2024-03-03T08:55:50+01:00,08:55:50+01:00,2024-03-03 08:55:50,"Kehlbergstraße 35 Bildgungshaus, 8054 Graz, Austria",47.0357666667,15.3913388889,,EPSG:4326,AT,Steiermark,456421261.0,2024-03-03T08:30:33Z,,950603,Anemonoides nemorosa,species,Plantae,Tracheophyta,Magnoliopsida,Ranunculales,Ranunculaceae,Anemonoides,http://creativecommons.org/publicdomain/zero/1.0/,Elias,elias105,,,,,,,
201101328,https://www.inaturalist.org/observations/201101328,HumanObservation,2024-07-12T08:17:41Z,iNaturalist,Observations,iNaturalist research-grade observations,,201101328,https://www.inaturalist.org/observations/201101328,,Petra Holland,,Petra Holland,,wild,2024-03-03T13:18:00+11:00,13:18:00+11:00,2024/03/03 1:18 PM,"Barren Grounds NSW 2577, Australia",-34.6814944,150.7071232,,EPSG:4326,AU,New South Wales,456421267.0,2024-03-03T08:30:36Z,,418732,Boronia barkeriana,species,Plantae,Tracheophyta,Magnoliopsida,Sapindales,Rutaceae,Boronia,http://creativecommons.org/licenses/by/4.0/,Petra Holland,xanthosia,AU,,,,,,
201101329,https://www.inaturalist.org/observations/201101329,HumanObservation,2024-08-27T16:26:28Z,iNaturalist,Observations,iNaturalist research-grade observations,,201101329,https://www.inaturalist.org/observations/201101329,,Szymon Bzoma,,Szymon Bzoma,,wild,2024-02-28T13:35:00+02:00,13:35:00+02:00,2024/02/28 13:35,"Al Qarna, Luxor Governorate, Egipt",25.70009863,32.63228459,,EPSG:4326,EG,Al Uqsur,456421269.0,2024-03-03T08:30:36Z,,145124,Hedydipna metallica,species,Animalia,Chordata,Aves,Passeriformes,Nectariniidae,Hedydipna,http://creativecommons.org/licenses/by-nc/4.0/,Szymon Bzoma,szymon_bzoma,,https://www.inaturalist.org/projects/metalloids,,,,,
201101331,https://www.inaturalist.org/observations/201101331,HumanObservation,2024-09-18T12:11:21Z,iNaturalist,Observations,iNaturalist research-grade observations,,201101331,https://www.inaturalist.org/observations/201101331,,Szymon Bzoma,,Szymon Bzoma,,wild,2024-02-28T13:44:00+02:00,13:44:00+02:00,2024/02/28 13:44,"Al Qarna, Luxor Governorate, Egipt",25.69875247,32.6314903901,,EPSG:4326,EG,Al Uqsur,456421271.0,2024-03-03T08:30:37Z,,125512,Zizeeria karsandra,species,Animalia,Arthropoda,Insecta,Lepidoptera,Lycaenidae,Zizeeria,http://creativecommons.org/licenses/by-nc/4.0/,Szymon Bzoma,szymon_bzoma,,https://www.inaturalist.org/projects/io-database,,adult,,,
201101332,https://www.inaturalist.org/observations/201101332,HumanObservation,2024-03-04T20:43:11Z,iNaturalist,Observations,iNaturalist research-grade observations,,201101332,https://www.inaturalist.org/observations/201101332,,Szymon Bzoma,,Szymon Bzoma,,wild,2024-02-28T13:47:00+02:00,13:47:00+02:00,2024/02/28 13:47,"Al Qarna, Luxor Governorate, Egipt",25.69820137,32.6308968099,,EPSG:4326,EG,Al Uqsur,456421272.0,2024-03-03T08:30:37Z,,12023,Lanius nubicus,species,Animalia,Chordata,Aves,Passeriformes,Laniidae,Lanius,http://creativecommons.org/licenses/by-nc/4.0/,Szymon Bzoma,szymon_bzoma,,,,,,,
201101334,https://www.inaturalist.org/observations/201101334,HumanObservation,2024-03-04T20:43:05Z,iNaturalist,Observations,iNaturalist research-grade observations,,201101334,https://www.inaturalist.org/observations/201101334,,Szymon Bzoma,,Szymon Bzoma,,wild,2024-02-28T13:54:00+02:00,13:54:00+02:00,2024/02/28 13:54,"Al Qarna, Luxor Governorate, Egipt",25.69880823,32.63106287,,EPSG:4326,EG,Al Uqsur,456421275.0,2024-03-03T08:30:38Z,,1430300,Merops viridissimus,species,Animalia,Chordata,Aves,Coraciiformes,Meropidae,Merops,http://creativecommons.org/licenses/by-nc/4.0/,Szymon Bzoma,szymon_bzoma,,,,,,,
201101335,https://www.inaturalist.org/observations/201101335,HumanObservation,2024-03-04T13:12:45Z,iNaturalist,Observations,iNaturalist research-grade observations,,201101335,https://www.inaturalist.org/observations/201101335,,Szymon Bzoma,,Szymon Bzoma,,wild,2024-02-28T14:02:00+02:00,14:02:00+02:00,2024/02/28 14:02,"Al Qarna, Luxor Governorate, Egipt",25.70393225,32.63444209,,EPSG:4326,EG,Al Uqsur,456421277.0,2024-03-03T08:30:38Z,,5268,Milvus migrans,species,Animalia,Chordata,Aves,Accipitriformes,Accipitridae,Milvus,http://creativecommons.org/licenses/by-nc/4.0/,Szymon Bzoma,szymon_bzoma,,,,,,,
201101336,https://www.inaturalist.org/observations/201101336,HumanObservation,2024-03-04T20:42:54Z,iNaturalist,Observations,iNaturalist research-grade observations,,201101336,https://www.inaturalist.org/observations/201101336,,Szymon Bzoma,,Szymon Bzoma,,wild,2024-02-28T14:55:00+02:00,14:55:00+02:00,2024/02/28 14:55,"Qus, Qena Governorate, Egipt",25.8459747601,32.77452076,,EPSG:4326,EG,Qina,456421279.0,2024-03-03T08:30:38Z,,204519,Halcyon smyrnensis,species,Animalia,Chordata,Aves,Coraciiformes,Alcedinidae,Halcyon,http://creativecommons.org/licenses/by-nc/4.0/,Szymon Bzoma,szymon_bzoma,,,,,,,
201101337,https://www.inaturalist.org/observations/201101337,HumanObservation,2024-03-04T13:12:41Z,iNaturalist,Observations,iNaturalist research-grade observations,,201101337,https://www.inaturalist.org/observations/201101337,,Szymon Bzoma,,Szymon Bzoma,,wild,2024-02-28T15:32:00+02:00,15:32:00+02:00,2024/02/28 15:32,"Qena, Qena Governorate, Egipt",26.1268911999,32.77560013,,EPSG:4326,EG,Qina,456421280.0,2024-03-03T08:30:39Z,,5275,Elanus caeruleus,species,Animalia,Chordata,Aves,Accipitriformes,Accipitridae,Elanus,http://creativecommons.org/licenses/by-nc/4.0/,Szymon Bzoma,szymon_bzoma,,,,,,,
201101338,https://www.inaturalist.org/observations/201101338,HumanObservation,2024-03-03T09:49:49Z,iNaturalist,Observations,iNaturalist research-grade observations,,201101338,https://www.inaturalist.org/observations/201101338,,Elias,,Elias,,wild,2024-03-03T08:24:35+01:00,08:24:35+01:00,2024-03-03 08:24:35,"Straßgang, Graz, Austria",47.0353694444,15.3921888889,,EPSG:4326,AT,Steiermark,456421286.0,2024-03-03T08:30:41Z,,162719,Erythronium dens-canis,species,Plantae,Tracheophyta,Liliopsida,Liliales,Liliaceae,Erythronium,http://creativecommons.org/publicdomain/zero/1.0/,Elias,elias105,,,,,,,
201101341,https://www.inaturalist.org/observations/201101341,HumanObservation,2024-09-05T08:13:57Z,iNaturalist,Observations,iNaturalist research-grade observations,,201101341,https://www.inaturalist.org/observations/201101341,,Jarah Marginata,,Jarah Marginata,,wild,2024-02-16T08:13:16+11:00,08:13:16+11:00,2024-02-16 08:13:16+11:00,"Budj Bim National Park, Macarthur, VIC, AU",-38.0571445,141.9199666667,7.0,EPSG:4326,AU,Victoria,456421297.0,2024-03-03T08:30:44Z,,42973,Wallabia bicolor,species,Animalia,Chordata,Mammalia,Diprotodontia,Macropodidae,Wallabia,http://creativecommons.org/licenses/by-nc/4.0/,Jarah Marginata,jarah,AU,,,,,,
201101342,https://www.inaturalist.org/observations/201101342,HumanObservation,2024-03-04T06:51:27Z,iNaturalist,Observations,iNaturalist research-grade observations,,201101342,https://www.inaturalist.org/observations/201101342,,irrwisch,,irrwisch,,wild,2024-03-02T14:37:28+01:00,14:37:28+01:00,2024-03-02 14:37:28,"067 72 Kalná Roztoka, Slowakei",48.9752960227,22.3299124092,1828.0,EPSG:4326,SK,Prešovský,456421321.0,2024-03-03T08:30:49Z,,49136,Sarcoscypha,genus,Fungi,Ascomycota,Pezizomycetes,Pezizales,Sarcoscyphaceae,Sarcoscypha,http://creativecommons.org/licenses/by-nc/4.0/,irrwisch,irrwisch,,,,,,,
201101343,https://www.inaturalist.org/observations/201101343,HumanObservation,2024-03-03T09:49:54Z,iNaturalist,Observations,iNaturalist research-grade observations,,201101343,https://www.inaturalist.org/observations/201101343,,Elias,,Elias,,wild,2024-03-03T08:32:48+01:00,08:32:48+01:00,2024-03-03 08:32:48,"Straßgang, Graz, Austria",47.0352638889,15.3920777778,,EPSG:4326,AT,Steiermark,456421332.0,2024-03-03T08:30:52Z,,162719,Erythronium dens-canis,species,Plantae,Tracheophyta,Liliopsida,Liliales,Liliaceae,Erythronium,http://creativecommons.org/publicdomain/zero/1.0/,Elias,elias105,,,,,,,
201101346,https://www.inaturalist.org/observations/201101346,HumanObservation,2024-03-23T13:31:29Z,iNaturalist,Observations,iNaturalist research-grade observations,,201101346,https://www.inaturalist.org/observations/201101346,"Gorwhe Pan, Gonarezhou NP",elsabe_gnp,,elsabe_gnp,,wild,2023-12-30T21:22:55+02:00,21:22:55+02:00,2023-12-30 21:22:55,"Chiredzi, Zimbabwe",-21.7914681471,31.6660721228,87.0,EPSG:4326,ZW,Masvingo,456421358.0,2024-03-03T08:30:57Z,,24899,Phrynomantis bifasciatus,species,Animalia,Chordata,Amphibia,Anura,Microhylidae,Phrynomantis,http://creativecommons.org/licenses/by-nc/4.0/,elsabe_gnp,elsabe_gnp,,https://www.inaturalist.org/projects/afriherps,,,,,
201101348,https://www.inaturalist.org/observations/201101348,HumanObservation,2024-09-24T17:52:54Z,iNaturalist,Observations,iNaturalist research-grade observations,,201101348,https://www.inaturalist.org/observations/201101348,,irrwisch,,Nicolas Schwab,https://orcid.org/0000-0002-7186-8195,wild,2024-03-02T15:04:22+01:00,15:04:22+01:00,2024-03-02 15:04:22,"Runina 10, 067 65 Runina, Slowakei",49.0697150745,22.4020608142,708.0,EPSG:4326,SK,Prešovský,475416077.0,2024-04-25T21:20:23Z,,972793,Apioperdon pyriforme,species,Fungi,Basidiomycota,Agaricomycetes,Agaricales,Lycoperdaceae,Apioperdon,http://creativecommons.org/licenses/by-nc/4.0/,irrwisch,irrwisch,,https://www.inaturalist.org/projects/unknown-fungi,,,,,
201101349,https://www.inaturalist.org/observations/201101349,HumanObservation,2024-03-03T19:33:47Z,iNaturalist,Observations,iNaturalist research-grade observations,,201101349,https://www.inaturalist.org/observations/201101349,,klevingston,,klevingston,,wild,2024-01-23T14:29:20-06:00,14:29:20-06:00,2024-01-23 14:29:20-06:00,"Texas Woman's University, Denton, TX, US",33.2295616667,-97.12815,4.0,EPSG:4326,US,Texas,456421376.0,2024-03-03T08:31:01Z,,46020,Sciurus niger,species,Animalia,Chordata,Mammalia,Rodentia,Sciuridae,Sciurus,http://creativecommons.org/licenses/by-nc/4.0/,klevingston,klevingston,,,,,,,
201101351,https://www.inaturalist.org/observations/201101351,HumanObservation,2024-03-04T12:09:14Z,iNaturalist,Observations,iNaturalist research-grade observations,,201101351,https://www.inaturalist.org/observations/201101351,,iacomaner,,Brent Baker,,wild,2024-01-28T16:11:29-06:00,16:11:29-06:00,2024-01-28 16:11:29-06:00,"Buffalo National River, Compton, AR, US",36.0510361587,-93.3157461362,823.0,EPSG:4326,US,Arkansas,456683762.0,2024-03-04T02:49:29Z,,122056,Asplenium platyneuron,species,Plantae,Tracheophyta,Polypodiopsida,Polypodiales,Aspleniaceae,Asplenium,http://creativecommons.org/licenses/by-nc/4.0/,iacomaner,iacomaner,,,,,,,
201101352,https://www.inaturalist.org/observations/201101352,HumanObservation,2024-03-04T07:34:19Z,iNaturalist,Observations,iNaturalist research-grade observations,,201101352,https://www.inaturalist.org/observations/201101352,,smfang,,smfang,,wild,2024-03-01T16:29:56-08:00,16:29:56-08:00,2024-03-01 16:29:56-08:00,"Anza-Borrego Desert State Park, Borrego Springs, CA, US",33.339625,-116.369575,4.0,EPSG:4326,US,California,456421382.0,2024-03-03T08:31:01Z,,57877,Hesperocallis undulata,species,Plantae,Tracheophyta,Liliopsida,Asparagales,Asparagaceae,Hesperocallis,http://creativecommons.org/licenses/by-nc/4.0/,smfang,smfang,,https://www.inaturalist.org/projects/san-diego-county-california-biodiversity|https://www.inaturalist.org/projects/san-diego-county-plant-atlas|https://www.inaturalist.org/projects/desert-lily-project|https://www.inaturalist.org/projects/flora-of-anza-borrego-state-park-and-adjacent-desert,,,flowers|flower buds,,
201101354,https://www.inaturalist.org/observations/201101354,HumanObservation,2024-04-23T05:32:45Z,iNaturalist,Observations,iNaturalist research-grade observations,,201101354,https://www.inaturalist.org/observations/201101354,Clinton Rocks Victoria,arthurjoestephens,,arthurjoestephens,,wild,2024-03-03T16:07:11+11:00,16:07:11+11:00,2024-03-03 16:07:11+11:00,"Croajingolong, E. Gippsland - Orbost, AU-VI, AU",-37.7772994504,149.199112671,2.0,EPSG:4326,AU,Victoria,474342796.0,2024-04-23T05:32:42Z,,1546134,Gaudium laevigatum,species,Plantae,Tracheophyta,Magnoliopsida,Myrtales,Myrtaceae,Gaudium,http://creativecommons.org/licenses/by-nc/4.0/,arthurjoestephens,arthurjoestephens,,,,,,,
201101359,https://www.inaturalist.org/observations/201101359,HumanObservation,2024-03-03T08:32:30Z,iNaturalist,Observations,iNaturalist research-grade observations,,201101359,https://www.inaturalist.org/observations/201101359,,rhinolin,,rhinolin,,wild,2024-03-03T08:18:00+08:00,08:18:00+08:00,2024/03/03 08:18,杭州孤山公园,30.2517066444,120.1422847483,400.0,EPSG:4326,CN,Zhejiang,456421448.0,2024-03-03T08:31:17Z,,4270,Phalacrocorax carbo,species,Animalia,Chordata,Aves,Suliformes,Phalacrocoracidae,Phalacrocorax,http://creativecommons.org/licenses/by-nc/4.0/,rhinolin,rhinolin,,,,,,,
201101360,https://www.inaturalist.org/observations/201101360,HumanObservation,2024-03-04T07:15:55Z,iNaturalist,Observations,iNaturalist research-grade observations,,201101360,https://www.inaturalist.org/observations/201101360,,rhinolin,,rhinolin,,wild,2024-03-03T09:11:00+08:00,09:11:00+08:00,2024/03/03 09:11,杭州孤山公园,30.2517066444,120.1422847483,400.0,EPSG:4326,CN,Zhejiang,456421450.0,2024-03-03T08:31:17Z,,4943,Egretta garzetta,species,Animalia,Chordata,Aves,Pelecaniformes,Ardeidae,Egretta,http://creativecommons.org/licenses/by-nc/4.0/,rhinolin,rhinolin,,,,,,,
201101361,https://www.inaturalist.org/observations/201101361,HumanObservation,2024-03-03T08:32:23Z,iNaturalist,Observations,iNaturalist research-grade observations,,201101361,https://www.inaturalist.org/observations/201101361,,rhinolin,,rhinolin,,wild,2024-03-03T09:06:00+08:00,09:06:00+08:00,2024/03/03 09:06,杭州孤山公园,30.2517066444,120.1422847483,400.0,EPSG:4326,CN,Zhejiang,456421452.0,2024-03-03T08:31:17Z,,13851,Passer montanus,species,Animalia,Chordata,Aves,Passeriformes,Passeridae,Passer,http://creativecommons.org/licenses/by-nc/4.0/,rhinolin,rhinolin,,,,,,,
201101362,https://www.inaturalist.org/observations/201101362,HumanObservation,2024-03-03T08:32:21Z,iNaturalist,Observations,iNaturalist research-grade observations,,201101362,https://www.inaturalist.org/observations/201101362,,rhinolin,,rhinolin,,wild,2024-03-03T09:16:00+08:00,09:16:00+08:00,2024/03/03 09:16,杭州孤山公园,30.2517066444,120.1422847483,400.0,EPSG:4326,CN,Zhejiang,456421454.0,2024-03-03T08:31:18Z,,7106,Aix galericulata,species,Animalia,Chordata,Aves,Anseriformes,Anatidae,Aix,http://creativecommons.org/licenses/by-nc/4.0/,rhinolin,rhinolin,,,,,,,
201101363,https://www.inaturalist.org/observations/201101363,HumanObservation,2024-03-03T18:27:59Z,iNaturalist,Observations,iNaturalist research-grade observations,,201101363,https://www.inaturalist.org/observations/201101363,,kiwipom,,Neville Hudson,,wild,2024-03-03T21:30:27+13:00,21:30:27+13:00,2024-03-03 21:30:27,"Te Ore Ore, Masterton, New Zealand",-40.9550283333,175.692945,6.0,EPSG:4326,NZ,Wellington,456547228.0,2024-03-03T18:11:40Z,,974679,Ichneutica mutans,species,Animalia,Arthropoda,Insecta,Lepidoptera,Noctuidae,Ichneutica,http://creativecommons.org/licenses/by-nc/4.0/,kiwipom,kiwipom,NZ,,female,adult,,alive,"{""evidenceOfPresence"":""organism""}"
201101364,https://www.inaturalist.org/observations/201101364,HumanObservation,2024-03-03T08:32:20Z,iNaturalist,Observations,iNaturalist research-grade observations,,201101364,https://www.inaturalist.org/observations/201101364,,rhinolin,,rhinolin,,wild,2024-03-03T09:30:00+08:00,09:30:00+08:00,2024/03/03 09:30,杭州孤山公园,30.2517066444,120.1422847483,400.0,EPSG:4326,CN,Zhejiang,456421456.0,2024-03-03T08:31:18Z,,201282,Gallinula chloropus,species,Animalia,Chordata,Aves,Gruiformes,Rallidae,Gallinula,http://creativecommons.org/licenses/by-nc/4.0/,rhinolin,rhinolin,,,,,,,
201101365,https://www.inaturalist.org/observations/201101365,HumanObservation,2024-03-03T08:32:15Z,iNaturalist,Observations,iNaturalist research-grade observations,,201101365,https://www.inaturalist.org/observations/201101365,,rhinolin,,rhinolin,,wild,2024-03-03T09:35:00+08:00,09:35:00+08:00,2024/03/03 09:35,杭州孤山公园,30.2517066444,120.1422847483,400.0,EPSG:4326,CN,Zhejiang,456421458.0,2024-03-03T08:31:18Z,,72504,Anas zonorhyncha,species,Animalia,Chordata,Aves,Anseriformes,Anatidae,Anas,http://creativecommons.org/licenses/by-nc/4.0/,rhinolin,rhinolin,,,,,,,
201101366,https://www.inaturalist.org/observations/201101366,HumanObservation,2024-03-03T11:56:20Z,iNaturalist,Observations,iNaturalist research-grade observations,,201101366,https://www.inaturalist.org/observations/201101366,,rhinolin,,rhinolin,,wild,2024-03-03T09:48:00+08:00,09:48:00+08:00,2024/03/03 09:48,杭州孤山公园,30.2517066444,120.1422847483,400.0,EPSG:4326,CN,Zhejiang,456421460.0,2024-03-03T08:31:19Z,,472778,Turdus mandarinus,species,Animalia,Chordata,Aves,Passeriformes,Turdidae,Turdus,http://creativecommons.org/licenses/by-nc/4.0/,rhinolin,rhinolin,,,,,,,
201101367,https://www.inaturalist.org/observations/201101367,HumanObservation,2024-03-03T08:32:11Z,iNaturalist,Observations,iNaturalist research-grade observations,,201101367,https://www.inaturalist.org/observations/201101367,,rhinolin,,rhinolin,,wild,2024-03-03T09:41:00+08:00,09:41:00+08:00,2024/03/03 09:41,杭州孤山公园,30.2517066444,120.1422847483,400.0,EPSG:4326,CN,Zhejiang,456421462.0,2024-03-03T08:31:19Z,,7277,Aegithalos concinnus,species,Animalia,Chordata,Aves,Passeriformes,Aegithalidae,Aegithalos,http://creativecommons.org/licenses/by-nc/4.0/,rhinolin,rhinolin,,,,,,,
201101368,https://www.inaturalist.org/observations/201101368,HumanObservation,2024-03-03T08:32:09Z,iNaturalist,Observations,iNaturalist research-grade observations,,201101368,https://www.inaturalist.org/observations/201101368,,rhinolin,,rhinolin,,wild,2024-03-03T09:45:00+08:00,09:45:00+08:00,2024/03/03 09:45,杭州孤山公园,30.2517066444,120.1422847483,400.0,EPSG:4326,CN,Zhejiang,456421464.0,2024-03-03T08:31:19Z,,204491,Copsychus saularis,species,Animalia,Chordata,Aves,Passeriformes,Muscicapidae,Copsychus,http://creativecommons.org/licenses/by-nc/4.0/,rhinolin,rhinolin,,,,,,,
201101369,https://www.inaturalist.org/observations/201101369,HumanObservation,2024-03-03T11:47:30Z,iNaturalist,Observations,iNaturalist research-grade observations,,201101369,https://www.inaturalist.org/observations/201101369,,rhinolin,,rhinolin,,wild,2024-03-03T09:53:00+08:00,09:53:00+08:00,2024/03/03 09:53,杭州孤山公园,30.2517066444,120.1422847483,400.0,EPSG:4326,CN,Zhejiang,456421466.0,2024-03-03T08:31:20Z,,12770,Turdus hortulorum,species,Animalia,Chordata,Aves,Passeriformes,Turdidae,Turdus,http://creativecommons.org/licenses/by-nc/4.0/,rhinolin,rhinolin,,,,,,,
201101370,https://www.inaturalist.org/observations/201101370,HumanObservation,2024-04-01T00:51:43Z,iNaturalist,Observations,iNaturalist research-grade observations,,201101370,https://www.inaturalist.org/observations/201101370,,rhinolin,,rhinolin,,wild,2024-03-03T09:55:00+08:00,09:55:00+08:00,2024/03/03 09:55,杭州孤山公园,30.2517066444,120.1422847483,400.0,EPSG:4326,CN,Zhejiang,456421470.0,2024-03-03T08:31:20Z,,145303,Spinus spinus,species,Animalia,Chordata,Aves,Passeriformes,Fringillidae,Spinus,http://creativecommons.org/licenses/by-nc/4.0/,rhinolin,rhinolin,,,,,,,
201101372,https://www.inaturalist.org/observations/201101372,HumanObservation,2024-03-03T08:31:57Z,iNaturalist,Observations,iNaturalist research-grade observations,,201101372,https://www.inaturalist.org/observations/201101372,,rhinolin,,rhinolin,,wild,2024-03-03T09:54:00+08:00,09:54:00+08:00,2024/03/03 09:54,杭州孤山公园,30.2517066444,120.1422847483,400.0,EPSG:4326,CN,Zhejiang,456421473.0,2024-03-03T08:31:20Z,,495200,Urocissa erythroryncha,species,Animalia,Chordata,Aves,Passeriformes,Corvidae,Urocissa,http://creativecommons.org/licenses/by-nc/4.0/,rhinolin,rhinolin,,,,,,,
201101374,https://www.inaturalist.org/observations/201101374,HumanObservation,2024-10-01T01:29:51Z,iNaturalist,Observations,iNaturalist research-grade observations,,201101374,https://www.inaturalist.org/observations/201101374,Coléoptère 3 mm env. Ce n'est pas un dermestre du lard : aspect non duveteux et surtout thorax bien decoupé avec des épaulttes très visibles.,Carolapro,,Carolapro,,wild,2024-03-03T08:46:50+01:00,08:46:50+01:00,2024-03-03 08:46:50,"Canton de Saint-Denis-1, Saint-Denis, France",48.9222681654,2.344981581,174.0,EPSG:4326,FR,Île-de-France,456488003.0,2024-03-03T14:45:05Z,,226387,Omosita discoidea,species,Animalia,Arthropoda,Insecta,Coleoptera,Nitidulidae,Omosita,http://creativecommons.org/licenses/by-nc/4.0/,Carolapro,carolapro,,,undetermined,adult,,alive,"{""evidenceOfPresence"":""organism""}"
201101381,https://www.inaturalist.org/observations/201101381,HumanObservation,2024-03-03T08:45:50Z,iNaturalist,Observations,iNaturalist research-grade observations,,201101381,https://www.inaturalist.org/observations/201101381,,danipanini,,danipanini,,wild,2024-03-03T09:31:24+01:00,09:31:24+01:00,Sun Mar 03 2024 09:31:24 GMT +0100 (GMT),Koekelberg,50.8643493652,4.3210172653,35.0,EPSG:4326,BE,Bruxelles,456421529.0,2024-03-03T08:31:31Z,,55827,Helleborus foetidus,species,Plantae,Tracheophyta,Magnoliopsida,Ranunculales,Ranunculaceae,Helleborus,http://creativecommons.org/licenses/by-nc/4.0/,danipanini,danipanini,,,,,,,
201101382,https://www.inaturalist.org/observations/201101382,HumanObservation,2024-11-30T18:27:54Z,iNaturalist,Observations,iNaturalist research-grade observations,,201101382,https://www.inaturalist.org/observations/201101382,,Ivan Paz-Vinas,https://orcid.org/0000-0002-0043-9289,durand_mathis,,wild,2024-03-03T09:19:43+01:00,09:19:43+01:00,2024-03-03 09:19:43,"Minimes, 31200 Toulouse, France",43.6193002299,1.443929337,43.0,EPSG:4326,FR,Midi-Pyrénées,461683349.0,2024-03-20T17:15:26Z,,559311,Liophrurillus flavitarsis,species,Animalia,Arthropoda,Arachnida,Araneae,Phrurolithidae,Liophrurillus,http://creativecommons.org/licenses/by-nc/4.0/,Ivan Paz-Vinas,ivanpazvinas,,,,adult,,alive,"{""evidenceOfPresence"":""organism""}"
201101385,https://www.inaturalist.org/observations/201101385,HumanObservation,2024-03-03T11:13:01Z,iNaturalist,Observations,iNaturalist research-grade observations,,201101385,https://www.inaturalist.org/observations/201101385,,Василий,,Василий,,wild,2023-08-03T15:28:00+07:00,15:28:00+07:00,2023/08/03 15:28,"Новая Ювала, Томская обл., Россия, 636165",56.29824,83.42708,,EPSG:4326,RU,Tomsk,456421567.0,2024-03-03T08:31:42Z,,12971,Muscicapa striata,species,Animalia,Chordata,Aves,Passeriformes,Muscicapidae,Muscicapa,http://creativecommons.org/licenses/by-nc/4.0/,Василий,vakula65,,,,,,,
201101388,https://www.inaturalist.org/observations/201101388,HumanObservation,2024-03-03T09:49:56Z,iNaturalist,Observations,iNaturalist research-grade observations,,201101388,https://www.inaturalist.org/observations/201101388,,Elias,,Elias,,wild,2024-03-03T08:35:49+01:00,08:35:49+01:00,2024-03-03 08:35:49,"Straßgang, Graz, Austria",47.0352555556,15.3920305556,,EPSG:4326,AT,Steiermark,456421572.0,2024-03-03T08:31:43Z,,162719,Erythronium dens-canis,species,Plantae,Tracheophyta,Liliopsida,Liliales,Liliaceae,Erythronium,http://creativecommons.org/publicdomain/zero/1.0/,Elias,elias105,,,,,,,
201101389,https://www.inaturalist.org/observations/201101389,HumanObservation,2024-03-05T10:14:18Z,iNaturalist,Observations,iNaturalist research-grade observations,,201101389,https://www.inaturalist.org/observations/201101389,loads,Christopher Stephens,,Christopher Stephens,,wild,2024-03-02T14:20:00+13:00,14:20:00+13:00,2024/03/02 2:20 PM,"Western Lake, New Zealand",-41.2562103296,175.1496678784,15.0,EPSG:4326,NZ,Wellington,456421576.0,2024-03-03T08:31:44Z,,401567,Drymoanthus adversus,species,Plantae,Tracheophyta,Liliopsida,Asparagales,Orchidaceae,Drymoanthus,http://creativecommons.org/licenses/by/4.0/,Christopher Stephens,christopherstephens,NZ,https://www.inaturalist.org/projects/new-zealand-native-orchids,,,fruits or seeds,,
201101390,https://www.inaturalist.org/observations/201101390,HumanObservation,2024-03-03T15:17:40Z,iNaturalist,Observations,iNaturalist research-grade observations,,201101390,https://www.inaturalist.org/observations/201101390,,Tilla Günther,,Tilla Günther,,wild,2024-03-03T10:30:36+02:00,10:30:36+02:00,2024-03-03 10:30:36,"14980 Pälkäne, Suomi",61.31733443,24.78618909,8.0,EPSG:4326,FI,Western Finland,456421578.0,2024-03-03T08:31:44Z,,118081,Porodaedalea pini,species,Fungi,Basidiomycota,Agaricomycetes,Hymenochaetales,Hymenochaetaceae,Porodaedalea,http://creativecommons.org/licenses/by-nc/4.0/,Tilla Günther,tillag,,,,,,,
201101392,https://www.inaturalist.org/observations/201101392,HumanObservation,2024-03-05T10:31:13Z,iNaturalist,Observations,iNaturalist research-grade observations,,201101392,https://www.inaturalist.org/observations/201101392,,Christopher Stephens,,Christopher Stephens,,wild,2024-03-02T14:22:00+13:00,14:22:00+13:00,2024/03/02 2:22 PM,"Western Lake, New Zealand",-41.2562103296,175.1496678784,15.0,EPSG:4326,NZ,Wellington,456421582.0,2024-03-03T08:31:45Z,,185249,Pennantia corymbosa,species,Plantae,Tracheophyta,Magnoliopsida,Apiales,Pennantiaceae,Pennantia,http://creativecommons.org/licenses/by/4.0/,Christopher Stephens,christopherstephens,NZ,,,,no flowers or fruits,,
201101395,https://www.inaturalist.org/observations/201101395,HumanObservation,2024-05-27T09:41:08Z,iNaturalist,Observations,iNaturalist research-grade observations,,201101395,https://www.inaturalist.org/observations/201101395,,Christopher Stephens,,Rowan Hindmarsh-Walls,,wild,2024-03-02T14:25:00+13:00,14:25:00+13:00,2024/03/02 2:25 PM,"Western Lake, New Zealand",-41.2559387025,175.1477116099,36.0,EPSG:4326,NZ,Wellington,492790992.0,2024-05-27T09:38:28Z,Thick short leaves,399792,Astelia hastata,species,Plantae,Tracheophyta,Liliopsida,Asparagales,Asteliaceae,Astelia,http://creativecommons.org/licenses/by/4.0/,Christopher Stephens,christopherstephens,NZ,,,,no flowers or fruits,,
201101396,https://www.inaturalist.org/observations/201101396,HumanObservation,2024-03-05T10:13:41Z,iNaturalist,Observations,iNaturalist research-grade observations,,201101396,https://www.inaturalist.org/observations/201101396,,Christopher Stephens,,Christopher Stephens,,wild,2024-03-02T14:26:00+13:00,14:26:00+13:00,2024/03/02 2:26 PM,"Western Lake, New Zealand",-41.2559387025,175.1477116099,36.0,EPSG:4326,NZ,Wellington,456421592.0,2024-03-03T08:31:46Z,,210959,Pyrrosia eleagnifolia,species,Plantae,Tracheophyta,Polypodiopsida,Polypodiales,Polypodiaceae,Pyrrosia,http://creativecommons.org/licenses/by/4.0/,Christopher Stephens,christopherstephens,NZ,,,,,,
201101397,https://www.inaturalist.org/observations/201101397,HumanObservation,2024-03-04T10:01:52Z,iNaturalist,Observations,iNaturalist research-grade observations,,201101397,https://www.inaturalist.org/observations/201101397,,Christopher Stephens,,Christopher Stephens,,wild,2024-03-02T14:27:00+13:00,14:27:00+13:00,2024/03/02 2:27 PM,"Western Lake, New Zealand",-41.2559387025,175.1477116099,36.0,EPSG:4326,NZ,Wellington,456421595.0,2024-03-03T08:31:46Z,,399792,Astelia hastata,species,Plantae,Tracheophyta,Liliopsida,Asparagales,Asteliaceae,Astelia,http://creativecommons.org/licenses/by/4.0/,Christopher Stephens,christopherstephens,NZ,,,,no flowers or fruits,,
201101398,https://www.inaturalist.org/observations/201101398,HumanObservation,2025-03-21T00:53:53Z,iNaturalist,Observations,iNaturalist research-grade observations,,201101398,https://www.inaturalist.org/observations/201101398,,Christopher Stephens,,Christopher Stephens,,wild,2024-03-02T14:32:00+13:00,14:32:00+13:00,2024/03/02 2:32 PM,"Western Lake, New Zealand",-41.2553937447,175.1453183923,36.0,EPSG:4326,NZ,Wellington,456421597.0,2024-03-03T08:31:46Z,,401592,Earina aestivalis,species,Plantae,Tracheophyta,Liliopsida,Asparagales,Orchidaceae,Earina,http://creativecommons.org/licenses/by/4.0/,Christopher Stephens,christopherstephens,NZ,https://www.inaturalist.org/projects/new-zealand-native-orchids,,,fruits or seeds,,
201101399,https://www.inaturalist.org/observations/201101399,HumanObservation,2024-03-04T20:02:04Z,iNaturalist,Observations,iNaturalist research-grade observations,,201101399,https://www.inaturalist.org/observations/201101399,,Christopher Stephens,,Christopher Stephens,,wild,2024-03-02T14:36:00+13:00,14:36:00+13:00,2024/03/02 2:36 PM,"Western Lake, New Zealand",-41.2549918178,175.1449413162,35.0,EPSG:4326,NZ,Wellington,456421598.0,2024-03-03T08:31:47Z,,401567,Drymoanthus adversus,species,Plantae,Tracheophyta,Liliopsida,Asparagales,Orchidaceae,Drymoanthus,http://creativecommons.org/licenses/by/4.0/,Christopher Stephens,christopherstephens,NZ,https://www.inaturalist.org/projects/new-zealand-native-orchids,,,fruits or seeds,,
201101400,https://www.inaturalist.org/observations/201101400,HumanObservation,2024-08-29T17:56:32Z,iNaturalist,Observations,iNaturalist research-grade observations,,201101400,https://www.inaturalist.org/observations/201101400,,michaelheuermann,,auricular,,wild,2024-02-29T08:57:31+02:00,08:57:31+02:00,2024-02-29 08:57:31+02:00,"Table Mountain National Park, Cape Town, WC, ZA",-34.1179695557,18.446240341,61.0,EPSG:4326,ZA,Western Cape,459319782.0,2024-03-13T05:29:46Z,,361682,Haemanthus sanguineus,species,Plantae,Tracheophyta,Liliopsida,Asparagales,Amaryllidaceae,Haemanthus,http://creativecommons.org/licenses/by/4.0/,michaelheuermann,michaelheuermann,,https://www.inaturalist.org/projects/habitats-s-afr,,,,,
201101402,https://www.inaturalist.org/observations/201101402,HumanObservation,2024-03-04T10:01:35Z,iNaturalist,Observations,iNaturalist research-grade observations,,201101402,https://www.inaturalist.org/observations/201101402,,Christopher Stephens,,Christopher Stephens,,wild,2024-03-02T14:39:00+13:00,14:39:00+13:00,2024/03/02 2:39 PM,"Western Lake, New Zealand",-41.2542753644,175.1445493806,66.0,EPSG:4326,NZ,Wellington,456421604.0,2024-03-03T08:31:47Z,,400287,Callitriche muelleri,species,Plantae,Tracheophyta,Magnoliopsida,Lamiales,Plantaginaceae,Callitriche,http://creativecommons.org/licenses/by/4.0/,Christopher Stephens,christopherstephens,NZ,,,,no flowers or fruits,,
201101403,https://www.inaturalist.org/observations/201101403,HumanObservation,2024-03-03T08:56:32Z,iNaturalist,Observations,iNaturalist research-grade observations,,201101403,https://www.inaturalist.org/observations/201101403,,Christopher Stephens,,Christopher Stephens,,wild,2024-03-02T14:41:00+13:00,14:41:00+13:00,2024/03/02 2:41 PM,"Western Lake, New Zealand",-41.2542753644,175.1445493806,66.0,EPSG:4326,NZ,Wellington,456421605.0,2024-03-03T08:31:47Z,,403517,Lobelia angulata,species,Plantae,Tracheophyta,Magnoliopsida,Asterales,Campanulaceae,Lobelia,http://creativecommons.org/licenses/by/4.0/,Christopher Stephens,christopherstephens,NZ,,,,flowers,,
201101404,https://www.inaturalist.org/observations/201101404,HumanObservation,2024-03-04T10:01:24Z,iNaturalist,Observations,iNaturalist research-grade observations,,201101404,https://www.inaturalist.org/observations/201101404,,Christopher Stephens,,Christopher Stephens,,wild,2024-03-02T14:41:00+13:00,14:41:00+13:00,2024/03/02 2:41 PM,"Western Lake, New Zealand",-41.2542753644,175.1445493806,66.0,EPSG:4326,NZ,Wellington,456421609.0,2024-03-03T08:31:48Z,,404185,Nertera depressa,species,Plantae,Tracheophyta,Magnoliopsida,Gentianales,Rubiaceae,Nertera,http://creativecommons.org/licenses/by/4.0/,Christopher Stephens,christopherstephens,NZ,,,,fruits or seeds,,
201101405,https://www.inaturalist.org/observations/201101405,HumanObservation,2024-03-03T18:11:23Z,iNaturalist,Observations,iNaturalist research-grade observations,,201101405,https://www.inaturalist.org/observations/201101405,,Christopher Stephens,,Christopher Stephens,,wild,2024-03-02T14:42:00+13:00,14:42:00+13:00,2024/03/02 2:42 PM,"Western Lake, New Zealand",-41.2542753644,175.1445493806,66.0,EPSG:4326,NZ,Wellington,456421610.0,2024-03-03T08:31:48Z,,394067,Orocrambus ramosellus,species,Animalia,Arthropoda,Insecta,Lepidoptera,Crambidae,Orocrambus,http://creativecommons.org/licenses/by/4.0/,Christopher Stephens,christopherstephens,NZ,,,adult,,alive,"{""evidenceOfPresence"":""organism""}"
201101406,https://www.inaturalist.org/observations/201101406,HumanObservation,2024-03-03T18:11:11Z,iNaturalist,Observations,iNaturalist research-grade observations,,201101406,https://www.inaturalist.org/observations/201101406,,Christopher Stephens,,Christopher Stephens,,wild,2024-03-02T14:45:00+13:00,14:45:00+13:00,2024/03/02 2:45 PM,"Western Lake, New Zealand",-41.2542753644,175.1445493806,66.0,EPSG:4326,NZ,Wellington,456421612.0,2024-03-03T08:31:49Z,,390000,Gymnobathra sarcoxantha,species,Animalia,Arthropoda,Insecta,Lepidoptera,Xyloryctidae,Gymnobathra,http://creativecommons.org/licenses/by/4.0/,Christopher Stephens,christopherstephens,NZ,,,adult,,alive,"{""evidenceOfPresence"":""organism""}"
201101407,https://www.inaturalist.org/observations/201101407,HumanObservation,2024-03-04T01:56:45Z,iNaturalist,Observations,iNaturalist research-grade observations,,201101407,https://www.inaturalist.org/observations/201101407,,Christopher Stephens,,mark_smale,,wild,2024-03-02T14:46:00+13:00,14:46:00+13:00,2024/03/02 2:46 PM,"Western Lake, New Zealand",-41.2542753644,175.1445493806,66.0,EPSG:4326,NZ,Wellington,456671249.0,2024-03-04T01:52:24Z,,402223,Gunnera prorepens,species,Plantae,Tracheophyta,Magnoliopsida,Gunnerales,Gunneraceae,Gunnera,http://creativecommons.org/licenses/by/4.0/,Christopher Stephens,christopherstephens,NZ,,,,no flowers or fruits,,
201101408,https://www.inaturalist.org/observations/201101408,HumanObservation,2024-03-03T20:21:17Z,iNaturalist,Observations,iNaturalist research-grade observations,,201101408,https://www.inaturalist.org/observations/201101408,,Christopher Stephens,,Christopher Stephens,,wild,2024-03-02T14:47:00+13:00,14:47:00+13:00,2024/03/02 2:47 PM,"Western Lake, New Zealand",-41.2542753644,175.1445493806,66.0,EPSG:4326,NZ,Wellington,456421617.0,2024-03-03T08:31:49Z,,404015,Myosotis forsteri,species,Plantae,Tracheophyta,Magnoliopsida,Boraginales,Boraginaceae,Myosotis,http://creativecommons.org/licenses/by/4.0/,Christopher Stephens,christopherstephens,NZ,,,,no flowers or fruits,,
201101409,https://www.inaturalist.org/observations/201101409,HumanObservation,2024-03-03T11:53:39Z,iNaturalist,Observations,iNaturalist research-grade observations,,201101409,https://www.inaturalist.org/observations/201101409,Escaped from cultivation,Jordi López-Pujol,,Jordi López-Pujol,,wild,2024-03-03T09:30:01+01:00,09:30:01+01:00,2024-03-03 09:30:01,"43530 Alcanar, Tarragona, Spain",40.60333598,0.57859342,7.0,EPSG:4326,ES,Cataluña,456421618.0,2024-03-03T08:31:49Z,,75379,Aloe maculata,species,Plantae,Tracheophyta,Liliopsida,Asparagales,Asphodelaceae,Aloe,http://creativecommons.org/licenses/by-nc/4.0/,Jordi López-Pujol,jordi_lopez-pujol,,,,,,,
201101410,https://www.inaturalist.org/observations/201101410,HumanObservation,2024-03-04T01:52:40Z,iNaturalist,Observations,iNaturalist research-grade observations,,201101410,https://www.inaturalist.org/observations/201101410,,Christopher Stephens,,Christopher Stephens,,wild,2024-03-02T14:51:00+13:00,14:51:00+13:00,2024/03/02 2:51 PM,"Western Lake, New Zealand",-41.2542561213,175.1438162104,52.0,EPSG:4326,NZ,Wellington,456421620.0,2024-03-03T08:31:50Z,,366729,Metrosideros diffusa,species,Plantae,Tracheophyta,Magnoliopsida,Myrtales,Myrtaceae,Metrosideros,http://creativecommons.org/licenses/by/4.0/,Christopher Stephens,christopherstephens,NZ,,,,no flowers or fruits,,
201101411,https://www.inaturalist.org/observations/201101411,HumanObservation,2024-03-04T10:01:06Z,iNaturalist,Observations,iNaturalist research-grade observations,,201101411,https://www.inaturalist.org/observations/201101411,,Christopher Stephens,,Christopher Stephens,,wild,2024-03-02T14:52:00+13:00,14:52:00+13:00,2024/03/02 2:52 PM,"Western Lake, New Zealand",-41.2542561213,175.1438162104,52.0,EPSG:4326,NZ,Wellington,456421622.0,2024-03-03T08:31:50Z,,210946,Myrsine australis,species,Plantae,Tracheophyta,Magnoliopsida,Ericales,Primulaceae,Myrsine,http://creativecommons.org/licenses/by/4.0/,Christopher Stephens,christopherstephens,NZ,,,,fruits or seeds,,
201101412,https://www.inaturalist.org/observations/201101412,HumanObservation,2024-03-04T10:01:00Z,iNaturalist,Observations,iNaturalist research-grade observations,,201101412,https://www.inaturalist.org/observations/201101412,,Christopher Stephens,,Christopher Stephens,,wild,2024-03-02T14:53:00+13:00,14:53:00+13:00,2024/03/02 2:53 PM,"Western Lake, New Zealand",-41.2542561213,175.1438162104,52.0,EPSG:4326,NZ,Wellington,456421624.0,2024-03-03T08:31:50Z,,52382,Dacrydium cupressinum,species,Plantae,Tracheophyta,Pinopsida,Pinales,Podocarpaceae,Dacrydium,http://creativecommons.org/licenses/by/4.0/,Christopher Stephens,christopherstephens,NZ,,,,,,
201101414,https://www.inaturalist.org/observations/201101414,HumanObservation,2024-03-04T10:00:53Z,iNaturalist,Observations,iNaturalist research-grade observations,,201101414,https://www.inaturalist.org/observations/201101414,,Christopher Stephens,,Christopher Stephens,,wild,2024-03-02T14:54:00+13:00,14:54:00+13:00,2024/03/02 2:54 PM,"Western Lake, New Zealand",-41.2542561213,175.1438162104,52.0,EPSG:4326,NZ,Wellington,456421627.0,2024-03-03T08:31:51Z,,366632,Knightia excelsa,species,Plantae,Tracheophyta,Magnoliopsida,Proteales,Proteaceae,Knightia,http://creativecommons.org/licenses/by/4.0/,Christopher Stephens,christopherstephens,NZ,,,,no flowers or fruits,,
201101419,https://www.inaturalist.org/observations/201101419,HumanObservation,2024-03-04T10:00:43Z,iNaturalist,Observations,iNaturalist research-grade observations,,201101419,https://www.inaturalist.org/observations/201101419,,Christopher Stephens,,Christopher Stephens,,wild,2024-03-02T14:59:00+13:00,14:59:00+13:00,2024/03/02 2:59 PM,"Western Lake, New Zealand",-41.2548247606,175.1426158996,48.0,EPSG:4326,NZ,Wellington,456421634.0,2024-03-03T08:31:52Z,,200843,Griselinia littoralis,species,Plantae,Tracheophyta,Magnoliopsida,Apiales,Griseliniaceae,Griselinia,http://creativecommons.org/licenses/by/4.0/,Christopher Stephens,christopherstephens,NZ,,,,no flowers or fruits,,
201101420,https://www.inaturalist.org/observations/201101420,HumanObservation,2024-03-04T10:00:08Z,iNaturalist,Observations,iNaturalist research-grade observations,,201101420,https://www.inaturalist.org/observations/201101420,,Christopher Stephens,,Christopher Stephens,,wild,2024-03-02T15:06:00+13:00,15:06:00+13:00,2024/03/02 3:06 PM,"Western Lake, New Zealand",-41.2554164511,175.1434299232,123.0,EPSG:4326,NZ,Wellington,456421638.0,2024-03-03T08:31:53Z,,185249,Pennantia corymbosa,species,Plantae,Tracheophyta,Magnoliopsida,Apiales,Pennantiaceae,Pennantia,http://creativecommons.org/licenses/by/4.0/,Christopher Stephens,christopherstephens,NZ,,,,fruits or seeds,,
201101421,https://www.inaturalist.org/observations/201101421,HumanObservation,2024-03-04T09:59:56Z,iNaturalist,Observations,iNaturalist research-grade observations,,201101421,https://www.inaturalist.org/observations/201101421,,Christopher Stephens,,Christopher Stephens,,wild,2024-03-02T15:09:00+13:00,15:09:00+13:00,2024/03/02 3:09 PM,"Western Lake, New Zealand",-41.2554164511,175.1434299232,123.0,EPSG:4326,NZ,Wellington,456421639.0,2024-03-03T08:31:53Z,,399464,Alectryon excelsus,species,Plantae,Tracheophyta,Magnoliopsida,Sapindales,Sapindaceae,Alectryon,http://creativecommons.org/licenses/by/4.0/,Christopher Stephens,christopherstephens,NZ,,,,no flowers or fruits,,
201101422,https://www.inaturalist.org/observations/201101422,HumanObservation,2024-03-04T09:59:49Z,iNaturalist,Observations,iNaturalist research-grade observations,,201101422,https://www.inaturalist.org/observations/201101422,,Christopher Stephens,,Christopher Stephens,,wild,2024-03-02T14:59:00+13:00,14:59:00+13:00,2024/03/02 2:59 PM,"Western Lake, New Zealand",-41.2548247606,175.1426158996,48.0,EPSG:4326,NZ,Wellington,456421640.0,2024-03-03T08:31:53Z,,399792,Astelia hastata,species,Plantae,Tracheophyta,Liliopsida,Asparagales,Asteliaceae,Astelia,http://creativecommons.org/licenses/by/4.0/,Christopher Stephens,christopherstephens,NZ,,,,no flowers or fruits,,
201101424,https://www.inaturalist.org/observations/201101424,HumanObservation,2024-03-03T14:30:54Z,iNaturalist,Observations,iNaturalist research-grade observations,,201101424,https://www.inaturalist.org/observations/201101424,,Christopher Stephens,,Christopher Stephens,,wild,2024-03-02T15:09:00+13:00,15:09:00+13:00,2024/03/02 3:09 PM,"Western Lake, New Zealand",-41.2554164511,175.1434299232,123.0,EPSG:4326,NZ,Wellington,456421644.0,2024-03-03T08:31:54Z,,366733,Parsonsia capsularis,species,Plantae,Tracheophyta,Magnoliopsida,Gentianales,Apocynaceae,Parsonsia,http://creativecommons.org/licenses/by/4.0/,Christopher Stephens,christopherstephens,NZ,,,,no flowers or fruits,,
201101425,https://www.inaturalist.org/observations/201101425,HumanObservation,2024-09-12T00:52:51Z,iNaturalist,Observations,iNaturalist research-grade observations,,201101425,https://www.inaturalist.org/observations/201101425,,Christopher Stephens,,Christopher Stephens,,wild,2024-03-02T15:11:00+13:00,15:11:00+13:00,2024/03/02 3:11 PM,"Western Lake, New Zealand",-41.2554164511,175.1434299232,123.0,EPSG:4326,NZ,Wellington,456421645.0,2024-03-03T08:31:54Z,,1119088,Chelaner antarcticus,species,Animalia,Arthropoda,Insecta,Hymenoptera,Formicidae,Chelaner,http://creativecommons.org/licenses/by/4.0/,Christopher Stephens,christopherstephens,NZ,,,adult,,alive,"{""evidenceOfPresence"":""organism""}"
201101427,https://www.inaturalist.org/observations/201101427,HumanObservation,2024-03-04T09:58:54Z,iNaturalist,Observations,iNaturalist research-grade observations,,201101427,https://www.inaturalist.org/observations/201101427,,Christopher Stephens,,Christopher Stephens,,wild,2024-03-02T15:13:00+13:00,15:13:00+13:00,2024/03/02 3:13 PM,"Western Lake, New Zealand",-41.2558773369,175.1448944102,71.0,EPSG:4326,NZ,Wellington,456421648.0,2024-03-03T08:31:54Z,,63611,Myoporum laetum,species,Plantae,Tracheophyta,Magnoliopsida,Lamiales,Scrophulariaceae,Myoporum,http://creativecommons.org/licenses/by/4.0/,Christopher Stephens,christopherstephens,NZ,,,,fruits or seeds,,
201101428,https://www.inaturalist.org/observations/201101428,HumanObservation,2024-03-04T09:59:35Z,iNaturalist,Observations,iNaturalist research-grade observations,,201101428,https://www.inaturalist.org/observations/201101428,,Christopher Stephens,,Joseph Knight,,wild,2024-03-02T15:15:00+13:00,15:15:00+13:00,2024/03/02 3:15 PM,"Western Lake, New Zealand",-41.2554377599,175.1447173867,71.0,EPSG:4326,NZ,Wellington,456754113.0,2024-03-04T09:59:33Z,,18920,Platycercus eximius,species,Animalia,Chordata,Aves,Psittaciformes,Psittaculidae,Platycercus,http://creativecommons.org/licenses/by/4.0/,Christopher Stephens,christopherstephens,NZ,,,adult,,alive,"{""evidenceOfPresence"":""organism""}"
67033747,https://www.inaturalist.org/observations/67033747,HumanObservation,2020-12-25T05:38:25Z,iNaturalist,Observations,iNaturalist research-grade observations,,67033747,https://www.inaturalist.org/observations/67033747,,seabornbrown,,seabornbrown,,wild,2020-12-24T13:26:37-08:00,13:26:37-08:00,Thu Dec 24 2020 13:26:37 GMT-0800 (PST),"Briones Regional Park, Lafayette, CA, US",37.9284283333,-122.1581638333,4.0,EPSG:4326,US,California,147530484.0,2020-12-25T05:37:44Z,,4956,Ardea herodias,species,Animalia,Chordata,Aves,Pelecaniformes,Ardeidae,Ardea,http://creativecommons.org/licenses/by-nc/4.0/,seabornbrown,seabornbrown,,https://www.inaturalist.org/projects/california-birds,,,,,
67033750,https://www.inaturalist.org/observations/67033750,HumanObservation,2020-12-25T15:06:35Z,iNaturalist,Observations,iNaturalist research-grade observations,,67033750,https://www.inaturalist.org/observations/67033750,"This could be California, with the yarrow and the Bromus diandrus.",Henrik Kibak,,Henrik Kibak,,wild,2020-01-06T12:03:27-10:00,12:03:27-10:00,Mon Jan 06 2020 12:03:27 GMT-0800 (PST),"Double Peak Summit Lookout and Rest Area, Lindis Pass, Canterbury, NZ",-44.588005,169.6458583333,10.0,EPSG:4326,NZ,Otago,147530487.0,2020-12-25T05:37:52Z,,52821,Achillea millefolium,species,Plantae,Tracheophyta,Magnoliopsida,Asterales,Asteraceae,Achillea,http://creativecommons.org/licenses/by-nc/4.0/,Henrik Kibak,hkibak,,,,,flowers,,
67033751,https://www.inaturalist.org/observations/67033751,HumanObservation,2021-01-22T12:01:57Z,iNaturalist,Observations,iNaturalist research-grade observations,,67033751,https://www.inaturalist.org/observations/67033751,,Иван Качалов,,Иван Качалов,,wild,2020-12-25T10:31:08+05:00,10:31:08+05:00,2020-12-25 10:31:08 AM GMT+05:00,"Челябинск, Челябинская обл., Россия, 454077",55.1960143889,61.4789886389,,EPSG:4326,RU,Chelyabinsk,147530490.0,2020-12-25T05:37:54Z,,891696,Pica pica,species,Animalia,Chordata,Aves,Passeriformes,Corvidae,Pica,http://creativecommons.org/licenses/by-nc/4.0/,Иван Качалов,ivkach,,,,adult,,alive,
67033759,https://www.inaturalist.org/observations/67033759,HumanObservation,2023-10-06T03:59:15Z,iNaturalist,Observations,iNaturalist research-grade observations,,67033759,https://www.inaturalist.org/observations/67033759,,Zoltán Stekkelpak,,psweet,,wild,2020-12-24T17:26:09-08:00,17:26:09-08:00,2020-12-24 5:26:09 PM HST,"Honokohau Small Boat Harbor and Marina, Kailua-Kona, HI 96740, USA",19.6717638889,-156.0261861111,,EPSG:4326,US,Hawaii,147559190.0,2020-12-25T14:19:42Z,,4981,Nycticorax nycticorax,species,Animalia,Chordata,Aves,Pelecaniformes,Ardeidae,Nycticorax,http://creativecommons.org/publicdomain/zero/1.0/,Zoltán Stekkelpak,stekkelpak,,,,,,,
67033763,https://www.inaturalist.org/observations/67033763,HumanObservation,2021-01-22T12:01:50Z,iNaturalist,Observations,iNaturalist research-grade observations,,67033763,https://www.inaturalist.org/observations/67033763,,Иван Качалов,,Иван Качалов,,wild,2020-12-25T10:31:08+05:00,10:31:08+05:00,2020-12-25 10:31:08 AM GMT+05:00,"Челябинск, Челябинская обл., Россия, 454077",55.1960143889,61.4789886389,,EPSG:4326,RU,Chelyabinsk,147530533.0,2020-12-25T05:38:39Z,,203153,Parus major,species,Animalia,Chordata,Aves,Passeriformes,Paridae,Parus,http://creativecommons.org/licenses/by-nc/4.0/,Иван Качалов,ivkach,,,male,adult,,alive,
67033767,https://www.inaturalist.org/observations/67033767,HumanObservation,2024-01-29T22:55:13Z,iNaturalist,Observations,iNaturalist research-grade observations,,67033767,https://www.inaturalist.org/observations/67033767,,Daba,https://orcid.org/0000-0002-1251-3167,Daba,https://orcid.org/0000-0002-1251-3167,wild,2018-07-28T18:39:00+13:00,18:39:00+13:00,2018/07/28 6:39 PM SST,"Кижингинский р-н, Респ. Бурятия, Россия",52.0642816183,109.7508565121,122.0,EPSG:4326,RU,Buryat,147530541.0,2020-12-25T05:38:53Z,,779222,Panzerina lanata,species,Plantae,Tracheophyta,Magnoliopsida,Lamiales,Lamiaceae,Panzerina,http://creativecommons.org/licenses/by-nc/4.0/,Daba,daba,,,,,,,
67033768,https://www.inaturalist.org/observations/67033768,HumanObservation,2023-10-06T03:59:15Z,iNaturalist,Observations,iNaturalist research-grade observations,,67033768,https://www.inaturalist.org/observations/67033768,,Zoltán Stekkelpak,,sea-kangaroo,,wild,2020-12-24T17:14:02-08:00,17:14:02-08:00,2020-12-24 5:14:02 PM HST,"Kalaoa, HI 96740, USA",19.6745944444,-156.0262,,EPSG:4326,US,Hawaii,237422816.0,2022-02-16T17:46:37Z,,144009,Nesochthamalus intertextus,species,Animalia,Arthropoda,Hexanauplia,Balanomorpha,Chthamalidae,Nesochthamalus,http://creativecommons.org/publicdomain/zero/1.0/,Zoltán Stekkelpak,stekkelpak,,,,,,,
67033777,https://www.inaturalist.org/observations/67033777,HumanObservation,2020-12-25T05:42:21Z,iNaturalist,Observations,iNaturalist research-grade observations,,67033777,https://www.inaturalist.org/observations/67033777,,sampope,,sampope,,wild,2020-12-14T16:00:00Z,16:00:00Z,Mon Dec 14 2020 16:00:00 GMT-0800 (PST),"Tomales Bay State Park, Inverness, CA, US",38.1269516671,-122.8913083756,26931.0,EPSG:4326,US,California,147530605.0,2020-12-25T05:39:47Z,,9535,Sturnella neglecta,species,Animalia,Chordata,Aves,Passeriformes,Icteridae,Sturnella,http://creativecommons.org/licenses/by-nc/4.0/,sampope,sampope,,https://www.inaturalist.org/projects/california-birds,,,,,
67033781,https://www.inaturalist.org/observations/67033781,HumanObservation,2020-12-25T06:44:00Z,iNaturalist,Observations,iNaturalist research-grade observations,,67033781,https://www.inaturalist.org/observations/67033781,,Gerrit van den Bergh,,Tim,,wild,2020-12-25T10:44:42+11:00,10:44:42+11:00,Fri Dec 25 2020 10:44:42 GMT+1100 (GMT+11),"Budderoo National Park, Carrington Falls, NSW, AU",-34.6241,150.6552416667,5.0,EPSG:4326,AU,New South Wales,147530746.0,2020-12-25T05:42:30Z,,122205,Actinotus minor,species,Plantae,Tracheophyta,Magnoliopsida,Apiales,Apiaceae,Actinotus,http://creativecommons.org/licenses/by-nc/4.0/,Gerrit van den Bergh,gerritvandenbergh,AU,,,,,,
67033782,https://www.inaturalist.org/observations/67033782,HumanObservation,2020-12-25T06:22:51Z,iNaturalist,Observations,iNaturalist research-grade observations,,67033782,https://www.inaturalist.org/observations/67033782,,andreagrecu,,andreagrecu,,wild,2020-12-25T18:39:42+13:00,18:39:42+13:00,Fri Dec 25 2020 18:39:42 GMT+1300 (GMT+13),"Tahora Avenue, Remuera, Auckland, NZ",-36.8817002921,174.8101518478,65.0,EPSG:4326,NZ,Auckland,147530619.0,2020-12-25T05:40:05Z,,366661,Coprosma robusta,species,Plantae,Tracheophyta,Magnoliopsida,Gentianales,Rubiaceae,Coprosma,http://creativecommons.org/licenses/by-nc/4.0/,andreagrecu,andreagrecu,NZ,,,,,,
67033784,https://www.inaturalist.org/observations/67033784,HumanObservation,2024-01-29T22:55:13Z,iNaturalist,Observations,iNaturalist research-grade observations,,67033784,https://www.inaturalist.org/observations/67033784,,Daba,https://orcid.org/0000-0002-1251-3167,Daba,https://orcid.org/0000-0002-1251-3167,wild,2018-07-28T18:55:00+13:00,18:55:00+13:00,2018/07/28 6:55 PM SST,"Кижингинский р-н, Респ. Бурятия, Россия",52.0655742098,109.7515157837,61.0,EPSG:4326,RU,Buryat,147530626.0,2020-12-25T05:40:17Z,,138749,Oxytropis squammulosa,species,Plantae,Tracheophyta,Magnoliopsida,Fabales,Fabaceae,Oxytropis,http://creativecommons.org/licenses/by-nc/4.0/,Daba,daba,,,,,,,
67033786,https://www.inaturalist.org/observations/67033786,HumanObservation,2021-01-26T12:02:18Z,iNaturalist,Observations,iNaturalist research-grade observations,,67033786,https://www.inaturalist.org/observations/67033786,,Henrik Kibak,,Henrik Kibak,,wild,2020-01-06T12:56:46-10:00,12:56:46-10:00,Mon Jan 06 2020 12:56:46 GMT-0800 (PST),"Twizel-Omarama Road, Omarama, Canterbury, NZ",-44.3824083333,169.9981083333,5.0,EPSG:4326,NZ,Canterbury,147530629.0,2020-12-25T05:40:20Z,,48715,Amanita muscaria,species,Fungi,Basidiomycota,Agaricomycetes,Agaricales,Amanitaceae,Amanita,http://creativecommons.org/licenses/by-nc/4.0/,Henrik Kibak,hkibak,,,,,,,
67033789,https://www.inaturalist.org/observations/67033789,HumanObservation,2023-10-06T03:59:15Z,iNaturalist,Observations,iNaturalist research-grade observations,,67033789,https://www.inaturalist.org/observations/67033789,,Zoltán Stekkelpak,,psweet,,wild,2020-12-24T17:14:02-08:00,17:14:02-08:00,2020-12-24 5:14:02 PM HST,"Kalaoa, HI 96740, USA",19.6745944444,-156.0262,,EPSG:4326,US,Hawaii,147559168.0,2020-12-25T14:19:20Z,There's also a Sanderling (the pale one in the middle),3938,Arenaria interpres,species,Animalia,Chordata,Aves,Charadriiformes,Scolopacidae,Arenaria,http://creativecommons.org/publicdomain/zero/1.0/,Zoltán Stekkelpak,stekkelpak,,,,,,,
201101429,https://www.inaturalist.org/observations/201101429,HumanObservation,2024-03-03T14:19:25Z,iNaturalist,Observations,iNaturalist research-grade observations,,201101429,https://www.inaturalist.org/observations/201101429,known host tree has lost the relevant branches so not much left of them. Probably up other trees.,Christopher Stephens,,Christopher Stephens,,wild,2024-03-02T15:24:00+13:00,15:24:00+13:00,2024/03/02 3:24 PM,"Western Lake, New Zealand",-41.2560876064,175.1502240568,8.0,EPSG:4326,NZ,Wellington,456421652.0,2024-03-03T08:31:55Z,,410035,Korthalsella salicornioides,species,Plantae,Tracheophyta,Magnoliopsida,Santalales,Santalaceae,Korthalsella,http://creativecommons.org/licenses/by/4.0/,Christopher Stephens,christopherstephens,NZ,,,,,,
201101430,https://www.inaturalist.org/observations/201101430,HumanObservation,2024-03-03T14:55:28Z,iNaturalist,Observations,iNaturalist research-grade observations,,201101430,https://www.inaturalist.org/observations/201101430,,jacksparrow2010,,Georg S. Haindrich,,wild,2024-03-03T07:53:30+01:00,07:53:30+01:00,2024-03-03 07:53:30+01:00,"Berndorf, Bruck an der Mur, Steiermark, AT",47.418917316,15.2559824491,89.0,EPSG:4326,AT,Steiermark,456453577.0,2024-03-03T12:06:14Z,,55763,Petasites albus,species,Plantae,Tracheophyta,Magnoliopsida,Asterales,Asteraceae,Petasites,http://creativecommons.org/licenses/by-nc/4.0/,jacksparrow2010,jacksparrow2010,,,,,,,
201101431,https://www.inaturalist.org/observations/201101431,HumanObservation,2024-08-03T03:27:09Z,iNaturalist,Observations,iNaturalist research-grade observations,,201101431,https://www.inaturalist.org/observations/201101431,,Lilex,,hinrichmatthes,,wild,2024-03-03T09:31:51+01:00,09:31:51+01:00,2024-03-03 09:31:51+01:00,"Gr 129-Renaix-Dinant, Messancy, Provinz Luxemburg, BE",49.6195050935,5.8834846504,15.0,EPSG:4326,LU,Luxembourg,456545559.0,2024-03-03T18:05:35Z,,12735,Turdus viscivorus,species,Animalia,Chordata,Aves,Passeriformes,Turdidae,Turdus,http://creativecommons.org/licenses/by-nc/4.0/,Lilex,lilex,LU,https://www.inaturalist.org/projects/audio-observations-from-around-the-world,,,,alive,"{""evidenceOfPresence"":""organism""}"
201101432,https://www.inaturalist.org/observations/201101432,HumanObservation,2024-03-06T13:01:32Z,iNaturalist,Observations,iNaturalist research-grade observations,,201101432,https://www.inaturalist.org/observations/201101432,,Rajat Joshi,,Rajat Joshi,,wild,2021-11-02T13:01:00+05:30,13:01:00+05:30,2021/11/02 1:01 PM,Fergusson College,18.522921,73.84071,,EPSG:4326,IN,Maharashtra,456421668.0,2024-03-03T08:31:59Z,,143257,Tirumala limniace,species,Animalia,Arthropoda,Insecta,Lepidoptera,Nymphalidae,Tirumala,http://creativecommons.org/licenses/by-nc/4.0/,Rajat Joshi,rajatjoshi03,,https://www.inaturalist.org/projects/nectar-plants-for-lepidoptera-of-india,female,adult,,alive,"{""evidenceOfPresence"":""organism""}"
201101433,https://www.inaturalist.org/observations/201101433,HumanObservation,2025-03-02T07:25:52Z,iNaturalist,Observations,iNaturalist research-grade observations,,201101433,https://www.inaturalist.org/observations/201101433,,davidsando,,davidsando,,wild,2024-03-03T13:22:00+10:30,13:22:00+10:30,2024/03/03 1:22 PM,"Keith SA 5267, Australia",-36.1331861852,140.398368644,8.0,EPSG:4326,AU,South Australia,456421669.0,2024-03-03T08:31:59Z,,7070,Tadorna tadornoides,species,Animalia,Chordata,Aves,Anseriformes,Anatidae,Tadorna,http://creativecommons.org/licenses/by-nc/4.0/,davidsando,davidsando,AU,,,adult,,alive,"{""evidenceOfPresence"":""organism""}"
201101434,https://www.inaturalist.org/observations/201101434,HumanObservation,2024-03-05T00:37:06Z,iNaturalist,Observations,iNaturalist research-grade observations,,201101434,https://www.inaturalist.org/observations/201101434,,spissatella,,bmig_steve,,wild,2024-03-03T08:31:11+00:00,08:31:11+00:00,2024-03-03 08:31:11Z,"Woodford Road, London, England, GB",51.5872083409,0.0213887787,50.0,EPSG:4326,GB,England,456429823.0,2024-03-03T09:27:49Z,,122238,Porcellio scaber,species,Animalia,Arthropoda,Malacostraca,Isopoda,Porcellionidae,Porcellio,http://creativecommons.org/licenses/by-nc/4.0/,spissatella,spissatella,,,,,,,
201101437,https://www.inaturalist.org/observations/201101437,HumanObservation,2024-04-09T15:40:06Z,iNaturalist,Observations,iNaturalist research-grade observations,,201101437,https://www.inaturalist.org/observations/201101437,,Ivan Paz-Vinas,https://orcid.org/0000-0002-0043-9289,Ian Andrews,,wild,2024-03-02T15:36:45+01:00,15:36:45+01:00,2024-03-02 15:36:45,"Minimes, 31200 Toulouse, France",43.6193002299,1.443929337,43.0,EPSG:4326,FR,Midi-Pyrénées,456436504.0,2024-03-03T10:09:01Z,,343752,Suillia variegata,species,Animalia,Arthropoda,Insecta,Diptera,Heleomyzidae,Suillia,http://creativecommons.org/licenses/by-nc/4.0/,Ivan Paz-Vinas,ivanpazvinas,,,,adult,,alive,"{""evidenceOfPresence"":""organism""}"
201101440,https://www.inaturalist.org/observations/201101440,HumanObservation,2024-09-05T08:14:09Z,iNaturalist,Observations,iNaturalist research-grade observations,,201101440,https://www.inaturalist.org/observations/201101440,,Jarah Marginata,,Jarah Marginata,,wild,2024-02-16T09:04:46+11:00,09:04:46+11:00,2024-02-16 09:04:46+11:00,"Budj Bim National Park, Macarthur, VIC, AU",-38.0629721667,141.9253533333,325.0,EPSG:4326,AU,Victoria,456421733.0,2024-03-03T08:32:15Z,,64107,Asparagus asparagoides,species,Plantae,Tracheophyta,Liliopsida,Asparagales,Asparagaceae,Asparagus,http://creativecommons.org/licenses/by-nc/4.0/,Jarah Marginata,jarah,AU,,,,,,
201101442,https://www.inaturalist.org/observations/201101442,HumanObservation,2024-03-22T19:40:12Z,iNaturalist,Observations,iNaturalist research-grade observations,,201101442,https://www.inaturalist.org/observations/201101442,,ahabo,,ahabo,,wild,2024-03-03T09:32:06+01:00,09:32:06+01:00,2024-03-03 09:32:06,"55422 Bacharach, Deutschland",50.05625282,7.76630791,3.0,EPSG:4326,DE,Rheinland-Pfalz,456421785.0,2024-03-03T08:32:28Z,,12748,Turdus philomelos,species,Animalia,Chordata,Aves,Passeriformes,Turdidae,Turdus,http://creativecommons.org/licenses/by/4.0/,ahabo,ahabo,,https://www.inaturalist.org/projects/audio-observations-from-around-the-world,,adult,,alive,"{""evidenceOfPresence"":""organism""}"
201101445,https://www.inaturalist.org/observations/201101445,HumanObservation,2024-03-03T08:34:27Z,iNaturalist,Observations,iNaturalist research-grade observations,,201101445,https://www.inaturalist.org/observations/201101445,Juvenile,landvaettir,,landvaettir,,wild,2024-03-03T08:57:00+11:00,08:57:00+11:00,2024-03-03 08:57:00+11:00,"Kinglake National Park, Kinglake West, VIC, AU",-37.4932852243,145.2505249093,40.0,EPSG:4326,AU,Victoria,456421812.0,2024-03-03T08:32:35Z,,18921,Platycercus elegans,species,Animalia,Chordata,Aves,Psittaciformes,Psittaculidae,Platycercus,http://creativecommons.org/licenses/by-nc/4.0/,landvaettir,landvaettir,AU,,,,,,
201101446,https://www.inaturalist.org/observations/201101446,HumanObservation,2024-03-04T23:11:22Z,iNaturalist,Observations,iNaturalist research-grade observations,,201101446,https://www.inaturalist.org/observations/201101446,,Martina Kišelová,,Martina Kišelová,,wild,2023-06-24T14:00:00+02:00,14:00:00+02:00,2023/06/24 14:00,"Doksy, Česko",50.5822347497,14.6353312905,2876.0,EPSG:4326,CZ,Liberecký,456421816.0,2024-03-03T08:32:36Z,,109650,Platycnemis pennipes,species,Animalia,Arthropoda,Insecta,Odonata,Platycnemididae,Platycnemis,http://creativecommons.org/licenses/by-nc/4.0/,Martina Kišelová,marhi_226,,,female,,,,
201101447,https://www.inaturalist.org/observations/201101447,HumanObservation,2024-03-03T08:51:17Z,iNaturalist,Observations,iNaturalist research-grade observations,,201101447,https://www.inaturalist.org/observations/201101447,,Till,,Till,,wild,2024-03-03T16:59:22+13:00,16:59:22+13:00,2024-03-03 16:59:22,Pancake Rocks,-42.1078691237,171.3348481804,1518.0,EPSG:4326,NZ,West Coast,456421817.0,2024-03-03T08:32:36Z,,400343,Calystegia tuguriorum,species,Plantae,Tracheophyta,Magnoliopsida,Solanales,Convolvulaceae,Calystegia,http://creativecommons.org/licenses/by-nc/4.0/,Till,tillde,,,,,,,
201101450,https://www.inaturalist.org/observations/201101450,HumanObservation,2024-03-03T21:00:49Z,iNaturalist,Observations,iNaturalist research-grade observations,,201101450,https://www.inaturalist.org/observations/201101450,,kiwipom,,Neville Hudson,,wild,2024-03-03T21:31:31+13:00,21:31:31+13:00,2024-03-03 21:31:31,"Te Ore Ore, Masterton, New Zealand",-40.9552133333,175.6929816667,5.0,EPSG:4326,NZ,Wellington,456546954.0,2024-03-03T18:10:39Z,,398755,Wiseana cervinata,species,Animalia,Arthropoda,Insecta,Lepidoptera,Hepialidae,Wiseana,http://creativecommons.org/licenses/by-nc/4.0/,kiwipom,kiwipom,NZ,,female,adult,,alive,"{""evidenceOfPresence"":""organism""}"
67033795,https://www.inaturalist.org/observations/67033795,HumanObservation,2024-08-04T00:50:29Z,iNaturalist,Observations,iNaturalist research-grade observations,Coordinate uncertainty increased to 29727m at the request of the observer,67033795,https://www.inaturalist.org/observations/67033795,i couldn't see the bird making that noise,aeruginosa,,rogermcneill,,wild,2020-12-25T15:38:22+10:00,15:38:22+10:00,2020-12-25 3:38:22 PM GMT+10:00,"Queensland, AU",-27.5756595321,152.9201417128,29727.0,EPSG:4326,AU,Queensland,147819655.0,2020-12-27T09:37:54Z,,73407,Sphecotheres vieilloti,species,Animalia,Chordata,Aves,Passeriformes,Oriolidae,Sphecotheres,http://creativecommons.org/licenses/by-nc/4.0/,aeruginosa,aeruginosa,AU,https://www.inaturalist.org/projects/audio-observations-from-around-the-world,,,,alive,"{""evidenceOfPresence"":""organism""}"
67033800,https://www.inaturalist.org/observations/67033800,HumanObservation,2020-12-25T10:16:28Z,iNaturalist,Observations,iNaturalist research-grade observations,,67033800,https://www.inaturalist.org/observations/67033800,Found under log on the beach,Timothy Harker,,Timothy Harker,,wild,2020-12-20T12:17:00+13:00,12:17:00+13:00,2020/12/20 12:17 PM NZDT,"Marlborough, New Zealand",-41.722284768,174.1999865773,568.0,EPSG:4326,NZ,Marlborough,147530871.0,2020-12-25T05:44:12Z,I think?,392456,Mesites pallidipennis,species,Animalia,Arthropoda,Insecta,Coleoptera,Curculionidae,Mesites,http://creativecommons.org/licenses/by-nc/4.0/,Timothy Harker,timharker,NZ,,,,,,
67033803,https://www.inaturalist.org/observations/67033803,HumanObservation,2023-10-06T03:59:15Z,iNaturalist,Observations,iNaturalist research-grade observations,,67033803,https://www.inaturalist.org/observations/67033803,,Zoltán Stekkelpak,,Dana Lee Ling,,wild,2020-12-24T17:14:02-08:00,17:14:02-08:00,2020-12-24 5:14:02 PM HST,"Kalaoa, HI 96740, USA",19.6745944444,-156.0262,,EPSG:4326,US,Hawaii,160756035.0,2021-03-22T00:20:50Z,,363481,Scaevola taccada,species,Plantae,Tracheophyta,Magnoliopsida,Asterales,Goodeniaceae,Scaevola,http://creativecommons.org/publicdomain/zero/1.0/,Zoltán Stekkelpak,stekkelpak,,,,,,,
67033808,https://www.inaturalist.org/observations/67033808,HumanObservation,2022-02-20T00:35:38Z,iNaturalist,Observations,iNaturalist research-grade observations,,67033808,https://www.inaturalist.org/observations/67033808,,Bill Butler,,Bill Butler,,wild,2020-12-25T14:15:00-05:00,14:15:00-05:00,2020/12/25 2:15 PM EST,"Davidson NSW, Australia",-33.7531261424,151.2025959889,61.0,EPSG:4326,AU,New South Wales,147530709.0,2020-12-25T05:41:37Z,,120523,Anguilla reinhardtii,species,Animalia,Chordata,Actinopterygii,Anguilliformes,Anguillidae,Anguilla,http://creativecommons.org/licenses/by-nc/4.0/,Bill Butler,billbutler,,https://www.inaturalist.org/projects/australasian-fishes,,,,,
67033811,https://www.inaturalist.org/observations/67033811,HumanObservation,2024-01-29T22:55:13Z,iNaturalist,Observations,iNaturalist research-grade observations,,67033811,https://www.inaturalist.org/observations/67033811,,Daba,https://orcid.org/0000-0002-1251-3167,Daba,https://orcid.org/0000-0002-1251-3167,wild,2018-07-28T18:58:00+13:00,18:58:00+13:00,2018/07/28 6:58 PM SST,"Кижингинский р-н, Респ. Бурятия, Россия",52.0656739985,109.7515696564,31.0,EPSG:4326,RU,Buryat,147530713.0,2020-12-25T05:41:42Z,,857033,Oxytropis myriophylla,species,Plantae,Tracheophyta,Magnoliopsida,Fabales,Fabaceae,Oxytropis,http://creativecommons.org/licenses/by-nc/4.0/,Daba,daba,,,,,,,
67033816,https://www.inaturalist.org/observations/67033816,HumanObservation,2021-02-08T07:08:47Z,iNaturalist,Observations,iNaturalist research-grade observations,,67033816,https://www.inaturalist.org/observations/67033816,,paulzc,,paulzc,,wild,2020-12-24T21:41:00-08:00,21:41:00-08:00,2020/12/24 9:41 PM PST,"Tsawwassen, Delta, BC, Canada",49.0137562213,-123.0398469075,167.0,EPSG:4326,CA,British Columbia,147530724.0,2020-12-25T05:42:10Z,,485176,Mareca americana,species,Animalia,Chordata,Aves,Anseriformes,Anatidae,Mareca,http://creativecommons.org/licenses/by-nc/4.0/,paulzc,paulzc,,,,,,,
67033820,https://www.inaturalist.org/observations/67033820,HumanObservation,2020-12-25T09:06:58Z,iNaturalist,Observations,iNaturalist research-grade observations,,67033820,https://www.inaturalist.org/observations/67033820,,andreagrecu,,mark_smale,,wild,2020-12-25T18:41:24+13:00,18:41:24+13:00,Fri Dec 25 2020 18:41:24 GMT+1300 (GMT+13),"Remuera Road, Remuera, Auckland, NZ",-36.8816873439,174.8101114169,65.0,EPSG:4326,NZ,Auckland,147533684.0,2020-12-25T06:34:37Z,,75603,Asparagus aethiopicus,species,Plantae,Tracheophyta,Liliopsida,Asparagales,Asparagaceae,Asparagus,http://creativecommons.org/licenses/by-nc/4.0/,andreagrecu,andreagrecu,NZ,,,,,,
67033822,https://www.inaturalist.org/observations/67033822,HumanObservation,2023-08-08T02:29:50Z,iNaturalist,Observations,iNaturalist research-grade observations,,67033822,https://www.inaturalist.org/observations/67033822,,Justin Vogel,,Nick Helme,,wild,2020-12-24T07:49:42+02:00,07:49:42+02:00,2020-12-24 7:49:42 AM GMT+02:00,"Onrus River, Onrus, 7201, South Africa",-34.4158733083,19.1791835889,,EPSG:4326,ZA,Western Cape,369055813.0,2023-05-30T10:59:31Z,,595129,Tarchonanthus littoralis,species,Plantae,Tracheophyta,Magnoliopsida,Asterales,Asteraceae,Tarchonanthus,http://creativecommons.org/licenses/by-nc/4.0/,Justin Vogel,justinvogel,,https://www.inaturalist.org/projects/flora-of-africa|https://www.inaturalist.org/projects/unknown-trees-of-southern-africa-1|https://www.inaturalist.org/projects/unknown-carduoideae,,,no flowers or fruits,,
67033826,https://www.inaturalist.org/observations/67033826,HumanObservation,2024-04-15T01:03:36Z,iNaturalist,Observations,iNaturalist research-grade observations,,67033826,https://www.inaturalist.org/observations/67033826,,Nat,,Nat,,wild,2020-12-22T11:45:27Z,11:45:27Z,2020-12-22 11:45:27 AM HST,"Volcano, HI 96785, USA",19.4294222222,-155.2571111111,,EPSG:4326,US,Hawaii,147530757.0,2020-12-25T05:42:40Z,,264674,Evania appendigaster,species,Animalia,Arthropoda,Insecta,Hymenoptera,Evaniidae,Evania,http://creativecommons.org/licenses/by-nc/4.0/,Nat,natalya_hmo,,https://www.inaturalist.org/projects/hawai-i-volcanoes-national-park,,,,,
67033827,https://www.inaturalist.org/observations/67033827,HumanObservation,2021-01-09T21:46:54Z,iNaturalist,Observations,iNaturalist research-grade observations,,67033827,https://www.inaturalist.org/observations/67033827,Location is very approximate.,Alex Binck,,Alex Binck,,wild,2015-08-12T17:47:00-07:00,17:47:00-07:00,2015/08/12 5:47 PM PDT,"Ettelbruck, Luxembourg",49.8567913481,6.0810886513,31250.0,EPSG:4326,LU,Diekirch,147530759.0,2020-12-25T05:42:45Z,,125655,Anoplotrupes stercorosus,species,Animalia,Arthropoda,Insecta,Coleoptera,Geotrupidae,Anoplotrupes,http://creativecommons.org/licenses/by-nc/4.0/,Alex Binck,alexbinck,,,,,,,
67033829,https://www.inaturalist.org/observations/67033829,HumanObservation,2020-12-25T05:54:01Z,iNaturalist,Observations,iNaturalist research-grade observations,,67033829,https://www.inaturalist.org/observations/67033829,,paulzc,,paulzc,,wild,2020-12-24T21:42:00-08:00,21:42:00-08:00,2020/12/24 9:42 PM PST,"Tsawwassen, Delta, BC, Canada",49.0137210368,-123.0397718048,167.0,EPSG:4326,CA,British Columbia,147530761.0,2020-12-25T05:42:47Z,,6993,Bucephala albeola,species,Animalia,Chordata,Aves,Anseriformes,Anatidae,Bucephala,http://creativecommons.org/licenses/by-nc/4.0/,paulzc,paulzc,,,,,,,
67033830,https://www.inaturalist.org/observations/67033830,HumanObservation,2023-10-06T03:59:15Z,iNaturalist,Observations,iNaturalist research-grade observations,Coordinate uncertainty increased to 30545m to protect threatened taxon,67033830,https://www.inaturalist.org/observations/67033830,,Zoltán Stekkelpak,,Zoltán Stekkelpak,,wild,2020-12-24T17:11:16-08:00,17:11:16-08:00,2020-12-24 5:11:16 PM HST,"Hawaii, US",19.7437787277,-156.0334158053,30545.0,EPSG:4326,US,Hawaii,147531937.0,2020-12-25T06:03:06Z,,39659,Chelonia mydas,species,Animalia,Chordata,Reptilia,Testudines,Cheloniidae,Chelonia,http://creativecommons.org/publicdomain/zero/1.0/,Zoltán Stekkelpak,stekkelpak,,,,,,alive,
67033832,https://www.inaturalist.org/observations/67033832,HumanObservation,2020-12-25T06:22:28Z,iNaturalist,Observations,iNaturalist research-grade observations,,67033832,https://www.inaturalist.org/observations/67033832,,andreagrecu,,andreagrecu,,wild,2020-12-25T18:42:36+13:00,18:42:36+13:00,Fri Dec 25 2020 18:42:36 GMT+1300 (GMT+13),"Tahora Avenue, Remuera, Auckland, NZ",-36.8817519708,174.810199541,65.0,EPSG:4326,NZ,Auckland,147530779.0,2020-12-25T05:42:57Z,,52495,Hedychium gardnerianum,species,Plantae,Tracheophyta,Liliopsida,Zingiberales,Zingiberaceae,Hedychium,http://creativecommons.org/licenses/by-nc/4.0/,andreagrecu,andreagrecu,NZ,https://www.inaturalist.org/projects/the-dirty-dozen,,,,,
201101451,https://www.inaturalist.org/observations/201101451,HumanObservation,2024-03-03T13:13:04Z,iNaturalist,Observations,iNaturalist research-grade observations,,201101451,https://www.inaturalist.org/observations/201101451,,klevingston,,klevingston,,wild,2024-01-30T14:50:29-06:00,14:50:29-06:00,2024-01-30 14:50:29-06:00,"Texas Woman's University, Denton, TX, US",33.229075,-97.1296083333,3.0,EPSG:4326,US,Texas,456421863.0,2024-03-03T08:32:47Z,,39782,Trachemys scripta,species,Animalia,Chordata,Reptilia,Testudines,Emydidae,Trachemys,http://creativecommons.org/licenses/by-nc/4.0/,klevingston,klevingston,,,,,,,
201101453,https://www.inaturalist.org/observations/201101453,HumanObservation,2024-03-06T02:33:04Z,iNaturalist,Observations,iNaturalist research-grade observations,,201101453,https://www.inaturalist.org/observations/201101453,,leighlloyd,,leighlloyd,,wild,2024-03-03T16:31:18+08:00,16:31:18+08:00,2024-03-03 16:31:18+08:00,"Tioman Island, Kuala Rompin, Pahang, MY",2.746855,104.1217195,4.0,EPSG:4326,MY,Johor,456421867.0,2024-03-03T08:32:47Z,,1475913,Papilio agenor,species,Animalia,Arthropoda,Insecta,Lepidoptera,Papilionidae,Papilio,http://creativecommons.org/licenses/by-nc/4.0/,leighlloyd,leighlloyd,,,,,,,
201101457,https://www.inaturalist.org/observations/201101457,HumanObservation,2024-09-05T08:14:15Z,iNaturalist,Observations,iNaturalist research-grade observations,,201101457,https://www.inaturalist.org/observations/201101457,,Jarah Marginata,,Tim Hammer,https://orcid.org/0000-0003-3816-7933,wild,2024-02-16T14:48:23+11:00,14:48:23+11:00,2024-02-16 14:48:23+11:00,"Budj Bim National Park, Macarthur, VIC, AU",-38.0580666667,141.9152833333,4.0,EPSG:4326,AU,Victoria,460246007.0,2024-03-16T10:34:50Z,,856072,Hibbertia australis,species,Plantae,Tracheophyta,Magnoliopsida,Dilleniales,Dilleniaceae,Hibbertia,http://creativecommons.org/licenses/by-nc/4.0/,Jarah Marginata,jarah,AU,,,,,,
201101458,https://www.inaturalist.org/observations/201101458,HumanObservation,2024-07-02T15:56:15Z,iNaturalist,Observations,iNaturalist research-grade observations,,201101458,https://www.inaturalist.org/observations/201101458,,Manuel Raab,,Manuel Raab,,wild,2024-03-02T17:07:11+01:00,17:07:11+01:00,2024-03-02 17:07:11+01:00,"Murauen-Mureck-Bad Radkersburg-Klöch, Bad Radkersburg, Styria, AT",46.7161782877,16.0140191906,23.0,EPSG:4326,SI,Pomurska,456421894.0,2024-03-03T08:32:54Z,,25669,Rana dalmatina,species,Animalia,Chordata,Amphibia,Anura,Ranidae,Rana,http://creativecommons.org/licenses/by-nc/4.0/,Manuel Raab,mani_raab,,https://www.inaturalist.org/projects/naturbeobachtungen-studierende-graz,,,,,
201101460,https://www.inaturalist.org/observations/201101460,HumanObservation,2024-03-04T07:34:21Z,iNaturalist,Observations,iNaturalist research-grade observations,,201101460,https://www.inaturalist.org/observations/201101460,,smfang,,smfang,,wild,2024-03-01T17:10:56-08:00,17:10:56-08:00,2024-03-01 17:10:56-08:00,"Anza-Borrego Desert State Park, Borrego Springs, CA, US",33.3397216667,-116.3738166667,5.0,EPSG:4326,US,California,456421897.0,2024-03-03T08:32:55Z,,802494,Aphyllon cooperi,species,Plantae,Tracheophyta,Magnoliopsida,Lamiales,Orobanchaceae,Aphyllon,http://creativecommons.org/licenses/by-nc/4.0/,smfang,smfang,,https://www.inaturalist.org/projects/san-diego-county-plant-atlas|https://www.inaturalist.org/projects/san-diego-county-california-biodiversity|https://www.inaturalist.org/projects/flora-of-anza-borrego-state-park-and-adjacent-desert,,,,,
201101461,https://www.inaturalist.org/observations/201101461,HumanObservation,2024-03-03T15:09:40Z,iNaturalist,Observations,iNaturalist research-grade observations,,201101461,https://www.inaturalist.org/observations/201101461,,Samarth Jain,,,,wild,2024-03-03T10:02:57+05:30,10:02:57+05:30,2024-03-03 10:02:57,Sangram Sagar Lake and Garden,23.1388671839,79.883527346,259.0,EPSG:4326,IN,Madhya Pradesh,,,,121531,Psittacula krameri manillensis,subspecies,Animalia,Chordata,Aves,Psittaciformes,Psittaculidae,Psittacula,http://creativecommons.org/licenses/by-nc/4.0/,Samarth Jain,samarth_jain,,,,,,,
201101465,https://www.inaturalist.org/observations/201101465,HumanObservation,2024-03-04T07:34:22Z,iNaturalist,Observations,iNaturalist research-grade observations,,201101465,https://www.inaturalist.org/observations/201101465,,smfang,,smfang,,wild,2024-03-01T17:12:30-08:00,17:12:30-08:00,2024-03-01 17:12:30-08:00,"Anza-Borrego Desert State Park, Borrego Springs, CA, US",33.3397033333,-116.3739383333,4.0,EPSG:4326,US,California,456421959.0,2024-03-03T08:33:09Z,,802494,Aphyllon cooperi,species,Plantae,Tracheophyta,Magnoliopsida,Lamiales,Orobanchaceae,Aphyllon,http://creativecommons.org/licenses/by-nc/4.0/,smfang,smfang,,https://www.inaturalist.org/projects/flora-of-anza-borrego-state-park-and-adjacent-desert|https://www.inaturalist.org/projects/san-diego-county-california-biodiversity|https://www.inaturalist.org/projects/san-diego-county-plant-atlas,,,,,
201101470,https://www.inaturalist.org/observations/201101470,HumanObservation,2024-03-03T10:30:27Z,iNaturalist,Observations,iNaturalist research-grade observations,,201101470,https://www.inaturalist.org/observations/201101470,,Till,,Till,,wild,2024-03-03T16:56:35+13:00,16:56:35+13:00,2024-03-03 16:56:35,"Punakaiki, New Zealand",-42.1078691237,171.3348481804,1518.0,EPSG:4326,NZ,West Coast,456422005.0,2024-03-03T08:33:23Z,,366726,Metrosideros perforata,species,Plantae,Tracheophyta,Magnoliopsida,Myrtales,Myrtaceae,Metrosideros,http://creativecommons.org/licenses/by-nc/4.0/,Till,tillde,,,,,,,
201101473,https://www.inaturalist.org/observations/201101473,HumanObservation,2024-03-04T08:56:18Z,iNaturalist,Observations,iNaturalist research-grade observations,,201101473,https://www.inaturalist.org/observations/201101473,,livingandfossilthings,,Mathijs Zonneveld,,wild,2024-03-02T11:23:25+00:00,11:23:25+00:00,2024-03-02 11:23:25,"Dawlish Warren, Dawlish EX7 0NF, Vereinigtes Königreich",50.606182238,-3.4290828556,187.0,EPSG:4326,GB,England,456445526.0,2024-03-03T11:16:11Z,,53462,Ostrea edulis,species,Animalia,Mollusca,Bivalvia,Ostreida,Ostreidae,Ostrea,http://creativecommons.org/licenses/by-nc/4.0/,livingandfossilthings,livingandfossilthings,,,,,,dead,"{""evidenceOfPresence"":""organism""}"
201101474,https://www.inaturalist.org/observations/201101474,HumanObservation,2024-03-03T14:37:18Z,iNaturalist,Observations,iNaturalist research-grade observations,,201101474,https://www.inaturalist.org/observations/201101474,,Денис Воронов,,Денис Воронов,,wild,2024-03-03T12:54:00+07:00,12:54:00+07:00,2024/03/03 12:54,"Заельцовский р-н, Новосибирск, Новосибирская обл., Россия",55.0599956807,82.87933146,408.0,EPSG:4326,RU,Novosibirsk,456422023.0,2024-03-03T08:33:27Z,,18301,Picus canus,species,Animalia,Chordata,Aves,Piciformes,Picidae,Picus,http://creativecommons.org/licenses/by-nc/4.0/,Денис Воронов,vorden,,,,,,,
201101475,https://www.inaturalist.org/observations/201101475,HumanObservation,2024-03-17T02:04:49Z,iNaturalist,Observations,iNaturalist research-grade observations,,201101475,https://www.inaturalist.org/observations/201101475,,judybarnes,,judybarnes,,wild,2024-03-03T17:17:49+11:00,17:17:49+11:00,2024-03-03 17:17:49,"Ferntree Gully VIC 3156, Australia",-37.8721943927,145.3047157824,174.0,EPSG:4326,AU,Victoria,456422024.0,2024-03-03T08:33:27Z,,202505,Zosterops lateralis,species,Animalia,Chordata,Aves,Passeriformes,Zosteropidae,Zosterops,http://creativecommons.org/licenses/by-nc/4.0/,judybarnes,judybarnes,,https://www.inaturalist.org/projects/gardens-for-wildlife-victoria,,,,,
201101476,https://www.inaturalist.org/observations/201101476,HumanObservation,2024-03-04T07:34:23Z,iNaturalist,Observations,iNaturalist research-grade observations,,201101476,https://www.inaturalist.org/observations/201101476,,smfang,,smfang,,wild,2024-03-01T17:28:47-08:00,17:28:47-08:00,2024-03-01 17:28:47-08:00,"Anza-Borrego Desert State Park, Borrego Springs, CA, US",33.3400383333,-116.3692166667,4.0,EPSG:4326,US,California,456422029.0,2024-03-03T08:33:28Z,,57877,Hesperocallis undulata,species,Plantae,Tracheophyta,Liliopsida,Asparagales,Asparagaceae,Hesperocallis,http://creativecommons.org/licenses/by-nc/4.0/,smfang,smfang,,https://www.inaturalist.org/projects/san-diego-county-california-biodiversity|https://www.inaturalist.org/projects/san-diego-county-plant-atlas|https://www.inaturalist.org/projects/desert-lily-project|https://www.inaturalist.org/projects/flora-of-anza-borrego-state-park-and-adjacent-desert,,,flowers|flower buds,,
201101477,https://www.inaturalist.org/observations/201101477,HumanObservation,2024-03-03T21:01:48Z,iNaturalist,Observations,iNaturalist research-grade observations,,201101477,https://www.inaturalist.org/observations/201101477,,kiwipom,,Neville Hudson,,wild,2024-03-03T21:32:56+13:00,21:32:56+13:00,2024-03-03 21:32:56,"Te Ore Ore, Masterton, New Zealand",-40.955435,175.6928316667,5.0,EPSG:4326,NZ,Wellington,456546813.0,2024-03-03T18:10:12Z,,974679,Ichneutica mutans,species,Animalia,Arthropoda,Insecta,Lepidoptera,Noctuidae,Ichneutica,http://creativecommons.org/licenses/by-nc/4.0/,kiwipom,kiwipom,NZ,,female,adult,,alive,"{""evidenceOfPresence"":""organism""}"
201101479,https://www.inaturalist.org/observations/201101479,HumanObservation,2024-03-03T08:57:07Z,iNaturalist,Observations,iNaturalist research-grade observations,,201101479,https://www.inaturalist.org/observations/201101479,,jdabs,,Sandra Falanga,,wild,2024-03-02T15:27:16+02:00,15:27:16+02:00,2024-03-02 15:27:16,"George Municipality, South Africa",-33.9195708,22.3696957,,EPSG:4326,ZA,Western Cape,456424500.0,2024-03-03T08:51:00Z,,428358,Aptera fusca,species,Animalia,Arthropoda,Insecta,Blattodea,Blaberidae,Aptera,http://creativecommons.org/licenses/by-nc/4.0/,jdabs,jdabs,,,,,,,
201101481,https://www.inaturalist.org/observations/201101481,HumanObservation,2024-03-06T02:52:24Z,iNaturalist,Observations,iNaturalist research-grade observations,,201101481,https://www.inaturalist.org/observations/201101481,,smfang,,smfang,,wild,2024-03-01T17:30:34-08:00,17:30:34-08:00,2024-03-01 17:30:34-08:00,"Anza-Borrego Desert State Park, Borrego Springs, CA, US",33.3399583333,-116.3686616667,3.0,EPSG:4326,US,California,456422077.0,2024-03-03T08:33:42Z,,76333,Chylismia claviformis,species,Plantae,Tracheophyta,Magnoliopsida,Myrtales,Onagraceae,Chylismia,http://creativecommons.org/licenses/by-nc/4.0/,smfang,smfang,,https://www.inaturalist.org/projects/san-diego-county-plant-atlas|https://www.inaturalist.org/projects/san-diego-county-california-biodiversity|https://www.inaturalist.org/projects/flora-of-anza-borrego-state-park-and-adjacent-desert,,,,,
201101484,https://www.inaturalist.org/observations/201101484,HumanObservation,2024-04-09T15:36:48Z,iNaturalist,Observations,iNaturalist research-grade observations,,201101484,https://www.inaturalist.org/observations/201101484,,Ivan Paz-Vinas,https://orcid.org/0000-0002-0043-9289,Ian Andrews,,wild,2024-03-02T15:12:51+01:00,15:12:51+01:00,2024-03-02 15:12:51,"Minimes, 31200 Toulouse, France",43.6193002299,1.443929337,43.0,EPSG:4326,FR,Midi-Pyrénées,456436455.0,2024-03-03T10:08:42Z,,343752,Suillia variegata,species,Animalia,Arthropoda,Insecta,Diptera,Heleomyzidae,Suillia,http://creativecommons.org/licenses/by-nc/4.0/,Ivan Paz-Vinas,ivanpazvinas,,,,adult,,alive,"{""evidenceOfPresence"":""organism""}"
201101487,https://www.inaturalist.org/observations/201101487,HumanObservation,2024-03-03T08:55:58Z,iNaturalist,Observations,iNaturalist research-grade observations,,201101487,https://www.inaturalist.org/observations/201101487,,davidsando,,davidsando,,wild,2024-03-03T13:23:00+10:30,13:23:00+10:30,2024/03/03 1:23 PM,"Keith SA 5267, Australia",-36.1335736881,140.3980634486,31.0,EPSG:4326,AU,South Australia,456422108.0,2024-03-03T08:33:48Z,,6969,Anas gracilis,species,Animalia,Chordata,Aves,Anseriformes,Anatidae,Anas,http://creativecommons.org/licenses/by-nc/4.0/,davidsando,davidsando,AU,,,,,,
201101488,https://www.inaturalist.org/observations/201101488,HumanObservation,2024-03-07T19:20:00Z,iNaturalist,Observations,iNaturalist research-grade observations,,201101488,https://www.inaturalist.org/observations/201101488,,johannaandthebugs,,johannaandthebugs,,wild,2024-03-02T13:44:00+01:00,13:44:00+01:00,2024-03-02 13:44:00+01:00,"Lindenpark, Eberswalde, Brandenburg, DE",52.8430833804,13.824797928,21.0,EPSG:4326,DE,Brandenburg,456422213.0,2024-03-03T08:34:42Z,,124145,Xylocopa violacea,species,Animalia,Arthropoda,Insecta,Hymenoptera,Apidae,Xylocopa,http://creativecommons.org/licenses/by-nc/4.0/,johannaandthebugs,johannaandthebugs,,https://www.inaturalist.org/projects/mating-bees,,,,,
201101489,https://www.inaturalist.org/observations/201101489,HumanObservation,2024-03-03T09:50:03Z,iNaturalist,Observations,iNaturalist research-grade observations,,201101489,https://www.inaturalist.org/observations/201101489,,Elias,,Elias,,wild,2024-03-03T08:33:41+01:00,08:33:41+01:00,2024-03-03 08:33:41,"Straßgang, Graz, Austria",47.0352638889,15.3920777778,,EPSG:4326,AT,Steiermark,456422130.0,2024-03-03T08:33:53Z,,162719,Erythronium dens-canis,species,Plantae,Tracheophyta,Liliopsida,Liliales,Liliaceae,Erythronium,http://creativecommons.org/publicdomain/zero/1.0/,Elias,elias105,,,,,,,
201101491,https://www.inaturalist.org/observations/201101491,HumanObservation,2024-03-12T09:22:16Z,iNaturalist,Observations,iNaturalist research-grade observations,Coordinate uncertainty increased to 27474m at the request of the observer,201101491,https://www.inaturalist.org/observations/201101491,,xaviergeezing,,Stephen Thorpe,,wild,2024-03-03T21:32:35+13:00,21:32:35+13:00,2024-03-03 21:32:35,"Canterbury, NZ",-43.5538145405,172.7346151785,27474.0,EPSG:4326,NZ,Canterbury,456424339.0,2024-03-03T08:49:59Z,,386061,Arhopalus ferus,species,Animalia,Arthropoda,Insecta,Coleoptera,Cerambycidae,Arhopalus,http://creativecommons.org/licenses/by-nc/4.0/,xaviergeezing,xaviergeezing,,,,,,,
201101492,https://www.inaturalist.org/observations/201101492,HumanObservation,2024-03-17T09:21:52Z,iNaturalist,Observations,iNaturalist research-grade observations,,201101492,https://www.inaturalist.org/observations/201101492,,ssyc02,,ssyc02,,wild,2024-03-03T16:33:42+08:00,16:33:42+08:00,2024-03-03 16:33:42+08:00,"Pat Sin Leng, New Territories, HK",22.4670501619,114.1903690757,11884.0,EPSG:4326,HK,Tai Po,456422135.0,2024-03-03T08:33:54Z,,967406,Phintelloides versicolor,species,Animalia,Arthropoda,Arachnida,Araneae,Salticidae,Phintelloides,http://creativecommons.org/licenses/by-nc/4.0/,ssyc02,ssyc02,,,,,,,
201101497,https://www.inaturalist.org/observations/201101497,HumanObservation,2024-03-03T11:52:54Z,iNaturalist,Observations,iNaturalist research-grade observations,Coordinate uncertainty increased to 30490m to protect threatened taxon,201101497,https://www.inaturalist.org/observations/201101497,,taipingling,,Filipe Afonso,,wild,2024-01-19T07:29:00+05:30,07:29:00+05:30,2024/01/19 7:29 AM,"Chandrapur, IN-MH, IN",20.2449237086,79.3014824755,30490.0,EPSG:4326,IN,Maharashtra,456445808.0,2024-03-03T11:18:40Z,,712479,Rusa unicolor unicolor,subspecies,Animalia,Chordata,Mammalia,Artiodactyla,Cervidae,Rusa,http://creativecommons.org/licenses/by-nc/4.0/,taipingling,taipingling,,,,,,,
201101501,https://www.inaturalist.org/observations/201101501,HumanObservation,2024-03-03T08:41:26Z,iNaturalist,Observations,iNaturalist research-grade observations,,201101501,https://www.inaturalist.org/observations/201101501,,landvaettir,,landvaettir,,wild,2024-03-03T10:30:00+11:00,10:30:00+11:00,2024-03-03 10:30:00+11:00,"Kinglake National Park, Kinglake West, VIC, AU",-37.4922280666,145.2510569922,65.0,EPSG:4326,AU,Victoria,456422177.0,2024-03-03T08:34:19Z,,506043,Pachycephala pectoralis,species,Animalia,Chordata,Aves,Passeriformes,Pachycephalidae,Pachycephala,http://creativecommons.org/licenses/by-nc/4.0/,landvaettir,landvaettir,AU,,,,,,
201101502,https://www.inaturalist.org/observations/201101502,HumanObservation,2024-03-06T02:52:16Z,iNaturalist,Observations,iNaturalist research-grade observations,,201101502,https://www.inaturalist.org/observations/201101502,,smfang,,smfang,,wild,2024-03-01T17:30:26-08:00,17:30:26-08:00,2024-03-01 17:30:26-08:00,"Anza-Borrego Desert State Park, Borrego Springs, CA, US",33.33993,-116.3687366667,15.0,EPSG:4326,US,California,456422181.0,2024-03-03T08:34:22Z,,76333,Chylismia claviformis,species,Plantae,Tracheophyta,Magnoliopsida,Myrtales,Onagraceae,Chylismia,http://creativecommons.org/licenses/by-nc/4.0/,smfang,smfang,,https://www.inaturalist.org/projects/san-diego-county-california-biodiversity|https://www.inaturalist.org/projects/san-diego-county-plant-atlas|https://www.inaturalist.org/projects/flora-of-anza-borrego-state-park-and-adjacent-desert,,,,,
201101505,https://www.inaturalist.org/observations/201101505,HumanObservation,2024-03-17T02:04:40Z,iNaturalist,Observations,iNaturalist research-grade observations,,201101505,https://www.inaturalist.org/observations/201101505,,judybarnes,,judybarnes,,wild,2024-03-03T17:34:56+11:00,17:34:56+11:00,2024-03-03 17:34:56,"Ferntree Gully VIC 3156, Australia",-37.8721943927,145.3047157824,174.0,EPSG:4326,AU,Victoria,456422195.0,2024-03-03T08:34:30Z,,13467,Acanthiza lineata,species,Animalia,Chordata,Aves,Passeriformes,Acanthizidae,Acanthiza,http://creativecommons.org/licenses/by-nc/4.0/,judybarnes,judybarnes,,https://www.inaturalist.org/projects/gardens-for-wildlife-victoria,,,,,
201101507,https://www.inaturalist.org/observations/201101507,HumanObservation,2024-03-27T05:58:46Z,iNaturalist,Observations,iNaturalist research-grade observations,,201101507,https://www.inaturalist.org/observations/201101507,Samlende redemateriale,dojo14,,dojo14,,wild,2024-03-01T12:15:54+01:00,12:15:54+01:00,2024-03-01 12:15:54,"Tornebakke 5 , Manderup, 3550 Slangerup, Danmark",55.8617446534,12.1585510299,172.0,EPSG:4326,DK,Hovedstaden,456422198.0,2024-03-03T08:34:31Z,,46001,Sciurus vulgaris,species,Animalia,Chordata,Mammalia,Rodentia,Sciuridae,Sciurus,http://creativecommons.org/licenses/by-nc/4.0/,dojo14,dojo14,,,,adult,,alive,
201101508,https://www.inaturalist.org/observations/201101508,HumanObservation,2024-11-01T18:02:57Z,iNaturalist,Observations,iNaturalist research-grade observations,,201101508,https://www.inaturalist.org/observations/201101508,"See notes on card. Podocarpus. KMTR, Location and Date approximate. Kakachi.",T R Shankar Raman,https://orcid.org/0000-0002-1347-3953,T R Shankar Raman,https://orcid.org/0000-0002-1347-3953,wild,1997-01-15,,1997-01-15,"Singampatti Zamindar Forest, Tamil Nadu, India",8.5604997194,77.4006788805,258.0,EPSG:4326,IN,Tamil Nadu,456422202.0,2024-03-03T08:34:35Z,,132929,Nageia wallichiana,species,Plantae,Tracheophyta,Pinopsida,Pinales,Podocarpaceae,Nageia,http://creativecommons.org/publicdomain/zero/1.0/,T R Shankar Raman,trsraman,,,,,,,
201101520,https://www.inaturalist.org/observations/201101520,HumanObservation,2024-03-04T12:09:05Z,iNaturalist,Observations,iNaturalist research-grade observations,,201101520,https://www.inaturalist.org/observations/201101520,,iacomaner,,Brent Baker,,wild,2024-01-28T16:15:46-06:00,16:15:46-06:00,2024-01-28 16:15:46-06:00,"Buffalo National River, Compton, AR, US",36.0243555,-93.354155,7.0,EPSG:4326,US,Arkansas,456684201.0,2024-03-04T02:51:57Z,,122056,Asplenium platyneuron,species,Plantae,Tracheophyta,Polypodiopsida,Polypodiales,Aspleniaceae,Asplenium,http://creativecommons.org/licenses/by-nc/4.0/,iacomaner,iacomaner,,,,,,,
201101526,https://www.inaturalist.org/observations/201101526,HumanObservation,2024-03-06T21:09:04Z,iNaturalist,Observations,iNaturalist research-grade observations,,201101526,https://www.inaturalist.org/observations/201101526,,Valentin Moser,https://orcid.org/0000-0002-9627-1934,Felix Riegel,,wild,2024-03-03T09:32:35+01:00,09:32:35+01:00,2024-03-03 09:32:35,"3822 Lauterbrunnen, Schweiz",46.61966347,7.88031611,8.0,EPSG:4326,CH,Bern,456423664.0,2024-03-03T08:44:33Z,,78697,Polystichum lonchitis,species,Plantae,Tracheophyta,Polypodiopsida,Polypodiales,Dryopteridaceae,Polystichum,http://creativecommons.org/licenses/by/4.0/,Valentin Moser,vmoser,,,,,,,
201101529,https://www.inaturalist.org/observations/201101529,HumanObservation,2025-03-14T05:04:15Z,iNaturalist,Observations,iNaturalist research-grade observations,,201101529,https://www.inaturalist.org/observations/201101529,,Felix Harper,,Leon Crang,,wild,2024-03-02T14:03:00+11:00,14:03:00+11:00,2024/03/02 2:03 PM,"Girrakool Loop Track, Kariong NSW, Australia",-33.3995402118,151.3298784883,61.0,EPSG:4326,AU,New South Wales,456423094.0,2024-03-03T08:40:24Z,,124875,Spodoptera litura,species,Animalia,Arthropoda,Insecta,Lepidoptera,Noctuidae,Spodoptera,http://creativecommons.org/licenses/by-nc/4.0/,Felix Harper,felix75,AU,,,,,,
201101532,https://www.inaturalist.org/observations/201101532,HumanObservation,2024-03-03T12:41:22Z,iNaturalist,Observations,iNaturalist research-grade observations,,201101532,https://www.inaturalist.org/observations/201101532,,Felix Harper,,Felix Harper,,wild,2024-03-03T10:02:00+11:00,10:02:00+11:00,2024/03/03 10:02 AM,"Girrakool Loop Track, Kariong NSW, Australia",-33.4316618963,151.2766037548,2.0,EPSG:4326,AU,New South Wales,456422274.0,2024-03-03T08:35:14Z,,202380,Leucocoprinus fragilissimus,species,Fungi,Basidiomycota,Agaricomycetes,Agaricales,Agaricaceae,Leucocoprinus,http://creativecommons.org/licenses/by-nc/4.0/,Felix Harper,felix75,AU,,,,,,
201101534,https://www.inaturalist.org/observations/201101534,HumanObservation,2024-10-22T21:20:22Z,iNaturalist,Observations,iNaturalist research-grade observations,,201101534,https://www.inaturalist.org/observations/201101534,,Joyce Tu,,Joyce Tu,,wild,2024-02-18T10:11:00+08:00,10:11:00+08:00,2024/02/18 10:11,966台灣台東縣達仁鄉,22.381019229,120.8065030433,946.0,EPSG:4326,TW,Taiwan,555516904.0,2024-10-22T21:20:21Z,,1476503,Curculigo capitulata,species,Plantae,Tracheophyta,Liliopsida,Asparagales,Hypoxidaceae,Curculigo,http://creativecommons.org/licenses/by-nc/4.0/,Joyce Tu,joycetu,,,,,,,
201101535,https://www.inaturalist.org/observations/201101535,HumanObservation,2024-03-03T22:33:29Z,iNaturalist,Observations,iNaturalist research-grade observations,,201101535,https://www.inaturalist.org/observations/201101535,,Felix Harper,,Felix Harper,,wild,2024-03-03T10:06:00+11:00,10:06:00+11:00,2024/03/03 10:06 AM,"Girrakool Loop Track, Kariong NSW, Australia",-33.4319795821,151.2765676613,4.0,EPSG:4326,AU,New South Wales,456422280.0,2024-03-03T08:35:15Z,,355921,Boletellus emodensis,species,Fungi,Basidiomycota,Agaricomycetes,Boletales,Boletaceae,Boletellus,http://creativecommons.org/licenses/by-nc/4.0/,Felix Harper,felix75,AU,,,,,,
201101538,https://www.inaturalist.org/observations/201101538,HumanObservation,2024-03-03T09:35:31Z,iNaturalist,Observations,iNaturalist research-grade observations,,201101538,https://www.inaturalist.org/observations/201101538,,Joyce Tu,,Joyce Tu,,wild,2024-02-18T10:11:00+08:00,10:11:00+08:00,2024/02/18 10:11,966台灣台東縣達仁鄉,22.381019229,120.8065030433,946.0,EPSG:4326,TW,Taiwan,456422282.0,2024-03-03T08:35:15Z,,702430,Rubus wallichianus,species,Plantae,Tracheophyta,Magnoliopsida,Rosales,Rosaceae,Rubus,http://creativecommons.org/licenses/by-nc/4.0/,Joyce Tu,joycetu,,,,,,,
201101541,https://www.inaturalist.org/observations/201101541,HumanObservation,2024-03-03T09:35:20Z,iNaturalist,Observations,iNaturalist research-grade observations,,201101541,https://www.inaturalist.org/observations/201101541,,Joyce Tu,,Joyce Tu,,wild,2024-02-18T10:11:00+08:00,10:11:00+08:00,2024/02/18 10:11,966台灣台東縣達仁鄉,22.3797493576,120.8083913621,946.0,EPSG:4326,TW,Taiwan,456422288.0,2024-03-03T08:35:16Z,,1039500,Ficus benguetensis,species,Plantae,Tracheophyta,Magnoliopsida,Rosales,Moraceae,Ficus,http://creativecommons.org/licenses/by-nc/4.0/,Joyce Tu,joycetu,,,,,,,
201101543,https://www.inaturalist.org/observations/201101543,HumanObservation,2024-03-03T22:33:01Z,iNaturalist,Observations,iNaturalist research-grade observations,,201101543,https://www.inaturalist.org/observations/201101543,,Felix Harper,,Felix Harper,,wild,2024-03-03T10:12:00+11:00,10:12:00+11:00,2024/03/03 10:12 AM,"Girrakool Loop Track, Kariong NSW, Australia",-33.4320749896,151.2765583016,8.0,EPSG:4326,AU,New South Wales,456422289.0,2024-03-03T08:35:16Z,,355921,Boletellus emodensis,species,Fungi,Basidiomycota,Agaricomycetes,Boletales,Boletaceae,Boletellus,http://creativecommons.org/licenses/by-nc/4.0/,Felix Harper,felix75,AU,,,,,,
201101544,https://www.inaturalist.org/observations/201101544,HumanObservation,2024-03-04T01:41:30Z,iNaturalist,Observations,iNaturalist research-grade observations,,201101544,https://www.inaturalist.org/observations/201101544,,Felix Harper,,Felix Harper,,wild,2024-03-03T10:14:00+11:00,10:14:00+11:00,2024/03/03 10:14 AM,"Girrakool Loop Track, Kariong NSW, Australia",-33.4320749896,151.2765583016,8.0,EPSG:4326,AU,New South Wales,456422291.0,2024-03-03T08:35:16Z,,499981,Australopilus palumanus,species,Fungi,Basidiomycota,Agaricomycetes,Boletales,Boletaceae,Australopilus,http://creativecommons.org/licenses/by-nc/4.0/,Felix Harper,felix75,AU,https://www.inaturalist.org/projects/fungi-life-list-felix-harper,,,,,
201101546,https://www.inaturalist.org/observations/201101546,HumanObservation,2024-03-04T11:59:14Z,iNaturalist,Observations,iNaturalist research-grade observations,,201101546,https://www.inaturalist.org/observations/201101546,,Joyce Tu,,Joyce Tu,,wild,2024-02-18T10:11:00+08:00,10:11:00+08:00,2024/02/18 10:11,966台灣台東縣達仁鄉,22.3799080918,120.8087346643,946.0,EPSG:4326,TW,Taiwan,456422292.0,2024-03-03T08:35:17Z,,1396071,Lepidomicrosorium ningpoense,species,Plantae,Tracheophyta,Polypodiopsida,Polypodiales,Polypodiaceae,Lepidomicrosorium,http://creativecommons.org/licenses/by-nc/4.0/,Joyce Tu,joycetu,,,,,,,
201101549,https://www.inaturalist.org/observations/201101549,HumanObservation,2024-03-04T11:59:11Z,iNaturalist,Observations,iNaturalist research-grade observations,,201101549,https://www.inaturalist.org/observations/201101549,,Joyce Tu,,Joyce Tu,,wild,2024-02-18T10:11:00+08:00,10:11:00+08:00,2024/02/18 10:11,966台灣台東縣達仁鄉,22.3799080918,120.8087346643,946.0,EPSG:4326,TW,Taiwan,456422297.0,2024-03-03T08:35:17Z,,1001860,Leptochilus wrightii,species,Plantae,Tracheophyta,Polypodiopsida,Polypodiales,Polypodiaceae,Leptochilus,http://creativecommons.org/licenses/by-nc/4.0/,Joyce Tu,joycetu,,,,,,,
201101551,https://www.inaturalist.org/observations/201101551,HumanObservation,2024-03-03T09:35:08Z,iNaturalist,Observations,iNaturalist research-grade observations,,201101551,https://www.inaturalist.org/observations/201101551,,Joyce Tu,,Joyce Tu,,wild,2024-02-18T10:11:00+08:00,10:11:00+08:00,2024/02/18 10:11,966台灣台東縣達仁鄉,22.3787969551,120.8106229558,946.0,EPSG:4326,TW,Taiwan,456422299.0,2024-03-03T08:35:17Z,,713641,Elatostema lineolatum,species,Plantae,Tracheophyta,Magnoliopsida,Rosales,Urticaceae,Elatostema,http://creativecommons.org/licenses/by-nc/4.0/,Joyce Tu,joycetu,,,,,,,
201101552,https://www.inaturalist.org/observations/201101552,HumanObservation,2024-03-03T09:35:05Z,iNaturalist,Observations,iNaturalist research-grade observations,,201101552,https://www.inaturalist.org/observations/201101552,,Joyce Tu,,Joyce Tu,,wild,2024-02-18T10:11:00+08:00,10:11:00+08:00,2024/02/18 10:11,966台灣台東縣達仁鄉,22.3790350597,120.8101937886,946.0,EPSG:4326,TW,Taiwan,456422300.0,2024-03-03T08:35:17Z,,789403,Pilea aquarum,species,Plantae,Tracheophyta,Magnoliopsida,Rosales,Urticaceae,Pilea,http://creativecommons.org/licenses/by-nc/4.0/,Joyce Tu,joycetu,,,,,,,
201101553,https://www.inaturalist.org/observations/201101553,HumanObservation,2024-03-03T08:55:50Z,iNaturalist,Observations,iNaturalist research-grade observations,,201101553,https://www.inaturalist.org/observations/201101553,,davidsando,,davidsando,,wild,2024-03-03T13:25:00+10:30,13:25:00+10:30,2024/03/03 1:25 PM,"Keith SA 5267, Australia",-36.1328047117,140.3981710786,8.0,EPSG:4326,AU,South Australia,456422301.0,2024-03-03T08:35:17Z,,3603,Geopelia placida,species,Animalia,Chordata,Aves,Columbiformes,Columbidae,Geopelia,http://creativecommons.org/licenses/by-nc/4.0/,davidsando,davidsando,AU,,,,,,
201101556,https://www.inaturalist.org/observations/201101556,HumanObservation,2024-03-09T08:05:36Z,iNaturalist,Observations,iNaturalist research-grade observations,,201101556,https://www.inaturalist.org/observations/201101556,,Joyce Tu,,Joyce Tu,,wild,2024-02-18T10:11:00+08:00,10:11:00+08:00,2024/02/18 10:11,966台灣台東縣達仁鄉,22.3799080918,120.8087346643,946.0,EPSG:4326,TW,Taiwan,456422306.0,2024-03-03T08:35:18Z,,569461,Tetrastigma obtectum,species,Plantae,Tracheophyta,Magnoliopsida,Vitales,Vitaceae,Tetrastigma,http://creativecommons.org/licenses/by-nc/4.0/,Joyce Tu,joycetu,,,,,,,
201101560,https://www.inaturalist.org/observations/201101560,HumanObservation,2024-03-03T09:34:33Z,iNaturalist,Observations,iNaturalist research-grade observations,,201101560,https://www.inaturalist.org/observations/201101560,,Joyce Tu,,Joyce Tu,,wild,2024-02-18T10:11:00+08:00,10:11:00+08:00,2024/02/18 10:11,966台灣台東縣達仁鄉,22.3799080918,120.8087346643,946.0,EPSG:4326,TW,Taiwan,456422312.0,2024-03-03T08:35:19Z,,124423,Epipremnum pinnatum,species,Plantae,Tracheophyta,Liliopsida,Alismatales,Araceae,Epipremnum,http://creativecommons.org/licenses/by-nc/4.0/,Joyce Tu,joycetu,,,,,,,
201101561,https://www.inaturalist.org/observations/201101561,HumanObservation,2024-03-03T11:38:13Z,iNaturalist,Observations,iNaturalist research-grade observations,,201101561,https://www.inaturalist.org/observations/201101561,,Felix Harper,,Felix Harper,,wild,2024-03-03T10:18:00+11:00,10:18:00+11:00,2024/03/03 10:18 AM,"Girrakool Loop Track, Kariong NSW, Australia",-33.4322659988,151.2762692452,4.0,EPSG:4326,AU,New South Wales,456422313.0,2024-03-03T08:35:19Z,,122205,Actinotus minor,species,Plantae,Tracheophyta,Magnoliopsida,Apiales,Apiaceae,Actinotus,http://creativecommons.org/licenses/by-nc/4.0/,Felix Harper,felix75,AU,,,,flowers,,
201101563,https://www.inaturalist.org/observations/201101563,HumanObservation,2024-03-03T09:34:27Z,iNaturalist,Observations,iNaturalist research-grade observations,,201101563,https://www.inaturalist.org/observations/201101563,,Joyce Tu,,Joyce Tu,,wild,2024-02-18T10:11:00+08:00,10:11:00+08:00,2024/02/18 10:11,966台灣台東縣達仁鄉,22.3789475114,120.8110022787,946.0,EPSG:4326,TW,Taiwan,456422315.0,2024-03-03T08:35:19Z,,569456,Strobilanthes flexicaulis,species,Plantae,Tracheophyta,Magnoliopsida,Lamiales,Acanthaceae,Strobilanthes,http://creativecommons.org/licenses/by-nc/4.0/,Joyce Tu,joycetu,,,,,,,
201101566,https://www.inaturalist.org/observations/201101566,HumanObservation,2024-03-03T09:34:09Z,iNaturalist,Observations,iNaturalist research-grade observations,,201101566,https://www.inaturalist.org/observations/201101566,,Joyce Tu,,Joyce Tu,,wild,2024-02-18T10:11:00+08:00,10:11:00+08:00,2024/02/18 10:11,966台灣台東縣達仁鄉,22.3782332097,120.813062222,946.0,EPSG:4326,TW,Taiwan,456422318.0,2024-03-03T08:35:20Z,,569782,Lagerstroemia subcostata,species,Plantae,Tracheophyta,Magnoliopsida,Myrtales,Lythraceae,Lagerstroemia,http://creativecommons.org/licenses/by-nc/4.0/,Joyce Tu,joycetu,,,,,,,
201101569,https://www.inaturalist.org/observations/201101569,HumanObservation,2024-03-03T10:55:31Z,iNaturalist,Observations,iNaturalist research-grade observations,,201101569,https://www.inaturalist.org/observations/201101569,,Joyce Tu,,Joyce Tu,,wild,2024-02-18T10:11:00+08:00,10:11:00+08:00,2024/02/18 10:11,966台灣台東縣達仁鄉,22.3789475114,120.8110022787,946.0,EPSG:4326,TW,Taiwan,456422322.0,2024-03-03T08:35:20Z,,468335,Aucuba chinensis,species,Plantae,Tracheophyta,Magnoliopsida,Garryales,Garryaceae,Aucuba,http://creativecommons.org/licenses/by-nc/4.0/,Joyce Tu,joycetu,,,,,,,
201101573,https://www.inaturalist.org/observations/201101573,HumanObservation,2024-03-03T09:34:00Z,iNaturalist,Observations,iNaturalist research-grade observations,,201101573,https://www.inaturalist.org/observations/201101573,,Joyce Tu,,Joyce Tu,,wild,2024-02-18T10:11:00+08:00,10:11:00+08:00,2024/02/18 10:11,966台灣台東縣達仁鄉,22.3775982742,120.8164954487,946.0,EPSG:4326,TW,Taiwan,456422327.0,2024-03-03T08:35:21Z,,575097,Trichodesma calycosum,species,Plantae,Tracheophyta,Magnoliopsida,Boraginales,Boraginaceae,Trichodesma,http://creativecommons.org/licenses/by-nc/4.0/,Joyce Tu,joycetu,,,,,,,
201101574,https://www.inaturalist.org/observations/201101574,HumanObservation,2024-06-09T01:29:37Z,iNaturalist,Observations,iNaturalist research-grade observations,,201101574,https://www.inaturalist.org/observations/201101574,,Felix Harper,,Felix Harper,,wild,2024-03-03T10:23:00+11:00,10:23:00+11:00,2024/03/03 10:23 AM,"Girrakool Loop Track, Kariong NSW, Australia",-33.4327868285,151.2755030303,4.0,EPSG:4326,AU,New South Wales,456422329.0,2024-03-03T08:35:21Z,,321199,Scaevola ramosissima,species,Plantae,Tracheophyta,Magnoliopsida,Asterales,Goodeniaceae,Scaevola,http://creativecommons.org/licenses/by-nc/4.0/,Felix Harper,felix75,AU,,,,,,
201101578,https://www.inaturalist.org/observations/201101578,HumanObservation,2024-03-11T11:32:56Z,iNaturalist,Observations,iNaturalist research-grade observations,,201101578,https://www.inaturalist.org/observations/201101578,,Andy liao,,Andy liao,,wild,2024-03-03T16:31:51+08:00,16:31:51+08:00,2024-03-03 16:31:51,239台灣新北市鶯歌區尖山里,24.9488334444,121.3464813056,,EPSG:4326,TW,New Taipei,456422333.0,2024-03-03T08:35:22Z,,5043,Gorsachius melanolophus,species,Animalia,Chordata,Aves,Pelecaniformes,Ardeidae,Gorsachius,http://creativecommons.org/licenses/by-nc/4.0/,Andy liao,andyliao,TW,,,,,,
67033840,https://www.inaturalist.org/observations/67033840,HumanObservation,2020-12-25T07:32:11Z,iNaturalist,Observations,iNaturalist research-grade observations,,67033840,https://www.inaturalist.org/observations/67033840,,paulzc,,Ben Keen,,wild,2020-12-24T21:42:00-08:00,21:42:00-08:00,2020/12/24 9:42 PM PST,"Tsawwassen, Delta, BC, Canada",49.0137351104,-123.0398361778,167.0,EPSG:4326,CA,British Columbia,147534017.0,2020-12-25T06:40:50Z,,6990,Bucephala clangula,species,Animalia,Chordata,Aves,Anseriformes,Anatidae,Bucephala,http://creativecommons.org/licenses/by-nc/4.0/,paulzc,paulzc,,,,,,,
67033841,https://www.inaturalist.org/observations/67033841,HumanObservation,2024-03-04T09:22:52Z,iNaturalist,Observations,iNaturalist research-grade observations,,67033841,https://www.inaturalist.org/observations/67033841,,Justin Vogel,,Nick Helme,,wild,2020-12-24T07:51:03+02:00,07:51:03+02:00,2020-12-24 7:51:03 AM GMT+02:00,"Onrus River, Onrus, 7201, South Africa",-34.4159231389,19.1790868611,,EPSG:4326,ZA,Western Cape,369055768.0,2023-05-30T10:59:11Z,,564119,Searsia glauca,species,Plantae,Tracheophyta,Magnoliopsida,Sapindales,Anacardiaceae,Searsia,http://creativecommons.org/licenses/by-nc/4.0/,Justin Vogel,justinvogel,,https://www.inaturalist.org/projects/flora-of-africa,,,fruits or seeds,,
67033842,https://www.inaturalist.org/observations/67033842,HumanObservation,2020-12-25T23:30:59Z,iNaturalist,Observations,iNaturalist research-grade observations,,67033842,https://www.inaturalist.org/observations/67033842,,andreagrecu,,David Lyttle,,wild,2020-12-25T18:43:14+13:00,18:43:14+13:00,Fri Dec 25 2020 18:43:14 GMT+1300 (GMT+13),"Tahora Avenue, Remuera, Auckland, NZ",-36.8816720083,174.810084518,65.0,EPSG:4326,NZ,Auckland,147540404.0,2020-12-25T08:10:11Z,,122034,Hydrangea macrophylla,species,Plantae,Tracheophyta,Magnoliopsida,Cornales,Hydrangeaceae,Hydrangea,http://creativecommons.org/licenses/by-nc/4.0/,andreagrecu,andreagrecu,NZ,,,,flowers,,
67033851,https://www.inaturalist.org/observations/67033851,HumanObservation,2020-12-25T08:31:38Z,iNaturalist,Observations,iNaturalist research-grade observations,,67033851,https://www.inaturalist.org/observations/67033851,Location is very approximate.,Alex Binck,,Alex Binck,,wild,2015-08-12T17:52:00-07:00,17:52:00-07:00,2015/08/12 5:52 PM PDT,"Bissen, Luxembourg",49.8124659237,6.0404852499,31250.0,EPSG:4326,LU,Luxembourg,147530855.0,2020-12-25T05:44:01Z,,61523,Helix pomatia,species,Animalia,Mollusca,Gastropoda,Stylommatophora,Helicidae,Helix,http://creativecommons.org/licenses/by-nc/4.0/,Alex Binck,alexbinck,,,,,,,
67033852,https://www.inaturalist.org/observations/67033852,HumanObservation,2023-06-09T16:31:45Z,iNaturalist,Observations,iNaturalist research-grade observations,,67033852,https://www.inaturalist.org/observations/67033852,,Иван Качалов,,Yaroslav Magazov,https://orcid.org/0000-0002-5263-174X,wild,2020-12-25T10:42:40+05:00,10:42:40+05:00,2020-12-25 10:42:40 AM GMT+05:00,"ул. Первая Охотничья, Челябинск, Челябинская обл., Россия, 454077",55.1813468889,61.4867439167,,EPSG:4326,RU,Chelyabinsk,147540508.0,2020-12-25T08:13:27Z,,3017,Columba livia,species,Animalia,Chordata,Aves,Columbiformes,Columbidae,Columba,http://creativecommons.org/licenses/by-nc/4.0/,Иван Качалов,ivkach,,https://www.inaturalist.org/projects/beautiful-feral-pigeons,undetermined,adult,,alive,"{""evidenceOfPresence"":""organism""}"
67033853,https://www.inaturalist.org/observations/67033853,HumanObservation,2020-12-26T22:48:04Z,iNaturalist,Observations,iNaturalist research-grade observations,,67033853,https://www.inaturalist.org/observations/67033853,,paulzc,,Ben Keen,,wild,2020-12-24T21:43:00-08:00,21:43:00-08:00,2020/12/24 9:43 PM PST,"541 Centennial Pkwy, Delta, BC V4L 2L5, Canada",49.0149595,-123.0407374,167.0,EPSG:4326,CA,British Columbia,147534735.0,2020-12-25T06:53:09Z,,43111,Sylvilagus floridanus,species,Animalia,Chordata,Mammalia,Lagomorpha,Leporidae,Sylvilagus,http://creativecommons.org/licenses/by-nc/4.0/,paulzc,paulzc,,,,,,,
67033886,https://www.inaturalist.org/observations/67033886,HumanObservation,2020-12-28T10:02:47Z,iNaturalist,Observations,iNaturalist research-grade observations,,67033886,https://www.inaturalist.org/observations/67033886,,Justin Vogel,,Troos van der Merwe,,wild,2020-12-24T07:55:26+02:00,07:55:26+02:00,2020-12-24 7:55:26 AM GMT+02:00,"Onrus River, Onrus, 7201, South Africa",-34.4160309,19.1789513,,EPSG:4326,ZA,Western Cape,147870509.0,2020-12-27T18:06:42Z,,545839,Helichrysum dasyanthum,species,Plantae,Tracheophyta,Magnoliopsida,Asterales,Asteraceae,Helichrysum,http://creativecommons.org/licenses/by-nc/4.0/,Justin Vogel,justinvogel,,https://www.inaturalist.org/projects/flora-of-africa,,,,,
67033895,https://www.inaturalist.org/observations/67033895,HumanObservation,2020-12-30T06:50:18Z,iNaturalist,Observations,iNaturalist research-grade observations,,67033895,https://www.inaturalist.org/observations/67033895,,Hugo Walton,,Scott W. Gavins,,wild,2020-12-25T16:37:49+11:00,16:37:49+11:00,Fri Dec 25 2020 16:37:49 GMT+1100 (GMT+11),"Derribong Place, Thornleigh, NSW, AU",-33.716095,151.0831138333,5.0,EPSG:4326,AU,New South Wales,147597444.0,2020-12-25T20:52:02Z,,321105,Dipodium variegatum,species,Plantae,Tracheophyta,Liliopsida,Asparagales,Orchidaceae,Dipodium,http://creativecommons.org/licenses/by-nc/4.0/,Hugo Walton,hugo_walton,AU,,,,flowers,,
67033899,https://www.inaturalist.org/observations/67033899,HumanObservation,2020-12-25T09:14:45Z,iNaturalist,Observations,iNaturalist research-grade observations,,67033899,https://www.inaturalist.org/observations/67033899,,Hugo Walton,,Thomas Mesaglio,https://orcid.org/0000-0002-1096-6066,wild,2020-12-25T16:36:29+11:00,16:36:29+11:00,Fri Dec 25 2020 16:36:29 GMT+1100 (GMT+11),"Derribong Place, Thornleigh, NSW, AU",-33.7159833333,151.0829,11.0,EPSG:4326,AU,New South Wales,147533383.0,2020-12-25T06:29:49Z,,321094,Cryptostylis erecta,species,Plantae,Tracheophyta,Liliopsida,Asparagales,Orchidaceae,Cryptostylis,http://creativecommons.org/licenses/by-nc/4.0/,Hugo Walton,hugo_walton,AU,,,,,,
67033901,https://www.inaturalist.org/observations/67033901,HumanObservation,2020-12-25T06:26:34Z,iNaturalist,Observations,iNaturalist research-grade observations,,67033901,https://www.inaturalist.org/observations/67033901,,MP Zhou,,MP Zhou,,wild,2020-11-27T13:05:03+08:00,13:05:03+08:00,2020-11-27 1:05:03 PM GMT+08:00,"Pingxiang, CN-JX, CN",27.542829,113.83314,,EPSG:4326,CN,Jiangxi,147530940.0,2020-12-25T05:44:50Z,,501651,Woodwardia japonica,species,Plantae,Tracheophyta,Polypodiopsida,Polypodiales,Blechnaceae,Woodwardia,http://creativecommons.org/licenses/by-nc/4.0/,MP Zhou,zmp,,,,,,,
67033904,https://www.inaturalist.org/observations/67033904,HumanObservation,2021-01-15T12:44:06Z,iNaturalist,Observations,iNaturalist research-grade observations,,67033904,https://www.inaturalist.org/observations/67033904,,auntie_uncle,,auntie_uncle,,wild,2006-04-14T11:10:00Z,11:10:00Z,2006/04/14 11:10 AM UTC,"Mai Po, Hong Kong",22.498766,114.0458275,3574.0,EPSG:4326,HK,Yuen Long,147530942.0,2020-12-25T05:44:52Z,,144455,Ardea alba,species,Animalia,Chordata,Aves,Pelecaniformes,Ardeidae,Ardea,http://creativecommons.org/licenses/by-nc/4.0/,auntie_uncle,auntie_uncle,,,,,,,
67033906,https://www.inaturalist.org/observations/67033906,HumanObservation,2020-12-25T08:54:19Z,iNaturalist,Observations,iNaturalist research-grade observations,,67033906,https://www.inaturalist.org/observations/67033906,,auntie_uncle,,auntie_uncle,,wild,2006-04-14T12:13:00Z,12:13:00Z,2006/04/14 12:13 PM UTC,"Mai Po, Hong Kong",22.498766,114.0458275,3574.0,EPSG:4326,HK,Yuen Long,147530944.0,2020-12-25T05:44:52Z,,7716,Prinia flaviventris,species,Animalia,Chordata,Aves,Passeriformes,Cisticolidae,Prinia,http://creativecommons.org/licenses/by-nc/4.0/,auntie_uncle,auntie_uncle,,,,,,,
67033907,https://www.inaturalist.org/observations/67033907,HumanObservation,2020-12-25T06:47:59Z,iNaturalist,Observations,iNaturalist research-grade observations,,67033907,https://www.inaturalist.org/observations/67033907,,auntie_uncle,,auntie_uncle,,wild,2006-04-14T12:06:00Z,12:06:00Z,2006/04/14 12:06 PM UTC,"Mai Po, Hong Kong",22.498766,114.0458275,3574.0,EPSG:4326,HK,Yuen Long,147530945.0,2020-12-25T05:44:53Z,,4943,Egretta garzetta,species,Animalia,Chordata,Aves,Pelecaniformes,Ardeidae,Egretta,http://creativecommons.org/licenses/by-nc/4.0/,auntie_uncle,auntie_uncle,,,,,,,
201101579,https://www.inaturalist.org/observations/201101579,HumanObservation,2024-03-03T09:33:44Z,iNaturalist,Observations,iNaturalist research-grade observations,,201101579,https://www.inaturalist.org/observations/201101579,,Joyce Tu,,Joyce Tu,,wild,2024-02-18T10:11:00+08:00,10:11:00+08:00,2024/02/18 10:11,966台灣台東縣達仁鄉,22.3770427039,120.8169245962,946.0,EPSG:4326,TW,Taiwan,456422334.0,2024-03-03T08:35:22Z,,857941,Bredia oldhamii,species,Plantae,Tracheophyta,Magnoliopsida,Myrtales,Melastomataceae,Bredia,http://creativecommons.org/licenses/by-nc/4.0/,Joyce Tu,joycetu,,,,,,,
201101580,https://www.inaturalist.org/observations/201101580,HumanObservation,2024-04-27T05:30:28Z,iNaturalist,Observations,iNaturalist research-grade observations,,201101580,https://www.inaturalist.org/observations/201101580,,Joyce Tu,,Joyce Tu,,wild,2024-02-18T10:11:00+08:00,10:11:00+08:00,2024/02/18 10:11,966台灣台東縣達仁鄉,22.3770427039,120.8169245962,946.0,EPSG:4326,TW,Taiwan,456422335.0,2024-03-03T08:35:22Z,,165682,Nephrolepis biserrata,species,Plantae,Tracheophyta,Polypodiopsida,Polypodiales,Nephrolepidaceae,Nephrolepis,http://creativecommons.org/licenses/by-nc/4.0/,Joyce Tu,joycetu,,,,,,,
201101586,https://www.inaturalist.org/observations/201101586,HumanObservation,2024-03-03T09:33:34Z,iNaturalist,Observations,iNaturalist research-grade observations,,201101586,https://www.inaturalist.org/observations/201101586,,Joyce Tu,,Joyce Tu,,wild,2024-02-18T10:11:00+08:00,10:11:00+08:00,2024/02/18 10:11,966台灣台東縣達仁鄉,22.3769633361,120.817439581,946.0,EPSG:4326,TW,Taiwan,456422342.0,2024-03-03T08:35:23Z,,362126,Alocasia odora,species,Plantae,Tracheophyta,Liliopsida,Alismatales,Araceae,Alocasia,http://creativecommons.org/licenses/by-nc/4.0/,Joyce Tu,joycetu,,,,,,,
201101587,https://www.inaturalist.org/observations/201101587,HumanObservation,2024-04-24T00:08:36Z,iNaturalist,Observations,iNaturalist research-grade observations,,201101587,https://www.inaturalist.org/observations/201101587,,Joyce Tu,,Joyce Tu,,wild,2024-02-18T10:11:00+08:00,10:11:00+08:00,2024/02/18 10:11,966台灣台東縣達仁鄉,22.3764871293,120.8181262272,946.0,EPSG:4326,TW,Taiwan,456422343.0,2024-03-03T08:35:23Z,,1406286,Reholttumia truncata,species,Plantae,Tracheophyta,Polypodiopsida,Polypodiales,Thelypteridaceae,Reholttumia,http://creativecommons.org/licenses/by-nc/4.0/,Joyce Tu,joycetu,,,,,,,
201101591,https://www.inaturalist.org/observations/201101591,HumanObservation,2024-03-03T09:33:30Z,iNaturalist,Observations,iNaturalist research-grade observations,,201101591,https://www.inaturalist.org/observations/201101591,,Joyce Tu,,Joyce Tu,,wild,2024-02-18T10:11:00+08:00,10:11:00+08:00,2024/02/18 10:11,966台灣台東縣達仁鄉,22.3764871293,120.8181262272,946.0,EPSG:4326,TW,Taiwan,456422348.0,2024-03-03T08:35:23Z,,569820,Urtica thunbergiana,species,Plantae,Tracheophyta,Magnoliopsida,Rosales,Urticaceae,Urtica,http://creativecommons.org/licenses/by-nc/4.0/,Joyce Tu,joycetu,,,,,,,
201101593,https://www.inaturalist.org/observations/201101593,HumanObservation,2024-03-04T14:23:50Z,iNaturalist,Observations,iNaturalist research-grade observations,,201101593,https://www.inaturalist.org/observations/201101593,,Joyce Tu,,Joyce Tu,,wild,2024-02-18T10:11:00+08:00,10:11:00+08:00,2024/02/18 10:11,966台灣台東縣達仁鄉,22.3764871293,120.8192420261,946.0,EPSG:4326,TW,Taiwan,456422350.0,2024-03-03T08:35:23Z,,565431,Pteris wallichiana,species,Plantae,Tracheophyta,Polypodiopsida,Polypodiales,Pteridaceae,Pteris,http://creativecommons.org/licenses/by-nc/4.0/,Joyce Tu,joycetu,,,,,,,
201101594,https://www.inaturalist.org/observations/201101594,HumanObservation,2024-04-11T08:41:22Z,iNaturalist,Observations,iNaturalist research-grade observations,,201101594,https://www.inaturalist.org/observations/201101594,,Joyce Tu,,Joyce Tu,,wild,2024-02-18T10:11:00+08:00,10:11:00+08:00,2024/02/18 10:11,966台灣台東縣達仁鄉,22.3764871293,120.8192420261,946.0,EPSG:4326,TW,Taiwan,456422352.0,2024-03-03T08:35:23Z,,736268,Arthropteris palisotii,species,Plantae,Tracheophyta,Polypodiopsida,Polypodiales,Tectariaceae,Arthropteris,http://creativecommons.org/licenses/by-nc/4.0/,Joyce Tu,joycetu,,,,,,,
201101596,https://www.inaturalist.org/observations/201101596,HumanObservation,2024-03-04T01:40:42Z,iNaturalist,Observations,iNaturalist research-grade observations,,201101596,https://www.inaturalist.org/observations/201101596,,Felix Harper,,Felix Harper,,wild,2024-03-03T10:35:00+11:00,10:35:00+11:00,2024/03/03 10:35 AM,"Girrakool Loop Track, Kariong NSW, Australia",-33.4339229405,151.2757995526,15.0,EPSG:4326,AU,New South Wales,456422357.0,2024-03-03T08:35:24Z,,812612,Boletellus ananiceps,species,Fungi,Basidiomycota,Agaricomycetes,Boletales,Boletaceae,Boletellus,http://creativecommons.org/licenses/by-nc/4.0/,Felix Harper,felix75,AU,,,,,,
201101598,https://www.inaturalist.org/observations/201101598,HumanObservation,2024-03-03T13:31:07Z,iNaturalist,Observations,iNaturalist research-grade observations,,201101598,https://www.inaturalist.org/observations/201101598,,Joyce Tu,,Joyce Tu,,wild,2024-02-18T10:11:00+08:00,10:11:00+08:00,2024/02/18 10:11,966台灣台東縣達仁鄉,22.3764871293,120.8192420261,946.0,EPSG:4326,TW,Taiwan,456422359.0,2024-03-03T08:35:24Z,,706557,Diplazium donianum,species,Plantae,Tracheophyta,Polypodiopsida,Polypodiales,Athyriaceae,Diplazium,http://creativecommons.org/licenses/by-nc/4.0/,Joyce Tu,joycetu,,,,,,,
201101601,https://www.inaturalist.org/observations/201101601,HumanObservation,2024-03-04T01:40:13Z,iNaturalist,Observations,iNaturalist research-grade observations,,201101601,https://www.inaturalist.org/observations/201101601,,Felix Harper,,Felix Harper,,wild,2024-03-03T10:37:00+11:00,10:37:00+11:00,2024/03/03 10:37 AM,"Girrakool Loop Track, Kariong NSW, Australia",-33.4339229405,151.2757995526,15.0,EPSG:4326,AU,New South Wales,456422364.0,2024-03-03T08:35:26Z,,499981,Australopilus palumanus,species,Fungi,Basidiomycota,Agaricomycetes,Boletales,Boletaceae,Australopilus,http://creativecommons.org/licenses/by-nc/4.0/,Felix Harper,felix75,AU,,,,,,
201101606,https://www.inaturalist.org/observations/201101606,HumanObservation,2024-03-03T22:31:44Z,iNaturalist,Observations,iNaturalist research-grade observations,,201101606,https://www.inaturalist.org/observations/201101606,At the base of an angophora costata.,Felix Harper,,Felix Harper,,wild,2024-03-03T10:45:00+11:00,10:45:00+11:00,2024/03/03 10:45 AM,"Girrakool Loop Track, Kariong NSW, Australia",-33.4336926308,151.2751983808,4.0,EPSG:4326,AU,New South Wales,456422372.0,2024-03-03T08:35:27Z,,1194340,Inonotus albertinii,species,Fungi,Basidiomycota,Agaricomycetes,Hymenochaetales,Hymenochaetaceae,Inonotus,http://creativecommons.org/licenses/by-nc/4.0/,Felix Harper,felix75,AU,https://www.inaturalist.org/projects/fungi-life-list-felix-harper,,,,,
201101607,https://www.inaturalist.org/observations/201101607,HumanObservation,2024-03-03T09:47:48Z,iNaturalist,Observations,iNaturalist research-grade observations,,201101607,https://www.inaturalist.org/observations/201101607,,Felix Harper,,Felix Harper,,wild,2024-03-03T10:21:00+11:00,10:21:00+11:00,2024/03/03 10:21 AM,"Girrakool Loop Track, Kariong NSW, Australia",-33.4324754834,151.276281919,4.0,EPSG:4326,AU,New South Wales,456422373.0,2024-03-03T08:35:27Z,,122043,Thysanotus tuberosus,species,Plantae,Tracheophyta,Liliopsida,Asparagales,Asparagaceae,Thysanotus,http://creativecommons.org/licenses/by-nc/4.0/,Felix Harper,felix75,AU,,,,,,
201101608,https://www.inaturalist.org/observations/201101608,HumanObservation,2024-03-07T02:56:45Z,iNaturalist,Observations,iNaturalist research-grade observations,,201101608,https://www.inaturalist.org/observations/201101608,,lofee,,lofee,,wild,2024-03-03T13:47:16+07:00,13:47:16+07:00,2024-03-03 13:47:16,"9P84+3VP, Sawangan, Alian, Kebumen Regency, Central Java 54352, Indonesia",-7.6358363075,109.7058939189,51.0,EPSG:4326,ID,Jawa Tengah,456422378.0,2024-03-03T08:35:31Z,,4991,Ardeola speciosa,species,Animalia,Chordata,Aves,Pelecaniformes,Ardeidae,Ardeola,http://creativecommons.org/licenses/by-nc/4.0/,lofee,lofee,,,,,,,
201101611,https://www.inaturalist.org/observations/201101611,HumanObservation,2024-11-22T09:11:56Z,iNaturalist,Observations,iNaturalist research-grade observations,,201101611,https://www.inaturalist.org/observations/201101611,,Alexey V. Ivanov,,Alexey V. Ivanov,,wild,2024-03-01T14:42:00+03:00,14:42:00+03:00,2024/03/01 14:42,"Канашский р-н, Чувашская Респ., Россия",55.5511433333,47.4192566667,,EPSG:4326,RU,Chuvash,456422385.0,2024-03-03T08:35:33Z,,144812,Poecile montanus,species,Animalia,Chordata,Aves,Passeriformes,Paridae,Poecile,http://creativecommons.org/licenses/by-nc/4.0/,Alexey V. Ivanov,wkent,,,,,,,
67033908,https://www.inaturalist.org/observations/67033908,HumanObservation,2020-12-25T15:41:33Z,iNaturalist,Observations,iNaturalist research-grade observations,,67033908,https://www.inaturalist.org/observations/67033908,Among flock of spotted redshanks,auntie_uncle,,auntie_uncle,,wild,2006-04-14T10:41:00Z,10:41:00Z,2006/04/14 10:41 AM UTC,Mai Po,22.496395,114.03034,,EPSG:4326,CN,Yuen Long,147530946.0,2020-12-25T05:44:53Z,,3947,Limosa limosa,species,Animalia,Chordata,Aves,Charadriiformes,Scolopacidae,Limosa,http://creativecommons.org/licenses/by-nc/4.0/,auntie_uncle,auntie_uncle,,,,,,,
67033909,https://www.inaturalist.org/observations/67033909,HumanObservation,2020-12-25T09:35:41Z,iNaturalist,Observations,iNaturalist research-grade observations,,67033909,https://www.inaturalist.org/observations/67033909,with a few black-tailed Godwits,auntie_uncle,,auntie_uncle,,wild,2006-04-14T10:41:00Z,10:41:00Z,2006/04/14 10:41 AM UTC,"Mai Po, Hong Kong",22.498766,114.0458275,3574.0,EPSG:4326,HK,Yuen Long,147530948.0,2020-12-25T05:44:53Z,,3882,Tringa erythropus,species,Animalia,Chordata,Aves,Charadriiformes,Scolopacidae,Tringa,http://creativecommons.org/licenses/by-nc/4.0/,auntie_uncle,auntie_uncle,,,,,,,
67033910,https://www.inaturalist.org/observations/67033910,HumanObservation,2025-03-04T05:17:36Z,iNaturalist,Observations,iNaturalist research-grade observations,,67033910,https://www.inaturalist.org/observations/67033910,,William Harris,,William Harris,,wild,2019-02-03T13:39:00-06:00,13:39:00-06:00,2019/02/03 1:39 PM CST,"Jackson, MS, USA",32.3065024708,-90.3205824846,69.0,EPSG:4326,US,Mississippi,147530949.0,2020-12-25T05:44:54Z,,121747,Arundinaria gigantea,species,Plantae,Tracheophyta,Liliopsida,Poales,Poaceae,Arundinaria,http://creativecommons.org/licenses/by-nc/4.0/,William Harris,mrprehistory,,,,,no flowers or fruits,,
67033914,https://www.inaturalist.org/observations/67033914,HumanObservation,2022-11-21T01:03:25Z,iNaturalist,Observations,iNaturalist research-grade observations,,67033914,https://www.inaturalist.org/observations/67033914,,Gerrit van den Bergh,,Gerrit van den Bergh,,wild,2020-12-25T10:44:26+11:00,10:44:26+11:00,Fri Dec 25 2020 10:44:26 GMT+1100 (GMT+11),"Budderoo National Park, Robertson, NSW, AU",-34.6240583333,150.6554416667,30.0,EPSG:4326,AU,New South Wales,147534220.0,2020-12-25T06:45:31Z,,321039,Callicoma serratifolia,species,Plantae,Tracheophyta,Magnoliopsida,Oxalidales,Cunoniaceae,Callicoma,http://creativecommons.org/licenses/by-nc/4.0/,Gerrit van den Bergh,gerritvandenbergh,AU,,,,,,
67033921,https://www.inaturalist.org/observations/67033921,HumanObservation,2021-08-13T18:10:39Z,iNaturalist,Observations,iNaturalist research-grade observations,,67033921,https://www.inaturalist.org/observations/67033921,,andreagrecu,,Dave Holland,,wild,2020-12-25T18:45:32+13:00,18:45:32+13:00,Fri Dec 25 2020 18:45:32 GMT+1300 (GMT+13),"Tahora Avenue, Remuera, Auckland, NZ",-36.881703011,174.8100469538,65.0,EPSG:4326,NZ,Auckland,147543009.0,2020-12-25T09:09:54Z,,181465,Crocosmia × crocosmiiflora,hybrid,Plantae,Tracheophyta,Liliopsida,Asparagales,Iridaceae,Crocosmia,http://creativecommons.org/licenses/by-nc/4.0/,andreagrecu,andreagrecu,NZ,,,,,,
67033926,https://www.inaturalist.org/observations/67033926,HumanObservation,2023-10-06T03:59:15Z,iNaturalist,Observations,iNaturalist research-grade observations,,67033926,https://www.inaturalist.org/observations/67033926,,Zoltán Stekkelpak,,Kevin Bonham,,wild,2020-12-24T17:10:40-08:00,17:10:40-08:00,2020-12-24 5:10:40 PM HST,"Kalaoa, HI 96740, USA",19.6749722222,-156.0261333333,,EPSG:4326,US,Hawaii,157153646.0,2021-02-28T23:44:32Z,,1203390,Monetaria caputophidii,species,Animalia,Mollusca,Gastropoda,Littorinimorpha,Cypraeidae,Monetaria,http://creativecommons.org/publicdomain/zero/1.0/,Zoltán Stekkelpak,stekkelpak,,,,,,,
67033929,https://www.inaturalist.org/observations/67033929,HumanObservation,2020-12-29T03:28:44Z,iNaturalist,Observations,iNaturalist research-grade observations,Coordinate uncertainty increased to 28734m at the request of the observer,67033929,https://www.inaturalist.org/observations/67033929,,Georgie Elliott,,Georgie Elliott,,wild,2020-12-24T12:33:00+08:00,12:33:00+08:00,2020/12/24 12:33 PM AWST,"Western Australia, AU",-35.0500890226,117.3241123462,28734.0,EPSG:4326,AU,Western Australia,147531035.0,2020-12-25T05:46:03Z,,918810,Prasophyllum brownii,species,Plantae,Tracheophyta,Liliopsida,Asparagales,Orchidaceae,Prasophyllum,http://creativecommons.org/licenses/by-nc/4.0/,Georgie Elliott,mitsymay,,https://www.inaturalist.org/projects/wild-orchid-watch-australia,,,,,
67033930,https://www.inaturalist.org/observations/67033930,HumanObservation,2020-12-25T06:34:12Z,iNaturalist,Observations,iNaturalist research-grade observations,,67033930,https://www.inaturalist.org/observations/67033930,,andreagrecu,,andreagrecu,,wild,2020-12-25T18:45:51+13:00,18:45:51+13:00,Fri Dec 25 2020 18:45:51 GMT+1300 (GMT+13),"Tahora Avenue, Remuera, Auckland, NZ",-36.8817314475,174.8101107515,65.0,EPSG:4326,NZ,Auckland,147531040.0,2020-12-25T05:46:06Z,,168884,Setaria palmifolia,species,Plantae,Tracheophyta,Liliopsida,Poales,Poaceae,Setaria,http://creativecommons.org/licenses/by-nc/4.0/,andreagrecu,andreagrecu,NZ,,,,,,
67033939,https://www.inaturalist.org/observations/67033939,HumanObservation,2020-12-25T06:07:30Z,iNaturalist,Observations,iNaturalist research-grade observations,,67033939,https://www.inaturalist.org/observations/67033939,,Владимир,,Владимир,,wild,2020-12-23T14:59:00+06:00,14:59:00+06:00,2020/12/23 2:59 PM +0600,"Большеуковский р-н, Омская обл., Россия",57.2959875731,71.6454343822,122.0,EPSG:4326,RU,Omsk,147531060.0,2020-12-25T05:46:27Z,,48711,Lobaria pulmonaria,species,Fungi,Ascomycota,Lecanoromycetes,Peltigerales,Lobariaceae,Lobaria,http://creativecommons.org/licenses/by-nc/4.0/,Владимир,vladimir_teplouhov,,,,,,,
67033941,https://www.inaturalist.org/observations/67033941,HumanObservation,2020-12-25T06:26:38Z,iNaturalist,Observations,iNaturalist research-grade observations,,67033941,https://www.inaturalist.org/observations/67033941,,MP Zhou,,MP Zhou,,wild,2020-11-27T13:02:38+08:00,13:02:38+08:00,2020-11-27 1:02:38 PM GMT+08:00,"Pingxiang, CN-JX, CN",27.5429229722,113.8331299722,,EPSG:4326,CN,Jiangxi,147531066.0,2020-12-25T05:46:40Z,,371752,Microlepia marginata,species,Plantae,Tracheophyta,Polypodiopsida,Polypodiales,Dennstaedtiaceae,Microlepia,http://creativecommons.org/licenses/by-nc/4.0/,MP Zhou,zmp,,,,,,,
67033943,https://www.inaturalist.org/observations/67033943,HumanObservation,2024-01-29T22:55:13Z,iNaturalist,Observations,iNaturalist research-grade observations,,67033943,https://www.inaturalist.org/observations/67033943,,Daba,https://orcid.org/0000-0002-1251-3167,Daba,https://orcid.org/0000-0002-1251-3167,wild,2018-07-31T14:27:00+13:00,14:27:00+13:00,2018/07/31 2:27 PM SST,"Иволгинский р-н, Респ. Бурятия, Россия",51.6434215154,106.9982720481,152.0,EPSG:4326,RU,Buryat,184755186.0,2021-06-20T20:17:25Z,,1256707,Rhamnus erythroxylum,species,Plantae,Tracheophyta,Magnoliopsida,Rosales,Rhamnaceae,Rhamnus,http://creativecommons.org/licenses/by-nc/4.0/,Daba,daba,,,,,,,
67033946,https://www.inaturalist.org/observations/67033946,HumanObservation,2023-10-06T03:59:15Z,iNaturalist,Observations,iNaturalist research-grade observations,,67033946,https://www.inaturalist.org/observations/67033946,,Zoltán Stekkelpak,,Kevin Bonham,,wild,2020-12-24T17:06:55-08:00,17:06:55-08:00,2020-12-24 5:06:55 PM HST,"Kalaoa, HI 96740, USA",19.6749777778,-156.0261111111,,EPSG:4326,US,Hawaii,147555332.0,2020-12-25T13:23:51Z,,338313,Mauritia mauritiana,species,Animalia,Mollusca,Gastropoda,Littorinimorpha,Cypraeidae,Mauritia,http://creativecommons.org/publicdomain/zero/1.0/,Zoltán Stekkelpak,stekkelpak,,,,,,,
67033947,https://www.inaturalist.org/observations/67033947,HumanObservation,2020-12-25T06:05:29Z,iNaturalist,Observations,iNaturalist research-grade observations,,67033947,https://www.inaturalist.org/observations/67033947,,Arnim Littek,,Arnim Littek,,wild,2020-12-22T07:10:00+13:00,07:10:00+13:00,2020/12/22 7:10 AM NZDT,"Himatangi Beach, New Zealand",-40.388695,175.2275983333,,EPSG:4326,NZ,Manawatu-Wanganui,147531114.0,2020-12-25T05:47:16Z,,53421,Pinus radiata,species,Plantae,Tracheophyta,Pinopsida,Pinales,Pinaceae,Pinus,http://creativecommons.org/licenses/by/4.0/,Arnim Littek,arnim,NZ,https://www.inaturalist.org/projects/the-dirty-dozen|https://www.inaturalist.org/projects/coastal-sand-dunes-and-salt-marsh-banks-and-cliffs,,,,,
201101613,https://www.inaturalist.org/observations/201101613,HumanObservation,2024-03-03T15:17:36Z,iNaturalist,Observations,iNaturalist research-grade observations,,201101613,https://www.inaturalist.org/observations/201101613,,Tilla Günther,,Tilla Günther,,wild,2024-03-03T10:32:43+02:00,10:32:43+02:00,2024-03-03 10:32:43,"14980 Pälkäne, Suomi",61.31726184,24.78598937,7.0,EPSG:4326,FI,Western Finland,456422399.0,2024-03-03T08:35:40Z,,559111,Mensularia radiata,species,Fungi,Basidiomycota,Agaricomycetes,Hymenochaetales,Hymenochaetaceae,Mensularia,http://creativecommons.org/licenses/by-nc/4.0/,Tilla Günther,tillag,,,,,,,
201101628,https://www.inaturalist.org/observations/201101628,HumanObservation,2024-03-04T20:40:43Z,iNaturalist,Observations,iNaturalist research-grade observations,,201101628,https://www.inaturalist.org/observations/201101628,,Till,,John B,,wild,2024-03-03T16:54:29+13:00,16:54:29+13:00,2024-03-03 16:54:29,"Punakaiki, New Zealand",-42.1078691237,171.3348481804,1517.0,EPSG:4326,NZ,West Coast,456571216.0,2024-03-03T19:32:52Z,,201524,Asplenium obtusatum,species,Plantae,Tracheophyta,Polypodiopsida,Polypodiales,Aspleniaceae,Asplenium,http://creativecommons.org/licenses/by-nc/4.0/,Till,tillde,,https://www.inaturalist.org/projects/ferns-in-nz,,,,,
201101630,https://www.inaturalist.org/observations/201101630,HumanObservation,2024-03-03T13:15:10Z,iNaturalist,Observations,iNaturalist research-grade observations,Coordinate uncertainty increased to 28620m at the request of the observer,201101630,https://www.inaturalist.org/observations/201101630,,mangoat1,,mangoat1,,wild,2024-03-03T11:05:13+09:00,11:05:13+09:00,2024-03-03 11:05:13,Japan,35.9335321922,139.6217581659,28620.0,EPSG:4326,JP,Saitama,456422445.0,2024-03-03T08:36:01Z,,145087,Turdus eunomus,species,Animalia,Chordata,Aves,Passeriformes,Turdidae,Turdus,http://creativecommons.org/licenses/by-nc/4.0/,mangoat1,mangoat1,,,,,,,
201101633,https://www.inaturalist.org/observations/201101633,HumanObservation,2024-03-03T08:41:44Z,iNaturalist,Observations,iNaturalist research-grade observations,,201101633,https://www.inaturalist.org/observations/201101633,,landvaettir,,landvaettir,,wild,2024-03-03T10:36:00+11:00,10:36:00+11:00,2024-03-03 10:36:00+11:00,"Kinglake National Park, Kinglake West, VIC, AU",-37.4922034918,145.251350654,61.0,EPSG:4326,AU,Victoria,456422452.0,2024-03-03T08:36:02Z,,14153,Eopsaltria australis,species,Animalia,Chordata,Aves,Passeriformes,Petroicidae,Eopsaltria,http://creativecommons.org/licenses/by-nc/4.0/,landvaettir,landvaettir,AU,,,,,,
201101634,https://www.inaturalist.org/observations/201101634,HumanObservation,2024-03-03T09:03:15Z,iNaturalist,Observations,iNaturalist research-grade observations,,201101634,https://www.inaturalist.org/observations/201101634,,Adam Smith,,Adam Smith,,wild,2024-03-03T07:52:23+06:30,07:52:23+06:30,2024-03-03 07:52:23,"Bantam Shire of Cocos 6799, Cocos (Keeling) Islands",-12.0817332997,96.852338,,EPSG:4326,CC,,456422457.0,2024-03-03T08:36:04Z,,97004,Cephalopholis sonnerati,species,Animalia,Chordata,Actinopterygii,Perciformes,Epinephelidae,Cephalopholis,http://creativecommons.org/licenses/by-nc/4.0/,Adam Smith,adam_smith3,AU,,,,,,
201101636,https://www.inaturalist.org/observations/201101636,HumanObservation,2024-03-03T09:01:01Z,iNaturalist,Observations,iNaturalist research-grade observations,,201101636,https://www.inaturalist.org/observations/201101636,,Evelio Dominguez Chavez,,Evelio Dominguez Chavez,,wild,2024-03-02T12:13:03+01:00,12:13:03+01:00,2024-03-02 12:13:03,"06484 Quedlinburg, Alemania",51.7857933042,11.1399183272,,EPSG:4326,DE,Sachsen-Anhalt,456422467.0,2024-03-03T08:36:10Z,,125348,Crocus chrysanthus,species,Plantae,Tracheophyta,Liliopsida,Asparagales,Iridaceae,Crocus,http://creativecommons.org/licenses/by-nc/4.0/,Evelio Dominguez Chavez,eveliodominguez,MX,,,,,,
201101638,https://www.inaturalist.org/observations/201101638,HumanObservation,2024-03-05T08:52:57Z,iNaturalist,Observations,iNaturalist research-grade observations,,201101638,https://www.inaturalist.org/observations/201101638,,Wai Shing,,Wai Shing,,wild,2024-03-03T16:34:19+08:00,16:34:19+08:00,2024-03-03 16:34:19+08:00,"蠔洲路, 元朗, 新界, HK",22.448180991,114.0406778571,35.0,EPSG:4326,HK,Yuen Long,456422473.0,2024-03-03T08:36:14Z,,52100,Ypthima baldus,species,Animalia,Arthropoda,Insecta,Lepidoptera,Nymphalidae,Ypthima,http://creativecommons.org/licenses/by-nc/4.0/,Wai Shing,wai2,,https://www.inaturalist.org/projects/butterflies-of-hong-kong,,,,,
201101640,https://www.inaturalist.org/observations/201101640,HumanObservation,2024-04-14T15:47:07Z,iNaturalist,Observations,iNaturalist research-grade observations,,201101640,https://www.inaturalist.org/observations/201101640,Alzavola del Capo - Cape Teal,Nicola,,Nicola,,wild,2024-02-05T07:18:00+03:00,07:18:00+03:00,2024/02/05 07:18,"Ngorongoro, Tanzania",-2.9929722835,34.9782795963,2871.0,EPSG:4326,TZ,Arusha,456422482.0,2024-03-03T08:36:22Z,,6986,Anas capensis,species,Animalia,Chordata,Aves,Anseriformes,Anatidae,Anas,http://creativecommons.org/licenses/by-nc/4.0/,Nicola,nikx63,,,,,,alive,"{""evidenceOfPresence"":""organism""}"
201101642,https://www.inaturalist.org/observations/201101642,HumanObservation,2024-03-03T10:29:29Z,iNaturalist,Observations,iNaturalist research-grade observations,,201101642,https://www.inaturalist.org/observations/201101642,,Till,,Till,,wild,2024-03-03T16:34:56+13:00,16:34:56+13:00,2024-03-03 16:34:56,"Punakaiki, Punakaiki 7873, New Zealand",-42.1140840306,171.3267897083,,EPSG:4326,NZ,West Coast,456422497.0,2024-03-03T08:36:34Z,,1497018,Goodenia radicans,species,Plantae,Tracheophyta,Magnoliopsida,Asterales,Goodeniaceae,Goodenia,http://creativecommons.org/licenses/by-nc/4.0/,Till,tillde,,,,,,,
201101646,https://www.inaturalist.org/observations/201101646,HumanObservation,2024-03-05T05:22:05Z,iNaturalist,Observations,iNaturalist research-grade observations,,201101646,https://www.inaturalist.org/observations/201101646,,davidbeo,,davidbeo,,wild,2015-07-18T02:25:00-06:00,02:25:00-06:00,2015/07/18 02:25,"Arapahoe County, Colorado, USA",39.6288221675,-104.8451748214,1953.0,EPSG:4326,US,Colorado,456422506.0,2024-03-03T08:36:38Z,,64989,Anaxyrus woodhousii,species,Animalia,Chordata,Amphibia,Anura,Bufonidae,Anaxyrus,http://creativecommons.org/licenses/by-nc/4.0/,davidbeo,davidbeo,,,,,,,
201101649,https://www.inaturalist.org/observations/201101649,HumanObservation,2024-12-12T08:43:03Z,iNaturalist,Observations,iNaturalist research-grade observations,,201101649,https://www.inaturalist.org/observations/201101649,,goatleg,,goatleg,,wild,2024-03-02T16:12:09-08:00,16:12:09-08:00,2024-03-02 16:12:09-08:00,"Buena Vista Park, San Francisco, CA, US",37.770645,-122.4413616667,3.0,EPSG:4326,US,California,456422517.0,2024-03-03T08:36:42Z,,53284,Stropharia ambigua,species,Fungi,Basidiomycota,Agaricomycetes,Agaricales,Strophariaceae,Stropharia,http://creativecommons.org/licenses/by-nc/4.0/,goatleg,goatleg,,https://www.inaturalist.org/projects/fungi-of-the-california-floristic-province,,,,,
201101652,https://www.inaturalist.org/observations/201101652,HumanObservation,2025-03-04T17:48:22Z,iNaturalist,Observations,iNaturalist research-grade observations,,201101652,https://www.inaturalist.org/observations/201101652,,Jan Ebr &amp; Ivana Ebrová,,Jan Ebr &amp; Ivana Ebrová,,wild,2024-03-02T15:36:00+01:00,15:36:00+01:00,2024/03/02 3:36 PM,"6850 Dornbirn, Austria",47.4454098564,9.7261397537,,EPSG:4326,AT,Vorarlberg,456422529.0,2024-03-03T08:36:48Z,,144455,Ardea alba,species,Animalia,Chordata,Aves,Pelecaniformes,Ardeidae,Ardea,http://creativecommons.org/licenses/by/4.0/,Jan Ebr &amp; Ivana Ebrová,opisska,,,,,,alive,"{""evidenceOfPresence"":""organism""}"
201101653,https://www.inaturalist.org/observations/201101653,HumanObservation,2024-03-03T08:43:10Z,iNaturalist,Observations,iNaturalist research-grade observations,,201101653,https://www.inaturalist.org/observations/201101653,,Jan Ebr &amp; Ivana Ebrová,,Jan Ebr &amp; Ivana Ebrová,,wild,2024-03-02T15:36:00+01:00,15:36:00+01:00,2024/03/02 3:36 PM,"6850 Dornbirn, Austria",47.4454098564,9.7261397537,,EPSG:4326,AT,Vorarlberg,456422531.0,2024-03-03T08:36:48Z,,4954,Ardea cinerea,species,Animalia,Chordata,Aves,Pelecaniformes,Ardeidae,Ardea,http://creativecommons.org/licenses/by/4.0/,Jan Ebr &amp; Ivana Ebrová,opisska,,,,,,,
201101654,https://www.inaturalist.org/observations/201101654,HumanObservation,2024-03-03T20:43:58Z,iNaturalist,Observations,iNaturalist research-grade observations,,201101654,https://www.inaturalist.org/observations/201101654,,Jan Ebr &amp; Ivana Ebrová,,Jan Ebr &amp; Ivana Ebrová,,wild,2024-03-02T11:16:00+01:00,11:16:00+01:00,2024/03/02 11:16 AM,"Metropolitan City of Turin, Italy",45.4197558818,7.9258075119,,EPSG:4326,IT,Piemonte,456422532.0,2024-03-03T08:36:49Z,,3048,Columba palumbus,species,Animalia,Chordata,Aves,Columbiformes,Columbidae,Columba,http://creativecommons.org/licenses/by/4.0/,Jan Ebr &amp; Ivana Ebrová,opisska,,,,,,,
201101655,https://www.inaturalist.org/observations/201101655,HumanObservation,2024-03-03T20:43:46Z,iNaturalist,Observations,iNaturalist research-grade observations,,201101655,https://www.inaturalist.org/observations/201101655,,Jan Ebr &amp; Ivana Ebrová,,Jan Ebr &amp; Ivana Ebrová,,wild,2024-03-02T11:16:00+01:00,11:16:00+01:00,2024/03/02 11:16 AM,"Metropolitan City of Turin, Italy",45.4194510677,7.9339100669,,EPSG:4326,IT,Piemonte,456422534.0,2024-03-03T08:36:49Z,,144455,Ardea alba,species,Animalia,Chordata,Aves,Pelecaniformes,Ardeidae,Ardea,http://creativecommons.org/licenses/by/4.0/,Jan Ebr &amp; Ivana Ebrová,opisska,,,,,,,
201101656,https://www.inaturalist.org/observations/201101656,HumanObservation,2024-03-10T16:33:07Z,iNaturalist,Observations,iNaturalist research-grade observations,,201101656,https://www.inaturalist.org/observations/201101656,,Jan Ebr &amp; Ivana Ebrová,,Jan Ebr &amp; Ivana Ebrová,,wild,2024-03-02T12:44:00+01:00,12:44:00+01:00,2024/03/02 12:44 PM,"6883 Novazzano, Switzerland",45.8477888079,8.9901751326,,EPSG:4326,CH,Ticino,456422535.0,2024-03-03T08:36:49Z,,13695,Motacilla alba,species,Animalia,Chordata,Aves,Passeriformes,Motacillidae,Motacilla,http://creativecommons.org/licenses/by/4.0/,Jan Ebr &amp; Ivana Ebrová,opisska,,,,,,,
201101657,https://www.inaturalist.org/observations/201101657,HumanObservation,2024-03-03T18:59:15Z,iNaturalist,Observations,iNaturalist research-grade observations,,201101657,https://www.inaturalist.org/observations/201101657,,Jan Ebr &amp; Ivana Ebrová,,Jan Ebr &amp; Ivana Ebrová,,wild,2024-03-02T14:56:00+01:00,14:56:00+01:00,2024/03/02 2:56 PM,"Bad Ragaz, Switzerland",46.9906681922,9.5267905253,,EPSG:4326,CH,Sankt Gallen,456422537.0,2024-03-03T08:36:50Z,,204496,Corvus corone,species,Animalia,Chordata,Aves,Passeriformes,Corvidae,Corvus,http://creativecommons.org/licenses/by/4.0/,Jan Ebr &amp; Ivana Ebrová,opisska,,,,,,,
201101658,https://www.inaturalist.org/observations/201101658,HumanObservation,2024-03-13T16:18:46Z,iNaturalist,Observations,iNaturalist research-grade observations,,201101658,https://www.inaturalist.org/observations/201101658,Orchard swallowtail caterpillar on the underside of a leaf from a mandarin tree. First instar of lifecycle,julietruskett,,julietruskett,,wild,2024-03-03T12:52:08+10:00,12:52:08+10:00,2024-03-03 12:52:08,"Bellara QLD 4507, Australia",-27.0605402997,153.1435745997,,EPSG:4326,AU,Queensland,456422538.0,2024-03-03T08:36:50Z,,134226,Papilio aegeus,species,Animalia,Arthropoda,Insecta,Lepidoptera,Papilionidae,Papilio,http://creativecommons.org/licenses/by-nc/4.0/,julietruskett,julietruskett,,,undetermined,larva,,alive,
201101659,https://www.inaturalist.org/observations/201101659,HumanObservation,2024-09-28T17:37:36Z,iNaturalist,Observations,iNaturalist research-grade observations,,201101659,https://www.inaturalist.org/observations/201101659,,Jan Ebr &amp; Ivana Ebrová,,Jan Ebr &amp; Ivana Ebrová,,wild,2024-03-02T15:33:00+01:00,15:33:00+01:00,2024/03/02 3:33 PM,"Hohenems, Austria",47.3921676835,9.6860964193,,EPSG:4326,AT,Vorarlberg,456422541.0,2024-03-03T08:36:50Z,,4733,Ciconia ciconia,species,Animalia,Chordata,Aves,Ciconiiformes,Ciconiidae,Ciconia,http://creativecommons.org/licenses/by/4.0/,Jan Ebr &amp; Ivana Ebrová,opisska,,,,adult,,alive,"{""evidenceOfPresence"":[""construction"",""organism""]}"
201101660,https://www.inaturalist.org/observations/201101660,HumanObservation,2024-03-16T15:44:42Z,iNaturalist,Observations,iNaturalist research-grade observations,,201101660,https://www.inaturalist.org/observations/201101660,,Jan Ebr &amp; Ivana Ebrová,,Jan Ebr &amp; Ivana Ebrová,,wild,2024-03-02T15:37:00+01:00,15:37:00+01:00,2024/03/02 3:37 PM,"Wolfurt, Austria",47.4592973432,9.7319935209,,EPSG:4326,AT,Vorarlberg,456422542.0,2024-03-03T08:36:50Z,,4733,Ciconia ciconia,species,Animalia,Chordata,Aves,Ciconiiformes,Ciconiidae,Ciconia,http://creativecommons.org/licenses/by/4.0/,Jan Ebr &amp; Ivana Ebrová,opisska,,,,adult,,alive,"{""evidenceOfPresence"":""organism""}"
201101663,https://www.inaturalist.org/observations/201101663,HumanObservation,2024-03-06T06:10:46Z,iNaturalist,Observations,iNaturalist research-grade observations,,201101663,https://www.inaturalist.org/observations/201101663,,marikav,,marikav,,wild,2024-03-03T09:39:29+02:00,09:39:29+02:00,2024-03-03 09:39:29+02:00,"Brakfontein Road, Centurion, GP, ZA",-25.912005,28.1776166667,22.0,EPSG:4326,ZA,Gauteng,456422553.0,2024-03-03T08:36:55Z,,569123,Felicia muricata,species,Plantae,Tracheophyta,Magnoliopsida,Asterales,Asteraceae,Felicia,http://creativecommons.org/licenses/by-nc/4.0/,marikav,marikav,,,,,,,
201101665,https://www.inaturalist.org/observations/201101665,HumanObservation,2024-03-04T09:43:13Z,iNaturalist,Observations,iNaturalist research-grade observations,Coordinate uncertainty increased to 27785m at the request of the observer,201101665,https://www.inaturalist.org/observations/201101665,Coastal scree fan.,mattward,,mattward,,wild,2024-02-21T17:21:00+13:00,17:21:00+13:00,2024/02/21 5:21 PM,"Wellington, NZ",-41.5589782104,174.801965885,27785.0,EPSG:4326,NZ,Wellington,456422555.0,2024-03-03T08:36:55Z,,401696,Epilobium microphyllum,species,Plantae,Tracheophyta,Magnoliopsida,Myrtales,Onagraceae,Epilobium,http://creativecommons.org/licenses/by-nc/4.0/,mattward,mattward,NZ,https://www.inaturalist.org/projects/nz-plant-phenology|https://www.inaturalist.org/projects/coastal-sand-dunes-and-salt-marsh-banks-and-cliffs,,,fruits or seeds,,
201101671,https://www.inaturalist.org/observations/201101671,HumanObservation,2024-03-04T02:49:00Z,iNaturalist,Observations,iNaturalist research-grade observations,,201101671,https://www.inaturalist.org/observations/201101671,,iacomaner,,iacomaner,,wild,2024-01-28T16:17:54-06:00,16:17:54-06:00,2024-01-28 16:17:54-06:00,"Buffalo National River, Compton, AR, US",36.0247083333,-93.3539116667,4.0,EPSG:4326,US,Arkansas,456422577.0,2024-03-03T08:37:08Z,,357936,Micranthes palmeri,species,Plantae,Tracheophyta,Magnoliopsida,Saxifragales,Saxifragaceae,Micranthes,http://creativecommons.org/licenses/by-nc/4.0/,iacomaner,iacomaner,,,,,,,
201101675,https://www.inaturalist.org/observations/201101675,HumanObservation,2024-03-03T18:45:55Z,iNaturalist,Observations,iNaturalist research-grade observations,,201101675,https://www.inaturalist.org/observations/201101675,"Unusual to see so much seaweed washed up on this little beach, lots of the usual kelp etc. but have uploaded a few less common to me.",catchwords,,catchwords,,wild,2024-03-02T19:50:00+13:00,19:50:00+13:00,2024/03/02 7:50 PM,"New Plymouth District, Taranaki, New Zealand",-39.0602739722,174.021769,,EPSG:4326,NZ,Taranaki,456422586.0,2024-03-03T08:37:13Z,,486627,Pterocladia lucida,species,Plantae,Rhodophyta,Florideophyceae,Gelidiales,Pterocladiaceae,Pterocladia,http://creativecommons.org/licenses/by/4.0/,catchwords,catchwords,NZ,https://www.inaturalist.org/projects/beachcombing-nz|https://www.inaturalist.org/projects/intertidal-zone,,,,,
201101687,https://www.inaturalist.org/observations/201101687,HumanObservation,2024-03-08T13:22:46Z,iNaturalist,Observations,iNaturalist research-grade observations,,201101687,https://www.inaturalist.org/observations/201101687,,meetoh_nlc,,meetoh_nlc,,wild,2024-02-08T10:28:00+08:00,10:28:00+08:00,2024/02/08 10:28 AM,"Punggol, Singapore",1.3939972222,103.9090111111,,EPSG:4326,SG,North-East,456422650.0,2024-03-03T08:37:30Z,,14623,Pycnonotus goiavier,species,Animalia,Chordata,Aves,Passeriformes,Pycnonotidae,Pycnonotus,http://creativecommons.org/licenses/by-nc/4.0/,meetoh_nlc,meetoh_nlc,,,,,,,
201101690,https://www.inaturalist.org/observations/201101690,HumanObservation,2024-03-03T10:29:18Z,iNaturalist,Observations,iNaturalist research-grade observations,,201101690,https://www.inaturalist.org/observations/201101690,,Till,,Till,,wild,2024-03-03T13:33:32+13:00,13:33:32+13:00,2024-03-03 13:33:32,"Ruatapu 7883, New Zealand",-42.7663262778,170.9980839306,,EPSG:4326,NZ,West Coast,456422653.0,2024-03-03T08:37:30Z,,75475,Anthoxanthum odoratum,species,Plantae,Tracheophyta,Liliopsida,Poales,Poaceae,Anthoxanthum,http://creativecommons.org/licenses/by-nc/4.0/,Till,tillde,,,,,,,
201101693,https://www.inaturalist.org/observations/201101693,HumanObservation,2024-03-06T04:01:26Z,iNaturalist,Observations,iNaturalist research-grade observations,,201101693,https://www.inaturalist.org/observations/201101693,,bryceking,,bryceking,,wild,2024-03-02T14:53:16-08:00,14:53:16-08:00,2024-03-02 14:53:16-08:00,"CA-1, Inverness, CA, US",38.229645,-122.9152133333,4.0,EPSG:4326,US,California,456422660.0,2024-03-03T08:37:32Z,,60983,Arabis blepharophylla,species,Plantae,Tracheophyta,Magnoliopsida,Brassicales,Brassicaceae,Arabis,http://creativecommons.org/licenses/by-nc/4.0/,bryceking,bryceking,,https://www.inaturalist.org/projects/california-endemic-species,,,,,
201101695,https://www.inaturalist.org/observations/201101695,HumanObservation,2024-03-03T10:35:17Z,iNaturalist,Observations,iNaturalist research-grade observations,,201101695,https://www.inaturalist.org/observations/201101695,kert kéttövises ecsetcincér,o_zoli,,o_zoli,,wild,2024-02-27T12:38:00+01:00,12:38:00+01:00,2024/02/27 12:38,"Gombosszeg, 8984 Magyarország",46.7529215446,16.7193496162,86.0,EPSG:4326,HU,Zala,456422662.0,2024-03-03T08:37:32Z,,497710,Pogonocherus hispidus,species,Animalia,Arthropoda,Insecta,Coleoptera,Cerambycidae,Pogonocherus,http://creativecommons.org/licenses/by-nc/4.0/,o_zoli,o_zoli,,,,,,,
201101696,https://www.inaturalist.org/observations/201101696,HumanObservation,2024-07-18T04:26:22Z,iNaturalist,Observations,iNaturalist research-grade observations,,201101696,https://www.inaturalist.org/observations/201101696,,Adam Smith,,Adam Smith,,wild,2024-03-03T08:37:59+06:30,08:37:59+06:30,2024-03-03 08:37:59,Cocos Islands,-12.0782097,96.8509772,,EPSG:4326,CC,,457900365.0,2024-03-08T13:44:27Z,,530242,Pristipomoides auricilla,species,Animalia,Chordata,Actinopterygii,Acanthuriformes,Lutjanidae,Pristipomoides,http://creativecommons.org/licenses/by-nc/4.0/,Adam Smith,adam_smith3,AU,,,,,,
201101699,https://www.inaturalist.org/observations/201101699,HumanObservation,2024-03-03T09:09:52Z,iNaturalist,Observations,iNaturalist research-grade observations,,201101699,https://www.inaturalist.org/observations/201101699,,Reiner Richter,,Reiner Richter,,wild,2024-02-29T18:14:00+11:00,18:14:00+11:00,2024/02/29 6:14 PM,"Crookayan VIC 3858, Australia",-37.5339533333,146.6084380556,,EPSG:4326,AU,Victoria,456422674.0,2024-03-03T08:37:38Z,,53212,Silene gallica,species,Plantae,Tracheophyta,Magnoliopsida,Caryophyllales,Caryophyllaceae,Silene,http://creativecommons.org/licenses/by/4.0/,Reiner Richter,reiner,AU,,,,flowers,,
201101700,https://www.inaturalist.org/observations/201101700,HumanObservation,2024-03-28T20:51:36Z,iNaturalist,Observations,iNaturalist research-grade observations,,201101700,https://www.inaturalist.org/observations/201101700,,Reiner Richter,,Reiner Richter,,wild,2024-02-29T18:47:00+11:00,18:47:00+11:00,2024/02/29 6:47 PM,"Licola VIC 3858, Australia",-37.5336816667,146.6089466667,,EPSG:4326,AU,Victoria,456422677.0,2024-03-03T08:37:38Z,,464913,Paropsisterna m-fuscum,species,Animalia,Arthropoda,Insecta,Coleoptera,Chrysomelidae,Paropsisterna,http://creativecommons.org/licenses/by/4.0/,Reiner Richter,reiner,AU,,,,,,
201101701,https://www.inaturalist.org/observations/201101701,HumanObservation,2024-03-03T08:59:38Z,iNaturalist,Observations,iNaturalist research-grade observations,,201101701,https://www.inaturalist.org/observations/201101701,,Reiner Richter,,Reiner Richter,,wild,2024-02-29T18:49:00+11:00,18:49:00+11:00,2024/02/29 6:49 PM,"Licola VIC 3858, Australia",-37.5336466667,146.60896,,EPSG:4326,AU,Victoria,456422678.0,2024-03-03T08:37:38Z,,407832,Oechalia schellenbergii,species,Animalia,Arthropoda,Insecta,Hemiptera,Pentatomidae,Oechalia,http://creativecommons.org/licenses/by/4.0/,Reiner Richter,reiner,AU,,,,,,
201101703,https://www.inaturalist.org/observations/201101703,HumanObservation,2024-03-03T08:59:37Z,iNaturalist,Observations,iNaturalist research-grade observations,,201101703,https://www.inaturalist.org/observations/201101703,,Reiner Richter,,Reiner Richter,,wild,2024-02-29T18:49:00+11:00,18:49:00+11:00,2024/02/29 6:49 PM,"Licola VIC 3858, Australia",-37.53369,146.6089847222,,EPSG:4326,AU,Victoria,456422680.0,2024-03-03T08:37:39Z,,407832,Oechalia schellenbergii,species,Animalia,Arthropoda,Insecta,Hemiptera,Pentatomidae,Oechalia,http://creativecommons.org/licenses/by/4.0/,Reiner Richter,reiner,AU,,,,,,
201101706,https://www.inaturalist.org/observations/201101706,HumanObservation,2024-03-03T09:01:07Z,iNaturalist,Observations,iNaturalist research-grade observations,,201101706,https://www.inaturalist.org/observations/201101706,,Evelio Dominguez Chavez,,Felix Riegel,,wild,2024-03-02T12:18:38+01:00,12:18:38+01:00,2024-03-02 12:18:38,"06484 Quedlinburg, Alemania",51.7855834958,11.1386737822,,EPSG:4326,DE,Sachsen-Anhalt,456423038.0,2024-03-03T08:40:03Z,,55727,Cymbalaria muralis,species,Plantae,Tracheophyta,Magnoliopsida,Lamiales,Plantaginaceae,Cymbalaria,http://creativecommons.org/licenses/by-nc/4.0/,Evelio Dominguez Chavez,eveliodominguez,MX,,,,,,
201101708,https://www.inaturalist.org/observations/201101708,HumanObservation,2024-03-03T08:47:30Z,iNaturalist,Observations,iNaturalist research-grade observations,,201101708,https://www.inaturalist.org/observations/201101708,,Ksenia Lozovskaya,,Ksenia Lozovskaya,,wild,2024-03-03T14:20:22+05:00,14:20:22+05:00,2024-03-03 14:20:22,"Екатеринбург, Свердловская обл., Россия, 620137",56.8630918326,60.6249766052,27.0,EPSG:4326,RU,Sverdlovsk,456422715.0,2024-03-03T08:37:54Z,,9462,Pyrrhula pyrrhula,species,Animalia,Chordata,Aves,Passeriformes,Fringillidae,Pyrrhula,http://creativecommons.org/licenses/by-nc/4.0/,Ksenia Lozovskaya,lozovskaya,,,,,,,
201101711,https://www.inaturalist.org/observations/201101711,HumanObservation,2024-03-03T17:20:29Z,iNaturalist,Observations,iNaturalist research-grade observations,,201101711,https://www.inaturalist.org/observations/201101711,,Vyacheslav Luzanov,,Vyacheslav Luzanov,,wild,2024-02-27T13:27:00+03:00,13:27:00+03:00,2024/02/27 13:27,Яковенково,45.0721436907,36.3196162017,8.0,EPSG:4326,UA,Crimea,456422721.0,2024-03-03T08:37:57Z,,20307,Asio otus,species,Animalia,Chordata,Aves,Strigiformes,Strigidae,Asio,http://creativecommons.org/licenses/by-nc/4.0/,Vyacheslav Luzanov,vyacheslavluzanov,,https://www.inaturalist.org/projects/owls-of-the-world,,,,,
201101712,https://www.inaturalist.org/observations/201101712,HumanObservation,2024-03-03T12:02:15Z,iNaturalist,Observations,iNaturalist research-grade observations,,201101712,https://www.inaturalist.org/observations/201101712,,Vyacheslav Luzanov,,Vyacheslav Luzanov,,wild,2024-02-27T13:14:00+03:00,13:14:00+03:00,2024/02/27 13:14,"Lenins'kyi, UA-KR, UA",45.0614482209,36.3243810945,31.0,EPSG:4326,UA,Crimea,456422725.0,2024-03-03T08:37:58Z,,7045,Aythya ferina,species,Animalia,Chordata,Aves,Anseriformes,Anatidae,Aythya,http://creativecommons.org/licenses/by-nc/4.0/,Vyacheslav Luzanov,vyacheslavluzanov,,,,,,,
201101713,https://www.inaturalist.org/observations/201101713,HumanObservation,2024-03-03T12:02:12Z,iNaturalist,Observations,iNaturalist research-grade observations,,201101713,https://www.inaturalist.org/observations/201101713,,Vyacheslav Luzanov,,Vyacheslav Luzanov,,wild,2024-02-27T13:13:00+03:00,13:13:00+03:00,2024/02/27 13:13,"Lenins'kyi, UA-KR, UA",45.0608874989,36.3238576688,61.0,EPSG:4326,UA,Crimea,456422726.0,2024-03-03T08:37:58Z,,7046,Aythya fuligula,species,Animalia,Chordata,Aves,Anseriformes,Anatidae,Aythya,http://creativecommons.org/licenses/by-nc/4.0/,Vyacheslav Luzanov,vyacheslavluzanov,,,male,,,,
67033949,https://www.inaturalist.org/observations/67033949,HumanObservation,2023-07-14T13:53:25Z,iNaturalist,Observations,iNaturalist research-grade observations,,67033949,https://www.inaturalist.org/observations/67033949,,William Harris,,William Harris,,wild,2019-01-26T13:50:00-06:00,13:50:00-06:00,2019/01/26 1:50 PM CST,"Madison County, MS, USA",32.4678063936,-90.0546184495,32.0,EPSG:4326,US,Mississippi,147531122.0,2020-12-25T05:47:20Z,,84160,Nelumbo lutea,species,Plantae,Tracheophyta,Magnoliopsida,Proteales,Nelumbonaceae,Nelumbo,http://creativecommons.org/licenses/by-nc/4.0/,William Harris,mrprehistory,,,,,fruits or seeds,,
67033952,https://www.inaturalist.org/observations/67033952,HumanObservation,2020-12-30T02:05:41Z,iNaturalist,Observations,iNaturalist research-grade observations,,67033952,https://www.inaturalist.org/observations/67033952,,Hannah Mews,,joe dziewa,,wild,2020-12-02T14:40:44-05:00,14:40:44-05:00,Wed Dec 02 2020 14:40:44 GMT-0500 (EST),"Milne Dam Conservation Park, Markham, ON, CA",43.86613833,-79.26802,5.0,EPSG:4326,CA,Ontario,147648051.0,2020-12-26T06:05:53Z,,64538,Celastrus scandens,species,Plantae,Tracheophyta,Magnoliopsida,Celastrales,Celastraceae,Celastrus,http://creativecommons.org/licenses/by-nc/4.0/,Hannah Mews,mws,CA,,,,fruits or seeds,,
67033956,https://www.inaturalist.org/observations/67033956,HumanObservation,2020-12-25T05:54:59Z,iNaturalist,Observations,iNaturalist research-grade observations,,67033956,https://www.inaturalist.org/observations/67033956,,auntie_uncle,,auntie_uncle,,wild,2006-04-14T10:11:00Z,10:11:00Z,2006/04/14 10:11 AM UTC,"Mai Po, Hong Kong",22.498766,114.0458275,3574.0,EPSG:4326,HK,Yuen Long,147531137.0,2020-12-25T05:47:37Z,,4237,Tachybaptus ruficollis,species,Animalia,Chordata,Aves,Podicipediformes,Podicipedidae,Tachybaptus,http://creativecommons.org/licenses/by-nc/4.0/,auntie_uncle,auntie_uncle,,,,,,,
67033957,https://www.inaturalist.org/observations/67033957,HumanObservation,2020-12-25T05:54:42Z,iNaturalist,Observations,iNaturalist research-grade observations,,67033957,https://www.inaturalist.org/observations/67033957,,auntie_uncle,,auntie_uncle,,wild,2006-04-14T11:48:00Z,11:48:00Z,2006/04/14 11:48 AM UTC,"Mai Po, Hong Kong",22.498766,114.0458275,3574.0,EPSG:4326,HK,Yuen Long,147531138.0,2020-12-25T05:47:37Z,,3978,Actitis hypoleucos,species,Animalia,Chordata,Aves,Charadriiformes,Scolopacidae,Actitis,http://creativecommons.org/licenses/by-nc/4.0/,auntie_uncle,auntie_uncle,,,,,,,
67033960,https://www.inaturalist.org/observations/67033960,HumanObservation,2023-07-08T00:34:59Z,iNaturalist,Observations,iNaturalist research-grade observations,,67033960,https://www.inaturalist.org/observations/67033960,,Braden McDonald,,Braden McDonald,,wild,2020-12-25T10:37:01+10:30,10:37:01+10:30,Fri Dec 25 2020 10:37:01 GMT+0930 (GMT+9:30),"Groote Eylandt, Anindilyakwa, NT, AU",-14.0758879345,136.4573876936,796.0,EPSG:4326,AU,Northern Territory,147531144.0,2020-12-25T05:47:47Z,,333775,Danaus petilia,species,Animalia,Arthropoda,Insecta,Lepidoptera,Nymphalidae,Danaus,http://creativecommons.org/licenses/by-nc/4.0/,Braden McDonald,braden1,AU,,,,,,
67033961,https://www.inaturalist.org/observations/67033961,HumanObservation,2022-01-10T06:44:05Z,iNaturalist,Observations,iNaturalist research-grade observations,,67033961,https://www.inaturalist.org/observations/67033961,,andreagrecu,,mark_smale,,wild,2020-12-25T18:47:00+13:00,18:47:00+13:00,Fri Dec 25 2020 18:47:00 GMT+1300 (GMT+13),"Tahora Avenue, Remuera, Auckland, NZ",-36.8816364188,174.8101192772,65.0,EPSG:4326,NZ,Auckland,147604929.0,2020-12-25T22:13:44Z,,59055,Cyperus eragrostis,species,Plantae,Tracheophyta,Liliopsida,Poales,Cyperaceae,Cyperus,http://creativecommons.org/licenses/by-nc/4.0/,andreagrecu,andreagrecu,NZ,,,,,,
67033962,https://www.inaturalist.org/observations/67033962,HumanObservation,2024-01-29T22:55:13Z,iNaturalist,Observations,iNaturalist research-grade observations,,67033962,https://www.inaturalist.org/observations/67033962,,Daba,https://orcid.org/0000-0002-1251-3167,Daba,https://orcid.org/0000-0002-1251-3167,wild,2018-07-31T18:05:00+13:00,18:05:00+13:00,2018/07/31 6:05 PM SST,"Иволгинский р-н, Респ. Бурятия, Россия",51.7433333585,107.3337864876,42.0,EPSG:4326,RU,Buryat,147531156.0,2020-12-25T05:48:07Z,,779402,Allium ramosum,species,Plantae,Tracheophyta,Liliopsida,Asparagales,Amaryllidaceae,Allium,http://creativecommons.org/licenses/by-nc/4.0/,Daba,daba,,,,,,,
67033964,https://www.inaturalist.org/observations/67033964,HumanObservation,2020-12-25T08:48:18Z,iNaturalist,Observations,iNaturalist research-grade observations,,67033964,https://www.inaturalist.org/observations/67033964,,suchihfen,,suchihfen,,wild,2020-12-25T13:24:45+08:00,13:24:45+08:00,Fri Dec 25 2020 13:24:45 GMT+0800 (GMT+8),"竹崎鄉, TW",23.503575,120.6593866667,4.0,EPSG:4326,TW,Taiwan,147531164.0,2020-12-25T05:48:15Z,,120520,Cyrtophora moluccensis,species,Animalia,Arthropoda,Arachnida,Araneae,Araneidae,Cyrtophora,http://creativecommons.org/licenses/by-nc/4.0/,suchihfen,suchihfen,,,,,,,
67033971,https://www.inaturalist.org/observations/67033971,HumanObservation,2022-11-22T05:05:37Z,iNaturalist,Observations,iNaturalist research-grade observations,,67033971,https://www.inaturalist.org/observations/67033971,,suchihfen,,suchihfen,,wild,2020-12-25T13:24:12+08:00,13:24:12+08:00,Fri Dec 25 2020 13:24:12 GMT+0800 (GMT+8),"竹崎鄉, TW",23.503525,120.6594,4.0,EPSG:4326,TW,Taiwan,147531192.0,2020-12-25T05:48:57Z,,904334,Trichonephila clavata,species,Animalia,Arthropoda,Arachnida,Araneae,Nephilidae,Trichonephila,http://creativecommons.org/licenses/by-nc/4.0/,suchihfen,suchihfen,,,,,,,
67033972,https://www.inaturalist.org/observations/67033972,HumanObservation,2020-12-25T06:21:11Z,iNaturalist,Observations,iNaturalist research-grade observations,,67033972,https://www.inaturalist.org/observations/67033972,,Владимир,,Владимир,,wild,2020-12-23T14:59:00+06:00,14:59:00+06:00,2020/12/23 2:59 PM +0600,"Большеуковский р-н, Омская обл., Россия",57.2943627547,71.6438290956,122.0,EPSG:4326,RU,Omsk,147531196.0,2020-12-25T05:49:02Z,,136310,Abies sibirica,species,Plantae,Tracheophyta,Pinopsida,Pinales,Pinaceae,Abies,http://creativecommons.org/licenses/by-nc/4.0/,Владимир,vladimir_teplouhov,,,,,,,
67033973,https://www.inaturalist.org/observations/67033973,HumanObservation,2024-10-26T17:02:31Z,iNaturalist,Observations,iNaturalist research-grade observations,Coordinate uncertainty increased to 29727m at the request of the observer,67033973,https://www.inaturalist.org/observations/67033973,,aeruginosa,,rogermcneill,,wild,2020-12-25T15:47:08+10:00,15:47:08+10:00,2020-12-25 3:47:08 PM GMT+10:00,"Queensland, AU",-27.4335922636,152.9778270212,29727.0,EPSG:4326,AU,Queensland,147819535.0,2020-12-27T09:36:14Z,figbird is the prominent call,371749,Sphecotheres vieilloti vieilloti,subspecies,Animalia,Chordata,Aves,Passeriformes,Oriolidae,Sphecotheres,http://creativecommons.org/licenses/by-nc/4.0/,aeruginosa,aeruginosa,AU,https://www.inaturalist.org/projects/audio-observations-from-around-the-world,,,,alive,"{""evidenceOfPresence"":""organism""}"
67033976,https://www.inaturalist.org/observations/67033976,HumanObservation,2023-07-14T13:53:23Z,iNaturalist,Observations,iNaturalist research-grade observations,,67033976,https://www.inaturalist.org/observations/67033976,,William Harris,,William Harris,,wild,2019-01-27T12:02:00-06:00,12:02:00-06:00,2019/01/27 12:02 PM CST,"Belhaven, Jackson, MS, USA",32.3070551498,-90.1718312782,4.0,EPSG:4326,US,Mississippi,147531229.0,2020-12-25T05:49:33Z,,54797,Gleditsia triacanthos,species,Plantae,Tracheophyta,Magnoliopsida,Fabales,Fabaceae,Gleditsia,http://creativecommons.org/licenses/by-nc/4.0/,William Harris,mrprehistory,,,,,no flowers or fruits,,
67033981,https://www.inaturalist.org/observations/67033981,HumanObservation,2021-05-14T13:10:06Z,iNaturalist,Observations,iNaturalist research-grade observations,Coordinate uncertainty increased to 28300m to protect threatened taxon,67033981,https://www.inaturalist.org/observations/67033981,,Alex Binck,,Alex Binck,,wild,2015-10-17T16:56:00-07:00,16:56:00-07:00,2015/10/17 4:56 PM PDT,"California, US",38.1371279564,-122.9477829763,28300.0,EPSG:4326,US,California,147531249.0,2020-12-25T05:49:54Z,,566549,Cervus canadensis nannodes,subspecies,Animalia,Chordata,Mammalia,Artiodactyla,Cervidae,Cervus,http://creativecommons.org/licenses/by-nc/4.0/,Alex Binck,alexbinck,,https://www.inaturalist.org/projects/california-endemic-species|https://www.inaturalist.org/projects/california-mammals,,,,,
201101716,https://www.inaturalist.org/observations/201101716,HumanObservation,2024-03-03T12:02:10Z,iNaturalist,Observations,iNaturalist research-grade observations,,201101716,https://www.inaturalist.org/observations/201101716,,Vyacheslav Luzanov,,Vyacheslav Luzanov,,wild,2024-02-27T12:58:00+03:00,12:58:00+03:00,2024/02/27 12:58,"Lenins'kyi, UA-KR, UA",45.0628453224,36.3237530069,61.0,EPSG:4326,UA,Crimea,456422732.0,2024-03-03T08:37:59Z,,482,Fulica atra,species,Animalia,Chordata,Aves,Gruiformes,Rallidae,Fulica,http://creativecommons.org/licenses/by-nc/4.0/,Vyacheslav Luzanov,vyacheslavluzanov,,,,,,,
201101717,https://www.inaturalist.org/observations/201101717,HumanObservation,2024-03-03T12:02:08Z,iNaturalist,Observations,iNaturalist research-grade observations,,201101717,https://www.inaturalist.org/observations/201101717,,Vyacheslav Luzanov,,Vyacheslav Luzanov,,wild,2024-02-27T12:58:00+03:00,12:58:00+03:00,2024/02/27 12:58,"Lenins'kyi, UA-KR, UA",45.0619537171,36.3243722965,61.0,EPSG:4326,UA,Crimea,456422733.0,2024-03-03T08:37:59Z,,7045,Aythya ferina,species,Animalia,Chordata,Aves,Anseriformes,Anatidae,Aythya,http://creativecommons.org/licenses/by-nc/4.0/,Vyacheslav Luzanov,vyacheslavluzanov,,,,,,,
201101718,https://www.inaturalist.org/observations/201101718,HumanObservation,2024-03-03T12:02:05Z,iNaturalist,Observations,iNaturalist research-grade observations,,201101718,https://www.inaturalist.org/observations/201101718,,Vyacheslav Luzanov,,Vyacheslav Luzanov,,wild,2024-02-27T12:43:00+03:00,12:43:00+03:00,2024/02/27 12:43,"Lenins'kyi, UA-KR, UA",45.1089676806,36.2946361307,122.0,EPSG:4326,UA,Crimea,456422734.0,2024-03-03T08:37:59Z,,3033,Columba oenas,species,Animalia,Chordata,Aves,Columbiformes,Columbidae,Columba,http://creativecommons.org/licenses/by-nc/4.0/,Vyacheslav Luzanov,vyacheslavluzanov,,,,,,,
201101719,https://www.inaturalist.org/observations/201101719,HumanObservation,2024-03-06T21:18:47Z,iNaturalist,Observations,iNaturalist research-grade observations,,201101719,https://www.inaturalist.org/observations/201101719,,Ernest,,Ernest,,wild,2024-02-06T08:37:00+03:00,08:37:00+03:00,2024/02/06 8:37 AM,"Langata, Nairobi, Kenya",-1.3397160409,36.7454184847,488.0,EPSG:4326,KE,Nairobi,456422739.0,2024-03-03T08:38:00Z,,12908,Saxicola rubetra,species,Animalia,Chordata,Aves,Passeriformes,Muscicapidae,Saxicola,http://creativecommons.org/licenses/by-nc/4.0/,Ernest,njiruernest,,,,,,,
201101720,https://www.inaturalist.org/observations/201101720,HumanObservation,2024-03-03T12:02:02Z,iNaturalist,Observations,iNaturalist research-grade observations,,201101720,https://www.inaturalist.org/observations/201101720,,Vyacheslav Luzanov,,Vyacheslav Luzanov,,wild,2024-02-27T12:28:00+03:00,12:28:00+03:00,2024/02/27 12:28,"Lenins'kyi, UA-KR, UA",45.1076377937,36.3123495336,244.0,EPSG:4326,UA,Crimea,456422740.0,2024-03-03T08:38:01Z,,4857,Vanellus vanellus,species,Animalia,Chordata,Aves,Charadriiformes,Charadriidae,Vanellus,http://creativecommons.org/licenses/by-nc/4.0/,Vyacheslav Luzanov,vyacheslavluzanov,,,,,,,
201101721,https://www.inaturalist.org/observations/201101721,HumanObservation,2024-03-03T12:02:00Z,iNaturalist,Observations,iNaturalist research-grade observations,,201101721,https://www.inaturalist.org/observations/201101721,,Vyacheslav Luzanov,,Vyacheslav Luzanov,,wild,2024-02-27T12:25:00+03:00,12:25:00+03:00,2024/02/27 12:25,"Lenins'kyi, UA-KR, UA",45.1093645173,36.3097116263,122.0,EPSG:4326,UA,Crimea,456422741.0,2024-03-03T08:38:01Z,,4857,Vanellus vanellus,species,Animalia,Chordata,Aves,Charadriiformes,Charadriidae,Vanellus,http://creativecommons.org/licenses/by-nc/4.0/,Vyacheslav Luzanov,vyacheslavluzanov,,,,,,,
201101722,https://www.inaturalist.org/observations/201101722,HumanObservation,2024-03-03T12:01:58Z,iNaturalist,Observations,iNaturalist research-grade observations,,201101722,https://www.inaturalist.org/observations/201101722,,Vyacheslav Luzanov,,Vyacheslav Luzanov,,wild,2024-02-27T11:59:00+03:00,11:59:00+03:00,2024/02/27 11:59,"Lenins'kyi, UA-KR, UA",45.1745152559,36.1893974042,244.0,EPSG:4326,UA,Crimea,456422742.0,2024-03-03T08:38:01Z,,472766,Falco tinnunculus,species,Animalia,Chordata,Aves,Falconiformes,Falconidae,Falco,http://creativecommons.org/licenses/by-nc/4.0/,Vyacheslav Luzanov,vyacheslavluzanov,,,,,,,
201101724,https://www.inaturalist.org/observations/201101724,HumanObservation,2024-12-21T02:11:57Z,iNaturalist,Observations,iNaturalist research-grade observations,,201101724,https://www.inaturalist.org/observations/201101724,,klevingston,,lanechaffin,,wild,2024-02-06T15:28:07-06:00,15:28:07-06:00,2024-02-06 15:28:07-06:00,"Texas Woman's University, Denton, TX, US",33.2294383333,-97.1298445,4.0,EPSG:4326,US,Texas,456448196.0,2024-03-03T11:35:42Z,,128838,Symphoricarpos orbiculatus,species,Plantae,Tracheophyta,Magnoliopsida,Dipsacales,Caprifoliaceae,Symphoricarpos,http://creativecommons.org/licenses/by-nc/4.0/,klevingston,klevingston,,https://www.inaturalist.org/projects/plants-of-texas,,,,,
201101725,https://www.inaturalist.org/observations/201101725,HumanObservation,2024-03-03T12:01:56Z,iNaturalist,Observations,iNaturalist research-grade observations,,201101725,https://www.inaturalist.org/observations/201101725,,Vyacheslav Luzanov,,Vyacheslav Luzanov,,wild,2024-02-27T11:46:00+03:00,11:46:00+03:00,2024/02/27 11:46,"Lenins'kyi, UA-KR, UA",45.2085816637,36.2253824451,122.0,EPSG:4326,UA,Crimea,456422744.0,2024-03-03T08:38:02Z,,12707,Turdus pilaris,species,Animalia,Chordata,Aves,Passeriformes,Turdidae,Turdus,http://creativecommons.org/licenses/by-nc/4.0/,Vyacheslav Luzanov,vyacheslavluzanov,,,,,,,
201101726,https://www.inaturalist.org/observations/201101726,HumanObservation,2024-04-25T21:25:39Z,iNaturalist,Observations,iNaturalist research-grade observations,,201101726,https://www.inaturalist.org/observations/201101726,,steve-watson,,steve-watson,,wild,2024-03-03T17:50:25+10:00,17:50:25+10:00,2024-03-03 17:50:25+10:00,"McKenzie St, Dayboro, QLD, AU",-27.1919283333,152.817305,10.0,EPSG:4326,AU,Queensland,456422745.0,2024-03-03T08:38:03Z,,51584,Melanitis leda,species,Animalia,Arthropoda,Insecta,Lepidoptera,Nymphalidae,Melanitis,http://creativecommons.org/licenses/by-nc/4.0/,steve-watson,steve-watson,AU,,,larva,,,
201101727,https://www.inaturalist.org/observations/201101727,HumanObservation,2024-03-03T12:01:53Z,iNaturalist,Observations,iNaturalist research-grade observations,,201101727,https://www.inaturalist.org/observations/201101727,,Vyacheslav Luzanov,,Vyacheslav Luzanov,,wild,2024-02-27T11:24:00+03:00,11:24:00+03:00,2024/02/27 11:24,"Lenins'kyi, UA-KR, UA",45.2459940589,36.2321791353,61.0,EPSG:4326,UA,Crimea,456422746.0,2024-03-03T08:38:03Z,,41,Grus grus,species,Animalia,Chordata,Aves,Gruiformes,Gruidae,Grus,http://creativecommons.org/licenses/by-nc/4.0/,Vyacheslav Luzanov,vyacheslavluzanov,,,,,,,
201101728,https://www.inaturalist.org/observations/201101728,HumanObservation,2024-03-03T12:01:51Z,iNaturalist,Observations,iNaturalist research-grade observations,,201101728,https://www.inaturalist.org/observations/201101728,,Vyacheslav Luzanov,,Vyacheslav Luzanov,,wild,2024-02-27T11:24:00+03:00,11:24:00+03:00,2024/02/27 11:24,"Lenins'kyi, UA-KR, UA",45.2453219037,36.2343275848,61.0,EPSG:4326,UA,Crimea,456422747.0,2024-03-03T08:38:03Z,,41,Grus grus,species,Animalia,Chordata,Aves,Gruiformes,Gruidae,Grus,http://creativecommons.org/licenses/by-nc/4.0/,Vyacheslav Luzanov,vyacheslavluzanov,,,,,,,
201101729,https://www.inaturalist.org/observations/201101729,HumanObservation,2024-03-03T12:01:49Z,iNaturalist,Observations,iNaturalist research-grade observations,,201101729,https://www.inaturalist.org/observations/201101729,,Vyacheslav Luzanov,,Vyacheslav Luzanov,,wild,2024-02-27T11:00:00+03:00,11:00:00+03:00,2024/02/27 11:00,"Lenins'kyi, UA-KR, UA",45.245910521,36.2419446259,31.0,EPSG:4326,UA,Crimea,456422750.0,2024-03-03T08:38:04Z,,144455,Ardea alba,species,Animalia,Chordata,Aves,Pelecaniformes,Ardeidae,Ardea,http://creativecommons.org/licenses/by-nc/4.0/,Vyacheslav Luzanov,vyacheslavluzanov,,,,,,,
201101730,https://www.inaturalist.org/observations/201101730,HumanObservation,2024-03-12T07:18:13Z,iNaturalist,Observations,iNaturalist research-grade observations,,201101730,https://www.inaturalist.org/observations/201101730,,Vyacheslav Luzanov,,Vyacheslav Luzanov,,wild,2024-02-27T11:02:00+03:00,11:02:00+03:00,2024/02/27 11:02,"Lenins'kyi, UA-KR, UA",45.2471459143,36.2322891338,61.0,EPSG:4326,UA,Crimea,456422752.0,2024-03-03T08:38:04Z,,831,Perdix perdix,species,Animalia,Chordata,Aves,Galliformes,Phasianidae,Perdix,http://creativecommons.org/licenses/by-nc/4.0/,Vyacheslav Luzanov,vyacheslavluzanov,,,,,,,
201101731,https://www.inaturalist.org/observations/201101731,HumanObservation,2024-03-03T12:01:45Z,iNaturalist,Observations,iNaturalist research-grade observations,,201101731,https://www.inaturalist.org/observations/201101731,,Vyacheslav Luzanov,,Vyacheslav Luzanov,,wild,2024-02-27T10:51:00+03:00,10:51:00+03:00,2024/02/27 10:51,"Lenins'kyi, UA-KR, UA",45.2819013973,36.2310802563,61.0,EPSG:4326,UA,Crimea,456422754.0,2024-03-03T08:38:04Z,,13729,Anthus pratensis,species,Animalia,Chordata,Aves,Passeriformes,Motacillidae,Anthus,http://creativecommons.org/licenses/by-nc/4.0/,Vyacheslav Luzanov,vyacheslavluzanov,,,,,,,
201101732,https://www.inaturalist.org/observations/201101732,HumanObservation,2024-03-03T12:01:43Z,iNaturalist,Observations,iNaturalist research-grade observations,,201101732,https://www.inaturalist.org/observations/201101732,,Vyacheslav Luzanov,,Vyacheslav Luzanov,,wild,2024-02-27T10:42:00+03:00,10:42:00+03:00,2024/02/27 10:42,"Lenins'kyi, UA-KR, UA",45.2827600497,36.2309735976,31.0,EPSG:4326,UA,Crimea,456422756.0,2024-03-03T08:38:05Z,,13729,Anthus pratensis,species,Animalia,Chordata,Aves,Passeriformes,Motacillidae,Anthus,http://creativecommons.org/licenses/by-nc/4.0/,Vyacheslav Luzanov,vyacheslavluzanov,,,,,,,
201101733,https://www.inaturalist.org/observations/201101733,HumanObservation,2024-06-28T23:45:18Z,iNaturalist,Observations,iNaturalist research-grade observations,,201101733,https://www.inaturalist.org/observations/201101733,,Vyacheslav Luzanov,,Vyacheslav Luzanov,,wild,2024-02-27T10:40:00+03:00,10:40:00+03:00,2024/02/27 10:40,"Lenins'kyi, UA-KR, UA",45.2765533494,36.2383601502,31.0,EPSG:4326,UA,Crimea,456422757.0,2024-03-03T08:38:05Z,,4356,Larus canus,species,Animalia,Chordata,Aves,Charadriiformes,Laridae,Larus,http://creativecommons.org/licenses/by-nc/4.0/,Vyacheslav Luzanov,vyacheslavluzanov,,,,,,,
201101735,https://www.inaturalist.org/observations/201101735,HumanObservation,2024-03-03T11:46:46Z,iNaturalist,Observations,iNaturalist research-grade observations,,201101735,https://www.inaturalist.org/observations/201101735,,rhinolin,,rhinolin,,wild,2024-03-02T15:09:00+08:00,15:09:00+08:00,2024/03/02 15:09,杭州植物园西门蔷薇园,30.251,120.113,500.0,EPSG:4326,CN,Zhejiang,456422760.0,2024-03-03T08:38:05Z,,12006,Chloropsis hardwickii,species,Animalia,Chordata,Aves,Passeriformes,Chloropseidae,Chloropsis,http://creativecommons.org/licenses/by-nc/4.0/,rhinolin,rhinolin,,,,,,,
201101736,https://www.inaturalist.org/observations/201101736,HumanObservation,2024-03-03T11:52:28Z,iNaturalist,Observations,iNaturalist research-grade observations,,201101736,https://www.inaturalist.org/observations/201101736,,rhinolin,,rhinolin,,wild,2024-03-02T15:55:00+08:00,15:55:00+08:00,2024/03/02 15:55,杭州植物园西门蔷薇园,30.251,120.113,500.0,EPSG:4326,CN,Zhejiang,456422763.0,2024-03-03T08:38:06Z,,13428,Aethopyga christinae,species,Animalia,Chordata,Aves,Passeriformes,Nectariniidae,Aethopyga,http://creativecommons.org/licenses/by-nc/4.0/,rhinolin,rhinolin,,,,,,,
201101737,https://www.inaturalist.org/observations/201101737,HumanObservation,2024-03-03T12:01:38Z,iNaturalist,Observations,iNaturalist research-grade observations,,201101737,https://www.inaturalist.org/observations/201101737,,Vyacheslav Luzanov,,Vyacheslav Luzanov,,wild,2024-02-27T10:25:00+03:00,10:25:00+03:00,2024/02/27 10:25,"Lenins'kyi, UA-KR, UA",45.2786935142,36.2347392929,122.0,EPSG:4326,UA,Crimea,456422765.0,2024-03-03T08:38:06Z,,6930,Anas platyrhynchos,species,Animalia,Chordata,Aves,Anseriformes,Anatidae,Anas,http://creativecommons.org/licenses/by-nc/4.0/,Vyacheslav Luzanov,vyacheslavluzanov,,,,,,,
201101738,https://www.inaturalist.org/observations/201101738,HumanObservation,2024-03-03T12:01:36Z,iNaturalist,Observations,iNaturalist research-grade observations,,201101738,https://www.inaturalist.org/observations/201101738,,Vyacheslav Luzanov,,Vyacheslav Luzanov,,wild,2024-02-27T10:29:00+03:00,10:29:00+03:00,2024/02/27 10:29,"Lenins'kyi, UA-KR, UA",45.2784412472,36.2384121869,31.0,EPSG:4326,UA,Crimea,456422766.0,2024-03-03T08:38:06Z,,7018,Anser anser,species,Animalia,Chordata,Aves,Anseriformes,Anatidae,Anser,http://creativecommons.org/licenses/by-nc/4.0/,Vyacheslav Luzanov,vyacheslavluzanov,,,,,,,
201101739,https://www.inaturalist.org/observations/201101739,HumanObservation,2024-03-03T12:01:34Z,iNaturalist,Observations,iNaturalist research-grade observations,,201101739,https://www.inaturalist.org/observations/201101739,,Vyacheslav Luzanov,,Vyacheslav Luzanov,,wild,2024-02-27T10:36:00+03:00,10:36:00+03:00,2024/02/27 10:36,"Lenins'kyi, UA-KR, UA",45.2772710665,36.2406226307,15.0,EPSG:4326,UA,Crimea,456422767.0,2024-03-03T08:38:06Z,,7018,Anser anser,species,Animalia,Chordata,Aves,Anseriformes,Anatidae,Anser,http://creativecommons.org/licenses/by-nc/4.0/,Vyacheslav Luzanov,vyacheslavluzanov,,,,,,,
201101740,https://www.inaturalist.org/observations/201101740,HumanObservation,2024-03-14T12:11:40Z,iNaturalist,Observations,iNaturalist research-grade observations,,201101740,https://www.inaturalist.org/observations/201101740,,sergioc,,sergioc,,wild,2024-03-02T12:28:00+01:00,12:28:00+01:00,2024/03/02 12:28 PM,"La Coruña, España",42.7294641457,-8.6626230737,80.0,EPSG:4326,ES,Galicia,456422772.0,2024-03-03T08:38:07Z,,981,Phasianus colchicus,species,Animalia,Chordata,Aves,Galliformes,Phasianidae,Phasianus,http://creativecommons.org/licenses/by-nc/4.0/,sergioc,sergioc,,,,,,,
201101741,https://www.inaturalist.org/observations/201101741,HumanObservation,2024-03-03T12:01:32Z,iNaturalist,Observations,iNaturalist research-grade observations,,201101741,https://www.inaturalist.org/observations/201101741,,Vyacheslav Luzanov,,Vyacheslav Luzanov,,wild,2024-02-27T10:24:00+03:00,10:24:00+03:00,2024/02/27 10:24,"Lenins'kyi, UA-KR, UA",45.2861169439,36.2359689797,122.0,EPSG:4326,UA,Crimea,456422773.0,2024-03-03T08:38:07Z,,144455,Ardea alba,species,Animalia,Chordata,Aves,Pelecaniformes,Ardeidae,Ardea,http://creativecommons.org/licenses/by-nc/4.0/,Vyacheslav Luzanov,vyacheslavluzanov,,,,,,,
201101742,https://www.inaturalist.org/observations/201101742,HumanObservation,2024-03-03T12:01:30Z,iNaturalist,Observations,iNaturalist research-grade observations,,201101742,https://www.inaturalist.org/observations/201101742,,Vyacheslav Luzanov,,Vyacheslav Luzanov,,wild,2024-02-27T10:19:00+03:00,10:19:00+03:00,2024/02/27 10:19,"Lenins'kyi, UA-KR, UA",45.2834704778,36.2301438215,15.0,EPSG:4326,UA,Crimea,456422774.0,2024-03-03T08:38:07Z,,482,Fulica atra,species,Animalia,Chordata,Aves,Gruiformes,Rallidae,Fulica,http://creativecommons.org/licenses/by-nc/4.0/,Vyacheslav Luzanov,vyacheslavluzanov,,,,,,,
201101743,https://www.inaturalist.org/observations/201101743,HumanObservation,2024-03-03T12:01:28Z,iNaturalist,Observations,iNaturalist research-grade observations,,201101743,https://www.inaturalist.org/observations/201101743,,Vyacheslav Luzanov,,Vyacheslav Luzanov,,wild,2024-02-27T10:18:00+03:00,10:18:00+03:00,2024/02/27 10:18,"Lenins'kyi, UA-KR, UA",45.2831934848,36.2299621133,61.0,EPSG:4326,UA,Crimea,456422775.0,2024-03-03T08:38:07Z,,4205,Podiceps nigricollis,species,Animalia,Chordata,Aves,Podicipediformes,Podicipedidae,Podiceps,http://creativecommons.org/licenses/by-nc/4.0/,Vyacheslav Luzanov,vyacheslavluzanov,,,,,,,
201101744,https://www.inaturalist.org/observations/201101744,HumanObservation,2024-03-14T12:11:37Z,iNaturalist,Observations,iNaturalist research-grade observations,,201101744,https://www.inaturalist.org/observations/201101744,,sergioc,,sergioc,,wild,2024-03-02T13:10:00+01:00,13:10:00+01:00,2024/03/02 1:10 PM,"Padrón, La Coruña, España",42.7362831923,-8.662392498,,EPSG:4326,ES,Galicia,456422777.0,2024-03-03T08:38:07Z,,144510,Chroicocephalus ridibundus,species,Animalia,Chordata,Aves,Charadriiformes,Laridae,Chroicocephalus,http://creativecommons.org/licenses/by-nc/4.0/,sergioc,sergioc,,,,,,,
201101745,https://www.inaturalist.org/observations/201101745,HumanObservation,2024-11-17T11:24:05Z,iNaturalist,Observations,iNaturalist research-grade observations,,201101745,https://www.inaturalist.org/observations/201101745,,sergioc,,sergioc,,wild,2024-03-02T13:17:00+01:00,13:17:00+01:00,2024/03/02 1:17 PM,"Padrón, La Coruña, España",42.7362820944,-8.6623914921,8.0,EPSG:4326,ES,Galicia,456422778.0,2024-03-03T08:38:07Z,,4364,Larus delawarensis,species,Animalia,Chordata,Aves,Charadriiformes,Laridae,Larus,http://creativecommons.org/licenses/by-nc/4.0/,sergioc,sergioc,,,,,,,
201101746,https://www.inaturalist.org/observations/201101746,HumanObservation,2024-03-03T12:01:25Z,iNaturalist,Observations,iNaturalist research-grade observations,,201101746,https://www.inaturalist.org/observations/201101746,,Vyacheslav Luzanov,,hinrichmatthes,,wild,2024-02-27T10:18:00+03:00,10:18:00+03:00,2024/02/27 10:18,"Lenins'kyi, UA-KR, UA",45.2820828597,36.2364095968,61.0,EPSG:4326,UA,Crimea,456426344.0,2024-03-03T09:05:16Z,,7019,Anser albifrons,species,Animalia,Chordata,Aves,Anseriformes,Anatidae,Anser,http://creativecommons.org/licenses/by-nc/4.0/,Vyacheslav Luzanov,vyacheslavluzanov,,,,,,,
201101747,https://www.inaturalist.org/observations/201101747,HumanObservation,2024-03-12T07:17:47Z,iNaturalist,Observations,iNaturalist research-grade observations,,201101747,https://www.inaturalist.org/observations/201101747,,Vyacheslav Luzanov,,Vyacheslav Luzanov,,wild,2024-02-27T09:34:00+03:00,09:34:00+03:00,2024/02/27 09:34,"Lenins'kyi, UA-KR, UA",45.183684102,35.601755929,61.0,EPSG:4326,UA,Crimea,456422782.0,2024-03-03T08:38:08Z,,145291,Emberiza calandra,species,Animalia,Chordata,Aves,Passeriformes,Emberizidae,Emberiza,http://creativecommons.org/licenses/by-nc/4.0/,Vyacheslav Luzanov,vyacheslavluzanov,,,,,,,
201101748,https://www.inaturalist.org/observations/201101748,HumanObservation,2024-03-12T07:17:27Z,iNaturalist,Observations,iNaturalist research-grade observations,,201101748,https://www.inaturalist.org/observations/201101748,,Vyacheslav Luzanov,,hinrichmatthes,,wild,2024-02-27T08:52:00+03:00,08:52:00+03:00,2024/02/27 08:52,"Lenins'kyi, UA-KR, UA",45.1707627386,35.5796853282,244.0,EPSG:4326,UA,Crimea,456426200.0,2024-03-03T09:04:01Z,,5192,Buteo rufinus,species,Animalia,Chordata,Aves,Accipitriformes,Accipitridae,Buteo,http://creativecommons.org/licenses/by-nc/4.0/,Vyacheslav Luzanov,vyacheslavluzanov,,,,,,,
201101749,https://www.inaturalist.org/observations/201101749,HumanObservation,2024-03-03T08:59:35Z,iNaturalist,Observations,iNaturalist research-grade observations,,201101749,https://www.inaturalist.org/observations/201101749,,alison-jane,,alison-jane,,wild,2024-03-03T12:52:28+11:00,12:52:28+11:00,2024-03-03 12:52:28+11:00,"Kiewa Valley Highway, Tawonga South, VIC, AU",-36.7378083333,147.160675,5.0,EPSG:4326,AU,Victoria,456422784.0,2024-03-03T08:38:09Z,,522255,Omyta centrolineata,species,Animalia,Arthropoda,Insecta,Hemiptera,Pentatomidae,Omyta,http://creativecommons.org/licenses/by-nc/4.0/,alison-jane,alison-jane,AU,,,,,,
201101751,https://www.inaturalist.org/observations/201101751,HumanObservation,2024-03-03T12:01:08Z,iNaturalist,Observations,iNaturalist research-grade observations,,201101751,https://www.inaturalist.org/observations/201101751,,Vyacheslav Luzanov,,Vyacheslav Luzanov,,wild,2024-02-27T08:38:00+03:00,08:38:00+03:00,2024/02/27 08:38,"Lenins'kyi, UA-KR, UA",45.1710457846,35.580037597,244.0,EPSG:4326,UA,Crimea,456422787.0,2024-03-03T08:38:09Z,,204472,Buteo buteo,species,Animalia,Chordata,Aves,Accipitriformes,Accipitridae,Buteo,http://creativecommons.org/licenses/by-nc/4.0/,Vyacheslav Luzanov,vyacheslavluzanov,,,,,,,
201101754,https://www.inaturalist.org/observations/201101754,HumanObservation,2024-03-08T12:48:59Z,iNaturalist,Observations,iNaturalist research-grade observations,,201101754,https://www.inaturalist.org/observations/201101754,,Marta,,Ihor Olshanskyi,https://orcid.org/0000-0002-8615-7054,wild,2024-03-02T16:24:50+01:00,16:24:50+01:00,2024-03-02 16:24:50,"Harrachov 460, 512 46 Harrachov, Česko",50.7707611111,15.4484555556,,EPSG:4326,CZ,Liberecký,457862884.0,2024-03-08T09:27:27Z,,69613,Luzula pilosa,species,Plantae,Tracheophyta,Liliopsida,Poales,Juncaceae,Luzula,http://creativecommons.org/licenses/by-nc/4.0/,Marta,martamumin,,,,,,,
201101756,https://www.inaturalist.org/observations/201101756,HumanObservation,2024-03-03T09:00:53Z,iNaturalist,Observations,iNaturalist research-grade observations,,201101756,https://www.inaturalist.org/observations/201101756,,Evelio Dominguez Chavez,,Evelio Dominguez Chavez,,wild,2024-03-02T12:19:13+01:00,12:19:13+01:00,2024-03-02 12:19:13,"06484 Quedlinburg, Alemania",51.7855529783,11.1396303175,,EPSG:4326,DE,Sachsen-Anhalt,456422815.0,2024-03-03T08:38:26Z,,52994,Claytonia perfoliata,species,Plantae,Tracheophyta,Magnoliopsida,Caryophyllales,Montiaceae,Claytonia,http://creativecommons.org/licenses/by-nc/4.0/,Evelio Dominguez Chavez,eveliodominguez,MX,,,,,,
201101759,https://www.inaturalist.org/observations/201101759,HumanObservation,2024-03-17T13:38:32Z,iNaturalist,Observations,iNaturalist research-grade observations,,201101759,https://www.inaturalist.org/observations/201101759,,Iu Vilaseca,,Iu Vilaseca,,wild,2024-03-03T09:36:04+01:00,09:36:04+01:00,2024-03-03 09:36:04,"Cabana de la Pleta del Prat, 25576 Lladorre, Lérida, Espanya",42.6778580538,1.2187759951,9.0,EPSG:4326,ES,Cataluña,456422836.0,2024-03-03T08:38:39Z,,13996,Prunella collaris,species,Animalia,Chordata,Aves,Passeriformes,Prunellidae,Prunella,http://creativecommons.org/licenses/by-nc/4.0/,Iu Vilaseca,iuvilaseca,,,,,,,
201101761,https://www.inaturalist.org/observations/201101761,HumanObservation,2024-03-03T19:58:07Z,iNaturalist,Observations,iNaturalist research-grade observations,,201101761,https://www.inaturalist.org/observations/201101761,,klevingston,,klevingston,,wild,2024-02-07T08:38:43-06:00,08:38:43-06:00,2024-02-07 08:38:43-06:00,"Texas Woman's University, Denton, TX, US",33.2290583333,-97.1295861667,3.0,EPSG:4326,US,Texas,456422839.0,2024-03-03T08:38:42Z,,6930,Anas platyrhynchos,species,Animalia,Chordata,Aves,Anseriformes,Anatidae,Anas,http://creativecommons.org/licenses/by-nc/4.0/,klevingston,klevingston,,,,,,,
201101766,https://www.inaturalist.org/observations/201101766,HumanObservation,2024-03-04T02:31:50Z,iNaturalist,Observations,iNaturalist research-grade observations,,201101766,https://www.inaturalist.org/observations/201101766,,sfreeman7,,sfreeman7,,wild,2024-02-19T16:44:00-05:00,16:44:00-05:00,2024/02/19 4:44 PM,"Colonel Samuel Smith Park, Toronto, ON, Canada",43.5906511232,-79.5131823425,683.0,EPSG:4326,CA,Ontario,456422868.0,2024-03-03T08:38:56Z,,12727,Turdus migratorius,species,Animalia,Chordata,Aves,Passeriformes,Turdidae,Turdus,http://creativecommons.org/licenses/by-nc/4.0/,sfreeman7,sfreeman7,,,,,,,
201101767,https://www.inaturalist.org/observations/201101767,HumanObservation,2024-03-04T02:31:44Z,iNaturalist,Observations,iNaturalist research-grade observations,,201101767,https://www.inaturalist.org/observations/201101767,,sfreeman7,,sfreeman7,,wild,2024-02-19T16:46:00-05:00,16:46:00-05:00,2024/02/19 4:46 PM,"Colonel Samuel Smith Park, Toronto, ON, Canada",43.5906511232,-79.5131823425,683.0,EPSG:4326,CA,Ontario,456422869.0,2024-03-03T08:38:56Z,,10094,Junco hyemalis,species,Animalia,Chordata,Aves,Passeriformes,Passerellidae,Junco,http://creativecommons.org/licenses/by-nc/4.0/,sfreeman7,sfreeman7,,https://www.inaturalist.org/projects/the-butt-end-of-nature,,,,,
201101768,https://www.inaturalist.org/observations/201101768,HumanObservation,2024-03-04T02:31:14Z,iNaturalist,Observations,iNaturalist research-grade observations,,201101768,https://www.inaturalist.org/observations/201101768,,sfreeman7,,sfreeman7,,wild,2024-02-19T16:45:00-05:00,16:45:00-05:00,2024/02/19 4:45 PM,"Colonel Samuel Smith Park, Toronto, ON, Canada",43.5906511232,-79.5131823425,683.0,EPSG:4326,CA,Ontario,456422870.0,2024-03-03T08:38:56Z,,14850,Sturnus vulgaris,species,Animalia,Chordata,Aves,Passeriformes,Sturnidae,Sturnus,http://creativecommons.org/licenses/by-nc/4.0/,sfreeman7,sfreeman7,,,,,,,
201101770,https://www.inaturalist.org/observations/201101770,HumanObservation,2024-03-04T02:31:09Z,iNaturalist,Observations,iNaturalist research-grade observations,,201101770,https://www.inaturalist.org/observations/201101770,,sfreeman7,,sfreeman7,,wild,2024-02-19T16:44:00-05:00,16:44:00-05:00,2024/02/19 4:44 PM,"Colonel Samuel Smith Park, Toronto, ON, Canada",43.5906511232,-79.5131823425,683.0,EPSG:4326,CA,Ontario,456422872.0,2024-03-03T08:38:57Z,,12727,Turdus migratorius,species,Animalia,Chordata,Aves,Passeriformes,Turdidae,Turdus,http://creativecommons.org/licenses/by-nc/4.0/,sfreeman7,sfreeman7,,,,,,,
201101771,https://www.inaturalist.org/observations/201101771,HumanObservation,2024-03-04T02:31:03Z,iNaturalist,Observations,iNaturalist research-grade observations,,201101771,https://www.inaturalist.org/observations/201101771,,sfreeman7,,sfreeman7,,wild,2024-02-19T16:43:00-05:00,16:43:00-05:00,2024/02/19 4:43 PM,"Colonel Samuel Smith Park, Toronto, ON, Canada",43.5906511232,-79.5131823425,683.0,EPSG:4326,CA,Ontario,456422873.0,2024-03-03T08:38:57Z,,12727,Turdus migratorius,species,Animalia,Chordata,Aves,Passeriformes,Turdidae,Turdus,http://creativecommons.org/licenses/by-nc/4.0/,sfreeman7,sfreeman7,,,,,,,
67033984,https://www.inaturalist.org/observations/67033984,HumanObservation,2023-10-06T22:07:13Z,iNaturalist,Observations,iNaturalist research-grade observations,,67033984,https://www.inaturalist.org/observations/67033984,,Zoltán Stekkelpak,,Juan Manuel de Roux,,wild,2020-12-24T17:06:55-08:00,17:06:55-08:00,2020-12-24 5:06:55 PM HST,"Kalaoa, HI 96740, USA",19.6749777778,-156.0261111111,,EPSG:4326,US,Hawaii,415250966.0,2023-10-06T22:01:07Z,,357597,Hydatina amplustre,species,Animalia,Mollusca,Gastropoda,,Aplustridae,Hydatina,http://creativecommons.org/publicdomain/zero/1.0/,Zoltán Stekkelpak,stekkelpak,,,,,,,
67033985,https://www.inaturalist.org/observations/67033985,HumanObservation,2022-08-26T01:27:55Z,iNaturalist,Observations,iNaturalist research-grade observations,,67033985,https://www.inaturalist.org/observations/67033985,,Hannah Mews,,Hannah Mews,,wild,2020-12-07T11:16:18-05:00,11:16:18-05:00,Mon Dec 07 2020 11:16:18 GMT-0500 (EST),"Pomona Mills Park, Markham, ON, CA",43.819155,-79.40569167,5.0,EPSG:4326,CA,Ontario,147531258.0,2020-12-25T05:50:08Z,,48292,Philoscia muscorum,species,Animalia,Arthropoda,Malacostraca,Isopoda,Philosciidae,Philoscia,http://creativecommons.org/licenses/by-nc/4.0/,Hannah Mews,mws,CA,,,,,,
67033986,https://www.inaturalist.org/observations/67033986,HumanObservation,2021-01-05T16:11:44Z,iNaturalist,Observations,iNaturalist research-grade observations,,67033986,https://www.inaturalist.org/observations/67033986,,James Maughn,,James Maughn,,wild,2020-12-24T14:34:00-08:00,14:34:00-08:00,2020/12/24 2:34 PM PST,"Santa Cruz County, CA, USA",37.0890567606,-122.276136997,29.0,EPSG:4326,US,California,147531274.0,2020-12-25T05:50:38Z,,296099,Paraconcavus pacificus,species,Animalia,Arthropoda,Hexanauplia,Balanomorpha,Balanidae,Paraconcavus,http://creativecommons.org/licenses/by-nc/4.0/,James Maughn,jmaughn,,,,,,,
67033989,https://www.inaturalist.org/observations/67033989,HumanObservation,2023-12-17T23:08:48Z,iNaturalist,Observations,iNaturalist research-grade observations,,67033989,https://www.inaturalist.org/observations/67033989,"Not quite a smoking gun, but pretty strong circumstantial evidence that katipo is predated by Steatoda capensis. A freshly killed katipo under a log with a live S.capensis. I have also witnessed the act of predation first hand, so this comes as no surprise.",Arnim Littek,,Arnim Littek,,wild,2020-12-22T07:07:00+13:00,07:07:00+13:00,2020/12/22 7:07 AM NZDT,"Himatangi Beach, New Zealand",-40.3885916667,175.227715,,EPSG:4326,NZ,Manawatu-Wanganui,147531275.0,2020-12-25T05:50:38Z,,391391,Latrodectus katipo,species,Animalia,Arthropoda,Arachnida,Araneae,Theridiidae,Latrodectus,http://creativecommons.org/licenses/by/4.0/,Arnim Littek,arnim,NZ,https://www.inaturalist.org/projects/coastal-sand-dunes-and-salt-marsh-banks-and-cliffs,female,adult,,dead,
67033991,https://www.inaturalist.org/observations/67033991,HumanObservation,2020-12-29T04:24:38Z,iNaturalist,Observations,iNaturalist research-grade observations,,67033991,https://www.inaturalist.org/observations/67033991,,Liz,,Chris Cohen,,wild,2020-12-25T11:20:19+10:30,11:20:19+10:30,2020-12-25 11:20:19 AM GMT+10:30,"Seddon SA 5223, Australia",-35.8928970155,137.2471815042,8.0,EPSG:4326,AU,South Australia,147558044.0,2020-12-25T14:04:18Z,,626728,Neoaratus hercules,species,Animalia,Arthropoda,Insecta,Diptera,Asilidae,Neoaratus,http://creativecommons.org/licenses/by-nc/4.0/,Liz,wandererliz,AU,,,,,,
67033993,https://www.inaturalist.org/observations/67033993,HumanObservation,2020-12-25T05:58:24Z,iNaturalist,Observations,iNaturalist research-grade observations,,67033993,https://www.inaturalist.org/observations/67033993,,auntie_uncle,,auntie_uncle,,wild,2006-05-16T07:07:00Z,07:07:00Z,2006/05/16 7:07 AM UTC,"Yin Kong Tsuen, Hong Kong",22.504387,114.111056,2004.0,EPSG:4326,HK,North,147531283.0,2020-12-25T05:51:01Z,,13731,Anthus roseatus,species,Animalia,Chordata,Aves,Passeriformes,Motacillidae,Anthus,http://creativecommons.org/licenses/by-nc/4.0/,auntie_uncle,auntie_uncle,,,,,,,
67033994,https://www.inaturalist.org/observations/67033994,HumanObservation,2024-08-15T05:25:39Z,iNaturalist,Observations,iNaturalist research-grade observations,,67033994,https://www.inaturalist.org/observations/67033994,,Braden McDonald,,Braden McDonald,,wild,2020-12-25T10:53:56+10:30,10:53:56+10:30,Fri Dec 25 2020 10:53:56 GMT+0930 (GMT+9:30),"Groote Eylandt, Anindilyakwa, NT, AU",-14.0751558169,136.4579712661,312.0,EPSG:4326,AU,Northern Territory,147531287.0,2020-12-25T05:51:05Z,,829458,Dipodium stenocheilum,species,Plantae,Tracheophyta,Liliopsida,Asparagales,Orchidaceae,Dipodium,http://creativecommons.org/licenses/by-nc/4.0/,Braden McDonald,braden1,AU,,,,,,
67033996,https://www.inaturalist.org/observations/67033996,HumanObservation,2020-12-25T06:29:15Z,iNaturalist,Observations,iNaturalist research-grade observations,,67033996,https://www.inaturalist.org/observations/67033996,,Emma,,Emma,,wild,2020-12-25T16:13:00+11:00,16:13:00+11:00,2020/12/25 4:13 PM AEDT,"Airlie Beach - Cannonvale QLD, Australia",-20.2713492,148.7204873,69.0,EPSG:4326,AU,Queensland,147531291.0,2020-12-25T05:51:09Z,,12659,Entomyzon cyanotis,species,Animalia,Chordata,Aves,Passeriformes,Meliphagidae,Entomyzon,http://creativecommons.org/licenses/by-nc/4.0/,Emma,eorwin,AU,,,,,,
67033997,https://www.inaturalist.org/observations/67033997,HumanObservation,2020-12-25T06:21:07Z,iNaturalist,Observations,iNaturalist research-grade observations,,67033997,https://www.inaturalist.org/observations/67033997,,Владимир,,Владимир,,wild,2020-12-23T15:00:00+06:00,15:00:00+06:00,2020/12/23 3:00 PM +0600,"Большеуковский р-н, Омская обл., Россия",57.2948187627,71.6371234942,244.0,EPSG:4326,RU,Omsk,147531294.0,2020-12-25T05:51:14Z,,135653,Pinus sibirica,species,Plantae,Tracheophyta,Pinopsida,Pinales,Pinaceae,Pinus,http://creativecommons.org/licenses/by-nc/4.0/,Владимир,vladimir_teplouhov,,,,,,,
67033998,https://www.inaturalist.org/observations/67033998,HumanObservation,2021-03-16T02:02:10Z,iNaturalist,Observations,iNaturalist research-grade observations,,67033998,https://www.inaturalist.org/observations/67033998,,zanegillgren,,wild_wind,,wild,2020-12-25T18:51:02+13:00,18:51:02+13:00,Fri Dec 25 2020 18:51:02 GMT+1300 (GMT+13),"Lysnar Street, Okitu, Gisborne, NZ",-38.6712501292,178.0809931086,10.0,EPSG:4326,NZ,Gisborne,147534265.0,2020-12-25T06:45:52Z,,413483,Todiramphus sanctus vagans,subspecies,Animalia,Chordata,Aves,Coraciiformes,Alcedinidae,Todiramphus,http://creativecommons.org/licenses/by-nc/4.0/,zanegillgren,zanegillgren,NZ,,,,,,
67033999,https://www.inaturalist.org/observations/67033999,HumanObservation,2024-12-01T05:06:26Z,iNaturalist,Observations,iNaturalist research-grade observations,,67033999,https://www.inaturalist.org/observations/67033999,,Paulo Acevedo,https://orcid.org/0000-0001-5059-4896,Paulo Acevedo,https://orcid.org/0000-0001-5059-4896,wild,2020-08-30T12:06:24-06:00,12:06:24-06:00,2020-08-30 12:06:24 PM CST,"Quebradillas, San José, El Jardín, Costa Rica",9.687355995,-83.9775161742,,EPSG:4326,CR,San José,147531298.0,2020-12-25T05:51:21Z,,194272,Asterophora parasitica,species,Fungi,Basidiomycota,Agaricomycetes,Agaricales,Lyophyllaceae,Asterophora,http://creativecommons.org/licenses/by-nc/4.0/,Paulo Acevedo,satanfungi,CR,,,,,,
67034001,https://www.inaturalist.org/observations/67034001,HumanObservation,2020-12-25T06:15:59Z,iNaturalist,Observations,iNaturalist research-grade observations,,67034001,https://www.inaturalist.org/observations/67034001,,Yennifer (Jennifer) Longo,,Yennifer (Jennifer) Longo,,wild,2020-12-25T11:25:18+11:00,11:25:18+11:00,2020-12-25 11:25:18 AM GMT+11:00,Heidelberg,-37.7526569035,145.0703363121,1811.0,EPSG:4326,AU,Victoria,147531310.0,2020-12-25T05:51:47Z,,480131,Eristalinus punctulatus,species,Animalia,Arthropoda,Insecta,Diptera,Syrphidae,Eristalinus,http://creativecommons.org/licenses/by-nc/4.0/,Yennifer (Jennifer) Longo,botanybyyen,,,,adult,,alive,
67034003,https://www.inaturalist.org/observations/67034003,HumanObservation,2020-12-25T17:38:24Z,iNaturalist,Observations,iNaturalist research-grade observations,,67034003,https://www.inaturalist.org/observations/67034003,,William Harris,,William Harris,,wild,2018-03-03T17:03:00-06:00,17:03:00-06:00,2018/03/03 5:03 PM CST,"Biloxi, MS, USA",30.39132801,-88.8832598845,10.0,EPSG:4326,US,Mississippi,147531315.0,2020-12-25T05:51:53Z,,4328,Pelecanus occidentalis,species,Animalia,Chordata,Aves,Pelecaniformes,Pelecanidae,Pelecanus,http://creativecommons.org/licenses/by-nc/4.0/,William Harris,mrprehistory,,,,,,,
201101772,https://www.inaturalist.org/observations/201101772,HumanObservation,2024-03-04T07:06:38Z,iNaturalist,Observations,iNaturalist research-grade observations,,201101772,https://www.inaturalist.org/observations/201101772,,sfreeman7,,sfreeman7,,wild,2024-02-19T16:43:00-05:00,16:43:00-05:00,2024/02/19 4:43 PM,"Colonel Samuel Smith Park, Toronto, ON, Canada",43.5906511232,-79.5131823425,683.0,EPSG:4326,CA,Ontario,456422874.0,2024-03-03T08:38:57Z,,14850,Sturnus vulgaris,species,Animalia,Chordata,Aves,Passeriformes,Sturnidae,Sturnus,http://creativecommons.org/licenses/by-nc/4.0/,sfreeman7,sfreeman7,,https://www.inaturalist.org/projects/the-butt-end-of-nature,,,,,
201101773,https://www.inaturalist.org/observations/201101773,HumanObservation,2024-03-04T02:30:52Z,iNaturalist,Observations,iNaturalist research-grade observations,,201101773,https://www.inaturalist.org/observations/201101773,8,sfreeman7,,sfreeman7,,wild,2024-02-19T16:42:00-05:00,16:42:00-05:00,2024/02/19 4:42 PM,"Colonel Samuel Smith Park, Toronto, ON, Canada",43.5906511232,-79.5131823425,683.0,EPSG:4326,CA,Ontario,456422877.0,2024-03-03T08:38:58Z,,14850,Sturnus vulgaris,species,Animalia,Chordata,Aves,Passeriformes,Sturnidae,Sturnus,http://creativecommons.org/licenses/by-nc/4.0/,sfreeman7,sfreeman7,,,,,,,
201101774,https://www.inaturalist.org/observations/201101774,HumanObservation,2024-03-04T02:30:46Z,iNaturalist,Observations,iNaturalist research-grade observations,,201101774,https://www.inaturalist.org/observations/201101774,8,sfreeman7,,sfreeman7,,wild,2024-02-19T16:43:00-05:00,16:43:00-05:00,2024/02/19 4:43 PM,"Colonel Samuel Smith Park, Toronto, ON, Canada",43.5906511232,-79.5131823425,683.0,EPSG:4326,CA,Ontario,456422879.0,2024-03-03T08:38:59Z,,14850,Sturnus vulgaris,species,Animalia,Chordata,Aves,Passeriformes,Sturnidae,Sturnus,http://creativecommons.org/licenses/by-nc/4.0/,sfreeman7,sfreeman7,,,,,,,
201101775,https://www.inaturalist.org/observations/201101775,HumanObservation,2024-06-28T12:48:06Z,iNaturalist,Observations,iNaturalist research-grade observations,Coordinate uncertainty increased to 28846m at the request of the observer,201101775,https://www.inaturalist.org/observations/201101775,,bc768659,,bc768659,,wild,2023-07-22T10:24:19+08:00,10:24:19+08:00,2023-07-22 10:24:19,"Gannan Tibetan, CN-GS, CN",34.3277769829,103.1518621312,28846.0,EPSG:4326,CN,Gansu,456422889.0,2024-03-03T08:39:04Z,,145070,Phoenicurus leucocephalus,species,Animalia,Chordata,Aves,Passeriformes,Muscicapidae,Phoenicurus,http://creativecommons.org/licenses/by-nc/4.0/,bc768659,bc768659,,,,,,,
201101782,https://www.inaturalist.org/observations/201101782,HumanObservation,2024-03-03T10:58:31Z,iNaturalist,Observations,iNaturalist research-grade observations,,201101782,https://www.inaturalist.org/observations/201101782,,Екатерина Евлаш,,Екатерина Евлаш,,wild,2024-03-03T12:53:08+05:00,12:53:08+05:00,2024-03-03 12:53:08,"Сургут, Ханты-Мансийский автономный округ, Россия, 628417",61.2477590162,73.3943802863,56.0,EPSG:4326,RU,Khanty-Mansiy,456422915.0,2024-03-03T08:39:15Z,,203153,Parus major,species,Animalia,Chordata,Aves,Passeriformes,Paridae,Parus,http://creativecommons.org/licenses/by-nc/4.0/,Екатерина Евлаш,the_orange,,,,,,,
201101785,https://www.inaturalist.org/observations/201101785,HumanObservation,2024-03-05T16:36:38Z,iNaturalist,Observations,iNaturalist research-grade observations,,201101785,https://www.inaturalist.org/observations/201101785,,klevingston,,klevingston,,wild,2024-02-07T08:39:36-06:00,08:39:36-06:00,2024-02-07 08:39:36-06:00,"Texas Woman's University, Denton, TX, US",33.2291116667,-97.1295778333,3.0,EPSG:4326,US,Texas,456422926.0,2024-03-03T08:39:18Z,,5206,Buteo lineatus,species,Animalia,Chordata,Aves,Accipitriformes,Accipitridae,Buteo,http://creativecommons.org/licenses/by-nc/4.0/,klevingston,klevingston,,,,,,,
201101788,https://www.inaturalist.org/observations/201101788,HumanObservation,2024-03-03T13:37:33Z,iNaturalist,Observations,iNaturalist research-grade observations,,201101788,https://www.inaturalist.org/observations/201101788,,akleff1,,akleff1,,wild,2024-03-03T09:39:10+01:00,09:39:10+01:00,Sun Mar 03 2024 09:39:10 GMT +0100 (GMT),Münster,51.9681091309,7.5706424713,10.0,EPSG:4326,DE,Nordrhein-Westfalen,456422939.0,2024-03-03T08:39:24Z,,13988,Prunella modularis,species,Animalia,Chordata,Aves,Passeriformes,Prunellidae,Prunella,http://creativecommons.org/licenses/by-nc/4.0/,akleff1,akleff1,,,,,,,
201101789,https://www.inaturalist.org/observations/201101789,HumanObservation,2024-10-21T08:06:14Z,iNaturalist,Observations,iNaturalist research-grade observations,,201101789,https://www.inaturalist.org/observations/201101789,,Adam Smith,,Aiden Chong,,wild,2024-03-03T10:07:09+06:30,10:07:09+06:30,2024-03-03 10:07:09,Cocos (Keeling) Islands,-12.0685274,96.8425983,,EPSG:4326,CC,,553675659.0,2024-10-18T00:33:34Z,,100132,Epinephelus retouti,species,Animalia,Chordata,Actinopterygii,Perciformes,Epinephelidae,Epinephelus,http://creativecommons.org/licenses/by-nc/4.0/,Adam Smith,adam_smith3,AU,,,,,,
201101791,https://www.inaturalist.org/observations/201101791,HumanObservation,2025-01-12T18:07:19Z,iNaturalist,Observations,iNaturalist research-grade observations,,201101791,https://www.inaturalist.org/observations/201101791,,thumbdrew,,thumbdrew,,wild,2024-03-03T10:24:57+02:00,10:24:57+02:00,2024-03-03 10:24:57+02:00,"Nelson Mandela Bay, ZA-EC, ZA",-33.9908209849,25.5333606042,24.0,EPSG:4326,ZA,Eastern Cape,456423336.0,2024-03-03T08:42:00Z,,51996,Daphnis nerii,species,Animalia,Arthropoda,Insecta,Lepidoptera,Sphingidae,Daphnis,http://creativecommons.org/licenses/by-nc/4.0/,thumbdrew,thumbdrew,,,,adult,,,
201101792,https://www.inaturalist.org/observations/201101792,HumanObservation,2024-03-03T13:06:58Z,iNaturalist,Observations,iNaturalist research-grade observations,,201101792,https://www.inaturalist.org/observations/201101792,,lorenacr,,Víctor González García,https://orcid.org/0000-0002-8949-7943,wild,2024-03-03T09:22:57+01:00,09:22:57+01:00,2024-03-03 09:22:57,"[LLORIÁN] Collado - Cruce Riñora [CTA 02195], 33518 Siero, Asturias, España",43.3931714166,-5.5905745178,186.0,EPSG:4326,ES,Principado de Asturias,456439857.0,2024-03-03T10:32:35Z,,55828,Lamium maculatum,species,Plantae,Tracheophyta,Magnoliopsida,Lamiales,Lamiaceae,Lamium,http://creativecommons.org/licenses/by-nc/4.0/,lorenacr,lorenacr,,,,,,,
201101793,https://www.inaturalist.org/observations/201101793,HumanObservation,2024-03-04T03:16:51Z,iNaturalist,Observations,iNaturalist research-grade observations,,201101793,https://www.inaturalist.org/observations/201101793,Clinton Rocks Victoria Immediately behind primary dune.,arthurjoestephens,,arthurjoestephens,,wild,2024-03-03T16:08:57+11:00,16:08:57+11:00,2024-03-03 16:08:57+11:00,"Croajingolong, E. Gippsland - Orbost, AU-VI, AU",-37.7771655456,149.1989594477,10.0,EPSG:4326,AU,Victoria,456453911.0,2024-03-03T12:08:09Z,,323919,Lepidosperma gladiatum,species,Plantae,Tracheophyta,Liliopsida,Poales,Cyperaceae,Lepidosperma,http://creativecommons.org/licenses/by-nc/4.0/,arthurjoestephens,arthurjoestephens,,,,,,,
201101799,https://www.inaturalist.org/observations/201101799,HumanObservation,2024-03-03T10:30:01Z,iNaturalist,Observations,iNaturalist research-grade observations,,201101799,https://www.inaturalist.org/observations/201101799,,taipingling,,taipingling,,wild,2024-01-19T07:55:00+05:30,07:55:00+05:30,2024/01/19 7:55 AM,"Tadoba-Andhari Tiger Reserve, Maharashtra, India",20.2717885,79.3875706,29509.0,EPSG:4326,IN,Maharashtra,456422984.0,2024-03-03T08:39:44Z,,42134,Sus scrofa,species,Animalia,Chordata,Mammalia,Artiodactyla,Suidae,Sus,http://creativecommons.org/licenses/by-nc/4.0/,taipingling,taipingling,,,,,,,
201101800,https://www.inaturalist.org/observations/201101800,HumanObservation,2024-03-03T10:29:10Z,iNaturalist,Observations,iNaturalist research-grade observations,,201101800,https://www.inaturalist.org/observations/201101800,,Till,,Till,,wild,2024-03-03T13:33:04+13:00,13:33:04+13:00,2024-03-03 13:33:04,"Rimu, New Zealand",-46.405334412,168.5324825719,1841.0,EPSG:4326,NZ,Southland,456422985.0,2024-03-03T08:39:44Z,,47691,Sherardia arvensis,species,Plantae,Tracheophyta,Magnoliopsida,Gentianales,Rubiaceae,Sherardia,http://creativecommons.org/licenses/by-nc/4.0/,Till,tillde,,,,,,,
201101805,https://www.inaturalist.org/observations/201101805,HumanObservation,2024-03-03T09:03:04Z,iNaturalist,Observations,iNaturalist research-grade observations,,201101805,https://www.inaturalist.org/observations/201101805,,Adam Smith,,Adam Smith,,wild,2024-03-03T10:17:59+06:30,10:17:59+06:30,2024-03-03 10:17:59,Cocos (Keeling) Islands,-12.0677845,96.8426096997,,EPSG:4326,CC,,456423018.0,2024-03-03T08:39:56Z,,100116,Epinephelus maculatus,species,Animalia,Chordata,Actinopterygii,Perciformes,Epinephelidae,Epinephelus,http://creativecommons.org/licenses/by-nc/4.0/,Adam Smith,adam_smith3,AU,,,,,,
201101813,https://www.inaturalist.org/observations/201101813,HumanObservation,2024-04-18T11:27:01Z,iNaturalist,Observations,iNaturalist research-grade observations,,201101813,https://www.inaturalist.org/observations/201101813,,Natalia Rojas-Estevez,https://orcid.org/0000-0002-4773-5456,Yao Zheng,,wild,2018-07-13T10:41:00+10:00,10:41:00+10:00,2018/07/13 10:41 AM,"Whitsundays QLD 4802, Australia",-20.2715256561,148.7761302599,8.0,EPSG:4326,AU,Queensland,472330343.0,2024-04-18T11:26:09Z,,747599,Naria erosa,species,Animalia,Mollusca,Gastropoda,Littorinimorpha,Cypraeidae,Naria,http://creativecommons.org/licenses/by-nc/4.0/,Natalia Rojas-Estevez,nat_rojasestevez,,,,,,,
201101814,https://www.inaturalist.org/observations/201101814,HumanObservation,2024-04-18T11:26:51Z,iNaturalist,Observations,iNaturalist research-grade observations,,201101814,https://www.inaturalist.org/observations/201101814,,Natalia Rojas-Estevez,https://orcid.org/0000-0002-4773-5456,Yao Zheng,,wild,2018-07-13T10:41:00+10:00,10:41:00+10:00,2018/07/13 10:41 AM,"Whitsundays QLD 4802, Australia",-20.2714751694,148.7761155077,2.0,EPSG:4326,AU,Queensland,472330389.0,2024-04-18T11:26:25Z,,369166,Erronea cylindrica,species,Animalia,Mollusca,Gastropoda,Littorinimorpha,Cypraeidae,Erronea,http://creativecommons.org/licenses/by-nc/4.0/,Natalia Rojas-Estevez,nat_rojasestevez,,,,,,,
201101815,https://www.inaturalist.org/observations/201101815,HumanObservation,2024-03-13T22:47:54Z,iNaturalist,Observations,iNaturalist research-grade observations,,201101815,https://www.inaturalist.org/observations/201101815,,Natalia Rojas-Estevez,https://orcid.org/0000-0002-4773-5456,Jake Orthman,,wild,2018-07-13T10:41:00+10:00,10:41:00+10:00,2018/07/13 10:41 AM,"Whitsundays QLD 4802, Australia",-20.2714172996,148.7761047788,2.0,EPSG:4326,AU,Queensland,458403516.0,2024-03-10T05:13:58Z,,368487,Mauritia eglantina,species,Animalia,Mollusca,Gastropoda,Littorinimorpha,Cypraeidae,Mauritia,http://creativecommons.org/licenses/by-nc/4.0/,Natalia Rojas-Estevez,nat_rojasestevez,,,,,,,
201101816,https://www.inaturalist.org/observations/201101816,HumanObservation,2024-03-14T09:19:09Z,iNaturalist,Observations,iNaturalist research-grade observations,,201101816,https://www.inaturalist.org/observations/201101816,,Natalia Rojas-Estevez,https://orcid.org/0000-0002-4773-5456,Adrian Gale,,wild,2018-07-13T10:41:00+10:00,10:41:00+10:00,2018/07/13 10:41 AM,"Whitsundays QLD 4802, Australia",-20.2713410073,148.7760953911,2.0,EPSG:4326,AU,Queensland,459539120.0,2024-03-13T22:47:29Z,,55947,Planaxis sulcatus,species,Animalia,Mollusca,Gastropoda,,Planaxidae,Planaxis,http://creativecommons.org/licenses/by-nc/4.0/,Natalia Rojas-Estevez,nat_rojasestevez,,,,,,,
201101817,https://www.inaturalist.org/observations/201101817,HumanObservation,2024-11-23T23:13:16Z,iNaturalist,Observations,iNaturalist research-grade observations,,201101817,https://www.inaturalist.org/observations/201101817,,Natalia Rojas-Estevez,https://orcid.org/0000-0002-4773-5456,Natalia Rojas-Estevez,https://orcid.org/0000-0002-4773-5456,wild,2018-07-13T10:41:00+10:00,10:41:00+10:00,2018/07/13 10:41 AM,"Whitsundays QLD 4802, Australia",-20.2712802165,148.7760819801,2.0,EPSG:4326,AU,Queensland,567364185.0,2024-11-23T23:12:52Z,,1591517,Arakawania marginalba,species,Animalia,Mollusca,Gastropoda,Neogastropoda,Muricidae,Arakawania,http://creativecommons.org/licenses/by-nc/4.0/,Natalia Rojas-Estevez,nat_rojasestevez,,,,,,,
201101822,https://www.inaturalist.org/observations/201101822,HumanObservation,2024-05-16T09:37:09Z,iNaturalist,Observations,iNaturalist research-grade observations,,201101822,https://www.inaturalist.org/observations/201101822,,Natalia Rojas-Estevez,https://orcid.org/0000-0002-4773-5456,Yao Zheng,,wild,2018-07-13T10:41:00+10:00,10:41:00+10:00,2018/07/13 10:41 AM,"Whitsundays QLD 4802, Australia",-20.2716683376,148.7761919506,2.0,EPSG:4326,AU,Queensland,487658357.0,2024-05-16T01:17:02Z,,1304397,Angaria exasperata,species,Animalia,Mollusca,Gastropoda,Trochida,Angariidae,Angaria,http://creativecommons.org/licenses/by-nc/4.0/,Natalia Rojas-Estevez,nat_rojasestevez,,,,,,,
201101828,https://www.inaturalist.org/observations/201101828,HumanObservation,2024-03-20T05:46:46Z,iNaturalist,Observations,iNaturalist research-grade observations,,201101828,https://www.inaturalist.org/observations/201101828,,Martina Kišelová,,Jörg und Ines,,wild,2023-06-24T14:17:00+02:00,14:17:00+02:00,2023/06/24 14:17,"Doksy, Česko",50.5900747722,14.627095336,1613.0,EPSG:4326,CZ,Liberecký,456445925.0,2024-03-03T11:19:30Z,,467853,Macaria brunneata,species,Animalia,Arthropoda,Insecta,Lepidoptera,Geometridae,Macaria,http://creativecommons.org/licenses/by-nc/4.0/,Martina Kišelová,marhi_226,,,,,,,
201101830,https://www.inaturalist.org/observations/201101830,HumanObservation,2024-03-03T14:28:13Z,iNaturalist,Observations,iNaturalist research-grade observations,,201101830,https://www.inaturalist.org/observations/201101830,,Наталья Усова,,Наталья Усова,,wild,2024-03-03T10:21:54+03:00,10:21:54+03:00,2024-03-03 10:21:54,Белкино турбаза,57.4533383281,39.7598839179,202.0,EPSG:4326,RU,Yaroslavl',456423096.0,2024-03-03T08:40:25Z,,558443,Tetrastes bonasia,species,Animalia,Chordata,Aves,Galliformes,Phasianidae,Tetrastes,http://creativecommons.org/licenses/by/4.0/,Наталья Усова,raduga1985,,,male,adult,,alive,"{""evidenceOfPresence"":""organism""}"
201101831,https://www.inaturalist.org/observations/201101831,HumanObservation,2025-02-12T20:26:21Z,iNaturalist,Observations,iNaturalist research-grade observations,,201101831,https://www.inaturalist.org/observations/201101831,,Dustin Snider,,Dustin Snider,,wild,2023-08-03T14:34:26-07:00,14:34:26-07:00,2023-08-03 15:34:26-06:00,"Nancy Greene Park, Kootenay Boundary, BC, CA",49.2563337211,-117.945199683,84.0,EPSG:4326,CA,British Columbia,456423097.0,2024-03-03T08:40:25Z,,60522,Aconitum columbianum,species,Plantae,Tracheophyta,Magnoliopsida,Ranunculales,Ranunculaceae,Aconitum,http://creativecommons.org/licenses/by-nc/4.0/,Dustin Snider,dustin777,CA,,,,,,
201101832,https://www.inaturalist.org/observations/201101832,HumanObservation,2024-03-04T14:26:02Z,iNaturalist,Observations,iNaturalist research-grade observations,,201101832,https://www.inaturalist.org/observations/201101832,,kargath,,kargath,,wild,2024-03-03T15:43:22+08:00,15:43:22+08:00,2024-03-03 15:43:22+08:00,"明孝陵景区, 南京市, 江苏省, CN",32.0464278333,118.8393083333,14.0,EPSG:4326,CN,Jiangsu,456423098.0,2024-03-03T08:40:26Z,,424107,Chalcophora japonica,species,Animalia,Arthropoda,Insecta,Coleoptera,Buprestidae,Chalcophora,http://creativecommons.org/licenses/by-nc/4.0/,kargath,kargath,,,,,,,
201101833,https://www.inaturalist.org/observations/201101833,HumanObservation,2024-03-03T16:52:37Z,iNaturalist,Observations,iNaturalist research-grade observations,,201101833,https://www.inaturalist.org/observations/201101833,,Michal Svit,,Michal Svit,,wild,2024-03-03T09:39:39+01:00,09:39:39+01:00,2024-03-03 09:39:39,"95-010 Lipa, Polska",51.86673292,19.5521294,7.0,EPSG:4326,PL,Łódź,456423100.0,2024-03-03T08:40:27Z,,319828,Anyphaena accentuata,species,Animalia,Arthropoda,Arachnida,Araneae,Anyphaenidae,Anyphaena,http://creativecommons.org/licenses/by-nc/4.0/,Michal Svit,msvit,,,,adult,,alive,"{""evidenceOfPresence"":""organism""}"
201101835,https://www.inaturalist.org/observations/201101835,HumanObservation,2024-03-17T11:23:03Z,iNaturalist,Observations,iNaturalist research-grade observations,,201101835,https://www.inaturalist.org/observations/201101835,,clarabdv,,clarabdv,,wild,2024-03-03T09:39:28+01:00,09:39:28+01:00,2024-03-03 09:39:28+01:00,"Boulevard de l'Est, Le Raincy, Île-de-France, FR",48.8995633403,2.5266283333,40.0,EPSG:4326,FR,Île-de-France,456423103.0,2024-03-03T08:40:29Z,,163549,Hedera hibernica,species,Plantae,Tracheophyta,Magnoliopsida,Apiales,Araliaceae,Hedera,http://creativecommons.org/licenses/by-nc/4.0/,clarabdv,clarabdv,,,,,,,
201101837,https://www.inaturalist.org/observations/201101837,HumanObservation,2024-03-03T08:59:59Z,iNaturalist,Observations,iNaturalist research-grade observations,,201101837,https://www.inaturalist.org/observations/201101837,,Ksenia Lozovskaya,,Ksenia Lozovskaya,,wild,2024-03-03T14:32:13+05:00,14:32:13+05:00,2024-03-03 14:32:13,"Екатеринбург, Свердловская обл., Россия, 620137",56.8646285689,60.6264702603,70.0,EPSG:4326,RU,Sverdlovsk,456423124.0,2024-03-03T08:40:41Z,,17871,Dendrocopos major,species,Animalia,Chordata,Aves,Piciformes,Picidae,Dendrocopos,http://creativecommons.org/licenses/by-nc/4.0/,Ksenia Lozovskaya,lozovskaya,,,,,,,
201101840,https://www.inaturalist.org/observations/201101840,HumanObservation,2024-03-12T12:21:36Z,iNaturalist,Observations,iNaturalist research-grade observations,,201101840,https://www.inaturalist.org/observations/201101840,,tschuhbi,,tschuhbi,,wild,2024-03-02T21:33:53+01:00,21:33:53+01:00,2024-03-02 21:33:53+01:00,"Zum Bonstapel, Vlotho, Nordrhein-Westfalen, DE",52.1197971667,8.8817966667,4.0,EPSG:4326,DE,Nordrhein-Westfalen,456423150.0,2024-03-03T08:40:54Z,,25591,Rana temporaria,species,Animalia,Chordata,Amphibia,Anura,Ranidae,Rana,http://creativecommons.org/licenses/by-nc/4.0/,tschuhbi,tschuhbi,,,,,,,
201101846,https://www.inaturalist.org/observations/201101846,HumanObservation,2024-03-31T10:15:28Z,iNaturalist,Observations,iNaturalist research-grade observations,,201101846,https://www.inaturalist.org/observations/201101846,,Scott W. Gavins,,Leon Crang,,wild,2024-03-03T16:41:00+10:00,16:41:00+10:00,2024/03/03 4:41 PM,"Talegalla Weir QLD 4650, Australia",-25.7896466667,152.6963366667,10.0,EPSG:4326,AU,Queensland,456426976.0,2024-03-03T09:09:29Z,,450998,Asura lydia,species,Animalia,Arthropoda,Insecta,Lepidoptera,Erebidae,Asura,http://creativecommons.org/licenses/by/4.0/,Scott W. Gavins,scottwgavins,AU,,,,,,
201101848,https://www.inaturalist.org/observations/201101848,HumanObservation,2024-03-03T21:40:18Z,iNaturalist,Observations,iNaturalist research-grade observations,,201101848,https://www.inaturalist.org/observations/201101848,,Scott W. Gavins,,Ben Kurek,,wild,2024-03-03T16:49:00+10:00,16:49:00+10:00,2024/03/03 4:49 PM,"Talegalla Weir QLD 4650, Australia",-25.7889716667,152.6966033333,10.0,EPSG:4326,AU,Queensland,456476640.0,2024-03-03T14:00:40Z,,202557,Argiope keyserlingi,species,Animalia,Arthropoda,Arachnida,Araneae,Araneidae,Argiope,http://creativecommons.org/licenses/by/4.0/,Scott W. Gavins,scottwgavins,AU,,,,,,
201101849,https://www.inaturalist.org/observations/201101849,HumanObservation,2024-11-01T18:02:57Z,iNaturalist,Observations,iNaturalist research-grade observations,,201101849,https://www.inaturalist.org/observations/201101849,"Antidesma menasu. KMTR, Location and Date approximate.",T R Shankar Raman,https://orcid.org/0000-0002-1347-3953,T R Shankar Raman,https://orcid.org/0000-0002-1347-3953,wild,1997-01-15,,1997-01-15,"Singampatti Zamindar Forest, Tamil Nadu, India",8.5504200797,77.4026710913,721.0,EPSG:4326,IN,Tamil Nadu,456423167.0,2024-03-03T08:40:59Z,,340556,Antidesma montanum,species,Plantae,Tracheophyta,Magnoliopsida,Malpighiales,Phyllanthaceae,Antidesma,http://creativecommons.org/publicdomain/zero/1.0/,T R Shankar Raman,trsraman,,,,,,,
201101851,https://www.inaturalist.org/observations/201101851,HumanObservation,2024-03-03T10:41:24Z,iNaturalist,Observations,iNaturalist research-grade observations,,201101851,https://www.inaturalist.org/observations/201101851,,Scott W. Gavins,,Scott W. Gavins,,wild,2024-03-03T16:52:00+10:00,16:52:00+10:00,2024/03/03 4:52 PM,"Talegalla Weir QLD 4650, Australia",-25.7888916667,152.6969166667,10.0,EPSG:4326,AU,Queensland,456423169.0,2024-03-03T08:41:00Z,,39469,Varanus varius,species,Animalia,Chordata,Reptilia,Squamata,Varanidae,Varanus,http://creativecommons.org/licenses/by/4.0/,Scott W. Gavins,scottwgavins,AU,,,,,,
201101852,https://www.inaturalist.org/observations/201101852,HumanObservation,2024-03-03T08:46:41Z,iNaturalist,Observations,iNaturalist research-grade observations,,201101852,https://www.inaturalist.org/observations/201101852,,Scott W. Gavins,,Scott W. Gavins,,wild,2024-03-03T16:53:00+10:00,16:53:00+10:00,2024/03/03 4:53 PM,"Talegalla Weir QLD 4650, Australia",-25.78896,152.6969383333,10.0,EPSG:4326,AU,Queensland,456423170.0,2024-03-03T08:41:00Z,,161365,Cymbopogon refractus,species,Plantae,Tracheophyta,Liliopsida,Poales,Poaceae,Cymbopogon,http://creativecommons.org/licenses/by/4.0/,Scott W. Gavins,scottwgavins,AU,,,,,,
201101854,https://www.inaturalist.org/observations/201101854,HumanObservation,2024-10-31T18:53:23Z,iNaturalist,Observations,iNaturalist research-grade observations,,201101854,https://www.inaturalist.org/observations/201101854,,Guillaume Labeyrie,,Guillaume Labeyrie,,wild,2024-02-29T12:56:00+01:00,12:56:00+01:00,2024/02/29 12:56 PM,"06460 Caussols, France",43.750225163,6.892692338,95.0,EPSG:4326,FR,Provence-Alpes-Côte d'Azur,456423172.0,2024-03-03T08:41:01Z,,1151648,Coranus pericarti,species,Animalia,Arthropoda,Insecta,Hemiptera,Reduviidae,Coranus,http://creativecommons.org/licenses/by-nc/4.0/,Guillaume Labeyrie,guilab06,,,,,,,
201101855,https://www.inaturalist.org/observations/201101855,HumanObservation,2024-03-28T20:51:25Z,iNaturalist,Observations,iNaturalist research-grade observations,,201101855,https://www.inaturalist.org/observations/201101855,,Scott W. Gavins,,Scott W. Gavins,,wild,2024-03-03T16:57:00+10:00,16:57:00+10:00,2024/03/03 4:57 PM,"Talegalla Weir QLD 4650, Australia",-25.789085,152.697035,10.0,EPSG:4326,AU,Queensland,456423173.0,2024-03-03T08:41:02Z,,201882,Paropsis maculata,species,Animalia,Arthropoda,Insecta,Coleoptera,Chrysomelidae,Paropsis,http://creativecommons.org/licenses/by/4.0/,Scott W. Gavins,scottwgavins,AU,,,,,,
201101858,https://www.inaturalist.org/observations/201101858,HumanObservation,2024-04-19T00:28:38Z,iNaturalist,Observations,iNaturalist research-grade observations,,201101858,https://www.inaturalist.org/observations/201101858,,Scott W. Gavins,,Scott W. Gavins,,wild,2024-03-03T17:14:00+10:00,17:14:00+10:00,2024/03/03 5:14 PM,"Talegalla Weir QLD 4650, Australia",-25.788875,152.6980566667,10.0,EPSG:4326,AU,Queensland,456423179.0,2024-03-03T08:41:04Z,,201882,Paropsis maculata,species,Animalia,Arthropoda,Insecta,Coleoptera,Chrysomelidae,Paropsis,http://creativecommons.org/licenses/by/4.0/,Scott W. Gavins,scottwgavins,AU,,,,,,
201101859,https://www.inaturalist.org/observations/201101859,HumanObservation,2024-03-21T19:24:54Z,iNaturalist,Observations,iNaturalist research-grade observations,,201101859,https://www.inaturalist.org/observations/201101859,,Glen Goddard,,Glen Goddard,,wild,2024-03-03T10:40:40+02:00,10:40:40+02:00,2024-03-03 10:40:40+02:00,"Club Drive, Ballito, KZN, ZA",-29.5418756549,31.1973599531,4.0,EPSG:4326,ZA,KwaZulu-Natal,456423181.0,2024-03-03T08:41:04Z,,129401,Aristea ecklonii,species,Plantae,Tracheophyta,Liliopsida,Asparagales,Iridaceae,Aristea,http://creativecommons.org/licenses/by-nc/4.0/,Glen Goddard,aicorner,,,,,,,
201101861,https://www.inaturalist.org/observations/201101861,HumanObservation,2024-03-03T21:40:12Z,iNaturalist,Observations,iNaturalist research-grade observations,,201101861,https://www.inaturalist.org/observations/201101861,,Scott W. Gavins,,Ben Kurek,,wild,2024-03-03T17:30:00+10:00,17:30:00+10:00,2024/03/03 5:30 PM,"Talegalla Weir QLD 4650, Australia",-25.7896833333,152.69766,10.0,EPSG:4326,AU,Queensland,456476517.0,2024-03-03T14:00:11Z,,202557,Argiope keyserlingi,species,Animalia,Arthropoda,Arachnida,Araneae,Araneidae,Argiope,http://creativecommons.org/licenses/by/4.0/,Scott W. Gavins,scottwgavins,AU,,,,,,
201101863,https://www.inaturalist.org/observations/201101863,HumanObservation,2024-03-04T08:16:56Z,iNaturalist,Observations,iNaturalist research-grade observations,,201101863,https://www.inaturalist.org/observations/201101863,"Ants 'flying' from a nest for the 8th consecutive night. Using 1 entrance. This is the 9th observation of ants 'flying' from this nest (one was from May 3, 2021) and no males have been seen. No queens have been observed taking flight. Temperature 30 degrees. Relative humidity 75%. An approaching storm front after day temp max was 35. Checked again at 6:30pm and there was less activity. No rain until 7:30pm. Checked at 8pm after light rain and there was no activity.",Scott W. Gavins,,Scott W. Gavins,,wild,2024-03-03T17:42:00+10:00,17:42:00+10:00,2024/03/03 5:42 PM,"Talegalla Weir QLD 4650, Australia",-25.7898736424,152.6957473815,20.0,EPSG:4326,AU,Queensland,456423187.0,2024-03-03T08:41:07Z,,1254418,Pheidole dispar,species,Animalia,Arthropoda,Insecta,Hymenoptera,Formicidae,Pheidole,http://creativecommons.org/licenses/by/4.0/,Scott W. Gavins,scottwgavins,AU,,,adult,,alive,"{""evidenceOfPresence"":""organism""}"
67034006,https://www.inaturalist.org/observations/67034006,HumanObservation,2023-01-11T19:11:29Z,iNaturalist,Observations,iNaturalist research-grade observations,,67034006,https://www.inaturalist.org/observations/67034006,Location approximate,Alex Binck,,Alex Binck,,wild,2015-10-17T17:00:00-07:00,17:00:00-07:00,2015/10/17 5:00 PM PDT,"Pierce Point Rd, Inverness, CA 94937, USA",38.18917,-122.9540602,189.0,EPSG:4326,US,California,147531324.0,2020-12-25T05:52:02Z,,42051,Canis latrans,species,Animalia,Chordata,Mammalia,Carnivora,Canidae,Canis,http://creativecommons.org/licenses/by-nc/4.0/,Alex Binck,alexbinck,,https://www.inaturalist.org/projects/california-canines|https://www.inaturalist.org/projects/california-mammals,undetermined,adult,,alive,"{""evidenceOfPresence"":""organism""}"
67034010,https://www.inaturalist.org/observations/67034010,HumanObservation,2025-02-22T13:34:38Z,iNaturalist,Observations,iNaturalist research-grade observations,,67034010,https://www.inaturalist.org/observations/67034010,,Zoltán Stekkelpak,,Roberto Pillon,,wild,2020-12-24T16:03:40-08:00,16:03:40-08:00,2020-12-24 4:03:40 PM HST,"Kalaoa, HI 96740, USA",19.6775472222,-156.0282138889,,EPSG:4326,US,Hawaii,365144164.0,2023-05-20T07:08:21Z,,202064,Bathygobius coalitus,species,Animalia,Chordata,Actinopterygii,Gobiiformes,Gobiidae,Bathygobius,http://creativecommons.org/publicdomain/zero/1.0/,Zoltán Stekkelpak,stekkelpak,,,,,,,
67034011,https://www.inaturalist.org/observations/67034011,HumanObservation,2025-01-30T13:55:39Z,iNaturalist,Observations,iNaturalist research-grade observations,,67034011,https://www.inaturalist.org/observations/67034011,,Станислав,https://orcid.org/0000-0002-9704-9403,Станислав,https://orcid.org/0000-0002-9704-9403,wild,2014-01-10T11:58:00+03:00,11:58:00+03:00,2014/01/10 11:58 AM +0300,"Октябрьский район, Гродно, Беларусь",53.678286484,23.8439721769,2.0,EPSG:4326,BY,Hrodna,147531355.0,2020-12-25T05:52:28Z,,60204,Geranium pusillum,species,Plantae,Tracheophyta,Magnoliopsida,Geraniales,Geraniaceae,Geranium,http://creativecommons.org/licenses/by-nc/4.0/,Станислав,leschij,,,,,flowers|flower buds,,"{""leaves"":""green leaves""}"
67034012,https://www.inaturalist.org/observations/67034012,HumanObservation,2024-01-29T22:55:13Z,iNaturalist,Observations,iNaturalist research-grade observations,,67034012,https://www.inaturalist.org/observations/67034012,,Daba,https://orcid.org/0000-0002-1251-3167,Daba,https://orcid.org/0000-0002-1251-3167,wild,2018-07-31T18:30:00+13:00,18:30:00+13:00,2018/07/31 6:30 PM SST,"Иволгинский р-н, Респ. Бурятия, Россия",51.7433333585,107.3337864876,67.0,EPSG:4326,RU,Buryat,147531356.0,2020-12-25T05:52:28Z,,556824,Stellaria dichotoma,species,Plantae,Tracheophyta,Magnoliopsida,Caryophyllales,Caryophyllaceae,Stellaria,http://creativecommons.org/licenses/by-nc/4.0/,Daba,daba,,,,,,,
67034013,https://www.inaturalist.org/observations/67034013,HumanObservation,2022-04-14T18:53:09Z,iNaturalist,Observations,iNaturalist research-grade observations,,67034013,https://www.inaturalist.org/observations/67034013,,Станислав,https://orcid.org/0000-0002-9704-9403,Станислав,https://orcid.org/0000-0002-9704-9403,wild,2014-01-10T12:15:00+03:00,12:15:00+03:00,2014/01/10 12:15 PM +0300,"Октябрьский район, Гродно, Беларусь",53.6708783389,23.8588905701,2.0,EPSG:4326,BY,Hrodna,147531357.0,2020-12-25T05:52:29Z,,52808,Poa annua,species,Plantae,Tracheophyta,Liliopsida,Poales,Poaceae,Poa,http://creativecommons.org/licenses/by-nc/4.0/,Станислав,leschij,,,,,,,
67034014,https://www.inaturalist.org/observations/67034014,HumanObservation,2022-04-14T18:53:09Z,iNaturalist,Observations,iNaturalist research-grade observations,,67034014,https://www.inaturalist.org/observations/67034014,,Станислав,https://orcid.org/0000-0002-9704-9403,Станислав,https://orcid.org/0000-0002-9704-9403,wild,2014-01-10T12:19:00+03:00,12:19:00+03:00,2014/01/10 12:19 PM +0300,"Октябрьский район, Гродно, Беларусь",53.6708672289,23.8589717776,4.0,EPSG:4326,BY,Hrodna,147531358.0,2020-12-25T05:52:29Z,,53298,Stellaria media,species,Plantae,Tracheophyta,Magnoliopsida,Caryophyllales,Caryophyllaceae,Stellaria,http://creativecommons.org/licenses/by-nc/4.0/,Станислав,leschij,,,,,,,
67034015,https://www.inaturalist.org/observations/67034015,HumanObservation,2022-04-14T18:53:09Z,iNaturalist,Observations,iNaturalist research-grade observations,,67034015,https://www.inaturalist.org/observations/67034015,,Станислав,https://orcid.org/0000-0002-9704-9403,Станислав,https://orcid.org/0000-0002-9704-9403,wild,2014-01-10T12:35:00+03:00,12:35:00+03:00,2014/01/10 12:35 PM +0300,"Октябрьский район, Гродно, Беларусь",53.6708482958,23.8591068672,4.0,EPSG:4326,BY,Hrodna,147531359.0,2020-12-25T05:52:30Z,,55851,Lamium purpureum,species,Plantae,Tracheophyta,Magnoliopsida,Lamiales,Lamiaceae,Lamium,http://creativecommons.org/licenses/by-nc/4.0/,Станислав,leschij,,,,,,,
67034016,https://www.inaturalist.org/observations/67034016,HumanObservation,2022-04-14T18:53:09Z,iNaturalist,Observations,iNaturalist research-grade observations,,67034016,https://www.inaturalist.org/observations/67034016,,Станислав,https://orcid.org/0000-0002-9704-9403,Станислав,https://orcid.org/0000-0002-9704-9403,wild,2014-01-10T12:40:00+03:00,12:40:00+03:00,2014/01/10 12:40 PM +0300,"Октябрьский район, Гродно, Беларусь",53.6708195059,23.8592991108,2.0,EPSG:4326,BY,Hrodna,147531361.0,2020-12-25T05:52:31Z,,79441,Tripleurospermum inodorum,species,Plantae,Tracheophyta,Magnoliopsida,Asterales,Asteraceae,Tripleurospermum,http://creativecommons.org/licenses/by-nc/4.0/,Станислав,leschij,,,,,,,
67034017,https://www.inaturalist.org/observations/67034017,HumanObservation,2022-04-14T18:53:09Z,iNaturalist,Observations,iNaturalist research-grade observations,,67034017,https://www.inaturalist.org/observations/67034017,На Betula pendula,Станислав,https://orcid.org/0000-0002-9704-9403,Jurga Motiejūnaitė,,wild,2014-01-10T13:24:00+03:00,13:24:00+03:00,2014/01/10 1:24 PM +0300,"Октябрьский район, Гродно, Беларусь",53.6598982653,23.8755122334,4.0,EPSG:4326,BY,Hrodna,147549753.0,2020-12-25T11:21:35Z,,975247,Agrobacterium radiobacter,species,Bacteria,Proteobacteria,Alphaproteobacteria,Rhizobiales,Rhizobiaceae,Agrobacterium,http://creativecommons.org/licenses/by-nc/4.0/,Станислав,leschij,,,,,,,
67034018,https://www.inaturalist.org/observations/67034018,HumanObservation,2022-12-22T18:11:06Z,iNaturalist,Observations,iNaturalist research-grade observations,,67034018,https://www.inaturalist.org/observations/67034018,,Paulo Acevedo,https://orcid.org/0000-0001-5059-4896,Paulo Acevedo,https://orcid.org/0000-0001-5059-4896,wild,2020-08-30T12:08:09-06:00,12:08:09-06:00,2020-08-30 12:08:09 PM CST,"San José Province, Copey District, Costa Rica",9.6510524747,-83.9385299681,,EPSG:4326,CR,San José,147531364.0,2020-12-25T05:52:34Z,,120951,Lactarius indigo,species,Fungi,Basidiomycota,Agaricomycetes,Russulales,Russulaceae,Lactarius,http://creativecommons.org/licenses/by-nc/4.0/,Paulo Acevedo,satanfungi,CR,,,,,,
67034022,https://www.inaturalist.org/observations/67034022,HumanObservation,2023-10-06T03:59:15Z,iNaturalist,Observations,iNaturalist research-grade observations,,67034022,https://www.inaturalist.org/observations/67034022,,Zoltán Stekkelpak,,Zoltán Stekkelpak,,wild,2020-12-24T16:03:40-08:00,16:03:40-08:00,2020-12-24 4:03:40 PM HST,"Kalaoa, HI 96740, USA",19.6775472222,-156.0282138889,,EPSG:4326,US,Hawaii,147531712.0,2020-12-25T05:59:03Z,,604865,Zoanthus sansibaricus,species,Animalia,Cnidaria,Anthozoa,Zoantharia,Zoanthidae,Zoanthus,http://creativecommons.org/publicdomain/zero/1.0/,Zoltán Stekkelpak,stekkelpak,,,,,,,
67034025,https://www.inaturalist.org/observations/67034025,HumanObservation,2020-12-25T06:21:05Z,iNaturalist,Observations,iNaturalist research-grade observations,,67034025,https://www.inaturalist.org/observations/67034025,,Владимир,,Владимир,,wild,2020-12-23T15:00:00+06:00,15:00:00+06:00,2020/12/23 3:00 PM +0600,"Большеуковский р-н, Омская обл., Россия",57.2956374809,71.6387912412,61.0,EPSG:4326,RU,Omsk,147531384.0,2020-12-25T05:53:00Z,,136310,Abies sibirica,species,Plantae,Tracheophyta,Pinopsida,Pinales,Pinaceae,Abies,http://creativecommons.org/licenses/by-nc/4.0/,Владимир,vladimir_teplouhov,,,,,,,
201101867,https://www.inaturalist.org/observations/201101867,HumanObservation,2024-03-27T13:11:31Z,iNaturalist,Observations,iNaturalist research-grade observations,,201101867,https://www.inaturalist.org/observations/201101867,,Marta,,Marta,,wild,2024-03-02T15:26:40+01:00,15:26:40+01:00,2024-03-02 15:26:40,"Harrachov 460, 512 46 Harrachov, Česko",50.7707611111,15.4484555556,,EPSG:4326,CZ,Liberecký,456423211.0,2024-03-03T08:41:18Z,,165489,Mnium hornum,species,Plantae,Bryophyta,Bryopsida,Bryales,Mniaceae,Mnium,http://creativecommons.org/licenses/by-nc/4.0/,Marta,martamumin,,,,,,,
201101868,https://www.inaturalist.org/observations/201101868,HumanObservation,2024-03-08T06:04:36Z,iNaturalist,Observations,iNaturalist research-grade observations,,201101868,https://www.inaturalist.org/observations/201101868,Coastal scree fan.,mattward,,mattward,,wild,2024-02-21T17:22:00+13:00,17:22:00+13:00,2024/02/21 5:22 PM,"Wainuiomata Coast 5373, New Zealand",-41.4111860642,174.9591826089,8.0,EPSG:4326,NZ,Wellington,456423214.0,2024-03-03T08:41:19Z,,407007,Wahlenbergia ramosa,species,Plantae,Tracheophyta,Magnoliopsida,Asterales,Campanulaceae,Wahlenbergia,http://creativecommons.org/licenses/by-nc/4.0/,mattward,mattward,NZ,https://www.inaturalist.org/projects/nz-plant-phenology|https://www.inaturalist.org/projects/coastal-sand-dunes-and-salt-marsh-banks-and-cliffs,,,flowers,,
201101869,https://www.inaturalist.org/observations/201101869,HumanObservation,2024-03-03T09:03:14Z,iNaturalist,Observations,iNaturalist research-grade observations,,201101869,https://www.inaturalist.org/observations/201101869,,Екатерина Евлаш,,Екатерина Евлаш,,wild,2024-03-03T12:29:17+05:00,12:29:17+05:00,2024-03-03 12:29:17,"Сургут, Ханты-Мансийский автономный округ, Россия, 628417",61.2469603695,73.3981189504,23.0,EPSG:4326,RU,Khanty-Mansiy,456423218.0,2024-03-03T08:41:21Z,,14824,Sitta europaea,species,Animalia,Chordata,Aves,Passeriformes,Sittidae,Sitta,http://creativecommons.org/licenses/by-nc/4.0/,Екатерина Евлаш,the_orange,,,,,,,
201101871,https://www.inaturalist.org/observations/201101871,HumanObservation,2024-03-03T08:59:29Z,iNaturalist,Observations,iNaturalist research-grade observations,,201101871,https://www.inaturalist.org/observations/201101871,,ausemade,,ausemade,,wild,2023-04-06T09:49:00+10:00,09:49:00+10:00,2023/04/06 9:49 AM,"Gold Coast QLD, Australia",-28.016667,153.4,37427.0,EPSG:4326,AU,Queensland,456423224.0,2024-03-03T08:41:24Z,,506179,Poecilometis histricus,species,Animalia,Arthropoda,Insecta,Hemiptera,Pentatomidae,Poecilometis,http://creativecommons.org/licenses/by-nc/4.0/,ausemade,ausemade,AU,,,,,,
201101872,https://www.inaturalist.org/observations/201101872,HumanObservation,2024-03-03T09:32:15Z,iNaturalist,Observations,iNaturalist research-grade observations,,201101872,https://www.inaturalist.org/observations/201101872,,Phill Robinson,,Phill Robinson,,wild,2024-03-02T08:33:39+00:00,08:33:39+00:00,2024-03-02 08:33:39,"Hessle, UK",53.7342277285,-0.4231238365,11.0,EPSG:4326,GB,England,456423226.0,2024-03-03T08:41:25Z,,144849,Cyanistes caeruleus,species,Animalia,Chordata,Aves,Passeriformes,Paridae,Cyanistes,http://creativecommons.org/licenses/by/4.0/,Phill Robinson,phill-robinson,GB,,,,,,
201101874,https://www.inaturalist.org/observations/201101874,HumanObservation,2024-03-04T05:05:40Z,iNaturalist,Observations,iNaturalist research-grade observations,,201101874,https://www.inaturalist.org/observations/201101874,,Jolanda Keeble,,Florence,,wild,2024-02-29T11:16:00+13:00,11:16:00+13:00,2024/02/29 11:16 AM,"Kapiti Coast District, Wellington, New Zealand",-40.8315259118,174.9438287314,61.0,EPSG:4326,NZ,Wellington,456565894.0,2024-03-03T19:13:19Z,,146313,Oligosoma aeneum,species,Animalia,Chordata,Reptilia,Squamata,Scincidae,Oligosoma,http://creativecommons.org/licenses/by-nc/4.0/,Jolanda Keeble,jolanalan,AU,,,,,alive,"{""evidenceOfPresence"":""organism""}"
201101877,https://www.inaturalist.org/observations/201101877,HumanObservation,2024-03-03T10:32:45Z,iNaturalist,Observations,iNaturalist research-grade observations,,201101877,https://www.inaturalist.org/observations/201101877,,lorenacr,,lorenacr,,wild,2024-03-03T09:23:42+01:00,09:23:42+01:00,2024-03-03 09:23:42,"[LLORIÁN] Collado - Cruce Riñora [CTA 02195], 33518 Siero, Asturias, España",43.3931714166,-5.5905745178,186.0,EPSG:4326,ES,Principado de Asturias,456423234.0,2024-03-03T08:41:29Z,,56136,Primula vulgaris,species,Plantae,Tracheophyta,Magnoliopsida,Ericales,Primulaceae,Primula,http://creativecommons.org/licenses/by-nc/4.0/,lorenacr,lorenacr,,,,,,,
201101881,https://www.inaturalist.org/observations/201101881,HumanObservation,2025-01-03T23:04:08Z,iNaturalist,Observations,iNaturalist research-grade observations,,201101881,https://www.inaturalist.org/observations/201101881,,Reiner Richter,,Reiner Richter,,wild,2024-02-29T18:52:00+11:00,18:52:00+11:00,2024/02/29 6:52 PM,"Licola VIC 3858, Australia",-37.53427,146.6097122222,,EPSG:4326,AU,Victoria,456423250.0,2024-03-03T08:41:37Z,,52720,Dactylis glomerata,species,Plantae,Tracheophyta,Liliopsida,Poales,Poaceae,Dactylis,http://creativecommons.org/licenses/by/4.0/,Reiner Richter,reiner,AU,,,,flowers,,"{""leaves"":""green leaves""}"
201101882,https://www.inaturalist.org/observations/201101882,HumanObservation,2024-03-03T09:10:49Z,iNaturalist,Observations,iNaturalist research-grade observations,,201101882,https://www.inaturalist.org/observations/201101882,,Reiner Richter,,Reiner Richter,,wild,2024-02-29T18:55:00+11:00,18:55:00+11:00,2024/02/29 6:55 PM,"Licola VIC 3858, Australia",-37.5345180556,146.6095716667,,EPSG:4326,AU,Victoria,456423251.0,2024-03-03T08:41:37Z,,244344,Scopula rubraria,species,Animalia,Arthropoda,Insecta,Lepidoptera,Geometridae,Scopula,http://creativecommons.org/licenses/by/4.0/,Reiner Richter,reiner,AU,,,,,,
201101883,https://www.inaturalist.org/observations/201101883,HumanObservation,2024-03-05T08:55:59Z,iNaturalist,Observations,iNaturalist research-grade observations,,201101883,https://www.inaturalist.org/observations/201101883,,Reiner Richter,,Matthew Connors,https://orcid.org/0000-0001-7799-761X,wild,2024-02-29T18:57:00+11:00,18:57:00+11:00,2024/02/29 6:57 PM,"Crookayan VIC 3858, Australia",-37.5345080556,146.6093430556,,EPSG:4326,AU,Victoria,456640936.0,2024-03-03T23:51:39Z,,526986,Conocephalomima barameda,species,Animalia,Arthropoda,Insecta,Orthoptera,Tettigoniidae,Conocephalomima,http://creativecommons.org/licenses/by/4.0/,Reiner Richter,reiner,AU,,female,adult,,alive,"{""evidenceOfPresence"":""organism""}"
201101889,https://www.inaturalist.org/observations/201101889,HumanObservation,2024-03-20T02:43:35Z,iNaturalist,Observations,iNaturalist research-grade observations,,201101889,https://www.inaturalist.org/observations/201101889,,nickbrincat,,nickbrincat,,wild,2024-03-03T09:03:51+11:00,09:03:51+11:00,2024-03-03 09:03:51,"Murchison North VIC 3610, Australia",-36.5886546043,145.2519939467,263.0,EPSG:4326,AU,Victoria,456423274.0,2024-03-03T08:41:48Z,,85287,Maccullochella macquariensis,species,Animalia,Chordata,Actinopterygii,Centrarchiformes,Percichthyidae,Maccullochella,http://creativecommons.org/licenses/by-nc/4.0/,nickbrincat,nickbrincat,,,,,,,
201101894,https://www.inaturalist.org/observations/201101894,HumanObservation,2024-03-05T05:22:12Z,iNaturalist,Observations,iNaturalist research-grade observations,,201101894,https://www.inaturalist.org/observations/201101894,Rocky Mountain Arsenal National Wildlife Refuge - Denver,davidbeo,,Hayden Lewis,,wild,2015-07-18T18:33:00-06:00,18:33:00-06:00,2015/07/18 18:33,"Adams County, Colorado, USA",39.836147109,-104.8391687942,3830.0,EPSG:4326,US,Colorado,456539164.0,2024-03-03T17:45:08Z,,64989,Anaxyrus woodhousii,species,Animalia,Chordata,Amphibia,Anura,Bufonidae,Anaxyrus,http://creativecommons.org/licenses/by-nc/4.0/,davidbeo,davidbeo,,,,,,,
201101895,https://www.inaturalist.org/observations/201101895,HumanObservation,2024-03-03T09:32:06Z,iNaturalist,Observations,iNaturalist research-grade observations,,201101895,https://www.inaturalist.org/observations/201101895,,Fotis Tsak,,Fotis Tsak,,wild,2024-03-03T07:17:02+02:00,07:17:02+02:00,2024-03-03 07:17:02+02:00,"Poseidonos Ave, Palaio Faliro, Attica, GR",37.9178330507,23.7012167747,128.0,EPSG:4326,GR,Attica,456423281.0,2024-03-03T08:41:50Z,,4981,Nycticorax nycticorax,species,Animalia,Chordata,Aves,Pelecaniformes,Ardeidae,Nycticorax,http://creativecommons.org/licenses/by-nc/4.0/,Fotis Tsak,foglis24,GR,,,,,,
67034028,https://www.inaturalist.org/observations/67034028,HumanObservation,2023-09-12T06:34:08Z,iNaturalist,Observations,iNaturalist research-grade observations,,67034028,https://www.inaturalist.org/observations/67034028,,lourens-swanepoel,,Alex Rebelo,,wild,2020-12-25T07:51:39+02:00,07:51:39+02:00,Fri Dec 25 2020 07:51:39 GMT+0200 (GMT+2),"Koro Creek Golf Estate, Modimolle, LP, ZA",-24.69593,28.3922366667,,EPSG:4326,ZA,Limpopo,147795306.0,2020-12-27T04:22:17Z,,21861,Schismaderma carens,species,Animalia,Chordata,Amphibia,Anura,Bufonidae,Schismaderma,http://creativecommons.org/licenses/by-nc/4.0/,lourens-swanepoel,lourens-swanepoel,,https://www.inaturalist.org/projects/afriherps,,juvenile,,,
67034030,https://www.inaturalist.org/observations/67034030,HumanObservation,2020-12-25T07:01:04Z,iNaturalist,Observations,iNaturalist research-grade observations,,67034030,https://www.inaturalist.org/observations/67034030,,James Maughn,,James Maughn,,wild,2020-12-24T15:06:00-08:00,15:06:00-08:00,2020/12/24 3:06 PM PST,"Santa Cruz County, CA, USA",37.0890567606,-122.276136997,29.0,EPSG:4326,US,California,147531398.0,2020-12-25T05:53:23Z,,460365,Tegula funebralis,species,Animalia,Mollusca,Gastropoda,Trochida,Tegulidae,Tegula,http://creativecommons.org/licenses/by-nc/4.0/,James Maughn,jmaughn,,,,,,,
67034031,https://www.inaturalist.org/observations/67034031,HumanObservation,2021-04-01T23:20:47Z,iNaturalist,Observations,iNaturalist research-grade observations,,67034031,https://www.inaturalist.org/observations/67034031,,William Harris,,William Harris,,wild,2017-12-04T12:58:00-06:00,12:58:00-06:00,2017/12/04 12:58 PM CST,"Oktibbeha County, MS, USA",33.4628671593,-88.7511050611,8.0,EPSG:4326,US,Mississippi,147531403.0,2020-12-25T05:53:31Z,,43794,Castor canadensis,species,Animalia,Chordata,Mammalia,Rodentia,Castoridae,Castor,http://creativecommons.org/licenses/by-nc/4.0/,William Harris,mrprehistory,,,,,,,
67034036,https://www.inaturalist.org/observations/67034036,HumanObservation,2020-12-25T09:09:08Z,iNaturalist,Observations,iNaturalist research-grade observations,Coordinate uncertainty increased to 29727m at the request of the observer,67034036,https://www.inaturalist.org/observations/67034036,,aeruginosa,,aeruginosa,,wild,2020-12-25T15:51:32+10:00,15:51:32+10:00,2020-12-25 3:51:32 PM GMT+10:00,"Queensland, AU",-27.4890641889,152.9958455623,29727.0,EPSG:4326,AU,Queensland,147531431.0,2020-12-25T05:53:56Z,,12659,Entomyzon cyanotis,species,Animalia,Chordata,Aves,Passeriformes,Meliphagidae,Entomyzon,http://creativecommons.org/licenses/by-nc/4.0/,aeruginosa,aeruginosa,AU,,,,,,
67034038,https://www.inaturalist.org/observations/67034038,HumanObservation,2023-10-15T15:26:39Z,iNaturalist,Observations,iNaturalist research-grade observations,,67034038,https://www.inaturalist.org/observations/67034038,,Zoltán Stekkelpak,,Sean,,wild,2020-12-24T16:03:40-08:00,16:03:40-08:00,2020-12-24 4:03:40 PM HST,"Kalaoa, HI 96740, USA",19.6775472222,-156.0282138889,,EPSG:4326,US,Hawaii,147606065.0,2020-12-25T22:27:14Z,,128719,Echinometra mathaei,species,Animalia,Echinodermata,Echinoidea,Camarodonta,Echinometridae,Echinometra,http://creativecommons.org/publicdomain/zero/1.0/,Zoltán Stekkelpak,stekkelpak,,,,,,,
67034039,https://www.inaturalist.org/observations/67034039,HumanObservation,2020-12-25T06:21:04Z,iNaturalist,Observations,iNaturalist research-grade observations,,67034039,https://www.inaturalist.org/observations/67034039,,Владимир,,Владимир,,wild,2020-12-23T15:01:00+06:00,15:01:00+06:00,2020/12/23 3:01 PM +0600,"Большеуковский р-н, Омская обл., Россия",57.2948029526,71.6392028729,122.0,EPSG:4326,RU,Omsk,147531445.0,2020-12-25T05:54:17Z,,58722,Pinus sylvestris,species,Plantae,Tracheophyta,Pinopsida,Pinales,Pinaceae,Pinus,http://creativecommons.org/licenses/by-nc/4.0/,Владимир,vladimir_teplouhov,,,,,,,
67034041,https://www.inaturalist.org/observations/67034041,HumanObservation,2020-12-27T13:03:48Z,iNaturalist,Observations,iNaturalist research-grade observations,,67034041,https://www.inaturalist.org/observations/67034041,,Ashley M Bradford,,Ashley M Bradford,,wild,2020-02-19T16:56:00-05:00,16:56:00-05:00,2020/02/19 4:56 PM EST,"Dorchester County, MD, USA",38.4420733333,-76.1305966667,,EPSG:4326,US,Maryland,147531457.0,2020-12-25T05:54:31Z,,558438,Spatula clypeata,species,Animalia,Chordata,Aves,Anseriformes,Anatidae,Spatula,http://creativecommons.org/licenses/by-nc/4.0/,Ashley M Bradford,ashley_bradford,,,,,,,
67034044,https://www.inaturalist.org/observations/67034044,HumanObservation,2023-07-08T00:34:48Z,iNaturalist,Observations,iNaturalist research-grade observations,,67034044,https://www.inaturalist.org/observations/67034044,,kianchai,,kianchai,,wild,2020-12-24T13:38:00Z,13:38:00Z,2020/12/24 1:38 PM UTC,"University District, Seattle, WA, USA",47.6554149326,-122.2908838515,244.0,EPSG:4326,US,Washington,147531467.0,2020-12-25T05:54:44Z,,5212,Buteo jamaicensis,species,Animalia,Chordata,Aves,Accipitriformes,Accipitridae,Buteo,http://creativecommons.org/licenses/by-nc/4.0/,kianchai,kianchai,,,,adult,,,
67034045,https://www.inaturalist.org/observations/67034045,HumanObservation,2023-07-08T00:34:52Z,iNaturalist,Observations,iNaturalist research-grade observations,,67034045,https://www.inaturalist.org/observations/67034045,,kianchai,,kianchai,,wild,2020-12-24T11:38:00Z,11:38:00Z,2020/12/24 11:38 AM UTC,"East Queen Anne, Seattle, WA, USA",47.6381929674,-122.3555875548,31.0,EPSG:4326,US,Washington,147531468.0,2020-12-25T05:54:44Z,,144594,Bubo scandiacus,species,Animalia,Chordata,Aves,Strigiformes,Strigidae,Bubo,http://creativecommons.org/licenses/by-nc/4.0/,kianchai,kianchai,,https://www.inaturalist.org/projects/owls-of-the-world,,,,,
67034047,https://www.inaturalist.org/observations/67034047,HumanObservation,2023-10-06T03:59:15Z,iNaturalist,Observations,iNaturalist research-grade observations,,67034047,https://www.inaturalist.org/observations/67034047,,Zoltán Stekkelpak,,Javier,,wild,2020-12-24T16:03:40-08:00,16:03:40-08:00,2020-12-24 4:03:40 PM HST,"Kalaoa, HI 96740, USA",19.6775472222,-156.0282138889,,EPSG:4326,US,Hawaii,194645313.0,2021-07-27T22:55:33Z,,319381,Hydatina physis,species,Animalia,Mollusca,Gastropoda,,Aplustridae,Hydatina,http://creativecommons.org/publicdomain/zero/1.0/,Zoltán Stekkelpak,stekkelpak,,,,,,,
67034049,https://www.inaturalist.org/observations/67034049,HumanObservation,2020-12-26T05:07:08Z,iNaturalist,Observations,iNaturalist research-grade observations,,67034049,https://www.inaturalist.org/observations/67034049,,Emma,,Emma,,wild,2020-12-25T16:13:00+11:00,16:13:00+11:00,2020/12/25 4:13 PM AEDT,"14 Golden Orchid Dr, Airlie Beach QLD 4802, Australia",-20.2713492,148.7204873,106.0,EPSG:4326,AU,Queensland,147531510.0,2020-12-25T05:55:18Z,,12345,Philemon buceroides,species,Animalia,Chordata,Aves,Passeriformes,Meliphagidae,Philemon,http://creativecommons.org/licenses/by-nc/4.0/,Emma,eorwin,AU,,,,,,
67034050,https://www.inaturalist.org/observations/67034050,HumanObservation,2020-12-30T06:01:23Z,iNaturalist,Observations,iNaturalist research-grade observations,,67034050,https://www.inaturalist.org/observations/67034050,,Владимир,,Владимир,,wild,2020-12-23T15:02:00+06:00,15:02:00+06:00,2020/12/23 3:02 PM +0600,"Большеуковский р-н, Омская обл., Россия",57.2948358952,71.6414419869,122.0,EPSG:4326,RU,Omsk,147531511.0,2020-12-25T05:55:19Z,,516757,Rhododendron tomentosum,species,Plantae,Tracheophyta,Magnoliopsida,Ericales,Ericaceae,Rhododendron,http://creativecommons.org/licenses/by-nc/4.0/,Владимир,vladimir_teplouhov,,,,,,,
67034051,https://www.inaturalist.org/observations/67034051,HumanObservation,2024-12-31T05:05:28Z,iNaturalist,Observations,iNaturalist research-grade observations,,67034051,https://www.inaturalist.org/observations/67034051,,Garth Aiston,,Garth Aiston,,wild,2020-12-19,,2020-12-19,"Maxmead, Pinetown, 3610, South Africa",-29.802274103,30.8460879698,62.0,EPSG:4326,ZA,KwaZulu-Natal,147531515.0,2020-12-25T05:55:24Z,,578692,Eulophia ensata,species,Plantae,Tracheophyta,Liliopsida,Asparagales,Orchidaceae,Eulophia,http://creativecommons.org/publicdomain/zero/1.0/,Garth Aiston,surfinbird,,https://www.inaturalist.org/projects/flora-of-africa,,,,,
67034061,https://www.inaturalist.org/observations/67034061,HumanObservation,2024-06-08T00:43:37Z,iNaturalist,Observations,iNaturalist research-grade observations,Coordinate uncertainty increased to 28240m at the request of the observer,67034061,https://www.inaturalist.org/observations/67034061,,onyxrat,,stomlins701,,wild,2011-05-30T12:20:00-07:00,12:20:00-07:00,2011/05/30 12:20 PM PDT,"Amador County, US-CA, US",38.4398360961,-120.6364100129,28240.0,EPSG:4326,US,California,147538718.0,2020-12-25T07:47:08Z,,67560,Adelpha californica,species,Animalia,Arthropoda,Insecta,Lepidoptera,Nymphalidae,Adelpha,http://creativecommons.org/licenses/by-nc/4.0/,onyxrat,onyxrat,,,,adult,,,
67034062,https://www.inaturalist.org/observations/67034062,HumanObservation,2021-01-05T06:50:08Z,iNaturalist,Observations,iNaturalist research-grade observations,Coordinate uncertainty increased to 28240m at the request of the observer,67034062,https://www.inaturalist.org/observations/67034062,,onyxrat,,Erik Lucas,,wild,2011-05-28T15:38:00-07:00,15:38:00-07:00,2011/05/28 3:38 PM PDT,"Amador County, US-CA, US",38.4195094255,-120.6622082022,28240.0,EPSG:4326,US,California,148974878.0,2021-01-03T21:44:33Z,,64441,Calochortus monophyllus,species,Plantae,Tracheophyta,Liliopsida,Liliales,Liliaceae,Calochortus,http://creativecommons.org/licenses/by-nc/4.0/,onyxrat,onyxrat,,https://www.inaturalist.org/projects/california-endemic-species,,,flowers,,
67034063,https://www.inaturalist.org/observations/67034063,HumanObservation,2020-12-29T01:09:38Z,iNaturalist,Observations,iNaturalist research-grade observations,Coordinate uncertainty increased to 28240m at the request of the observer,67034063,https://www.inaturalist.org/observations/67034063,,onyxrat,,alexb0000,,wild,2011-05-28T13:19:00-07:00,13:19:00-07:00,2011/05/28 1:19 PM PDT,"Amador County, US-CA, US",38.5904169254,-120.6605740989,28240.0,EPSG:4326,US,California,148068455.0,2020-12-28T23:29:27Z,,36204,Sceloporus occidentalis,species,Animalia,Chordata,Reptilia,Squamata,Phrynosomatidae,Sceloporus,http://creativecommons.org/licenses/by-nc/4.0/,onyxrat,onyxrat,,,,,,,
67034064,https://www.inaturalist.org/observations/67034064,HumanObservation,2020-12-25T17:12:57Z,iNaturalist,Observations,iNaturalist research-grade observations,,67034064,https://www.inaturalist.org/observations/67034064,,William Harris,,William Harris,,wild,2020-09-05T12:11:00-05:00,12:11:00-05:00,2020/09/05 12:11 PM CDT,"Hancock, Mississippi, United States",30.2866847778,-89.6040917222,,EPSG:4326,US,Mississippi,147531537.0,2020-12-25T05:55:34Z,,81804,Sabal minor,species,Plantae,Tracheophyta,Liliopsida,Arecales,Arecaceae,Sabal,http://creativecommons.org/licenses/by-nc/4.0/,William Harris,mrprehistory,,,,,,,
67034065,https://www.inaturalist.org/observations/67034065,HumanObservation,2023-10-06T03:59:15Z,iNaturalist,Observations,iNaturalist research-grade observations,,67034065,https://www.inaturalist.org/observations/67034065,,Zoltán Stekkelpak,,Leo Chang,,wild,2020-12-24T16:03:40-08:00,16:03:40-08:00,2020-12-24 4:03:40 PM HST,"Kalaoa, HI 96740, USA",19.6775472222,-156.0282138889,,EPSG:4326,US,Hawaii,153733864.0,2021-02-07T02:21:17Z,,354882,Calcinus laevimanus,species,Animalia,Arthropoda,Malacostraca,Decapoda,Diogenidae,Calcinus,http://creativecommons.org/publicdomain/zero/1.0/,Zoltán Stekkelpak,stekkelpak,,,,,,,
67034070,https://www.inaturalist.org/observations/67034070,HumanObservation,2024-07-30T01:07:34Z,iNaturalist,Observations,iNaturalist research-grade observations,Coordinate uncertainty increased to 29727m at the request of the observer,67034070,https://www.inaturalist.org/observations/67034070,,aeruginosa,,rogermcneill,,wild,2020-12-25T15:54:56+10:00,15:54:56+10:00,2020-12-25 3:54:56 PM GMT+10:00,"Queensland, AU",-27.5453271567,152.973565204,29727.0,EPSG:4326,AU,Queensland,147819585.0,2020-12-27T09:36:52Z,,73407,Sphecotheres vieilloti,species,Animalia,Chordata,Aves,Passeriformes,Oriolidae,Sphecotheres,http://creativecommons.org/licenses/by-nc/4.0/,aeruginosa,aeruginosa,AU,https://www.inaturalist.org/projects/audio-observations-from-around-the-world,,,,alive,"{""evidenceOfPresence"":""organism""}"
67034090,https://www.inaturalist.org/observations/67034090,HumanObservation,2020-12-25T06:21:03Z,iNaturalist,Observations,iNaturalist research-grade observations,,67034090,https://www.inaturalist.org/observations/67034090,,Владимир,,Владимир,,wild,2020-12-23T15:03:00+06:00,15:03:00+06:00,2020/12/23 3:03 PM +0600,"Большеуковский р-н, Омская обл., Россия",57.2953595881,71.6374794518,122.0,EPSG:4326,RU,Omsk,147531607.0,2020-12-25T05:56:54Z,,135653,Pinus sibirica,species,Plantae,Tracheophyta,Pinopsida,Pinales,Pinaceae,Pinus,http://creativecommons.org/licenses/by-nc/4.0/,Владимир,vladimir_teplouhov,,,,,,,
67034093,https://www.inaturalist.org/observations/67034093,HumanObservation,2020-12-27T18:11:48Z,iNaturalist,Observations,iNaturalist research-grade observations,,67034093,https://www.inaturalist.org/observations/67034093,male (early in the season for a northward migrant),Todd Stout,,Todd Stout,,wild,1988-04-29,,1988-4-29,"Settlement Canyon, Tooele Co., UT",40.501467,-112.288203,,EPSG:4326,US,Utah,147531619.0,2020-12-25T05:57:13Z,,437563,Nathalis iole iole,subspecies,Animalia,Arthropoda,Insecta,Lepidoptera,Pieridae,Nathalis,http://creativecommons.org/licenses/by-nc/4.0/,Todd Stout,todd3331,,https://www.inaturalist.org/projects/utah-butterflies,male,adult,,alive,
67034094,https://www.inaturalist.org/observations/67034094,HumanObservation,2023-09-13T09:17:24Z,iNaturalist,Observations,iNaturalist research-grade observations,,67034094,https://www.inaturalist.org/observations/67034094,In blooming loquat tree,Diane Collier,,Diane Collier,,wild,2020-12-08T11:37:34-06:00,11:37:34-06:00,Tue Dec 08 2020 11:37:34 GMT-0600 (CST),"Galindo Elementary School, Austin, TX, US",30.23002,-97.7715383333,4.0,EPSG:4326,US,Texas,147531631.0,2020-12-25T05:57:23Z,,48662,Danaus plexippus,species,Animalia,Arthropoda,Insecta,Lepidoptera,Nymphalidae,Danaus,http://creativecommons.org/licenses/by-nc/4.0/,Diane Collier,collieroutside,,https://www.inaturalist.org/projects/monarch-and-milkweed-monitor,,adult,,,
67034095,https://www.inaturalist.org/observations/67034095,HumanObservation,2020-12-25T20:04:12Z,iNaturalist,Observations,iNaturalist research-grade observations,,67034095,https://www.inaturalist.org/observations/67034095,,Diane Collier,,Diane Collier,,wild,2020-12-24T15:14:17-06:00,15:14:17-06:00,Thu Dec 24 2020 15:14:17 GMT-0600 (CST),"Barton Hills, Austin, TX, US",30.2432583333,-97.789475,4.0,EPSG:4326,US,Texas,147531639.0,2020-12-25T05:57:32Z,,127010,Nandina domestica,species,Plantae,Tracheophyta,Magnoliopsida,Ranunculales,Berberidaceae,Nandina,http://creativecommons.org/licenses/by-nc/4.0/,Diane Collier,collieroutside,,https://www.inaturalist.org/projects/plants-of-texas,,,,,
67034096,https://www.inaturalist.org/observations/67034096,HumanObservation,2021-01-05T03:57:54Z,iNaturalist,Observations,iNaturalist research-grade observations,,67034096,https://www.inaturalist.org/observations/67034096,,dspittlehouse,,Janet De Gouw,,wild,2020-12-14T10:46:00-08:00,10:46:00-08:00,2020/12/14 10:46 AM PST,"View Royal, BC, Canada",48.4716070408,-123.4604672086,122.0,EPSG:4326,CA,British Columbia,148950888.0,2021-01-03T18:49:41Z,,54893,Laccaria amethysteo-occidentalis,species,Fungi,Basidiomycota,Agaricomycetes,Agaricales,Hydnangiaceae,Laccaria,http://creativecommons.org/licenses/by-nc/4.0/,dspittlehouse,dspittlehouse,,,,,,,
67034097,https://www.inaturalist.org/observations/67034097,HumanObservation,2020-12-25T06:28:55Z,iNaturalist,Observations,iNaturalist research-grade observations,,67034097,https://www.inaturalist.org/observations/67034097,,Emma,,Emma,,wild,2020-12-25T16:14:00+11:00,16:14:00+11:00,2020/12/25 4:14 PM AEDT,"14 Golden Orchid Dr, Airlie Beach QLD 4802, Australia",-20.2713492,148.7204873,89.0,EPSG:4326,AU,Queensland,147531644.0,2020-12-25T05:57:40Z,,980095,Trichoglossus moluccanus,species,Animalia,Chordata,Aves,Psittaciformes,Psittaculidae,Trichoglossus,http://creativecommons.org/licenses/by-nc/4.0/,Emma,eorwin,AU,,,,,,
201101896,https://www.inaturalist.org/observations/201101896,HumanObservation,2024-03-03T08:59:41Z,iNaturalist,Observations,iNaturalist research-grade observations,,201101896,https://www.inaturalist.org/observations/201101896,,ndavda,,ndavda,,wild,2024-03-02T12:35:25+01:00,12:35:25+01:00,2024-03-02 12:35:25+01:00,"Jardí Botànic de Sóller, Sóller, Balearic Isles, ES",39.7642283333,2.7095383333,4.0,EPSG:4326,ES,Islas Baleares,456423284.0,2024-03-03T08:41:50Z,,52592,Pararge aegeria,species,Animalia,Arthropoda,Insecta,Lepidoptera,Nymphalidae,Pararge,http://creativecommons.org/licenses/by-nc/4.0/,ndavda,ndavda,,https://www.inaturalist.org/projects/io-database,,,,,
201101897,https://www.inaturalist.org/observations/201101897,HumanObservation,2024-03-04T13:39:57Z,iNaturalist,Observations,iNaturalist research-grade observations,,201101897,https://www.inaturalist.org/observations/201101897,Rocky Mountain Arsenal National Wildlife Refuge - Denver,davidbeo,,davidbeo,,wild,2015-07-18T20:51:00-06:00,20:51:00-06:00,2015/07/18 20:51,"Adams County, Colorado, USA",39.8356004573,-104.8398554554,488.0,EPSG:4326,US,Colorado,456423285.0,2024-03-03T08:41:50Z,,71154,Aphis nerii,species,Animalia,Arthropoda,Insecta,Hemiptera,Aphididae,Aphis,http://creativecommons.org/licenses/by-nc/4.0/,davidbeo,davidbeo,,,,,,,
201101907,https://www.inaturalist.org/observations/201101907,HumanObservation,2024-03-03T13:09:38Z,iNaturalist,Observations,iNaturalist research-grade observations,,201101907,https://www.inaturalist.org/observations/201101907,Rocky Mountain Arsenal National Wildlife Refuge - Denver,davidbeo,,Валерий Николаевич Юдин Valerii Yudin,,wild,2015-07-18T18:25:00-06:00,18:25:00-06:00,2015/07/18 18:25,"Adams County, Colorado, USA",39.8362589397,-104.8441575827,4125.0,EPSG:4326,US,Colorado,456432859.0,2024-03-03T09:46:47Z,,47934,Libellula luctuosa,species,Animalia,Arthropoda,Insecta,Odonata,Libellulidae,Libellula,http://creativecommons.org/licenses/by-nc/4.0/,davidbeo,davidbeo,,,,,,,
201101913,https://www.inaturalist.org/observations/201101913,HumanObservation,2024-03-03T20:58:20Z,iNaturalist,Observations,iNaturalist research-grade observations,,201101913,https://www.inaturalist.org/observations/201101913,Rocky Mountain Arsenal National Wildlife Refuge - Denver,davidbeo,,richyfourtytwo,,wild,2015-07-18T16:32:00-06:00,16:32:00-06:00,2015/07/18 16:32,"Adams County, Colorado, USA",39.8372792134,-104.8414103192,4125.0,EPSG:4326,US,Colorado,456424930.0,2024-03-03T08:54:19Z,,209338,Tetraopes femoratus,species,Animalia,Arthropoda,Insecta,Coleoptera,Cerambycidae,Tetraopes,http://creativecommons.org/licenses/by-nc/4.0/,davidbeo,davidbeo,,,,,,alive,
201101933,https://www.inaturalist.org/observations/201101933,HumanObservation,2024-11-01T18:02:57Z,iNaturalist,Observations,iNaturalist research-grade observations,,201101933,https://www.inaturalist.org/observations/201101933,"See notes on card. KMTR, Location and Date approximate. Collected by Divya Mudappa.",T R Shankar Raman,https://orcid.org/0000-0002-1347-3953,T R Shankar Raman,https://orcid.org/0000-0002-1347-3953,wild,1997-01-15,,1997-01-15,"Singampatti Zamindar Forest, Tamil Nadu, India",8.5482265408,77.4039273709,244.0,EPSG:4326,IN,Tamil Nadu,456423343.0,2024-03-03T08:42:03Z,,556222,Acronychia pedunculata,species,Plantae,Tracheophyta,Magnoliopsida,Sapindales,Rutaceae,Acronychia,http://creativecommons.org/publicdomain/zero/1.0/,T R Shankar Raman,trsraman,,,,,,,
201101934,https://www.inaturalist.org/observations/201101934,HumanObservation,2024-03-03T10:55:07Z,iNaturalist,Observations,iNaturalist research-grade observations,,201101934,https://www.inaturalist.org/observations/201101934,,Annie Wang,,Annie Wang,,wild,2024-03-03T09:51:08+08:00,09:51:08+08:00,2024-03-03 09:51:08+08:00,"臺灣島, 內湖區, TPE, TW",25.1040333333,121.5800383333,4.0,EPSG:4326,TW,Taipei,456423350.0,2024-03-03T08:42:05Z,,574576,Machilus zuihoensis,species,Plantae,Tracheophyta,Magnoliopsida,Laurales,Lauraceae,Machilus,http://creativecommons.org/licenses/by-nc/4.0/,Annie Wang,anniewang303,TW,,,,,,
201101935,https://www.inaturalist.org/observations/201101935,HumanObservation,2025-02-12T20:26:21Z,iNaturalist,Observations,iNaturalist research-grade observations,,201101935,https://www.inaturalist.org/observations/201101935,,Dustin Snider,,Dustin Snider,,wild,2023-08-04T13:35:59-07:00,13:35:59-07:00,2023-08-04 14:35:59-06:00,"Central Kootenay, BC, CA",49.3984738116,-117.2049575795,57.0,EPSG:4326,CA,British Columbia,456423351.0,2024-03-03T08:42:06Z,,60522,Aconitum columbianum,species,Plantae,Tracheophyta,Magnoliopsida,Ranunculales,Ranunculaceae,Aconitum,http://creativecommons.org/licenses/by-nc/4.0/,Dustin Snider,dustin777,CA,,,,,,
201101945,https://www.inaturalist.org/observations/201101945,HumanObservation,2024-03-13T03:02:44Z,iNaturalist,Observations,iNaturalist research-grade observations,,201101945,https://www.inaturalist.org/observations/201101945,,Drew Meyer,,Drew Meyer,,wild,2024-02-25T12:33:23-08:00,12:33:23-08:00,2024-02-25 12:33:23,"Goldendale, WA 98620, USA",45.9279319722,-121.112025,,EPSG:4326,US,Washington,456423382.0,2024-03-03T08:42:20Z,,63890,Quercus garryana garryana,variety,Plantae,Tracheophyta,Magnoliopsida,Fagales,Fagaceae,Quercus,http://creativecommons.org/publicdomain/zero/1.0/,Drew Meyer,drew_meyer,,https://www.inaturalist.org/projects/quercus-garryana-range-project,,,,,
201101947,https://www.inaturalist.org/observations/201101947,HumanObservation,2024-03-22T10:19:18Z,iNaturalist,Observations,iNaturalist research-grade observations,,201101947,https://www.inaturalist.org/observations/201101947,female,davidsando,,davidsando,,wild,2024-03-03T13:46:00+10:30,13:46:00+10:30,2024/03/03 1:46 PM,"Keith SA 5267, Australia",-36.1377733297,140.3990715202,8.0,EPSG:4326,AU,South Australia,456423385.0,2024-03-03T08:42:21Z,,904337,Trichonephila edulis,species,Animalia,Arthropoda,Arachnida,Araneae,Nephilidae,Trichonephila,http://creativecommons.org/licenses/by-nc/4.0/,davidsando,davidsando,AU,,,,,,
201101950,https://www.inaturalist.org/observations/201101950,HumanObservation,2025-03-21T15:14:55Z,iNaturalist,Observations,iNaturalist research-grade observations,Coordinate uncertainty increased to 30490m to protect threatened taxon,201101950,https://www.inaturalist.org/observations/201101950,,taipingling,,🪶🐾🍀Nandan Sreejith🦌🍄🌍,,wild,2024-01-19T08:21:00+05:30,08:21:00+05:30,2024/01/19 8:21 AM,"Chandrapur, IN-MH, IN",20.3606886813,79.269600205,30490.0,EPSG:4326,IN,Maharashtra,456439538.0,2024-03-03T10:29:59Z,,130793,Panthera tigris tigris,subspecies,Animalia,Chordata,Mammalia,Carnivora,Felidae,Panthera,http://creativecommons.org/licenses/by-nc/4.0/,taipingling,taipingling,,,,,,,
201101951,https://www.inaturalist.org/observations/201101951,HumanObservation,2024-03-12T13:20:24Z,iNaturalist,Observations,iNaturalist research-grade observations,,201101951,https://www.inaturalist.org/observations/201101951,,Francisilmuloparlante,,Jörg und Ines,,wild,2024-03-03T09:41:08+01:00,09:41:08+01:00,2024-03-03 09:41:08,"84051 Palinuro, SA, Italy",40.0359528566,15.2866632119,4.0,EPSG:4326,IT,Campania,456427516.0,2024-03-03T09:14:02Z,,322983,Idaea seriata,species,Animalia,Arthropoda,Insecta,Lepidoptera,Geometridae,Idaea,http://creativecommons.org/licenses/by-nc/4.0/,Francisilmuloparlante,luciogiuniobruto,,,,,,,
201101953,https://www.inaturalist.org/observations/201101953,HumanObservation,2025-02-12T22:26:57Z,iNaturalist,Observations,iNaturalist research-grade observations,Coordinate uncertainty increased to 26293m at the request of the observer,201101953,https://www.inaturalist.org/observations/201101953,,Justin Flint,,Justin Flint,,wild,2023-06-17T10:19:55-07:00,10:19:55-07:00,2023-06-17 10:19:55-07:00,"Thompson-Nicola, CA-BC, CA",50.9811701613,-120.2909508435,26293.0,EPSG:4326,CA,British Columbia,456423414.0,2024-03-03T08:42:33Z,,58484,Thymelicus lineola,species,Animalia,Arthropoda,Insecta,Lepidoptera,Hesperiidae,Thymelicus,http://creativecommons.org/licenses/by-nc/4.0/,Justin Flint,bluejaybluejay,CA,,,adult,,,
201101954,https://www.inaturalist.org/observations/201101954,HumanObservation,2024-04-14T15:40:30Z,iNaturalist,Observations,iNaturalist research-grade observations,,201101954,https://www.inaturalist.org/observations/201101954,Avocetta - Pied Avocet,Nicola,,Nicola,,wild,2024-02-05T07:20:00+03:00,07:20:00+03:00,2024/02/05 07:20,"Ngorongoro, Tanzania",-2.9928865472,34.9836011283,8.0,EPSG:4326,TZ,Arusha,456423415.0,2024-03-03T08:42:34Z,,4883,Recurvirostra avosetta,species,Animalia,Chordata,Aves,Charadriiformes,Recurvirostridae,Recurvirostra,http://creativecommons.org/licenses/by-nc/4.0/,Nicola,nikx63,,,,,,alive,"{""evidenceOfPresence"":""organism""}"
67034100,https://www.inaturalist.org/observations/67034100,HumanObservation,2023-03-17T14:27:31Z,iNaturalist,Observations,iNaturalist research-grade observations,,67034100,https://www.inaturalist.org/observations/67034100,,Willem Van Zyl,,Lorenzo Prendini,,wild,2019-07-27T13:37:41+02:00,13:37:41+02:00,2019-07-27 3:37:41 PM GMT+02:00,"Witzenberg Local Municipality, South Africa",-33.2325600687,19.1426370665,5.0,EPSG:4326,ZA,Western Cape,230110401.0,2022-01-06T21:59:23Z,,679944,Opistophthalmus fuscipes,species,Animalia,Arthropoda,Arachnida,Scorpiones,Scorpionidae,Opistophthalmus,http://creativecommons.org/licenses/by-nc/4.0/,Willem Van Zyl,willemvzyl,,https://www.inaturalist.org/projects/scorpions-of-the-world,,,,,
67034103,https://www.inaturalist.org/observations/67034103,HumanObservation,2022-12-22T18:11:06Z,iNaturalist,Observations,iNaturalist research-grade observations,,67034103,https://www.inaturalist.org/observations/67034103,,Paulo Acevedo,https://orcid.org/0000-0001-5059-4896,Erlon Bailey,,wild,2020-08-30T12:25:18-06:00,12:25:18-06:00,2020-08-30 12:25:18 PM CST,"San José Province, Copey District, Costa Rica",9.6510524747,-83.9385299681,,EPSG:4326,CR,San José,162396526.0,2021-03-30T23:27:52Z,,793359,Amanita brunneolocularis,species,Fungi,Basidiomycota,Agaricomycetes,Agaricales,Amanitaceae,Amanita,http://creativecommons.org/licenses/by-nc/4.0/,Paulo Acevedo,satanfungi,CR,,,,,,
67034109,https://www.inaturalist.org/observations/67034109,HumanObservation,2022-04-14T18:53:09Z,iNaturalist,Observations,iNaturalist research-grade observations,,67034109,https://www.inaturalist.org/observations/67034109,,Станислав,https://orcid.org/0000-0002-9704-9403,Станислав,https://orcid.org/0000-0002-9704-9403,wild,2014-03-22T11:53:00+03:00,11:53:00+03:00,2014/03/22 11:53 AM +0300,Меловые карьеры,53.7192728415,23.7809078108,4.0,EPSG:4326,BY,Hrodna,147531700.0,2020-12-25T05:58:51Z,,69613,Luzula pilosa,species,Plantae,Tracheophyta,Liliopsida,Poales,Juncaceae,Luzula,http://creativecommons.org/licenses/by-nc/4.0/,Станислав,leschij,,,,,,,
67034110,https://www.inaturalist.org/observations/67034110,HumanObservation,2022-04-14T18:53:09Z,iNaturalist,Observations,iNaturalist research-grade observations,,67034110,https://www.inaturalist.org/observations/67034110,,Станислав,https://orcid.org/0000-0002-9704-9403,Станислав,https://orcid.org/0000-0002-9704-9403,wild,2014-03-22T11:56:00+03:00,11:56:00+03:00,2014/03/22 11:56 AM +0300,"Гродно, Беларусь",53.7200177685,23.7769945495,2.0,EPSG:4326,BY,Hrodna,147531701.0,2020-12-25T05:58:51Z,,371920,Arabidopsis arenosa,species,Plantae,Tracheophyta,Magnoliopsida,Brassicales,Brassicaceae,Arabidopsis,http://creativecommons.org/licenses/by-nc/4.0/,Станислав,leschij,,,,,,,
67034111,https://www.inaturalist.org/observations/67034111,HumanObservation,2023-03-28T15:49:56Z,iNaturalist,Observations,iNaturalist research-grade observations,,67034111,https://www.inaturalist.org/observations/67034111,,Станислав,https://orcid.org/0000-0002-9704-9403,Станислав,https://orcid.org/0000-0002-9704-9403,wild,2014-03-22T12:16:00+03:00,12:16:00+03:00,2014/03/22 12:16 PM +0300,"Гродно, Беларусь",53.7195780699,23.7757959897,4.0,EPSG:4326,BY,Hrodna,147531702.0,2020-12-25T05:58:51Z,,544666,Potentilla incana,species,Plantae,Tracheophyta,Magnoliopsida,Rosales,Rosaceae,Potentilla,http://creativecommons.org/licenses/by-nc/4.0/,Станислав,leschij,,,,,,,
67034112,https://www.inaturalist.org/observations/67034112,HumanObservation,2022-12-27T16:54:02Z,iNaturalist,Observations,iNaturalist research-grade observations,,67034112,https://www.inaturalist.org/observations/67034112,,Станислав,https://orcid.org/0000-0002-9704-9403,Karina Zhuzenova,https://orcid.org/0009-0005-1248-7180,wild,2014-03-22T12:46:00+03:00,12:46:00+03:00,2014/03/22 12:46 PM +0300,"Гродно, Беларусь",53.7190749358,23.7749267191,4.0,EPSG:4326,BY,Hrodna,322879511.0,2022-12-26T19:52:00Z,,67842,Radula complanata,species,Plantae,Marchantiophyta,Jungermanniopsida,Porellales,Radulaceae,Radula,http://creativecommons.org/licenses/by-nc/4.0/,Станислав,leschij,,,,,,,
67034115,https://www.inaturalist.org/observations/67034115,HumanObservation,2024-01-01T02:21:52Z,iNaturalist,Observations,iNaturalist research-grade observations,,67034115,https://www.inaturalist.org/observations/67034115,,Greg Davis,,Greg Davis,,wild,2020-11-25T14:13:13-08:00,14:13:13-08:00,Wed Nov 25 2020 14:13:13 GMT-0800 (PST),"South Bay, Loleta, CA, US",40.68622,-124.22795,4.0,EPSG:4326,US,California,147531715.0,2020-12-25T05:59:07Z,,61992,Grindelia stricta,species,Plantae,Tracheophyta,Magnoliopsida,Asterales,Asteraceae,Grindelia,http://creativecommons.org/licenses/by-nc/4.0/,Greg Davis,davegregis,,,,,flowers,,
67034117,https://www.inaturalist.org/observations/67034117,HumanObservation,2020-12-25T06:40:29Z,iNaturalist,Observations,iNaturalist research-grade observations,,67034117,https://www.inaturalist.org/observations/67034117,,dspittlehouse,,dspittlehouse,,wild,2020-12-14T10:58:00-08:00,10:58:00-08:00,2020/12/14 10:58 AM PST,"View Royal, BC, Canada",48.4697762961,-123.459104959,122.0,EPSG:4326,CA,British Columbia,147531722.0,2020-12-25T05:59:20Z,,54164,Pseudohydnum gelatinosum,species,Fungi,Basidiomycota,Agaricomycetes,Auriculariales,,Pseudohydnum,http://creativecommons.org/licenses/by-nc/4.0/,dspittlehouse,dspittlehouse,,,,,,,
67034118,https://www.inaturalist.org/observations/67034118,HumanObservation,2024-09-04T11:13:22Z,iNaturalist,Observations,iNaturalist research-grade observations,,67034118,https://www.inaturalist.org/observations/67034118,,WATANABE Hitoshi 渡辺仁,,WATANABE Hitoshi 渡辺仁,,wild,2020-12-13T09:43:00+09:00,09:43:00+09:00,2020/12/13 9:43 AM JST,日本、東京都多摩市大栗川,35.6494821823,139.4624113558,20.0,EPSG:4326,JP,Tokyo,147531725.0,2020-12-25T05:59:24Z,,9216,Emberiza cioides,species,Animalia,Chordata,Aves,Passeriformes,Emberizidae,Emberiza,http://creativecommons.org/licenses/by/4.0/,WATANABE Hitoshi 渡辺仁,tbc_watanabe,,,,,,,
67034119,https://www.inaturalist.org/observations/67034119,HumanObservation,2024-09-04T11:13:22Z,iNaturalist,Observations,iNaturalist research-grade observations,,67034119,https://www.inaturalist.org/observations/67034119,,WATANABE Hitoshi 渡辺仁,,WATANABE Hitoshi 渡辺仁,,wild,2020-12-13T10:00:00+09:00,10:00:00+09:00,2020/12/13 10:00 AM JST,日本、東京都多摩市大栗川,35.6476671882,139.4563736937,8.0,EPSG:4326,JP,Tokyo,147531726.0,2020-12-25T05:59:24Z,,52482,Episyrphus balteatus,species,Animalia,Arthropoda,Insecta,Diptera,Syrphidae,Episyrphus,http://creativecommons.org/licenses/by/4.0/,WATANABE Hitoshi 渡辺仁,tbc_watanabe,,,,adult,,alive,
67034120,https://www.inaturalist.org/observations/67034120,HumanObservation,2020-12-25T13:42:06Z,iNaturalist,Observations,iNaturalist research-grade observations,,67034120,https://www.inaturalist.org/observations/67034120,,Colin Trainor,,Michael Keogh,,wild,2020-12-25T13:06:00+09:30,13:06:00+09:30,2020/12/25 1:06 PM ACST,"The Heart VIC 3851, Australia",-38.1491966667,147.11411,,EPSG:4326,AU,Victoria,147532587.0,2020-12-25T06:15:39Z,,37459,Tiliqua scincoides scincoides,subspecies,Animalia,Chordata,Reptilia,Squamata,Scincidae,Tiliqua,http://creativecommons.org/licenses/by-nc/4.0/,Colin Trainor,colintrainor,,,,,,,
67034121,https://www.inaturalist.org/observations/67034121,HumanObservation,2024-09-04T11:13:22Z,iNaturalist,Observations,iNaturalist research-grade observations,,67034121,https://www.inaturalist.org/observations/67034121,,WATANABE Hitoshi 渡辺仁,,WATANABE Hitoshi 渡辺仁,,wild,2020-12-13T10:04:00+09:00,10:04:00+09:00,2020/12/13 10:04 AM JST,日本、東京都多摩市大栗川,35.6473547528,139.4544747236,100.0,EPSG:4326,JP,Tokyo,147531729.0,2020-12-25T05:59:24Z,,199506,Milvus migrans lineatus,subspecies,Animalia,Chordata,Aves,Accipitriformes,Accipitridae,Milvus,http://creativecommons.org/licenses/by/4.0/,WATANABE Hitoshi 渡辺仁,tbc_watanabe,,,,,,,
67034122,https://www.inaturalist.org/observations/67034122,HumanObservation,2024-09-04T11:13:22Z,iNaturalist,Observations,iNaturalist research-grade observations,,67034122,https://www.inaturalist.org/observations/67034122,,WATANABE Hitoshi 渡辺仁,,WATANABE Hitoshi 渡辺仁,,wild,2020-12-13T10:04:00+09:00,10:04:00+09:00,2020/12/13 10:04 AM JST,日本、東京都多摩市大栗川,35.6472557053,139.4544001358,20.0,EPSG:4326,JP,Tokyo,147531731.0,2020-12-25T05:59:25Z,,203084,Ardea alba modesta,subspecies,Animalia,Chordata,Aves,Pelecaniformes,Ardeidae,Ardea,http://creativecommons.org/licenses/by/4.0/,WATANABE Hitoshi 渡辺仁,tbc_watanabe,,,,,,,
67034123,https://www.inaturalist.org/observations/67034123,HumanObservation,2020-12-25T07:13:31Z,iNaturalist,Observations,iNaturalist research-grade observations,,67034123,https://www.inaturalist.org/observations/67034123,,Colin Trainor,,Colin Trainor,,wild,2020-12-25T12:11:00+09:30,12:11:00+09:30,2020/12/25 12:11 PM ACST,"The Heart VIC 3851, Australia",-38.1468516667,147.11418,,EPSG:4326,AU,Victoria,147531732.0,2020-12-25T05:59:25Z,,323558,Adversaeschna brevistyla,species,Animalia,Arthropoda,Insecta,Odonata,Aeshnidae,Adversaeschna,http://creativecommons.org/licenses/by-nc/4.0/,Colin Trainor,colintrainor,,,,,,,
67034124,https://www.inaturalist.org/observations/67034124,HumanObservation,2024-09-04T11:13:22Z,iNaturalist,Observations,iNaturalist research-grade observations,,67034124,https://www.inaturalist.org/observations/67034124,,WATANABE Hitoshi 渡辺仁,,WATANABE Hitoshi 渡辺仁,,wild,2020-12-13T10:04:00+09:00,10:04:00+09:00,2020/12/13 10:04 AM JST,日本、東京都多摩市大栗川,35.6473082128,139.4544799725,20.0,EPSG:4326,JP,Tokyo,147531733.0,2020-12-25T05:59:25Z,,4954,Ardea cinerea,species,Animalia,Chordata,Aves,Pelecaniformes,Ardeidae,Ardea,http://creativecommons.org/licenses/by/4.0/,WATANABE Hitoshi 渡辺仁,tbc_watanabe,,,,,,,
67034125,https://www.inaturalist.org/observations/67034125,HumanObservation,2024-09-04T11:13:22Z,iNaturalist,Observations,iNaturalist research-grade observations,,67034125,https://www.inaturalist.org/observations/67034125,,WATANABE Hitoshi 渡辺仁,,WATANABE Hitoshi 渡辺仁,,wild,2020-12-13T10:04:00+09:00,10:04:00+09:00,2020/12/13 10:04 AM JST,日本、東京都多摩市大栗川,35.6471503573,139.4540708699,20.0,EPSG:4326,JP,Tokyo,147531735.0,2020-12-25T05:59:25Z,,4270,Phalacrocorax carbo,species,Animalia,Chordata,Aves,Suliformes,Phalacrocoracidae,Phalacrocorax,http://creativecommons.org/licenses/by/4.0/,WATANABE Hitoshi 渡辺仁,tbc_watanabe,,,,,,,
67034126,https://www.inaturalist.org/observations/67034126,HumanObservation,2020-12-25T07:13:35Z,iNaturalist,Observations,iNaturalist research-grade observations,,67034126,https://www.inaturalist.org/observations/67034126,,Colin Trainor,,Colin Trainor,,wild,2020-12-25T11:43:00+09:30,11:43:00+09:30,2020/12/25 11:43 AM ACST,"The Heart VIC 3851, Australia",-38.1481266667,147.1085016667,,EPSG:4326,AU,Victoria,147531734.0,2020-12-25T05:59:25Z,,155504,Orthetrum caledonicum,species,Animalia,Arthropoda,Insecta,Odonata,Libellulidae,Orthetrum,http://creativecommons.org/licenses/by-nc/4.0/,Colin Trainor,colintrainor,,,,,,,
67034127,https://www.inaturalist.org/observations/67034127,HumanObservation,2020-12-25T07:13:39Z,iNaturalist,Observations,iNaturalist research-grade observations,,67034127,https://www.inaturalist.org/observations/67034127,,Colin Trainor,,Colin Trainor,,wild,2020-12-25T11:43:00+09:30,11:43:00+09:30,2020/12/25 11:43 AM ACST,"The Heart VIC 3851, Australia",-38.1481783333,147.1084616667,,EPSG:4326,AU,Victoria,147531736.0,2020-12-25T05:59:26Z,,155504,Orthetrum caledonicum,species,Animalia,Arthropoda,Insecta,Odonata,Libellulidae,Orthetrum,http://creativecommons.org/licenses/by-nc/4.0/,Colin Trainor,colintrainor,,,,,,,
67034128,https://www.inaturalist.org/observations/67034128,HumanObservation,2024-09-04T11:13:22Z,iNaturalist,Observations,iNaturalist research-grade observations,,67034128,https://www.inaturalist.org/observations/67034128,,WATANABE Hitoshi 渡辺仁,,WATANABE Hitoshi 渡辺仁,,wild,2020-12-13T10:14:00+09:00,10:14:00+09:00,2020/12/13 10:14 AM JST,日本、東京都多摩市連光寺,35.6453174469,139.4549598447,10.0,EPSG:4326,JP,Tokyo,147531737.0,2020-12-25T05:59:26Z,,12993,Phoenicurus auroreus,species,Animalia,Chordata,Aves,Passeriformes,Muscicapidae,Phoenicurus,http://creativecommons.org/licenses/by/4.0/,WATANABE Hitoshi 渡辺仁,tbc_watanabe,,,,,,,
67034129,https://www.inaturalist.org/observations/67034129,HumanObservation,2020-12-25T09:42:14Z,iNaturalist,Observations,iNaturalist research-grade observations,,67034129,https://www.inaturalist.org/observations/67034129,,Colin Trainor,,Colin Trainor,,wild,2020-12-25T11:24:00+09:30,11:24:00+09:30,2020/12/25 11:24 AM ACST,"The Heart VIC 3851, Australia",-38.1455266667,147.1033483333,,EPSG:4326,AU,Victoria,147531739.0,2020-12-25T05:59:26Z,,102488,Hemicordulia australiae,species,Animalia,Arthropoda,Insecta,Odonata,Corduliidae,Hemicordulia,http://creativecommons.org/licenses/by-nc/4.0/,Colin Trainor,colintrainor,,,male,,,,
67034130,https://www.inaturalist.org/observations/67034130,HumanObservation,2024-09-04T11:13:22Z,iNaturalist,Observations,iNaturalist research-grade observations,,67034130,https://www.inaturalist.org/observations/67034130,,WATANABE Hitoshi 渡辺仁,,WATANABE Hitoshi 渡辺仁,,wild,2020-12-13T10:20:00+09:00,10:20:00+09:00,2020/12/13 10:20 AM JST,日本、東京都多摩市連光寺,35.6439783333,139.4559883333,20.0,EPSG:4326,JP,Tokyo,147531740.0,2020-12-25T05:59:26Z,,144910,Hypsipetes amaurotis,species,Animalia,Chordata,Aves,Passeriformes,Pycnonotidae,Hypsipetes,http://creativecommons.org/licenses/by/4.0/,WATANABE Hitoshi 渡辺仁,tbc_watanabe,,,,,,,
67034131,https://www.inaturalist.org/observations/67034131,HumanObservation,2024-09-04T11:13:22Z,iNaturalist,Observations,iNaturalist research-grade observations,,67034131,https://www.inaturalist.org/observations/67034131,,WATANABE Hitoshi 渡辺仁,,WATANABE Hitoshi 渡辺仁,,wild,2020-12-13T10:34:00+09:00,10:34:00+09:00,2020/12/13 10:34 AM JST,日本、東京都多摩市大谷戸公園,35.6404879045,139.4577367054,20.0,EPSG:4326,JP,Tokyo,147531742.0,2020-12-25T05:59:26Z,,2927,Streptopelia orientalis,species,Animalia,Chordata,Aves,Columbiformes,Columbidae,Streptopelia,http://creativecommons.org/licenses/by/4.0/,WATANABE Hitoshi 渡辺仁,tbc_watanabe,,,,,,,
67034132,https://www.inaturalist.org/observations/67034132,HumanObservation,2020-12-25T06:15:13Z,iNaturalist,Observations,iNaturalist research-grade observations,,67034132,https://www.inaturalist.org/observations/67034132,,Colin Trainor,,Colin Trainor,,wild,2020-12-25T11:23:00+09:30,11:23:00+09:30,2020/12/25 11:23 AM ACST,"Sale VIC 3850, Australia",-38.145245,147.1033433333,,EPSG:4326,AU,Victoria,147531743.0,2020-12-25T05:59:26Z,,155504,Orthetrum caledonicum,species,Animalia,Arthropoda,Insecta,Odonata,Libellulidae,Orthetrum,http://creativecommons.org/licenses/by-nc/4.0/,Colin Trainor,colintrainor,,,,,,,
67034133,https://www.inaturalist.org/observations/67034133,HumanObservation,2024-09-04T11:13:22Z,iNaturalist,Observations,iNaturalist research-grade observations,,67034133,https://www.inaturalist.org/observations/67034133,,WATANABE Hitoshi 渡辺仁,,WATANABE Hitoshi 渡辺仁,,wild,2020-12-13T10:35:00+09:00,10:35:00+09:00,2020/12/13 10:35 AM JST,日本、東京都多摩市大谷戸公園,35.6401362741,139.4581601596,10.0,EPSG:4326,JP,Tokyo,147531744.0,2020-12-25T05:59:27Z,,47219,Apis mellifera,species,Animalia,Arthropoda,Insecta,Hymenoptera,Apidae,Apis,http://creativecommons.org/licenses/by/4.0/,WATANABE Hitoshi 渡辺仁,tbc_watanabe,,,,,,,
67034134,https://www.inaturalist.org/observations/67034134,HumanObservation,2024-09-04T11:13:22Z,iNaturalist,Observations,iNaturalist research-grade observations,,67034134,https://www.inaturalist.org/observations/67034134,,WATANABE Hitoshi 渡辺仁,,WATANABE Hitoshi 渡辺仁,,wild,2020-12-13T10:36:00+09:00,10:36:00+09:00,2020/12/13 10:36 AM JST,日本、東京都多摩市大谷戸公園,35.640095,139.4580766667,20.0,EPSG:4326,JP,Tokyo,147531745.0,2020-12-25T05:59:27Z,,980262,Zosterops japonicus,species,Animalia,Chordata,Aves,Passeriformes,Zosteropidae,Zosterops,http://creativecommons.org/licenses/by/4.0/,WATANABE Hitoshi 渡辺仁,tbc_watanabe,,,,,,,
67034135,https://www.inaturalist.org/observations/67034135,HumanObservation,2024-09-04T11:13:22Z,iNaturalist,Observations,iNaturalist research-grade observations,,67034135,https://www.inaturalist.org/observations/67034135,,WATANABE Hitoshi 渡辺仁,,WATANABE Hitoshi 渡辺仁,,wild,2020-12-13T10:37:00+09:00,10:37:00+09:00,2020/12/13 10:37 AM JST,日本、東京都多摩市大谷戸公園,35.6401440415,139.458148683,10.0,EPSG:4326,JP,Tokyo,147531746.0,2020-12-25T05:59:27Z,,52482,Episyrphus balteatus,species,Animalia,Arthropoda,Insecta,Diptera,Syrphidae,Episyrphus,http://creativecommons.org/licenses/by/4.0/,WATANABE Hitoshi 渡辺仁,tbc_watanabe,,,,adult,,alive,
67034136,https://www.inaturalist.org/observations/67034136,HumanObservation,2020-12-25T06:15:11Z,iNaturalist,Observations,iNaturalist research-grade observations,,67034136,https://www.inaturalist.org/observations/67034136,,Colin Trainor,,Colin Trainor,,wild,2020-12-25T11:23:00+09:30,11:23:00+09:30,2020/12/25 11:23 AM ACST,"Sale VIC 3850, Australia",-38.1452666667,147.1033633333,,EPSG:4326,AU,Victoria,147531747.0,2020-12-25T05:59:27Z,,155504,Orthetrum caledonicum,species,Animalia,Arthropoda,Insecta,Odonata,Libellulidae,Orthetrum,http://creativecommons.org/licenses/by-nc/4.0/,Colin Trainor,colintrainor,,,,,,,
67034137,https://www.inaturalist.org/observations/67034137,HumanObservation,2020-12-25T06:15:10Z,iNaturalist,Observations,iNaturalist research-grade observations,,67034137,https://www.inaturalist.org/observations/67034137,,Colin Trainor,,Colin Trainor,,wild,2020-12-25T11:22:00+09:30,11:22:00+09:30,2020/12/25 11:22 AM ACST,"Sale VIC 3850, Australia",-38.14506,147.103405,,EPSG:4326,AU,Victoria,147531748.0,2020-12-25T05:59:27Z,,155504,Orthetrum caledonicum,species,Animalia,Arthropoda,Insecta,Odonata,Libellulidae,Orthetrum,http://creativecommons.org/licenses/by-nc/4.0/,Colin Trainor,colintrainor,,,,,,,
67034138,https://www.inaturalist.org/observations/67034138,HumanObservation,2024-09-04T11:13:22Z,iNaturalist,Observations,iNaturalist research-grade observations,,67034138,https://www.inaturalist.org/observations/67034138,,WATANABE Hitoshi 渡辺仁,,WATANABE Hitoshi 渡辺仁,,wild,2020-12-13T10:46:00+09:00,10:46:00+09:00,2020/12/13 10:46 AM JST,日本、東京都多摩市桜ヶ丘公園,35.6384266667,139.4582783333,20.0,EPSG:4326,JP,Tokyo,147531750.0,2020-12-25T05:59:27Z,,7278,Aegithalos caudatus,species,Animalia,Chordata,Aves,Passeriformes,Aegithalidae,Aegithalos,http://creativecommons.org/licenses/by/4.0/,WATANABE Hitoshi 渡辺仁,tbc_watanabe,,,,,,,
67034139,https://www.inaturalist.org/observations/67034139,HumanObservation,2020-12-25T07:13:01Z,iNaturalist,Observations,iNaturalist research-grade observations,,67034139,https://www.inaturalist.org/observations/67034139,,Colin Trainor,,Colin Trainor,,wild,2020-12-25T11:20:00+09:30,11:20:00+09:30,2020/12/25 11:20 AM ACST,"The Heart VIC 3851, Australia",-38.1448366667,147.10361,,EPSG:4326,AU,Victoria,147531752.0,2020-12-25T05:59:28Z,,323555,Hemicordulia tau,species,Animalia,Arthropoda,Insecta,Odonata,Corduliidae,Hemicordulia,http://creativecommons.org/licenses/by-nc/4.0/,Colin Trainor,colintrainor,,,,,,,
67034140,https://www.inaturalist.org/observations/67034140,HumanObservation,2024-09-04T11:13:22Z,iNaturalist,Observations,iNaturalist research-grade observations,,67034140,https://www.inaturalist.org/observations/67034140,,WATANABE Hitoshi 渡辺仁,,WATANABE Hitoshi 渡辺仁,,wild,2020-12-13T10:56:00+09:00,10:56:00+09:00,2020/12/13 10:56 AM JST,日本、東京都多摩市桜ヶ丘公園,35.637345,139.45873,10.0,EPSG:4326,JP,Tokyo,147531751.0,2020-12-25T05:59:28Z,,357794,Pachyerannis obliquaria,species,Animalia,Arthropoda,Insecta,Lepidoptera,Geometridae,Pachyerannis,http://creativecommons.org/licenses/by/4.0/,WATANABE Hitoshi 渡辺仁,tbc_watanabe,,,,,,,
67034142,https://www.inaturalist.org/observations/67034142,HumanObservation,2020-12-25T07:13:17Z,iNaturalist,Observations,iNaturalist research-grade observations,,67034142,https://www.inaturalist.org/observations/67034142,,Colin Trainor,,Colin Trainor,,wild,2020-12-25T11:14:00+09:30,11:14:00+09:30,2020/12/25 11:14 AM ACST,"Sale VIC 3850, Australia",-38.144905,147.1028166667,,EPSG:4326,AU,Victoria,147531754.0,2020-12-25T05:59:28Z,,323555,Hemicordulia tau,species,Animalia,Arthropoda,Insecta,Odonata,Corduliidae,Hemicordulia,http://creativecommons.org/licenses/by-nc/4.0/,Colin Trainor,colintrainor,,,,,,,
67034143,https://www.inaturalist.org/observations/67034143,HumanObservation,2020-12-25T07:13:26Z,iNaturalist,Observations,iNaturalist research-grade observations,,67034143,https://www.inaturalist.org/observations/67034143,,Colin Trainor,,Colin Trainor,,wild,2020-12-25T11:11:00+09:30,11:11:00+09:30,2020/12/25 11:11 AM ACST,"Sale VIC 3850, Australia",-38.1448,147.1021866667,,EPSG:4326,AU,Victoria,147531755.0,2020-12-25T05:59:28Z,,323555,Hemicordulia tau,species,Animalia,Arthropoda,Insecta,Odonata,Corduliidae,Hemicordulia,http://creativecommons.org/licenses/by-nc/4.0/,Colin Trainor,colintrainor,,,,,,,
67034144,https://www.inaturalist.org/observations/67034144,HumanObservation,2020-12-25T09:42:08Z,iNaturalist,Observations,iNaturalist research-grade observations,,67034144,https://www.inaturalist.org/observations/67034144,,Colin Trainor,,Colin Trainor,,wild,2020-12-25T11:04:00+09:30,11:04:00+09:30,2020/12/25 11:04 AM ACST,"Sale VIC 3850, Australia",-38.1438383333,147.100895,,EPSG:4326,AU,Victoria,147531757.0,2020-12-25T05:59:29Z,,155504,Orthetrum caledonicum,species,Animalia,Arthropoda,Insecta,Odonata,Libellulidae,Orthetrum,http://creativecommons.org/licenses/by-nc/4.0/,Colin Trainor,colintrainor,,,male,,,,
67034145,https://www.inaturalist.org/observations/67034145,HumanObservation,2020-12-25T09:41:42Z,iNaturalist,Observations,iNaturalist research-grade observations,,67034145,https://www.inaturalist.org/observations/67034145,,Colin Trainor,,Colin Trainor,,wild,2020-12-25T10:58:00+09:30,10:58:00+09:30,2020/12/25 10:58 AM ACST,"Sale VIC 3850, Australia",-38.1433183333,147.1009283333,,EPSG:4326,AU,Victoria,147531758.0,2020-12-25T05:59:29Z,,155504,Orthetrum caledonicum,species,Animalia,Arthropoda,Insecta,Odonata,Libellulidae,Orthetrum,http://creativecommons.org/licenses/by-nc/4.0/,Colin Trainor,colintrainor,,,female,,,,
67034146,https://www.inaturalist.org/observations/67034146,HumanObservation,2020-12-25T06:14:58Z,iNaturalist,Observations,iNaturalist research-grade observations,,67034146,https://www.inaturalist.org/observations/67034146,,Colin Trainor,,Colin Trainor,,wild,2020-12-25T10:56:00+09:30,10:56:00+09:30,2020/12/25 10:56 AM ACST,"Sale VIC 3850, Australia",-38.1428866667,147.1013733333,,EPSG:4326,AU,Victoria,147531759.0,2020-12-25T05:59:29Z,,155504,Orthetrum caledonicum,species,Animalia,Arthropoda,Insecta,Odonata,Libellulidae,Orthetrum,http://creativecommons.org/licenses/by-nc/4.0/,Colin Trainor,colintrainor,,,,,,,
67034147,https://www.inaturalist.org/observations/67034147,HumanObservation,2020-12-25T09:41:28Z,iNaturalist,Observations,iNaturalist research-grade observations,,67034147,https://www.inaturalist.org/observations/67034147,,Colin Trainor,,Colin Trainor,,wild,2020-12-25T09:56:00+09:30,09:56:00+09:30,2020/12/25 9:56 AM ACST,"Sale VIC 3850, Australia",-38.1438216667,147.1009233333,,EPSG:4326,AU,Victoria,147531760.0,2020-12-25T05:59:30Z,,155504,Orthetrum caledonicum,species,Animalia,Arthropoda,Insecta,Odonata,Libellulidae,Orthetrum,http://creativecommons.org/licenses/by-nc/4.0/,Colin Trainor,colintrainor,,,female,,,,
67034148,https://www.inaturalist.org/observations/67034148,HumanObservation,2020-12-25T09:40:15Z,iNaturalist,Observations,iNaturalist research-grade observations,,67034148,https://www.inaturalist.org/observations/67034148,,Colin Trainor,,Colin Trainor,,wild,2020-12-25T09:55:00+09:30,09:55:00+09:30,2020/12/25 9:55 AM ACST,"Sale VIC 3850, Australia",-38.1438716667,147.10095,,EPSG:4326,AU,Victoria,147531762.0,2020-12-25T05:59:30Z,,155504,Orthetrum caledonicum,species,Animalia,Arthropoda,Insecta,Odonata,Libellulidae,Orthetrum,http://creativecommons.org/licenses/by-nc/4.0/,Colin Trainor,colintrainor,,,male,,,,
67034149,https://www.inaturalist.org/observations/67034149,HumanObservation,2020-12-25T06:14:10Z,iNaturalist,Observations,iNaturalist research-grade observations,,67034149,https://www.inaturalist.org/observations/67034149,,Colin Trainor,,Colin Trainor,,wild,2020-12-25T09:54:00+09:30,09:54:00+09:30,2020/12/25 9:54 AM ACST,"Sale VIC 3850, Australia",-38.1438783333,147.101185,,EPSG:4326,AU,Victoria,147531763.0,2020-12-25T05:59:31Z,,196689,Austracantha minax,species,Animalia,Arthropoda,Arachnida,Araneae,Araneidae,Austracantha,http://creativecommons.org/licenses/by-nc/4.0/,Colin Trainor,colintrainor,,,,,,,
67034150,https://www.inaturalist.org/observations/67034150,HumanObservation,2020-12-25T13:42:01Z,iNaturalist,Observations,iNaturalist research-grade observations,,67034150,https://www.inaturalist.org/observations/67034150,,Colin Trainor,,Michael Keogh,,wild,2020-12-25T09:49:00+09:30,09:49:00+09:30,2020/12/25 9:49 AM ACST,"Sale VIC 3850, Australia",-38.1434769411,147.100959609,8.0,EPSG:4326,AU,Victoria,147532524.0,2020-12-25T06:14:33Z,,37459,Tiliqua scincoides scincoides,subspecies,Animalia,Chordata,Reptilia,Squamata,Scincidae,Tiliqua,http://creativecommons.org/licenses/by-nc/4.0/,Colin Trainor,colintrainor,,,,,,,
201101956,https://www.inaturalist.org/observations/201101956,HumanObservation,2024-03-03T13:34:45Z,iNaturalist,Observations,iNaturalist research-grade observations,,201101956,https://www.inaturalist.org/observations/201101956,,Abhishek N. Prasad,,Abhishek N. Prasad,,wild,2024-03-02T17:33:00-06:00,17:33:00-06:00,2024/03/02 5:33 PM,"Bayside Regional Park, Bacliff, TX 77518, USA",29.5025883333,-94.982208055,75.0,EPSG:4326,US,Texas,456423419.0,2024-03-03T08:42:36Z,,4999,Nyctanassa violacea,species,Animalia,Chordata,Aves,Pelecaniformes,Ardeidae,Nyctanassa,http://creativecommons.org/licenses/by-nc/4.0/,Abhishek N. Prasad,polylepis,,https://www.inaturalist.org/projects/birds-of-texas,,adult,,alive,"{""evidenceOfPresence"":""organism""}"
201101957,https://www.inaturalist.org/observations/201101957,HumanObservation,2024-03-03T12:49:44Z,iNaturalist,Observations,iNaturalist research-grade observations,,201101957,https://www.inaturalist.org/observations/201101957,,Василий,,Василий,,wild,2023-08-09T08:26:00+07:00,08:26:00+07:00,2023/08/09 08:26,"Новая Ювала, Томская обл., Россия, 636165",56.2985424991,83.4271326822,4.0,EPSG:4326,RU,Tomsk,456423421.0,2024-03-03T08:42:37Z,,1289470,Curruca communis,species,Animalia,Chordata,Aves,Passeriformes,Sylviidae,Curruca,http://creativecommons.org/licenses/by-nc/4.0/,Василий,vakula65,,,,,,,
201101964,https://www.inaturalist.org/observations/201101964,HumanObservation,2024-03-08T19:00:50Z,iNaturalist,Observations,iNaturalist research-grade observations,,201101964,https://www.inaturalist.org/observations/201101964,,lgowens3,,Amanda Janusz,,wild,2024-02-09T15:19:58+13:00,15:19:58+13:00,2024-02-09 15:19:58+13:00,"Fiordland, NZ-SO-SL, NZ-SO, NZ",-45.4918716759,167.627319235,33.0,EPSG:4326,NZ,Southland,457247151.0,2024-03-06T01:47:05Z,,12716,Turdus merula,species,Animalia,Chordata,Aves,Passeriformes,Turdidae,Turdus,http://creativecommons.org/licenses/by-nc/4.0/,lgowens3,lgowens3,,https://www.inaturalist.org/projects/found-feathers,,,,,"{""evidenceOfPresence"":""feather""}"
201101965,https://www.inaturalist.org/observations/201101965,HumanObservation,2024-03-03T15:34:43Z,iNaturalist,Observations,iNaturalist research-grade observations,,201101965,https://www.inaturalist.org/observations/201101965,,Gintautas Steiblys,,Gintautas Steiblys,,wild,2024-03-02T13:05:00+02:00,13:05:00+02:00,2024/03/02 1:05 PM,"Dainava, Kaunas, Kauno m. sav., Lietuva",54.9134902707,23.9681722726,8.0,EPSG:4326,LT,Kauno,456423459.0,2024-03-03T08:42:51Z,,51275,Pentatoma rufipes,species,Animalia,Arthropoda,Insecta,Hemiptera,Pentatomidae,Pentatoma,http://creativecommons.org/licenses/by-nc/4.0/,Gintautas Steiblys,steiblys,,,,nymph,,,
201101969,https://www.inaturalist.org/observations/201101969,HumanObservation,2024-04-12T15:38:39Z,iNaturalist,Observations,iNaturalist research-grade observations,,201101969,https://www.inaturalist.org/observations/201101969,,iacomaner,,iacomaner,,wild,2024-01-28T16:18:17-06:00,16:18:17-06:00,2024-01-28 16:18:17-06:00,"Buffalo National River, Compton, AR, US",36.0248666667,-93.3534166667,3.0,EPSG:4326,US,Arkansas,456423469.0,2024-03-03T08:42:55Z,,202437,Peniophora albobadia,species,Fungi,Basidiomycota,Agaricomycetes,Russulales,Peniophoraceae,Peniophora,http://creativecommons.org/licenses/by-nc/4.0/,iacomaner,iacomaner,,,,,,,
201101971,https://www.inaturalist.org/observations/201101971,HumanObservation,2024-03-17T05:09:40Z,iNaturalist,Observations,iNaturalist research-grade observations,Coordinate uncertainty increased to 27877m to protect threatened taxon,201101971,https://www.inaturalist.org/observations/201101971,,Jolanda Keeble,,polecj,,wild,2024-02-29T09:09:00+13:00,09:09:00+13:00,2024/02/29 9:09 AM,New Zealand,-40.8206100319,174.8482651726,27877.0,EPSG:4326,NZ,Wellington,457211986.0,2024-03-05T22:56:50Z,,738036,Woodworthia maculata,species,Animalia,Chordata,Reptilia,Squamata,Diplodactylidae,Woodworthia,http://creativecommons.org/licenses/by-nc/4.0/,Jolanda Keeble,jolanalan,AU,,,,,,
201101975,https://www.inaturalist.org/observations/201101975,HumanObservation,2024-04-13T03:24:28Z,iNaturalist,Observations,iNaturalist research-grade observations,,201101975,https://www.inaturalist.org/observations/201101975,,lgowens3,,,,wild,2024-03-03T16:26:40+10:00,16:26:40+10:00,2024-03-03 16:26:40+10:00,"Kangaroo Point, AU-QL, AU",-27.4792429603,153.0334765014,13.0,EPSG:4326,AU,Queensland,,,,515033,Euploea core corinna,subspecies,Animalia,Arthropoda,Insecta,Lepidoptera,Nymphalidae,Euploea,http://creativecommons.org/licenses/by-nc/4.0/,lgowens3,lgowens3,,,,larva,,,
201101977,https://www.inaturalist.org/observations/201101977,HumanObservation,2025-02-12T20:26:21Z,iNaturalist,Observations,iNaturalist research-grade observations,,201101977,https://www.inaturalist.org/observations/201101977,,Dustin Snider,,Dustin Snider,,wild,2023-08-03T14:43:40-07:00,14:43:40-07:00,2023-08-03 15:43:40-06:00,"Nancy Greene Park, Kootenay Boundary, BC, CA",49.2564901774,-117.9449962623,36.0,EPSG:4326,CA,British Columbia,456423499.0,2024-03-03T08:43:10Z,,60522,Aconitum columbianum,species,Plantae,Tracheophyta,Magnoliopsida,Ranunculales,Ranunculaceae,Aconitum,http://creativecommons.org/licenses/by-nc/4.0/,Dustin Snider,dustin777,CA,,,,,,
201101978,https://www.inaturalist.org/observations/201101978,HumanObservation,2024-03-03T09:31:51Z,iNaturalist,Observations,iNaturalist research-grade observations,,201101978,https://www.inaturalist.org/observations/201101978,,Alexey V. Ivanov,,Alexey V. Ivanov,,wild,2024-02-29T16:02:00+03:00,16:02:00+03:00,2024/02/29 16:02,"Канашский р-н, Чувашская Респ., Россия",55.5432173384,47.359940481,2.0,EPSG:4326,RU,Chuvash,456423505.0,2024-03-03T08:43:12Z,,144812,Poecile montanus,species,Animalia,Chordata,Aves,Passeriformes,Paridae,Poecile,http://creativecommons.org/licenses/by-nc/4.0/,Alexey V. Ivanov,wkent,,,,,,,
201101979,https://www.inaturalist.org/observations/201101979,HumanObservation,2024-07-13T06:19:11Z,iNaturalist,Observations,iNaturalist research-grade observations,,201101979,https://www.inaturalist.org/observations/201101979,,iacomaner,,iacomaner,,wild,2024-01-28T16:18:33-06:00,16:18:33-06:00,2024-01-28 16:18:33-06:00,"Buffalo National River, Compton, AR, US",36.0248721667,-93.35347,4.0,EPSG:4326,US,Arkansas,456423510.0,2024-03-03T08:43:16Z,,121490,Tipularia discolor,species,Plantae,Tracheophyta,Liliopsida,Asparagales,Orchidaceae,Tipularia,http://creativecommons.org/licenses/by-nc/4.0/,iacomaner,iacomaner,,,,,,,
201101980,https://www.inaturalist.org/observations/201101980,HumanObservation,2024-03-06T06:10:08Z,iNaturalist,Observations,iNaturalist research-grade observations,,201101980,https://www.inaturalist.org/observations/201101980,,nikiwe_nomvula,,Clare Archer,,wild,2024-03-03T10:43:02+02:00,10:43:02+02:00,2024-03-03 10:43:02+02:00,"University of Pretoria - LC de Villiers Sports Campus, Pretoria, GP, ZA",-25.7542095334,28.2465671003,8.0,EPSG:4326,ZA,Gauteng,456425050.0,2024-03-03T08:55:21Z,,135389,Combretum erythrophyllum,species,Plantae,Tracheophyta,Magnoliopsida,Myrtales,Combretaceae,Combretum,http://creativecommons.org/licenses/by-nc/4.0/,nikiwe_nomvula,nikiwe_nomvula,,,,,,,
201101983,https://www.inaturalist.org/observations/201101983,HumanObservation,2024-07-23T19:56:56Z,iNaturalist,Observations,iNaturalist research-grade observations,,201101983,https://www.inaturalist.org/observations/201101983,,sand13d,,sand13d,,wild,2020-12-03T09:15:00+10:00,09:15:00+10:00,2020/12/03 9:15 AM,"Upper Brookfield QLD 4069, Australia",-27.4866,152.8737,96.0,EPSG:4326,AU,Queensland,456423522.0,2024-03-03T08:43:23Z,,130767,Euploea core,species,Animalia,Arthropoda,Insecta,Lepidoptera,Nymphalidae,Euploea,http://creativecommons.org/licenses/by-nc/4.0/,sand13d,sand13d,AU,,,adult,,alive,"{""evidenceOfPresence"":""organism""}"
201101985,https://www.inaturalist.org/observations/201101985,HumanObservation,2024-03-03T09:06:58Z,iNaturalist,Observations,iNaturalist research-grade observations,,201101985,https://www.inaturalist.org/observations/201101985,,Wesley Jenkinson,,Wesley Jenkinson,,wild,2024-02-06T20:59:00+10:00,20:59:00+10:00,2024/02/06 8:59 PM,"Running Creek QLD 4287, Australia",-28.308639,152.852861,100.0,EPSG:4326,AU,Queensland,456423525.0,2024-03-03T08:43:24Z,,203869,Traminda aventiaria,species,Animalia,Arthropoda,Insecta,Lepidoptera,Geometridae,Traminda,http://creativecommons.org/licenses/by-nc/4.0/,Wesley Jenkinson,wjj1967,AU,,,,,,
67034152,https://www.inaturalist.org/observations/67034152,HumanObservation,2020-12-25T06:50:45Z,iNaturalist,Observations,iNaturalist research-grade observations,,67034152,https://www.inaturalist.org/observations/67034152,,Владимир,,Владимир,,wild,2020-12-24T15:55:00+06:00,15:55:00+06:00,2020/12/24 3:55 PM +0600,"Большеуковский р-н, Омская обл., Россия",57.0277884876,72.5111445784,244.0,EPSG:4326,RU,Omsk,147531774.0,2020-12-25T05:59:47Z,,124485,Scrophularia nodosa,species,Plantae,Tracheophyta,Magnoliopsida,Lamiales,Scrophulariaceae,Scrophularia,http://creativecommons.org/licenses/by-nc/4.0/,Владимир,vladimir_teplouhov,,,,,,,
67034153,https://www.inaturalist.org/observations/67034153,HumanObservation,2024-02-25T04:54:16Z,iNaturalist,Observations,iNaturalist research-grade observations,,67034153,https://www.inaturalist.org/observations/67034153,,Ryan Yue Wah Chan,,Ryan Yue Wah Chan,,wild,2020-12-24T09:59:00+08:00,09:59:00+08:00,2020/12/24 9:59 AM HKT,香港米埔,22.49206,114.0446991667,,EPSG:4326,HK,Yuen Long,147531777.0,2020-12-25T05:59:52Z,,204491,Copsychus saularis,species,Animalia,Chordata,Aves,Passeriformes,Muscicapidae,Copsychus,http://creativecommons.org/licenses/by-nc/4.0/,Ryan Yue Wah Chan,ryanyuewahchan,,,,,,,
67034155,https://www.inaturalist.org/observations/67034155,HumanObservation,2020-12-30T06:00:54Z,iNaturalist,Observations,iNaturalist research-grade observations,,67034155,https://www.inaturalist.org/observations/67034155,,Владимир,,Владимир,,wild,2020-12-23T15:04:00+06:00,15:04:00+06:00,2020/12/23 3:04 PM +0600,"Большеуковский р-н, Омская обл., Россия",57.2954650064,71.6435437917,61.0,EPSG:4326,RU,Omsk,147531783.0,2020-12-25T05:59:54Z,,516757,Rhododendron tomentosum,species,Plantae,Tracheophyta,Magnoliopsida,Ericales,Ericaceae,Rhododendron,http://creativecommons.org/licenses/by-nc/4.0/,Владимир,vladimir_teplouhov,,,,,,,
67034158,https://www.inaturalist.org/observations/67034158,HumanObservation,2020-12-25T06:14:57Z,iNaturalist,Observations,iNaturalist research-grade observations,,67034158,https://www.inaturalist.org/observations/67034158,,Greg Davis,,Greg Davis,,wild,2020-12-18T11:33:25-08:00,11:33:25-08:00,Fri Dec 18 2020 11:33:25 GMT-0800 (PST),"Garberville, CA, US",40.17083,-123.7964166667,4.0,EPSG:4326,US,California,147531790.0,2020-12-25T06:00:04Z,,48807,Umbellularia californica,species,Plantae,Tracheophyta,Magnoliopsida,Laurales,Lauraceae,Umbellularia,http://creativecommons.org/licenses/by-nc/4.0/,Greg Davis,davegregis,,https://www.inaturalist.org/projects/california-endemic-species,,,,,
67034160,https://www.inaturalist.org/observations/67034160,HumanObservation,2023-01-20T00:40:28Z,iNaturalist,Observations,iNaturalist research-grade observations,,67034160,https://www.inaturalist.org/observations/67034160,,lourens-swanepoel,,lourens-swanepoel,,wild,2020-12-25T07:59:49+02:00,07:59:49+02:00,Fri Dec 25 2020 07:59:49 GMT+0200 (GMT+2),"Koro Creek Golf Estate, Modimolle, LP, ZA",-24.6956477076,28.3915130502,5.0,EPSG:4326,ZA,Limpopo,147531799.0,2020-12-25T06:00:09Z,,42342,Tragelaphus angasii,species,Animalia,Chordata,Mammalia,Artiodactyla,Bovidae,Tragelaphus,http://creativecommons.org/licenses/by-nc/4.0/,lourens-swanepoel,lourens-swanepoel,,,male,adult,,alive,"{""evidenceOfPresence"":""organism""}"
67034161,https://www.inaturalist.org/observations/67034161,HumanObservation,2021-07-16T05:03:37Z,iNaturalist,Observations,iNaturalist research-grade observations,,67034161,https://www.inaturalist.org/observations/67034161,,Martin,,sunwenhao90,,wild,2020-12-24T10:01:22Z,10:01:22Z,2020-12-24 10:01:22 AM GMT+06:00,"Rinchending Heliport, Phuentsholing, Bhutan",26.8504528868,89.3955400586,50.0,EPSG:4326,BT,Chhukha,191415350.0,2021-07-16T02:20:12Z,,358953,Tirumala septentrionis,species,Animalia,Arthropoda,Insecta,Lepidoptera,Nymphalidae,Tirumala,http://creativecommons.org/licenses/by-nc/4.0/,Martin,martin_pathavidhatu,,,,,,,
67034162,https://www.inaturalist.org/observations/67034162,HumanObservation,2020-12-25T06:40:25Z,iNaturalist,Observations,iNaturalist research-grade observations,,67034162,https://www.inaturalist.org/observations/67034162,,dspittlehouse,,dspittlehouse,,wild,2020-12-14T11:01:00-08:00,11:01:00-08:00,2020/12/14 11:01 AM PST,"View Royal, BC, Canada",48.4694929854,-123.4592095616,61.0,EPSG:4326,CA,British Columbia,147531822.0,2020-12-25T06:00:25Z,,54164,Pseudohydnum gelatinosum,species,Fungi,Basidiomycota,Agaricomycetes,Auriculariales,,Pseudohydnum,http://creativecommons.org/licenses/by-nc/4.0/,dspittlehouse,dspittlehouse,,,,,,,
67034168,https://www.inaturalist.org/observations/67034168,HumanObservation,2024-01-29T22:55:13Z,iNaturalist,Observations,iNaturalist research-grade observations,,67034168,https://www.inaturalist.org/observations/67034168,,Daba,https://orcid.org/0000-0002-1251-3167,Daba,https://orcid.org/0000-0002-1251-3167,wild,2018-07-31T19:15:00+13:00,19:15:00+13:00,2018/07/31 7:15 PM SST,"Иволгинский р-н, Респ. Бурятия, Россия",51.7432630994,107.333616433,31.0,EPSG:4326,RU,Buryat,346029902.0,2023-04-01T15:46:03Z,,1462268,Ribes diacantha,species,Plantae,Tracheophyta,Magnoliopsida,Saxifragales,Grossulariaceae,Ribes,http://creativecommons.org/licenses/by-nc/4.0/,Daba,daba,,,,,,,
67034169,https://www.inaturalist.org/observations/67034169,HumanObservation,2022-02-14T07:59:32Z,iNaturalist,Observations,iNaturalist research-grade observations,,67034169,https://www.inaturalist.org/observations/67034169,Female Small Dingy Swallowtail (note: I initially thought it was a female Orchard Swallowtail); seen fluttering about foliage of a garden citrus tree. Possibly laying eggs or about to lay eggs. On private property but easily seen from adjacent nature strip; foliage was projecting above top of garden fence. Thanks to those who corrected the identification.,Sylvia Felicity Ann Haworth,,Peter Ewin,,wild,2020-12-25T09:36:00+10:00,09:36:00+10:00,2020/12/25 9:36 AM UTC,"Brisbane QLD, Australia",-27.3772244728,153.0418282812,2.0,EPSG:4326,AU,Queensland,147545451.0,2020-12-25T09:53:28Z,,417805,Papilio anactus,species,Animalia,Arthropoda,Insecta,Lepidoptera,Papilionidae,Papilio,http://creativecommons.org/licenses/by-nc/4.0/,Sylvia Felicity Ann Haworth,sylviafelicityannhaworth,AU,,,,,,
67034170,https://www.inaturalist.org/observations/67034170,HumanObservation,2020-12-25T12:02:12Z,iNaturalist,Observations,iNaturalist research-grade observations,,67034170,https://www.inaturalist.org/observations/67034170,,Emma,,Stephen Cox,,wild,2020-12-25T16:18:00+11:00,16:18:00+11:00,2020/12/25 4:18 PM AEDT,"14 Golden Orchid Dr, Airlie Beach QLD 4802, Australia",-20.2713492,148.7204873,92.0,EPSG:4326,AU,Queensland,147548562.0,2020-12-25T10:49:44Z,,8078,Artamus leucorynchus,species,Animalia,Chordata,Aves,Passeriformes,Artamidae,Artamus,http://creativecommons.org/licenses/by-nc/4.0/,Emma,eorwin,AU,,,,,alive,
67034174,https://www.inaturalist.org/observations/67034174,HumanObservation,2020-12-26T11:16:50Z,iNaturalist,Observations,iNaturalist research-grade observations,,67034174,https://www.inaturalist.org/observations/67034174,,Martin,,Martin,,wild,2020-12-21T15:39:37+06:00,15:39:37+06:00,2020-12-21 3:39:37 PM GMT+06:00,"Chukha, Bhutan",26.9068507535,89.3717183545,365.0,EPSG:4326,BT,Chhukha,147531869.0,2020-12-25T06:01:19Z,,160957,Crassocephalum crepidioides,species,Plantae,Tracheophyta,Magnoliopsida,Asterales,Asteraceae,Crassocephalum,http://creativecommons.org/licenses/by-nc/4.0/,Martin,martin_pathavidhatu,,,,,,,
67034176,https://www.inaturalist.org/observations/67034176,HumanObservation,2020-12-25T07:02:15Z,iNaturalist,Observations,iNaturalist research-grade observations,,67034176,https://www.inaturalist.org/observations/67034176,,Greg Davis,,Greg Davis,,wild,2020-12-09T12:19:04-08:00,12:19:04-08:00,Wed Dec 09 2020 12:19:04 GMT-0800 (PST),"Spring St, Arcata, CA, US",40.8679416667,-124.0771721667,4.0,EPSG:4326,US,California,147531873.0,2020-12-25T06:01:22Z,,8234,Cyanocitta stelleri,species,Animalia,Chordata,Aves,Passeriformes,Corvidae,Cyanocitta,http://creativecommons.org/licenses/by-nc/4.0/,Greg Davis,davegregis,,https://www.inaturalist.org/projects/california-birds,,,,,
67034178,https://www.inaturalist.org/observations/67034178,HumanObservation,2020-12-27T18:32:15Z,iNaturalist,Observations,iNaturalist research-grade observations,,67034178,https://www.inaturalist.org/observations/67034178,,Gerrit van den Bergh,,polyscias099,,wild,2020-12-25T10:58:21+11:00,10:58:21+11:00,Fri Dec 25 2020 10:58:21 GMT+1100 (GMT+11),"Budderoo National Park, Carrington Falls, NSW, AU",-34.6242833333,150.6555333333,10.0,EPSG:4326,AU,New South Wales,147834451.0,2020-12-27T12:52:53Z,,79048,Senecio linearifolius,species,Plantae,Tracheophyta,Magnoliopsida,Asterales,Asteraceae,Senecio,http://creativecommons.org/licenses/by-nc/4.0/,Gerrit van den Bergh,gerritvandenbergh,AU,,,,,,
67034180,https://www.inaturalist.org/observations/67034180,HumanObservation,2025-01-18T13:17:19Z,iNaturalist,Observations,iNaturalist research-grade observations,,67034180,https://www.inaturalist.org/observations/67034180,,William Harris,,Douglas Goldman,,wild,2020-09-05T12:12:00-05:00,12:12:00-05:00,2020/09/05 12:12 PM CDT,"Hancock County, MS, USA",30.2867435833,-89.6041599444,,EPSG:4326,US,Mississippi,177406137.0,2021-05-24T14:13:40Z,,81804,Sabal minor,species,Plantae,Tracheophyta,Liliopsida,Arecales,Arecaceae,Sabal,http://creativecommons.org/licenses/by-nc/4.0/,William Harris,mrprehistory,,,,,,,
67034182,https://www.inaturalist.org/observations/67034182,HumanObservation,2023-05-21T12:44:18Z,iNaturalist,Observations,iNaturalist research-grade observations,,67034182,https://www.inaturalist.org/observations/67034182,Rummaging around in the Queens Garden,Astrid,,Lloyd Esler,,wild,2020-12-25T17:49:40+13:00,17:49:40+13:00,2020-12-25 5:49:40 PM GMT+13:00,"Nelson 7010, New Zealand",-41.2733333333,173.2902777778,,EPSG:4326,NZ,Nelson,147542501.0,2020-12-25T08:55:39Z,,324879,Gallirallus australis australis,subspecies,Animalia,Chordata,Aves,Gruiformes,Rallidae,Gallirallus,http://creativecommons.org/licenses/by-nc/4.0/,Astrid,vitexlucens,NZ,,,,,,
67034183,https://www.inaturalist.org/observations/67034183,HumanObservation,2020-12-27T13:03:20Z,iNaturalist,Observations,iNaturalist research-grade observations,,67034183,https://www.inaturalist.org/observations/67034183,,Ashley M Bradford,,Ashley M Bradford,,wild,2018-01-05T11:02:00-05:00,11:02:00-05:00,2018/01/05 11:02 AM EST,"Brevard County, FL, USA",28.6694471855,-80.7716840426,122.0,EPSG:4326,US,Florida,147531897.0,2020-12-25T06:01:57Z,,558438,Spatula clypeata,species,Animalia,Chordata,Aves,Anseriformes,Anatidae,Spatula,http://creativecommons.org/licenses/by-nc/4.0/,Ashley M Bradford,ashley_bradford,,https://www.inaturalist.org/projects/florida-birds|https://www.inaturalist.org/projects/birds-of-florida,,,,,
67034185,https://www.inaturalist.org/observations/67034185,HumanObservation,2024-01-29T22:55:13Z,iNaturalist,Observations,iNaturalist research-grade observations,,67034185,https://www.inaturalist.org/observations/67034185,,Daba,https://orcid.org/0000-0002-1251-3167,Daba,https://orcid.org/0000-0002-1251-3167,wild,2018-07-31T19:17:00+13:00,19:17:00+13:00,2018/07/31 7:17 PM SST,"Иволгинский р-н, Респ. Бурятия, Россия",51.7433333585,107.3337864876,50.0,EPSG:4326,RU,Buryat,147531900.0,2020-12-25T06:02:05Z,,135501,Ephedra monosperma,species,Plantae,Tracheophyta,Gnetopsida,Ephedrales,Ephedraceae,Ephedra,http://creativecommons.org/licenses/by-nc/4.0/,Daba,daba,,,,,,,
67034186,https://www.inaturalist.org/observations/67034186,HumanObservation,2020-12-25T09:50:13Z,iNaturalist,Observations,iNaturalist research-grade observations,,67034186,https://www.inaturalist.org/observations/67034186,,Владимир,,Владимир,,wild,2020-12-24T15:55:00+06:00,15:55:00+06:00,2020/12/24 3:55 PM +0600,"Большеуковский р-н, Омская обл., Россия",57.0275686905,72.5116520827,122.0,EPSG:4326,RU,Omsk,147531910.0,2020-12-25T06:02:28Z,,52821,Achillea millefolium,species,Plantae,Tracheophyta,Magnoliopsida,Asterales,Asteraceae,Achillea,http://creativecommons.org/licenses/by-nc/4.0/,Владимир,vladimir_teplouhov,,,,,fruits or seeds,,
67034190,https://www.inaturalist.org/observations/67034190,HumanObservation,2021-01-25T18:24:35Z,iNaturalist,Observations,iNaturalist research-grade observations,,67034190,https://www.inaturalist.org/observations/67034190,,onyxrat,,Zach Kemp,,wild,2014-06-20T14:10:00-07:00,14:10:00-07:00,2014/06/20 2:10 PM PDT,"Wente Scout Reservation, Canyon Road, Willits, CA, USA",39.4185240389,-123.2784173807,202.0,EPSG:4326,US,California,147632184.0,2020-12-26T03:01:45Z,,59774,Pachydiplax longipennis,species,Animalia,Arthropoda,Insecta,Odonata,Libellulidae,Pachydiplax,http://creativecommons.org/licenses/by-nc/4.0/,onyxrat,onyxrat,,,,,,,
67034196,https://www.inaturalist.org/observations/67034196,HumanObservation,2024-01-29T22:55:13Z,iNaturalist,Observations,iNaturalist research-grade observations,,67034196,https://www.inaturalist.org/observations/67034196,,Daba,https://orcid.org/0000-0002-1251-3167,Daba,https://orcid.org/0000-0002-1251-3167,wild,2018-07-31T19:18:00+13:00,19:18:00+13:00,2018/07/31 7:18 PM SST,"Иволгинский р-н, Респ. Бурятия, Россия",51.7438804754,107.3301189022,31.0,EPSG:4326,RU,Buryat,147531943.0,2020-12-25T06:03:13Z,,779252,Saussurea salicifolia,species,Plantae,Tracheophyta,Magnoliopsida,Asterales,Asteraceae,Saussurea,http://creativecommons.org/licenses/by-nc/4.0/,Daba,daba,,,,,flowers,,
67034197,https://www.inaturalist.org/observations/67034197,HumanObservation,2023-08-18T20:56:38Z,iNaturalist,Observations,iNaturalist research-grade observations,,67034197,https://www.inaturalist.org/observations/67034197,,Gerrit van den Bergh,,Gerrit van den Bergh,,wild,2020-12-25T10:58:47+11:00,10:58:47+11:00,Fri Dec 25 2020 10:58:47 GMT+1100 (GMT+11),"Budderoo National Park, Carrington Falls, NSW, AU",-34.624275,150.6555333333,10.0,EPSG:4326,AU,New South Wales,398832627.0,2023-08-18T20:49:27Z,,284004,Sisyrinchium micranthum,species,Plantae,Tracheophyta,Liliopsida,Asparagales,Iridaceae,Sisyrinchium,http://creativecommons.org/licenses/by-nc/4.0/,Gerrit van den Bergh,gerritvandenbergh,AU,,,,,,
67034200,https://www.inaturalist.org/observations/67034200,HumanObservation,2023-07-08T00:33:26Z,iNaturalist,Observations,iNaturalist research-grade observations,,67034200,https://www.inaturalist.org/observations/67034200,Pigeon beach day Fun in the fountain,Finn Davey,,Finn Davey,,wild,2020-12-25T13:38:00+13:00,13:38:00+13:00,2020/12/25 1:38 PM NZDT,"Wellington, New Zealand",-41.2880231428,174.7789457185,2.0,EPSG:4326,NZ,Wellington,147531952.0,2020-12-25T06:03:25Z,,122767,Columba livia domestica,variety,Animalia,Chordata,Aves,Columbiformes,Columbidae,Columba,http://creativecommons.org/licenses/by-nc/4.0/,Finn Davey,skipperdogman,NZ,,,,,,
67034201,https://www.inaturalist.org/observations/67034201,HumanObservation,2023-07-08T00:33:56Z,iNaturalist,Observations,iNaturalist research-grade observations,,67034201,https://www.inaturalist.org/observations/67034201,Cute wee juvenile,Finn Davey,,Finn Davey,,wild,2020-12-25T12:38:00+13:00,12:38:00+13:00,2020/12/25 12:38 PM NZDT,"Roseneath, Wellington, New Zealand",-41.2866256439,174.8018949394,2.0,EPSG:4326,NZ,Wellington,147531953.0,2020-12-25T06:03:25Z,,730664,Sterna striata striata,subspecies,Animalia,Chordata,Aves,Charadriiformes,Laridae,Sterna,http://creativecommons.org/licenses/by-nc/4.0/,Finn Davey,skipperdogman,NZ,,,,,,
67034202,https://www.inaturalist.org/observations/67034202,HumanObservation,2023-07-08T00:33:43Z,iNaturalist,Observations,iNaturalist research-grade observations,,67034202,https://www.inaturalist.org/observations/67034202,Gull pals looking out into the harbour,Finn Davey,,Finn Davey,,wild,2020-12-25T12:37:00+13:00,12:37:00+13:00,2020/12/25 12:37 PM NZDT,"Roseneath, Wellington, New Zealand",-41.2865914729,174.8019424971,2.0,EPSG:4326,NZ,Wellington,147531954.0,2020-12-25T06:03:26Z,,979649,Chroicocephalus novaehollandiae scopulinus,subspecies,Animalia,Chordata,Aves,Charadriiformes,Laridae,Chroicocephalus,http://creativecommons.org/licenses/by-nc/4.0/,Finn Davey,skipperdogman,NZ,,,,,,
67034203,https://www.inaturalist.org/observations/67034203,HumanObservation,2023-07-08T00:34:18Z,iNaturalist,Observations,iNaturalist research-grade observations,,67034203,https://www.inaturalist.org/observations/67034203,"For the VOC in the centre causing the ruckus. The Terns and Gulls were having a good old time chilling on the rocks, then this bugger comes along and bullies most of them away. The VOC then proceeds to pick up a snail, decides he's not hungry, chucks it away then leaves.",Finn Davey,,Finn Davey,,wild,2020-12-25T12:34:00+13:00,12:34:00+13:00,2020/12/25 12:34 PM NZDT,"Roseneath, Wellington, New Zealand",-41.2866237998,174.8019439791,2.0,EPSG:4326,NZ,Wellington,147531955.0,2020-12-25T06:03:26Z,,4848,Haematopus unicolor,species,Animalia,Chordata,Aves,Charadriiformes,Haematopodidae,Haematopus,http://creativecommons.org/licenses/by-nc/4.0/,Finn Davey,skipperdogman,NZ,,,,,,
67034204,https://www.inaturalist.org/observations/67034204,HumanObservation,2023-07-08T00:34:16Z,iNaturalist,Observations,iNaturalist research-grade observations,,67034204,https://www.inaturalist.org/observations/67034204,For the WFT's flying away.,Finn Davey,,Finn Davey,,wild,2020-12-25T12:34:00+13:00,12:34:00+13:00,2020/12/25 12:34 PM NZDT,"Roseneath, Wellington, New Zealand",-41.2866256572,174.8019238194,2.0,EPSG:4326,NZ,Wellington,147531956.0,2020-12-25T06:03:27Z,,730664,Sterna striata striata,subspecies,Animalia,Chordata,Aves,Charadriiformes,Laridae,Sterna,http://creativecommons.org/licenses/by-nc/4.0/,Finn Davey,skipperdogman,NZ,,,,,,
67034205,https://www.inaturalist.org/observations/67034205,HumanObservation,2023-07-08T00:34:37Z,iNaturalist,Observations,iNaturalist research-grade observations,,67034205,https://www.inaturalist.org/observations/67034205,Young bird flying bottom centre,Finn Davey,,Finn Davey,,wild,2020-12-25T12:34:00+13:00,12:34:00+13:00,2020/12/25 12:34 PM NZDT,"Roseneath, Wellington, New Zealand",-41.2865902031,174.8019194913,4.0,EPSG:4326,NZ,Wellington,147531957.0,2020-12-25T06:03:27Z,,979649,Chroicocephalus novaehollandiae scopulinus,subspecies,Animalia,Chordata,Aves,Charadriiformes,Laridae,Chroicocephalus,http://creativecommons.org/licenses/by-nc/4.0/,Finn Davey,skipperdogman,NZ,,,,,,
67034206,https://www.inaturalist.org/observations/67034206,HumanObservation,2023-07-08T00:34:01Z,iNaturalist,Observations,iNaturalist research-grade observations,,67034206,https://www.inaturalist.org/observations/67034206,Enjoying the fountain view,Finn Davey,,Finn Davey,,wild,2020-12-25T12:06:00+13:00,12:06:00+13:00,2020/12/25 12:06 PM NZDT,"Wellington, New Zealand",-41.291167853,174.7938353208,4.0,EPSG:4326,NZ,Wellington,147531958.0,2020-12-25T06:03:27Z,,979649,Chroicocephalus novaehollandiae scopulinus,subspecies,Animalia,Chordata,Aves,Charadriiformes,Laridae,Chroicocephalus,http://creativecommons.org/licenses/by-nc/4.0/,Finn Davey,skipperdogman,NZ,,,,,,
67034207,https://www.inaturalist.org/observations/67034207,HumanObservation,2023-07-08T00:34:43Z,iNaturalist,Observations,iNaturalist research-grade observations,,67034207,https://www.inaturalist.org/observations/67034207,Found some discarded fish guts. I think they might be the gills but I'm not sure.,Finn Davey,,Finn Davey,,wild,2020-12-17T13:42:00+13:00,13:42:00+13:00,2020/12/17 1:42 PM NZDT,"Wellington, New Zealand",-41.2901063069,174.796578905,4.0,EPSG:4326,NZ,Wellington,147531960.0,2020-12-25T06:03:28Z,,333759,Larus dominicanus dominicanus,subspecies,Animalia,Chordata,Aves,Charadriiformes,Laridae,Larus,http://creativecommons.org/licenses/by-nc/4.0/,Finn Davey,skipperdogman,NZ,,,,,,
67034208,https://www.inaturalist.org/observations/67034208,HumanObservation,2022-04-14T18:53:09Z,iNaturalist,Observations,iNaturalist research-grade observations,,67034208,https://www.inaturalist.org/observations/67034208,,Станислав,https://orcid.org/0000-0002-9704-9403,Станислав,https://orcid.org/0000-0002-9704-9403,wild,2014-03-30T10:48:00+03:00,10:48:00+03:00,2014/03/30 10:48 AM +0300,Румлёво,53.6653325468,23.8869956248,2.0,EPSG:4326,BY,Hrodna,147531964.0,2020-12-25T06:03:32Z,,55846,Salix caprea,species,Plantae,Tracheophyta,Magnoliopsida,Malpighiales,Salicaceae,Salix,http://creativecommons.org/licenses/by-nc/4.0/,Станислав,leschij,,,,,,,
67034209,https://www.inaturalist.org/observations/67034209,HumanObservation,2020-12-25T06:22:15Z,iNaturalist,Observations,iNaturalist research-grade observations,,67034209,https://www.inaturalist.org/observations/67034209,,jacobastern,,jacobastern,,wild,2020-11-02T22:02:00-08:00,22:02:00-08:00,2020/11/02 10:02 PM PST,"625 Holly Park Cir, San Francisco, CA 94110, USA",37.7372115,-122.4199353,295.0,EPSG:4326,US,California,147531965.0,2020-12-25T06:03:33Z,,506118,Aphelocoma californica,species,Animalia,Chordata,Aves,Passeriformes,Corvidae,Aphelocoma,http://creativecommons.org/licenses/by-nc/4.0/,jacobastern,jacobastern,,https://www.inaturalist.org/projects/california-birds,,,,,
67034210,https://www.inaturalist.org/observations/67034210,HumanObservation,2024-01-15T06:18:59Z,iNaturalist,Observations,iNaturalist research-grade observations,,67034210,https://www.inaturalist.org/observations/67034210,,Станислав,https://orcid.org/0000-0002-9704-9403,Ihor Olshanskyi,https://orcid.org/0000-0002-8615-7054,wild,2014-03-30T11:52:00+03:00,11:52:00+03:00,2014/03/30 11:52 AM +0300,"Октябрьский район, Гродно, Беларусь",53.653611842,23.9020368062,4.0,EPSG:4326,BY,Hrodna,147544797.0,2020-12-25T09:45:17Z,,484661,Viscum album album,subspecies,Plantae,Tracheophyta,Magnoliopsida,Santalales,Santalaceae,Viscum,http://creativecommons.org/licenses/by-nc/4.0/,Станислав,leschij,,,,,,,
67034211,https://www.inaturalist.org/observations/67034211,HumanObservation,2022-05-29T06:09:55Z,iNaturalist,Observations,iNaturalist research-grade observations,,67034211,https://www.inaturalist.org/observations/67034211,,Станислав,https://orcid.org/0000-0002-9704-9403,Антон Кузьмицкий,,wild,2014-03-30T12:05:00+03:00,12:05:00+03:00,2014/03/30 12:05 PM +0300,"Октябрьский район, Гродно, Беларусь",53.6542933395,23.8921427721,4.0,EPSG:4326,BY,Hrodna,264604147.0,2022-05-28T14:49:47Z,,12748,Turdus philomelos,species,Animalia,Chordata,Aves,Passeriformes,Turdidae,Turdus,http://creativecommons.org/licenses/by-nc/4.0/,Станислав,leschij,,,,,,,
67034212,https://www.inaturalist.org/observations/67034212,HumanObservation,2022-04-14T18:53:09Z,iNaturalist,Observations,iNaturalist research-grade observations,,67034212,https://www.inaturalist.org/observations/67034212,,Станислав,https://orcid.org/0000-0002-9704-9403,Станислав,https://orcid.org/0000-0002-9704-9403,wild,2014-03-30T13:56:00+03:00,13:56:00+03:00,2014/03/30 1:56 PM +0300,"Октябрьский район, Гродно, Беларусь",53.6625523718,23.8581230633,4.0,EPSG:4326,BY,Hrodna,147531969.0,2020-12-25T06:03:34Z,,55846,Salix caprea,species,Plantae,Tracheophyta,Magnoliopsida,Malpighiales,Salicaceae,Salix,http://creativecommons.org/licenses/by-nc/4.0/,Станислав,leschij,,,,,,,
67034216,https://www.inaturalist.org/observations/67034216,HumanObservation,2020-12-25T06:13:53Z,iNaturalist,Observations,iNaturalist research-grade observations,,67034216,https://www.inaturalist.org/observations/67034216,,Greg Davis,,Greg Davis,,wild,2020-11-25T19:51:13-08:00,19:51:13-08:00,Wed Nov 25 2020 19:51:13 GMT-0800 (PST),"Humboldt Bay National Wildlife Refuge, Loleta, CA, US",40.6784094322,-124.2238244232,104.0,EPSG:4326,US,California,147531978.0,2020-12-25T06:03:52Z,,4665,Falco sparverius,species,Animalia,Chordata,Aves,Falconiformes,Falconidae,Falco,http://creativecommons.org/licenses/by-nc/4.0/,Greg Davis,davegregis,,https://www.inaturalist.org/projects/california-birds,,,,,
67034218,https://www.inaturalist.org/observations/67034218,HumanObservation,2020-12-25T06:50:39Z,iNaturalist,Observations,iNaturalist research-grade observations,,67034218,https://www.inaturalist.org/observations/67034218,,Владимир,,Владимир,,wild,2020-12-24T15:56:00+06:00,15:56:00+06:00,2020/12/24 3:56 PM +0600,"Большеуковский р-н, Омская обл., Россия",57.0260649632,72.5142984579,122.0,EPSG:4326,RU,Omsk,147531990.0,2020-12-25T06:04:08Z,,63134,Filipendula ulmaria,species,Plantae,Tracheophyta,Magnoliopsida,Rosales,Rosaceae,Filipendula,http://creativecommons.org/licenses/by-nc/4.0/,Владимир,vladimir_teplouhov,,,,,,,
67034220,https://www.inaturalist.org/observations/67034220,HumanObservation,2022-09-15T00:57:55Z,iNaturalist,Observations,iNaturalist research-grade observations,,67034220,https://www.inaturalist.org/observations/67034220,,Hannah Mews,,raduduna,,wild,2020-10-04T11:19:04-04:00,11:19:04-04:00,Sun Oct 04 2020 11:19:04 GMT-0400 (EDT),"Stouffville Rd, Richmond Hill, ON, CA",43.935355,-79.42302,10.0,EPSG:4326,CA,Ontario,250283830.0,2022-04-18T10:52:09Z,,124335,Hericium americanum,species,Fungi,Basidiomycota,Agaricomycetes,Russulales,Hericiaceae,Hericium,http://creativecommons.org/licenses/by-nc/4.0/,Hannah Mews,mws,CA,,,,,,
67034222,https://www.inaturalist.org/observations/67034222,HumanObservation,2024-01-29T22:55:13Z,iNaturalist,Observations,iNaturalist research-grade observations,,67034222,https://www.inaturalist.org/observations/67034222,,Daba,https://orcid.org/0000-0002-1251-3167,Daba,https://orcid.org/0000-0002-1251-3167,wild,2018-07-31T19:29:00+13:00,19:29:00+13:00,2018/07/31 7:29 PM SST,"Иволгинский р-н, Респ. Бурятия, Россия",51.746701972,107.3266680142,263.0,EPSG:4326,RU,Buryat,147532003.0,2020-12-25T06:04:25Z,,793381,Saposhnikovia divaricata,species,Plantae,Tracheophyta,Magnoliopsida,Apiales,Apiaceae,Saposhnikovia,http://creativecommons.org/licenses/by-nc/4.0/,Daba,daba,,,,,fruits or seeds,,
67034224,https://www.inaturalist.org/observations/67034224,HumanObservation,2020-12-25T06:23:07Z,iNaturalist,Observations,iNaturalist research-grade observations,,67034224,https://www.inaturalist.org/observations/67034224,,auntie_uncle,,auntie_uncle,,wild,2006-04-13T15:57:00Z,15:57:00Z,2006/04/13 3:57 PM UTC,"San Tin, Hong Kong",22.4950121,114.0696131,2660.0,EPSG:4326,HK,Yuen Long,147532012.0,2020-12-25T06:04:40Z,,2599,Alcedo atthis,species,Animalia,Chordata,Aves,Coraciiformes,Alcedinidae,Alcedo,http://creativecommons.org/licenses/by-nc/4.0/,auntie_uncle,auntie_uncle,,,,,,,
67034225,https://www.inaturalist.org/observations/67034225,HumanObservation,2021-02-27T18:01:44Z,iNaturalist,Observations,iNaturalist research-grade observations,,67034225,https://www.inaturalist.org/observations/67034225,,auntie_uncle,,auntie_uncle,,wild,2006-04-13T15:46:00Z,15:46:00Z,2006/04/13 3:46 PM UTC,"San Tin, Hong Kong",22.4950121,114.0696131,2660.0,EPSG:4326,HK,Yuen Long,147532013.0,2020-12-25T06:04:40Z,,201282,Gallinula chloropus,species,Animalia,Chordata,Aves,Gruiformes,Rallidae,Gallinula,http://creativecommons.org/licenses/by-nc/4.0/,auntie_uncle,auntie_uncle,,,,,,,
67034226,https://www.inaturalist.org/observations/67034226,HumanObservation,2020-12-25T06:47:30Z,iNaturalist,Observations,iNaturalist research-grade observations,,67034226,https://www.inaturalist.org/observations/67034226,,auntie_uncle,,auntie_uncle,,wild,2006-04-13T15:41:00Z,15:41:00Z,2006/04/13 3:41 PM UTC,"San Tin, Hong Kong",22.4950121,114.0696131,2660.0,EPSG:4326,HK,Yuen Long,147532015.0,2020-12-25T06:04:40Z,,199,Amaurornis phoenicurus,species,Animalia,Chordata,Aves,Gruiformes,Rallidae,Amaurornis,http://creativecommons.org/licenses/by-nc/4.0/,auntie_uncle,auntie_uncle,,,,,,,
67034227,https://www.inaturalist.org/observations/67034227,HumanObservation,2024-09-28T01:27:06Z,iNaturalist,Observations,iNaturalist research-grade observations,,67034227,https://www.inaturalist.org/observations/67034227,,auntie_uncle,,auntie_uncle,,wild,2006-04-13T16:03:00Z,16:03:00Z,2006/04/13 4:03 PM UTC,"San Tin, Hong Kong",22.4950121,114.0696131,2660.0,EPSG:4326,HK,Yuen Long,147532016.0,2020-12-25T06:04:41Z,,145102,Sturnia sinensis,species,Animalia,Chordata,Aves,Passeriformes,Sturnidae,Sturnia,http://creativecommons.org/licenses/by-nc/4.0/,auntie_uncle,auntie_uncle,,,,,,,
67034228,https://www.inaturalist.org/observations/67034228,HumanObservation,2020-12-25T06:47:09Z,iNaturalist,Observations,iNaturalist research-grade observations,,67034228,https://www.inaturalist.org/observations/67034228,,auntie_uncle,,auntie_uncle,,wild,2006-04-13T15:09:00Z,15:09:00Z,2006/04/13 3:09 PM UTC,"San Tin, Hong Kong",22.4950121,114.0696131,2660.0,EPSG:4326,HK,Yuen Long,147532017.0,2020-12-25T06:04:41Z,,204510,Eudynamys scolopaceus,species,Animalia,Chordata,Aves,Cuculiformes,Cuculidae,Eudynamys,http://creativecommons.org/licenses/by-nc/4.0/,auntie_uncle,auntie_uncle,,,,,,,
67034229,https://www.inaturalist.org/observations/67034229,HumanObservation,2020-12-25T06:47:00Z,iNaturalist,Observations,iNaturalist research-grade observations,,67034229,https://www.inaturalist.org/observations/67034229,,auntie_uncle,,auntie_uncle,,wild,2006-04-13T15:01:00Z,15:01:00Z,2006/04/13 3:01 PM UTC,"San Tin, Hong Kong",22.4950121,114.0696131,2660.0,EPSG:4326,HK,Yuen Long,147532019.0,2020-12-25T06:04:41Z,,72785,Cyanopica cyanus,species,Animalia,Chordata,Aves,Passeriformes,Corvidae,Cyanopica,http://creativecommons.org/licenses/by-nc/4.0/,auntie_uncle,auntie_uncle,,,,,,,
67034230,https://www.inaturalist.org/observations/67034230,HumanObservation,2020-12-25T22:20:33Z,iNaturalist,Observations,iNaturalist research-grade observations,,67034230,https://www.inaturalist.org/observations/67034230,,auntie_uncle,,auntie_uncle,,wild,2006-04-13T15:30:00Z,15:30:00Z,2006/04/13 3:30 PM UTC,"San Tin, Hong Kong",22.4950121,114.0696131,2660.0,EPSG:4326,HK,Yuen Long,147532020.0,2020-12-25T06:04:42Z,,11901,Hirundo rustica,species,Animalia,Chordata,Aves,Passeriformes,Hirundinidae,Hirundo,http://creativecommons.org/licenses/by-nc/4.0/,auntie_uncle,auntie_uncle,,,,,,,
67034231,https://www.inaturalist.org/observations/67034231,HumanObservation,2020-12-25T08:53:59Z,iNaturalist,Observations,iNaturalist research-grade observations,,67034231,https://www.inaturalist.org/observations/67034231,,auntie_uncle,,auntie_uncle,,wild,2006-04-13T15:33:00Z,15:33:00Z,2006/04/13 3:33 PM UTC,"San Tin, Hong Kong",22.4950121,114.0696131,2660.0,EPSG:4326,HK,Yuen Long,147532022.0,2020-12-25T06:04:42Z,,318836,Gallinago gallinago,species,Animalia,Chordata,Aves,Charadriiformes,Scolopacidae,Gallinago,http://creativecommons.org/licenses/by-nc/4.0/,auntie_uncle,auntie_uncle,,,,,,,
67034233,https://www.inaturalist.org/observations/67034233,HumanObservation,2020-12-25T06:36:01Z,iNaturalist,Observations,iNaturalist research-grade observations,,67034233,https://www.inaturalist.org/observations/67034233,,auntie_uncle,,auntie_uncle,,wild,2006-04-13T15:10:00Z,15:10:00Z,2006/04/13 3:10 PM UTC,"San Tin, Hong Kong",22.4950121,114.0696131,2660.0,EPSG:4326,HK,Yuen Long,147532024.0,2020-12-25T06:04:42Z,,4990,Ardeola bacchus,species,Animalia,Chordata,Aves,Pelecaniformes,Ardeidae,Ardeola,http://creativecommons.org/licenses/by-nc/4.0/,auntie_uncle,auntie_uncle,,,,,,,
67034248,https://www.inaturalist.org/observations/67034248,HumanObservation,2024-07-13T05:25:51Z,iNaturalist,Observations,iNaturalist research-grade observations,,67034248,https://www.inaturalist.org/observations/67034248,Glycine sp,waratah1,,theanswerisplants,,wild,2020-12-25T17:04:11+11:00,17:04:11+11:00,Fri Dec 25 2020 17:04:11 GMT+1100 (GMT+11),"Kelcey Tier Green Belt, Stony Rise, TAS, AU",-41.2002142333,146.3206812368,10.0,EPSG:4326,AU,Tasmania,418198237.0,2023-10-16T02:54:07Z,,321122,Glycine clandestina,species,Plantae,Tracheophyta,Magnoliopsida,Fabales,Fabaceae,Glycine,http://creativecommons.org/licenses/by-nc/4.0/,waratah1,waratah1,,,,,,,
67034249,https://www.inaturalist.org/observations/67034249,HumanObservation,2022-05-27T06:47:11Z,iNaturalist,Observations,iNaturalist research-grade observations,Coordinate uncertainty increased to 28270m at the request of the observer,67034249,https://www.inaturalist.org/observations/67034249,,kmsfkf,,kmsfkf,,wild,2020-11-03T12:00:00Z,12:00:00Z,Tue Nov 03 2020 12:00:00 GMT-0800 (PST),"California, US",38.3836982095,-122.7208745924,28270.0,EPSG:4326,US,California,264238816.0,2022-05-27T06:38:22Z,,414284,Cyperus alternifolius flabelliformis,subspecies,Plantae,Tracheophyta,Liliopsida,Poales,Cyperaceae,Cyperus,http://creativecommons.org/licenses/by-nc/4.0/,kmsfkf,kmsfkf,,,,,,,
67034251,https://www.inaturalist.org/observations/67034251,HumanObservation,2020-12-25T07:48:12Z,iNaturalist,Observations,iNaturalist research-grade observations,,67034251,https://www.inaturalist.org/observations/67034251,,Владимир,,Владимир,,wild,2020-12-24T15:58:00+06:00,15:58:00+06:00,2020/12/24 3:58 PM +0600,"Большеуковский р-н, Омская обл., Россия",57.0262875656,72.5145430601,31.0,EPSG:4326,RU,Omsk,147532069.0,2020-12-25T06:05:42Z,,429307,Parasenecio hastatus,species,Plantae,Tracheophyta,Magnoliopsida,Asterales,Asteraceae,Parasenecio,http://creativecommons.org/licenses/by-nc/4.0/,Владимир,vladimir_teplouhov,,,,,,,
67034255,https://www.inaturalist.org/observations/67034255,HumanObservation,2025-01-07T13:59:44Z,iNaturalist,Observations,iNaturalist research-grade observations,Coordinate uncertainty increased to 29656m at the request of the observer,67034255,https://www.inaturalist.org/observations/67034255,,Oliver Angus,https://orcid.org/0000-0002-9791-9480,Oliver Angus,https://orcid.org/0000-0002-9791-9480,wild,2020-12-24T21:56:00-10:00,21:56:00-10:00,2020/12/24 9:56 PM HST,"Thabo Mofutsanyane, ZA-FS, ZA",-28.0327161597,27.7343060207,29656.0,EPSG:4326,ZA,Free State,147532080.0,2020-12-25T06:05:57Z,,23528,Semnodactylus wealii,species,Animalia,Chordata,Amphibia,Anura,Hyperoliidae,Semnodactylus,http://creativecommons.org/publicdomain/zero/1.0/,Oliver Angus,olvr_a,,https://www.inaturalist.org/projects/afriherps,,,,alive,"{""evidenceOfPresence"":""organism""}"
67034256,https://www.inaturalist.org/observations/67034256,HumanObservation,2025-01-07T13:59:44Z,iNaturalist,Observations,iNaturalist research-grade observations,Coordinate uncertainty increased to 29656m at the request of the observer,67034256,https://www.inaturalist.org/observations/67034256,,Oliver Angus,https://orcid.org/0000-0002-9791-9480,Oliver Angus,https://orcid.org/0000-0002-9791-9480,wild,2020-12-24T23:01:00-10:00,23:01:00-10:00,2020/12/24 11:01 PM HST,"Thabo Mofutsanyane, ZA-FS, ZA",-28.1559268252,27.6612006462,29656.0,EPSG:4326,ZA,Free State,147532083.0,2020-12-25T06:05:58Z,,25411,Cacosternum boettgeri,species,Animalia,Chordata,Amphibia,Anura,Pyxicephalidae,Cacosternum,http://creativecommons.org/publicdomain/zero/1.0/,Oliver Angus,olvr_a,,https://www.inaturalist.org/projects/afriherps,,,,,
67034257,https://www.inaturalist.org/observations/67034257,HumanObservation,2020-12-25T16:32:41Z,iNaturalist,Observations,iNaturalist research-grade observations,Coordinate uncertainty increased to 29891m at the request of the observer,67034257,https://www.inaturalist.org/observations/67034257,,Jade Fortnash,,Jade Fortnash,,wild,2020-12-25T00:48:39-05:00,00:48:39-05:00,Fri Dec 25 2020 00:48:39 GMT-0500 (EST),"Florida, US",26.0086574462,-80.3195448395,29891.0,EPSG:4326,US,Florida,147532085.0,2020-12-25T06:05:59Z,,116461,Anolis sagrei,species,Animalia,Chordata,Reptilia,Squamata,Anolidae,Anolis,http://creativecommons.org/publicdomain/zero/1.0/,Jade Fortnash,buggybuddy,,https://www.inaturalist.org/projects/herps-of-florida,,,,,
67034258,https://www.inaturalist.org/observations/67034258,HumanObservation,2023-06-08T03:19:37Z,iNaturalist,Observations,iNaturalist research-grade observations,,67034258,https://www.inaturalist.org/observations/67034258,Ex. collection Jack Austin.,Ben Travaglini,https://orcid.org/0000-0002-5716-3455,Ben Travaglini,https://orcid.org/0000-0002-5716-3455,wild,2001-02-15,,2001/02/15,"Port Welshpool VIC 3965, Australia",-38.703615683,146.4558282105,615.0,EPSG:4326,AU,Victoria,147532086.0,2020-12-25T06:06:03Z,,743083,Bassina disjecta,species,Animalia,Mollusca,Bivalvia,Venerida,Veneridae,Bassina,http://creativecommons.org/licenses/by-nc/4.0/,Ben Travaglini,ben_travaglini,AU,,,,,,
67034259,https://www.inaturalist.org/observations/67034259,HumanObservation,2023-03-26T17:17:26Z,iNaturalist,Observations,iNaturalist research-grade observations,,67034259,https://www.inaturalist.org/observations/67034259,,mancho,,judith holm,,wild,2020-12-23T12:31:09Z,12:31:09Z,Wed Dec 23 2020 12:31:09 GMT-0800 (PST),"Bowen Island, Bowen Island, BC, CA",49.37345833,-123.33132167,5.0,EPSG:4326,CA,British Columbia,147594227.0,2020-12-25T20:20:46Z,,164232,Jasminum nudiflorum,species,Plantae,Tracheophyta,Magnoliopsida,Lamiales,Oleaceae,Jasminum,http://creativecommons.org/licenses/by-nc/4.0/,mancho,mancho,CA,https://www.inaturalist.org/projects/biodiversity-squamish,,,,,
67034262,https://www.inaturalist.org/observations/67034262,HumanObservation,2021-07-16T08:33:02Z,iNaturalist,Observations,iNaturalist research-grade observations,,67034262,https://www.inaturalist.org/observations/67034262,,Joe Dillon,,Joe Dillon,,wild,2020-12-25T16:08:00+13:00,16:08:00+13:00,2020/12/25 4:08 PM NZDT,"Cambridge, New Zealand",-37.8906430358,175.4699430361,8.0,EPSG:4326,NZ,Waikato,147532108.0,2020-12-25T06:06:35Z,,123390,Bryum argenteum,species,Plantae,Bryophyta,Bryopsida,Bryales,Bryaceae,Bryum,http://creativecommons.org/licenses/by/4.0/,Joe Dillon,joedillon,GB,,,,,,
67034263,https://www.inaturalist.org/observations/67034263,HumanObservation,2021-07-16T08:33:02Z,iNaturalist,Observations,iNaturalist research-grade observations,,67034263,https://www.inaturalist.org/observations/67034263,,Joe Dillon,,Joe Dillon,,wild,2020-12-25T16:08:00+13:00,16:08:00+13:00,2020/12/25 4:08 PM NZDT,"Cambridge, New Zealand",-37.8906391463,175.4699443772,2.0,EPSG:4326,NZ,Waikato,147532109.0,2020-12-25T06:06:36Z,,58893,Euphorbia maculata,species,Plantae,Tracheophyta,Magnoliopsida,Malpighiales,Euphorbiaceae,Euphorbia,http://creativecommons.org/licenses/by/4.0/,Joe Dillon,joedillon,GB,,,,,,
67034265,https://www.inaturalist.org/observations/67034265,HumanObservation,2021-07-16T08:33:02Z,iNaturalist,Observations,iNaturalist research-grade observations,,67034265,https://www.inaturalist.org/observations/67034265,,Joe Dillon,,Joe Dillon,,wild,2020-12-25T16:15:00+13:00,16:15:00+13:00,2020/12/25 4:15 PM NZDT,"Cambridge, New Zealand",-37.8896760006,175.4719773596,15.0,EPSG:4326,NZ,Waikato,147532112.0,2020-12-25T06:06:36Z,,56162,Malva sylvestris,species,Plantae,Tracheophyta,Magnoliopsida,Malvales,Malvaceae,Malva,http://creativecommons.org/licenses/by/4.0/,Joe Dillon,joedillon,GB,,,,flowers,,
67034266,https://www.inaturalist.org/observations/67034266,HumanObservation,2021-07-16T08:33:02Z,iNaturalist,Observations,iNaturalist research-grade observations,,67034266,https://www.inaturalist.org/observations/67034266,,Joe Dillon,,Joe Dillon,,wild,2020-12-25T16:18:00+13:00,16:18:00+13:00,2020/12/25 4:18 PM NZDT,"Cambridge, New Zealand",-37.8897103333,175.4711341469,8.0,EPSG:4326,NZ,Waikato,147532113.0,2020-12-25T06:06:37Z,,75916,Buddleja davidii,species,Plantae,Tracheophyta,Magnoliopsida,Lamiales,Scrophulariaceae,Buddleja,http://creativecommons.org/licenses/by/4.0/,Joe Dillon,joedillon,GB,https://www.inaturalist.org/projects/the-dirty-dozen,,,flowers,,
67034267,https://www.inaturalist.org/observations/67034267,HumanObservation,2021-07-24T06:51:32Z,iNaturalist,Observations,iNaturalist research-grade observations,,67034267,https://www.inaturalist.org/observations/67034267,,Joe Dillon,,Zachary Ngow,https://orcid.org/0000-0002-2435-2321,wild,2020-12-25T16:19:00+13:00,16:19:00+13:00,2020/12/25 4:19 PM NZDT,"Cambridge, New Zealand",-37.8900786529,175.4702865689,8.0,EPSG:4326,NZ,Waikato,193649595.0,2021-07-24T06:46:14Z,fairly confident on this id,167508,Pseudosasa japonica,species,Plantae,Tracheophyta,Liliopsida,Poales,Poaceae,Pseudosasa,http://creativecommons.org/licenses/by/4.0/,Joe Dillon,joedillon,GB,,,,,,
67034268,https://www.inaturalist.org/observations/67034268,HumanObservation,2021-07-16T08:33:02Z,iNaturalist,Observations,iNaturalist research-grade observations,,67034268,https://www.inaturalist.org/observations/67034268,,Joe Dillon,,wild_wind,,wild,2020-12-25T16:19:00+13:00,16:19:00+13:00,2020/12/25 4:19 PM NZDT,"Cambridge, New Zealand",-37.8900998206,175.469594559,8.0,EPSG:4326,NZ,Waikato,147533808.0,2020-12-25T06:37:00Z,,341569,Turdus merula merula,subspecies,Animalia,Chordata,Aves,Passeriformes,Turdidae,Turdus,http://creativecommons.org/licenses/by/4.0/,Joe Dillon,joedillon,GB,,,,,,
67034269,https://www.inaturalist.org/observations/67034269,HumanObservation,2021-07-16T08:33:02Z,iNaturalist,Observations,iNaturalist research-grade observations,,67034269,https://www.inaturalist.org/observations/67034269,,Joe Dillon,,mark_smale,,wild,2020-12-25T16:21:00+13:00,16:21:00+13:00,2020/12/25 4:21 PM NZDT,"Cambridge, New Zealand",-37.8896143526,175.4671040657,8.0,EPSG:4326,NZ,Waikato,147532811.0,2020-12-25T06:20:48Z,One of the worst weeds in the country..,128769,Ligustrum sinense,species,Plantae,Tracheophyta,Magnoliopsida,Lamiales,Oleaceae,Ligustrum,http://creativecommons.org/licenses/by/4.0/,Joe Dillon,joedillon,GB,,,,,,
67034270,https://www.inaturalist.org/observations/67034270,HumanObservation,2021-07-16T08:33:02Z,iNaturalist,Observations,iNaturalist research-grade observations,,67034270,https://www.inaturalist.org/observations/67034270,,Joe Dillon,,Joe Dillon,,wild,2020-12-25T16:20:00+13:00,16:20:00+13:00,2020/12/25 4:20 PM NZDT,"Cambridge, New Zealand",-37.8899347121,175.468113342,8.0,EPSG:4326,NZ,Waikato,147532118.0,2020-12-25T06:06:39Z,,210959,Pyrrosia eleagnifolia,species,Plantae,Tracheophyta,Polypodiopsida,Polypodiales,Polypodiaceae,Pyrrosia,http://creativecommons.org/licenses/by/4.0/,Joe Dillon,joedillon,GB,https://www.inaturalist.org/projects/ferns-in-nz,,,,,
67034271,https://www.inaturalist.org/observations/67034271,HumanObservation,2021-07-16T08:33:02Z,iNaturalist,Observations,iNaturalist research-grade observations,,67034271,https://www.inaturalist.org/observations/67034271,,Joe Dillon,,Joe Dillon,,wild,2020-12-25T16:31:00+13:00,16:31:00+13:00,2020/12/25 4:31 PM NZDT,"Cambridge, New Zealand",-37.8853221087,175.4646908849,4.0,EPSG:4326,NZ,Waikato,147532120.0,2020-12-25T06:06:39Z,,163873,Hydrocotyle moschata,species,Plantae,Tracheophyta,Magnoliopsida,Apiales,Araliaceae,Hydrocotyle,http://creativecommons.org/licenses/by/4.0/,Joe Dillon,joedillon,GB,,,,,,
67034275,https://www.inaturalist.org/observations/67034275,HumanObservation,2024-11-05T06:51:37Z,iNaturalist,Observations,iNaturalist research-grade observations,,67034275,https://www.inaturalist.org/observations/67034275,,Ana Gatica Colima,,Ana Gatica Colima,,wild,2015-12-23,,2015/12/23,"Cumpas, Son., México",29.919813,-109.682005,,EPSG:4326,MX,Sonora,147532129.0,2020-12-25T06:06:56Z,,42051,Canis latrans,species,Animalia,Chordata,Mammalia,Carnivora,Canidae,Canis,http://creativecommons.org/licenses/by-nc/4.0/,Ana Gatica Colima,agatica,MX,https://www.inaturalist.org/projects/mamiferos-silvestres-de-mexico|https://www.inaturalist.org/projects/mamiferos-atropellados-en-carreteras-de-mexico,,,,dead,
67034277,https://www.inaturalist.org/observations/67034277,HumanObservation,2024-01-29T22:55:13Z,iNaturalist,Observations,iNaturalist research-grade observations,,67034277,https://www.inaturalist.org/observations/67034277,,Daba,https://orcid.org/0000-0002-1251-3167,Daba,https://orcid.org/0000-0002-1251-3167,wild,2018-07-31T19:44:00+13:00,19:44:00+13:00,2018/07/31 7:44 PM SST,"Иволгинский р-н, Респ. Бурятия, Россия",51.7599006813,107.3354460546,164.0,EPSG:4326,RU,Buryat,147532131.0,2020-12-25T06:06:57Z,,852385,Nitraria sibirica,species,Plantae,Tracheophyta,Magnoliopsida,Sapindales,Nitrariaceae,Nitraria,http://creativecommons.org/licenses/by-nc/4.0/,Daba,daba,,,,,,,
67034278,https://www.inaturalist.org/observations/67034278,HumanObservation,2020-12-25T07:48:11Z,iNaturalist,Observations,iNaturalist research-grade observations,,67034278,https://www.inaturalist.org/observations/67034278,,Владимир,,Владимир,,wild,2020-12-24T15:59:00+06:00,15:59:00+06:00,2020/12/24 3:59 PM +0600,"Большеуковский р-н, Омская обл., Россия",57.0274445492,72.5126413532,122.0,EPSG:4326,RU,Omsk,147532136.0,2020-12-25T06:07:00Z,,61396,Origanum vulgare,species,Plantae,Tracheophyta,Magnoliopsida,Lamiales,Lamiaceae,Origanum,http://creativecommons.org/licenses/by-nc/4.0/,Владимир,vladimir_teplouhov,,,,,,,
67034280,https://www.inaturalist.org/observations/67034280,HumanObservation,2023-04-10T17:41:55Z,iNaturalist,Observations,iNaturalist research-grade observations,,67034280,https://www.inaturalist.org/observations/67034280,,Станислав,https://orcid.org/0000-0002-9704-9403,albach,,wild,2014-04-20T13:13:00+03:00,13:13:00+03:00,2014/04/20 1:13 PM +0300,"Гродно, Беларусь",53.6533715755,23.8876516624,2.0,EPSG:4326,BY,Hrodna,348708710.0,2023-04-10T08:57:03Z,,170194,Veronica verna,species,Plantae,Tracheophyta,Magnoliopsida,Lamiales,Plantaginaceae,Veronica,http://creativecommons.org/licenses/by-nc/4.0/,Станислав,leschij,,,,,,,
67034281,https://www.inaturalist.org/observations/67034281,HumanObservation,2020-12-25T09:35:27Z,iNaturalist,Observations,iNaturalist research-grade observations,,67034281,https://www.inaturalist.org/observations/67034281,,zedkelly,,ghazard,,wild,2020-12-24T16:32:22Z,16:32:22Z,2020-12-24 4:32:22 PM PST,"University Town Center, Irvine, CA 92612, USA",33.6536805556,-117.8321444444,,EPSG:4326,US,California,147539652.0,2020-12-25T07:55:22Z,"Common Sandpiper, though very similar in appearance, is an Old World species and extremely unlikely.",72458,Actitis macularius,species,Animalia,Chordata,Aves,Charadriiformes,Scolopacidae,Actitis,http://creativecommons.org/licenses/by-nc/4.0/,zedkelly,zedkelly,,https://www.inaturalist.org/projects/california-birds,,,,,
67034282,https://www.inaturalist.org/observations/67034282,HumanObservation,2022-08-14T02:55:18Z,iNaturalist,Observations,iNaturalist research-grade observations,,67034282,https://www.inaturalist.org/observations/67034282,,Doreen,,Soh Kam Yung,,wild,2020-12-19T09:36:00+08:00,09:36:00+08:00,2020-12-19 9:36:00 am GMT+08:00,"Main Bridge, Singapore",1.447887037,103.7268698215,66.0,EPSG:4326,SG,North,147555582.0,2020-12-25T13:27:36Z,,495852,Calliphara nobilis,species,Animalia,Arthropoda,Insecta,Hemiptera,Scutelleridae,Calliphara,http://creativecommons.org/licenses/by/4.0/,Doreen,hadoe,,,,,,,
67034319,https://www.inaturalist.org/observations/67034319,HumanObservation,2020-12-25T06:59:05Z,iNaturalist,Observations,iNaturalist research-grade observations,,67034319,https://www.inaturalist.org/observations/67034319,,Greg Davis,,Greg Davis,,wild,2020-11-17T14:55:25-08:00,14:55:25-08:00,Tue Nov 17 2020 14:55:25 GMT-0800 (PST),"Spring St, Arcata, CA, US",40.867955,-124.0772028333,6.0,EPSG:4326,US,California,147532203.0,2020-12-25T06:07:37Z,,18236,Colaptes auratus,species,Animalia,Chordata,Aves,Piciformes,Picidae,Colaptes,http://creativecommons.org/licenses/by-nc/4.0/,Greg Davis,davegregis,,https://www.inaturalist.org/projects/california-birds,,,,,
67034320,https://www.inaturalist.org/observations/67034320,HumanObservation,2020-12-25T10:24:27Z,iNaturalist,Observations,iNaturalist research-grade observations,,67034320,https://www.inaturalist.org/observations/67034320,,auntie_uncle,,auntie_uncle,,wild,2006-04-02T15:29:00Z,15:29:00Z,2006/04/02 3:29 PM UTC,"Ng Tung Chai, Hong Kong",22.436478,114.127878,2005.0,EPSG:4326,HK,Tai Po,147532210.0,2020-12-25T06:07:47Z,,146651,Papilio paris,species,Animalia,Arthropoda,Insecta,Lepidoptera,Papilionidae,Papilio,http://creativecommons.org/licenses/by-nc/4.0/,auntie_uncle,auntie_uncle,,https://www.inaturalist.org/projects/butterflies-of-hong-kong,,,,,
67034325,https://www.inaturalist.org/observations/67034325,HumanObservation,2020-12-25T06:20:51Z,iNaturalist,Observations,iNaturalist research-grade observations,,67034325,https://www.inaturalist.org/observations/67034325,,Владимир,,Владимир,,wild,2020-12-24T16:01:00+06:00,16:01:00+06:00,2020/12/24 4:01 PM +0600,"Большеуковский р-н, Омская обл., Россия",57.0276088211,72.5079617098,244.0,EPSG:4326,RU,Omsk,147532226.0,2020-12-25T06:08:06Z,,47571,Populus tremula,species,Plantae,Tracheophyta,Magnoliopsida,Malpighiales,Salicaceae,Populus,http://creativecommons.org/licenses/by-nc/4.0/,Владимир,vladimir_teplouhov,,,,,,,
67034326,https://www.inaturalist.org/observations/67034326,HumanObservation,2025-03-11T01:31:46Z,iNaturalist,Observations,iNaturalist research-grade observations,,67034326,https://www.inaturalist.org/observations/67034326,Malmaison WMA,William Harris,,William Harris,,wild,2020-07-15T10:09:00-05:00,10:09:00-05:00,2020/07/15 10:09 AM CDT,"Grenada County, MS, USA",33.6992409182,-90.0704426975,237.0,EPSG:4326,US,Mississippi,147532228.0,2020-12-25T06:08:07Z,,121747,Arundinaria gigantea,species,Plantae,Tracheophyta,Liliopsida,Poales,Poaceae,Arundinaria,http://creativecommons.org/licenses/by-nc/4.0/,William Harris,mrprehistory,,,,,no flowers or fruits,,
67034338,https://www.inaturalist.org/observations/67034338,HumanObservation,2020-12-27T15:00:00Z,iNaturalist,Observations,iNaturalist research-grade observations,,67034338,https://www.inaturalist.org/observations/67034338,,Flaviano Zubieta,,Flaviano Zubieta,,wild,2020-12-24T14:29:40-06:00,14:29:40-06:00,Thu Dec 24 2020 14:29:40 GMT-0600 (CST),"Carretera Guadalajara - Zacatecas, Villanueva, ZAC, MX",22.27875,-102.8599616667,4.0,EPSG:4326,MX,Zacatecas,147532268.0,2020-12-25T06:08:59Z,,194204,Ipomoea murucoides,species,Plantae,Tracheophyta,Magnoliopsida,Solanales,Convolvulaceae,Ipomoea,http://creativecommons.org/licenses/by-nc/4.0/,Flaviano Zubieta,zubieta,MX,https://www.inaturalist.org/projects/malezas-en-mexico|https://www.inaturalist.org/projects/convolvulaceae-de-mexico,,,,,
67034339,https://www.inaturalist.org/observations/67034339,HumanObservation,2020-12-27T18:28:35Z,iNaturalist,Observations,iNaturalist research-grade observations,,67034339,https://www.inaturalist.org/observations/67034339,,Gerrit van den Bergh,,polyscias099,,wild,2020-12-25T11:03:39+11:00,11:03:39+11:00,Fri Dec 25 2020 11:03:39 GMT+1100 (GMT+11),"Budderoo National Park, Carrington Falls, NSW, AU",-34.6247583333,150.6555783333,10.0,EPSG:4326,AU,New South Wales,147833541.0,2020-12-27T12:43:28Z,,323103,Cassinia aculeata,species,Plantae,Tracheophyta,Magnoliopsida,Asterales,Asteraceae,Cassinia,http://creativecommons.org/licenses/by-nc/4.0/,Gerrit van den Bergh,gerritvandenbergh,AU,,,,,,
67034341,https://www.inaturalist.org/observations/67034341,HumanObservation,2021-07-28T19:27:32Z,iNaturalist,Observations,iNaturalist research-grade observations,,67034341,https://www.inaturalist.org/observations/67034341,,Владимир,,Владимир,,wild,2020-12-24T16:01:00+06:00,16:01:00+06:00,2020/12/24 4:01 PM +0600,"Большеуковский р-н, Омская обл., Россия",57.0254767906,72.5118582728,488.0,EPSG:4326,RU,Omsk,147532279.0,2020-12-25T06:09:12Z,,859076,Aconitum septentrionale,species,Plantae,Tracheophyta,Magnoliopsida,Ranunculales,Ranunculaceae,Aconitum,http://creativecommons.org/licenses/by-nc/4.0/,Владимир,vladimir_teplouhov,,,,,,,
67034342,https://www.inaturalist.org/observations/67034342,HumanObservation,2021-08-18T08:20:45Z,iNaturalist,Observations,iNaturalist research-grade observations,,67034342,https://www.inaturalist.org/observations/67034342,,Luke Quinane,,Luke Quinane,,wild,2020-12-25T13:08:22+11:00,13:08:22+11:00,2020-12-25 1:08:22 PM GMT+11:00,"Bellevue Rd at Brentwood Ave, Figtree NSW 2525, Australia",-34.4263138889,150.8504944444,,EPSG:4326,AU,New South Wales,147532286.0,2020-12-25T06:09:17Z,,208183,Henicopsaltria eydouxii,species,Animalia,Arthropoda,Insecta,Hemiptera,Cicadidae,Henicopsaltria,http://creativecommons.org/licenses/by/4.0/,Luke Quinane,lukequinane,AU,,,,,alive,
67034344,https://www.inaturalist.org/observations/67034344,HumanObservation,2020-12-27T13:03:23Z,iNaturalist,Observations,iNaturalist research-grade observations,,67034344,https://www.inaturalist.org/observations/67034344,,Ashley M Bradford,,Ashley M Bradford,,wild,2016-12-24T13:07:00-05:00,13:07:00-05:00,2016/12/24 1:07 PM EST,"Brevard County, FL, USA",28.6576027783,-80.7688916667,,EPSG:4326,US,Florida,147532290.0,2020-12-25T06:09:22Z,,558438,Spatula clypeata,species,Animalia,Chordata,Aves,Anseriformes,Anatidae,Spatula,http://creativecommons.org/licenses/by-nc/4.0/,Ashley M Bradford,ashley_bradford,,https://www.inaturalist.org/projects/florida-birds|https://www.inaturalist.org/projects/birds-of-florida,,,,,
67034345,https://www.inaturalist.org/observations/67034345,HumanObservation,2020-12-27T13:03:26Z,iNaturalist,Observations,iNaturalist research-grade observations,,67034345,https://www.inaturalist.org/observations/67034345,"The black ones, not the ducks, which are Northern Shovelers",Ashley M Bradford,,Ashley M Bradford,,wild,2016-12-24T13:01:00-05:00,13:01:00-05:00,2016/12/24 1:01 PM EST,"Brevard County, FL, USA",28.6575166667,-80.7681916667,,EPSG:4326,US,Florida,147532291.0,2020-12-25T06:09:22Z,,473,Fulica americana,species,Animalia,Chordata,Aves,Gruiformes,Rallidae,Fulica,http://creativecommons.org/licenses/by-nc/4.0/,Ashley M Bradford,ashley_bradford,,https://www.inaturalist.org/projects/florida-birds|https://www.inaturalist.org/projects/birds-of-florida,,,,,
67034346,https://www.inaturalist.org/observations/67034346,HumanObservation,2020-12-25T14:00:11Z,iNaturalist,Observations,iNaturalist research-grade observations,,67034346,https://www.inaturalist.org/observations/67034346,,Andy Pearce 🕊,,Andy Pearce 🕊,,wild,2016-12-21T11:37:00+13:00,11:37:00+13:00,2016/12/21 11:37 AM NZDT,"Km. 78 de la Via Quito - Calacali, Mindo 170751, Ecuador",-0.0265602,-78.7593928,201.0,EPSG:4326,EC,Pichincha,147532300.0,2020-12-25T06:09:34Z,,18285,Campephilus pollens,species,Animalia,Chordata,Aves,Piciformes,Picidae,Campephilus,http://creativecommons.org/licenses/by-nc/4.0/,Andy Pearce 🕊,andypearce,NZ,,,,,,
67034347,https://www.inaturalist.org/observations/67034347,HumanObservation,2024-01-29T22:55:13Z,iNaturalist,Observations,iNaturalist research-grade observations,,67034347,https://www.inaturalist.org/observations/67034347,,Daba,https://orcid.org/0000-0002-1251-3167,Daba,https://orcid.org/0000-0002-1251-3167,wild,2018-08-03T15:46:00+13:00,15:46:00+13:00,2018/08/03 3:46 PM SST,"Бичурский р-н, Респ. Бурятия, Россия",50.6308509394,107.6711034288,122.0,EPSG:4326,RU,Buryat,147532303.0,2020-12-25T06:09:37Z,,124879,Cornus alba,species,Plantae,Tracheophyta,Magnoliopsida,Cornales,Cornaceae,Cornus,http://creativecommons.org/licenses/by-nc/4.0/,Daba,daba,,,,,,,
67034348,https://www.inaturalist.org/observations/67034348,HumanObservation,2022-01-27T21:21:34Z,iNaturalist,Observations,iNaturalist research-grade observations,,67034348,https://www.inaturalist.org/observations/67034348,,leafu,,leafu,,wild,2020-12-12T10:41:09Z,10:41:09Z,Sat Dec 12 2020 10:41:09 GMT-0800 (PST),"Swan Creek Park, Tacoma, WA, US",47.204225,-122.3966966667,56.0,EPSG:4326,US,Washington,147532311.0,2020-12-25T06:09:46Z,,518289,Exidiopsis effusa,species,Fungi,Basidiomycota,Agaricomycetes,Auriculariales,Auriculariaceae,Exidiopsis,http://creativecommons.org/licenses/by-nc/4.0/,leafu,leafu,,,,,,,
67034351,https://www.inaturalist.org/observations/67034351,HumanObservation,2021-01-02T13:27:18Z,iNaturalist,Observations,iNaturalist research-grade observations,,67034351,https://www.inaturalist.org/observations/67034351,,William Harris,,William Harris,,wild,2020-07-15T14:26:00-05:00,14:26:00-05:00,2020/07/15 2:26 PM CDT,"Grenada, MS 38901, USA",33.7793778889,-89.8052744722,,EPSG:4326,US,Mississippi,147532326.0,2020-12-25T06:10:06Z,,49666,Taxodium distichum,species,Plantae,Tracheophyta,Pinopsida,Pinales,Cupressaceae,Taxodium,http://creativecommons.org/licenses/by-nc/4.0/,William Harris,mrprehistory,,,,,,,
67034353,https://www.inaturalist.org/observations/67034353,HumanObservation,2022-09-29T03:12:08Z,iNaturalist,Observations,iNaturalist research-grade observations,,67034353,https://www.inaturalist.org/observations/67034353,,Julia Markey,,Julia Markey,,wild,2020-12-24T13:05:00-08:00,13:05:00-08:00,2020/12/24 1:05 PM PST,"Yorba Linda, CA, USA",33.8713880308,-117.812875534,179.0,EPSG:4326,US,California,147532339.0,2020-12-25T06:10:29Z,,792988,Dryobates pubescens,species,Animalia,Chordata,Aves,Piciformes,Picidae,Dryobates,http://creativecommons.org/licenses/by-nc/4.0/,Julia Markey,juliabohemian,,https://www.inaturalist.org/projects/california-birds|https://www.inaturalist.org/projects/biodiversity-in-orange-county-california,,,,,
67034355,https://www.inaturalist.org/observations/67034355,HumanObservation,2022-09-29T03:12:08Z,iNaturalist,Observations,iNaturalist research-grade observations,,67034355,https://www.inaturalist.org/observations/67034355,,Julia Markey,,Julia Markey,,wild,2020-12-24T11:50:00-08:00,11:50:00-08:00,2020/12/24 11:50 AM PST,"Yorba Linda, CA, USA",33.8713880308,-117.812875534,179.0,EPSG:4326,US,California,147532341.0,2020-12-25T06:10:29Z,,9176,Zonotrichia leucophrys,species,Animalia,Chordata,Aves,Passeriformes,Passerellidae,Zonotrichia,http://creativecommons.org/licenses/by-nc/4.0/,Julia Markey,juliabohemian,,https://www.inaturalist.org/projects/california-birds|https://www.inaturalist.org/projects/biodiversity-in-orange-county-california,,,,,
67034356,https://www.inaturalist.org/observations/67034356,HumanObservation,2023-08-18T05:28:19Z,iNaturalist,Observations,iNaturalist research-grade observations,,67034356,https://www.inaturalist.org/observations/67034356,,Julia Markey,,Julia Markey,,wild,2020-12-24T11:55:00-08:00,11:55:00-08:00,2020/12/24 11:55 AM PST,"Yorba Linda, CA, USA",33.8713880308,-117.812875534,179.0,EPSG:4326,US,California,147532342.0,2020-12-25T06:10:30Z,,20044,Bubo virginianus,species,Animalia,Chordata,Aves,Strigiformes,Strigidae,Bubo,http://creativecommons.org/licenses/by-nc/4.0/,Julia Markey,juliabohemian,,https://www.inaturalist.org/projects/owls-of-the-world|https://www.inaturalist.org/projects/california-birds|https://www.inaturalist.org/projects/biodiversity-in-orange-county-california,,,,,
67034357,https://www.inaturalist.org/observations/67034357,HumanObservation,2022-09-29T03:12:08Z,iNaturalist,Observations,iNaturalist research-grade observations,,67034357,https://www.inaturalist.org/observations/67034357,,Julia Markey,,Julia Markey,,wild,2020-12-24T12:13:00-08:00,12:13:00-08:00,2020/12/24 12:13 PM PST,"Yorba Linda, CA, USA",33.8713880308,-117.812875534,179.0,EPSG:4326,US,California,147532343.0,2020-12-25T06:10:30Z,,9176,Zonotrichia leucophrys,species,Animalia,Chordata,Aves,Passeriformes,Passerellidae,Zonotrichia,http://creativecommons.org/licenses/by-nc/4.0/,Julia Markey,juliabohemian,,https://www.inaturalist.org/projects/california-birds|https://www.inaturalist.org/projects/biodiversity-in-orange-county-california,,,,,
201101986,https://www.inaturalist.org/observations/201101986,HumanObservation,2024-03-03T09:07:10Z,iNaturalist,Observations,iNaturalist research-grade observations,,201101986,https://www.inaturalist.org/observations/201101986,,Wesley Jenkinson,,Wesley Jenkinson,,wild,2024-02-06T21:01:00+10:00,21:01:00+10:00,2024/02/06 9:01 PM,"Running Creek QLD 4287, Australia",-28.308639,152.852861,100.0,EPSG:4326,AU,Queensland,456423526.0,2024-03-03T08:43:24Z,,545103,Bracca matutinata,species,Animalia,Arthropoda,Insecta,Lepidoptera,Geometridae,Bracca,http://creativecommons.org/licenses/by-nc/4.0/,Wesley Jenkinson,wjj1967,AU,,,,,,
201101987,https://www.inaturalist.org/observations/201101987,HumanObservation,2024-03-03T22:05:21Z,iNaturalist,Observations,iNaturalist research-grade observations,,201101987,https://www.inaturalist.org/observations/201101987,,Wesley Jenkinson,,Wesley Jenkinson,,wild,2024-02-06T21:03:00+10:00,21:03:00+10:00,2024/02/06 9:03 PM,"Running Creek QLD 4287, Australia",-28.308639,152.852861,100.0,EPSG:4326,AU,Queensland,456423530.0,2024-03-03T08:43:25Z,,517574,Cryptophasa flavolineata,species,Animalia,Arthropoda,Insecta,Lepidoptera,Xyloryctidae,Cryptophasa,http://creativecommons.org/licenses/by-nc/4.0/,Wesley Jenkinson,wjj1967,AU,,,,,,
201101988,https://www.inaturalist.org/observations/201101988,HumanObservation,2024-03-03T15:52:18Z,iNaturalist,Observations,iNaturalist research-grade observations,,201101988,https://www.inaturalist.org/observations/201101988,,Wesley Jenkinson,,Wesley Jenkinson,,wild,2024-02-06T21:04:00+10:00,21:04:00+10:00,2024/02/06 9:04 PM,"Running Creek QLD 4287, Australia",-28.308639,152.852861,100.0,EPSG:4326,AU,Queensland,456423531.0,2024-03-03T08:43:25Z,,510021,Acosmeryx miskini,species,Animalia,Arthropoda,Insecta,Lepidoptera,Sphingidae,Acosmeryx,http://creativecommons.org/licenses/by-nc/4.0/,Wesley Jenkinson,wjj1967,AU,,,,,,
201101990,https://www.inaturalist.org/observations/201101990,HumanObservation,2024-03-03T09:06:28Z,iNaturalist,Observations,iNaturalist research-grade observations,,201101990,https://www.inaturalist.org/observations/201101990,,Wesley Jenkinson,,Wesley Jenkinson,,wild,2024-02-06T21:04:00+10:00,21:04:00+10:00,2024/02/06 9:04 PM,"Running Creek QLD 4287, Australia",-28.308639,152.852861,100.0,EPSG:4326,AU,Queensland,456423533.0,2024-03-03T08:43:25Z,,563433,Plusiodonta arctipennis,species,Animalia,Arthropoda,Insecta,Lepidoptera,Erebidae,Plusiodonta,http://creativecommons.org/licenses/by-nc/4.0/,Wesley Jenkinson,wjj1967,AU,,,,,,
201101993,https://www.inaturalist.org/observations/201101993,HumanObservation,2024-03-03T09:07:53Z,iNaturalist,Observations,iNaturalist research-grade observations,,201101993,https://www.inaturalist.org/observations/201101993,,Wesley Jenkinson,,Wesley Jenkinson,,wild,2024-02-06T21:07:00+10:00,21:07:00+10:00,2024/02/06 9:07 PM,"Running Creek QLD 4287, Australia",-28.308639,152.852861,100.0,EPSG:4326,AU,Queensland,456423537.0,2024-03-03T08:43:26Z,,556868,Nacoleia glageropa,species,Animalia,Arthropoda,Insecta,Lepidoptera,Crambidae,Nacoleia,http://creativecommons.org/licenses/by-nc/4.0/,Wesley Jenkinson,wjj1967,AU,,,,,,
201101994,https://www.inaturalist.org/observations/201101994,HumanObservation,2024-04-12T12:25:53Z,iNaturalist,Observations,iNaturalist research-grade observations,,201101994,https://www.inaturalist.org/observations/201101994,,ndavda,,ndavda,,wild,2024-03-02T12:31:16+01:00,12:31:16+01:00,2024-03-02 12:31:16+01:00,"Jardí Botànic de Sóller, Sóller, Balearic Isles, ES",39.7645216667,2.7092,2.0,EPSG:4326,ES,Islas Baleares,456423539.0,2024-03-03T08:43:26Z,,55787,Pisaura mirabilis,species,Animalia,Arthropoda,Arachnida,Araneae,Pisauridae,Pisaura,http://creativecommons.org/licenses/by-nc/4.0/,ndavda,ndavda,,,,,,,
201101996,https://www.inaturalist.org/observations/201101996,HumanObservation,2024-03-03T09:07:33Z,iNaturalist,Observations,iNaturalist research-grade observations,,201101996,https://www.inaturalist.org/observations/201101996,,Philwarb,,Philwarb,,wild,2024-03-03T10:24:00+11:00,10:24:00+11:00,2024/03/03 10:24 AM,"Ulladulla NSW 2539, Australia",-35.3164377659,150.4582883742,4031.0,EPSG:4326,AU,New South Wales,456423549.0,2024-03-03T08:43:29Z,,194762,Vanessa itea,species,Animalia,Arthropoda,Insecta,Lepidoptera,Nymphalidae,Vanessa,http://creativecommons.org/licenses/by/4.0/,Philwarb,philwarb,AU,,,,,,
201101997,https://www.inaturalist.org/observations/201101997,HumanObservation,2024-03-03T14:00:17Z,iNaturalist,Observations,iNaturalist research-grade observations,,201101997,https://www.inaturalist.org/observations/201101997,,taipingling,,taipingling,,wild,2024-01-19T10:41:00+05:30,10:41:00+05:30,2024/01/19 10:41 AM,"Tadoba-Andhari Tiger Reserve, Maharashtra, India",20.2717885,79.3875706,29509.0,EPSG:4326,IN,Maharashtra,456423555.0,2024-03-03T08:43:32Z,,51785,Junonia lemonias,species,Animalia,Arthropoda,Insecta,Lepidoptera,Nymphalidae,Junonia,http://creativecommons.org/licenses/by-nc/4.0/,taipingling,taipingling,,,,,,,
201101999,https://www.inaturalist.org/observations/201101999,HumanObservation,2024-03-03T12:06:46Z,iNaturalist,Observations,iNaturalist research-grade observations,,201101999,https://www.inaturalist.org/observations/201101999,Clinton Rocks Victoria,arthurjoestephens,,arthurjoestephens,,wild,2024-03-03T16:13:09+11:00,16:13:09+11:00,2024-03-03 16:13:09+11:00,"Croajingolong, E. Gippsland - Orbost, AU-VI, AU",-37.7771030888,149.1990939526,3.0,EPSG:4326,AU,Victoria,456423558.0,2024-03-03T08:43:34Z,,353914,Alyxia buxifolia,species,Plantae,Tracheophyta,Magnoliopsida,Gentianales,Apocynaceae,Alyxia,http://creativecommons.org/licenses/by-nc/4.0/,arthurjoestephens,arthurjoestephens,,,,,,,
201102000,https://www.inaturalist.org/observations/201102000,HumanObservation,2024-03-13T03:02:44Z,iNaturalist,Observations,iNaturalist research-grade observations,,201102000,https://www.inaturalist.org/observations/201102000,,Drew Meyer,,Drew Meyer,,wild,2024-02-25T12:31:53-08:00,12:31:53-08:00,2024-02-25 12:31:53,"Goldendale, WA 98620, USA",45.9276539722,-121.1120729722,,EPSG:4326,US,Washington,456423559.0,2024-03-03T08:43:34Z,,57524,Crocidium multicaule,species,Plantae,Tracheophyta,Magnoliopsida,Asterales,Asteraceae,Crocidium,http://creativecommons.org/publicdomain/zero/1.0/,Drew Meyer,drew_meyer,,,,,,,
201102004,https://www.inaturalist.org/observations/201102004,HumanObservation,2024-03-04T21:14:00Z,iNaturalist,Observations,iNaturalist research-grade observations,,201102004,https://www.inaturalist.org/observations/201102004,,Casey Cunningham,,Casey Cunningham,,wild,2023-06-04T06:05:00-07:00,06:05:00-07:00,2023/06/04 6:05 AM,"Tillamook County, OR, USA",45.5639777778,-123.9368444444,7.0,EPSG:4326,US,Oregon,456423570.0,2024-03-03T08:43:41Z,,67629,Oligocottus maculosus,species,Animalia,Chordata,Actinopterygii,Perciformes,Psychrolutidae,Oligocottus,http://creativecommons.org/licenses/by-nc/4.0/,Casey Cunningham,cacunningham,,,,,,,
201102005,https://www.inaturalist.org/observations/201102005,HumanObservation,2024-10-03T02:52:25Z,iNaturalist,Observations,iNaturalist research-grade observations,,201102005,https://www.inaturalist.org/observations/201102005,,svarjich,,Małgorzata Śliż,,wild,2024-03-03T13:21:00+06:00,13:21:00+06:00,2024/03/03 13:21,"11 микр-н, Омск, Омская обл., Россия",54.9842556056,73.3216433972,4.0,EPSG:4326,RU,Omsk,456460397.0,2024-03-03T12:45:54Z,,122767,Columba livia domestica,variety,Animalia,Chordata,Aves,Columbiformes,Columbidae,Columba,http://creativecommons.org/licenses/by-nc/4.0/,svarjich,svarjich,,,,,,,
201102010,https://www.inaturalist.org/observations/201102010,HumanObservation,2024-09-26T22:38:46Z,iNaturalist,Observations,iNaturalist research-grade observations,,201102010,https://www.inaturalist.org/observations/201102010,,Jarah Marginata,,Jarah Marginata,,wild,2024-02-16T09:48:47+11:00,09:48:47+11:00,2024-02-16 09:48:47+11:00,"Budj Bim National Park, Macarthur, VIC, AU",-38.060875,141.92453,9.0,EPSG:4326,AU,Victoria,545583710.0,2024-09-26T22:38:35Z,,42983,Phascolarctos cinereus,species,Animalia,Chordata,Mammalia,Diprotodontia,Phascolarctidae,Phascolarctos,http://creativecommons.org/licenses/by-nc/4.0/,Jarah Marginata,jarah,AU,,,,,,
201102011,https://www.inaturalist.org/observations/201102011,HumanObservation,2024-03-03T13:25:11Z,iNaturalist,Observations,iNaturalist research-grade observations,,201102011,https://www.inaturalist.org/observations/201102011,,klevingston,,klevingston,,wild,2024-02-18T07:17:19-06:00,07:17:19-06:00,2024-02-18 07:17:19-06:00,"Texas Woman's University, Denton, TX, US",33.2298583333,-97.1281055,6.0,EPSG:4326,US,Texas,456423606.0,2024-03-03T08:44:01Z,,4765,Coragyps atratus,species,Animalia,Chordata,Aves,Cathartiformes,Cathartidae,Coragyps,http://creativecommons.org/licenses/by-nc/4.0/,klevingston,klevingston,,,,,,,
201102012,https://www.inaturalist.org/observations/201102012,HumanObservation,2024-03-03T10:28:08Z,iNaturalist,Observations,iNaturalist research-grade observations,,201102012,https://www.inaturalist.org/observations/201102012,,Till,,Till,,wild,2024-03-03T12:26:05+13:00,12:26:05+13:00,2024-03-03 12:26:05,"Rimu, New Zealand",-46.405334412,168.5324825719,1841.0,EPSG:4326,NZ,Southland,456423609.0,2024-03-03T08:44:03Z,,60980,Senecio minimus,species,Plantae,Tracheophyta,Magnoliopsida,Asterales,Asteraceae,Senecio,http://creativecommons.org/licenses/by-nc/4.0/,Till,tillde,,,,,,,
201102014,https://www.inaturalist.org/observations/201102014,HumanObservation,2025-02-12T20:26:21Z,iNaturalist,Observations,iNaturalist research-grade observations,,201102014,https://www.inaturalist.org/observations/201102014,,Dustin Snider,,Dustin Snider,,wild,2023-08-04T13:14:36-07:00,13:14:36-07:00,2023-08-04 14:14:36-06:00,"Central Kootenay, BC, CA",49.4004703494,-117.2055982378,71.0,EPSG:4326,CA,British Columbia,456423618.0,2024-03-03T08:44:05Z,,60522,Aconitum columbianum,species,Plantae,Tracheophyta,Magnoliopsida,Ranunculales,Ranunculaceae,Aconitum,http://creativecommons.org/licenses/by-nc/4.0/,Dustin Snider,dustin777,CA,,,,,,
201102015,https://www.inaturalist.org/observations/201102015,HumanObservation,2024-03-03T19:54:17Z,iNaturalist,Observations,iNaturalist research-grade observations,Coordinate uncertainty increased to 27816m at the request of the observer,201102015,https://www.inaturalist.org/observations/201102015,Coastal rockstack.,mattward,,mattward,,wild,2024-02-19T15:19:00+13:00,15:19:00+13:00,2024/02/19 3:19 PM,"Wellington, NZ",-41.3264197281,174.9736567904,27816.0,EPSG:4326,NZ,Wellington,456423630.0,2024-03-03T08:44:12Z,,407110,Zoysia minima,species,Plantae,Tracheophyta,Liliopsida,Poales,Poaceae,Zoysia,http://creativecommons.org/licenses/by-nc/4.0/,mattward,mattward,NZ,https://www.inaturalist.org/projects/nz-plant-phenology|https://www.inaturalist.org/projects/coastal-sand-dunes-and-salt-marsh-banks-and-cliffs,,,fruits or seeds,,
201102019,https://www.inaturalist.org/observations/201102019,HumanObservation,2024-09-09T20:45:38Z,iNaturalist,Observations,iNaturalist research-grade observations,,201102019,https://www.inaturalist.org/observations/201102019,"BE Jura 700 m, Trockenweiden",Urs-Peter Stäuble,,rbr20,,wild,2021-07-29T12:56:00+02:00,12:56:00+02:00,2021/07/29 12:56,"Vauffelin, Schweiz",47.1876743,7.3000893,2611.0,EPSG:4326,CH,Bern,456449384.0,2024-03-03T11:43:08Z,,326739,Nemophora metallica,species,Animalia,Arthropoda,Insecta,Lepidoptera,Adelidae,Nemophora,http://creativecommons.org/licenses/by-nc/4.0/,Urs-Peter Stäuble,urs-peter,,,male,,,,
201102022,https://www.inaturalist.org/observations/201102022,HumanObservation,2024-03-03T09:14:51Z,iNaturalist,Observations,iNaturalist research-grade observations,,201102022,https://www.inaturalist.org/observations/201102022,,Fotis Tsak,,Fotis Tsak,,wild,2024-03-03T09:52:38+02:00,09:52:38+02:00,2024-03-03 09:52:38+02:00,"Metropolitan Park of Hellinikon, Elliniko, Attica, GR",37.9013858827,23.7182389549,42.0,EPSG:4326,GR,Attica,456423650.0,2024-03-03T08:44:25Z,,117016,Phylloscopus collybita,species,Animalia,Chordata,Aves,Passeriformes,Phylloscopidae,Phylloscopus,http://creativecommons.org/licenses/by-nc/4.0/,Fotis Tsak,foglis24,GR,,,,,,
201102023,https://www.inaturalist.org/observations/201102023,HumanObservation,2024-03-03T14:37:15Z,iNaturalist,Observations,iNaturalist research-grade observations,,201102023,https://www.inaturalist.org/observations/201102023,,Денис Воронов,,Денис Воронов,,wild,2024-03-03T11:44:00+07:00,11:44:00+07:00,2024/03/03 11:44,"Заельцовский р-н, Новосибирск, Новосибирская обл., Россия",55.0593284957,82.8787716995,488.0,EPSG:4326,RU,Novosibirsk,456423655.0,2024-03-03T08:44:28Z,,17835,Dryocopus martius,species,Animalia,Chordata,Aves,Piciformes,Picidae,Dryocopus,http://creativecommons.org/licenses/by-nc/4.0/,Денис Воронов,vorden,,,,,,,
201102024,https://www.inaturalist.org/observations/201102024,HumanObservation,2024-03-03T11:13:44Z,iNaturalist,Observations,iNaturalist research-grade observations,,201102024,https://www.inaturalist.org/observations/201102024,,Василий,,Василий,,wild,2023-03-09T09:42:00+07:00,09:42:00+07:00,2023/03/09 09:42,"Новая Ювала, Томская обл., Россия, 636165",56.29832,83.42727,,EPSG:4326,RU,Tomsk,456423656.0,2024-03-03T08:44:29Z,,9462,Pyrrhula pyrrhula,species,Animalia,Chordata,Aves,Passeriformes,Fringillidae,Pyrrhula,http://creativecommons.org/licenses/by-nc/4.0/,Василий,vakula65,,,,,,,
201102031,https://www.inaturalist.org/observations/201102031,HumanObservation,2024-03-03T14:44:07Z,iNaturalist,Observations,iNaturalist research-grade observations,,201102031,https://www.inaturalist.org/observations/201102031,,Casey Cunningham,,Casey Cunningham,,wild,2023-06-04T06:07:00-07:00,06:07:00-07:00,2023/06/04 6:07 AM,"Tillamook County, OR, USA",45.5639888889,-123.9368527778,14.0,EPSG:4326,US,Oregon,456423691.0,2024-03-03T08:44:46Z,,48342,Hemigrapsus nudus,species,Animalia,Arthropoda,Malacostraca,Decapoda,Varunidae,Hemigrapsus,http://creativecommons.org/licenses/by-nc/4.0/,Casey Cunningham,cacunningham,,,,,,,
201102035,https://www.inaturalist.org/observations/201102035,HumanObservation,2024-03-03T10:27:51Z,iNaturalist,Observations,iNaturalist research-grade observations,,201102035,https://www.inaturalist.org/observations/201102035,,Till,,Till,,wild,2024-03-03T12:24:48+13:00,12:24:48+13:00,2024-03-03 12:24:48,"Rimu, New Zealand",-46.405334412,168.5324825719,1842.0,EPSG:4326,NZ,Southland,456423698.0,2024-03-03T08:44:48Z,,366695,Olearia ilicifolia,species,Plantae,Tracheophyta,Magnoliopsida,Asterales,Asteraceae,Olearia,http://creativecommons.org/licenses/by-nc/4.0/,Till,tillde,,,,,,,
201102037,https://www.inaturalist.org/observations/201102037,HumanObservation,2024-03-03T09:31:35Z,iNaturalist,Observations,iNaturalist research-grade observations,,201102037,https://www.inaturalist.org/observations/201102037,,Fotis Tsak,,Fotis Tsak,,wild,2024-03-03T10:03:04+02:00,10:03:04+02:00,2024-03-03 10:03:04+02:00,"Metropolitan Park of Hellinikon, GR",37.9010200567,23.7176981018,69.0,EPSG:4326,GR,Attica,456423717.0,2024-03-03T08:44:58Z,,4943,Egretta garzetta,species,Animalia,Chordata,Aves,Pelecaniformes,Ardeidae,Egretta,http://creativecommons.org/licenses/by-nc/4.0/,Fotis Tsak,foglis24,GR,,,,,,
201102039,https://www.inaturalist.org/observations/201102039,HumanObservation,2024-03-04T02:30:40Z,iNaturalist,Observations,iNaturalist research-grade observations,,201102039,https://www.inaturalist.org/observations/201102039,,sfreeman7,,sfreeman7,,wild,2024-02-19T16:44:00-05:00,16:44:00-05:00,2024/02/19 4:44 PM,"Colonel Samuel Smith Park, Toronto, ON, Canada",43.5906511232,-79.5131823425,683.0,EPSG:4326,CA,Ontario,456423727.0,2024-03-03T08:45:00Z,,12727,Turdus migratorius,species,Animalia,Chordata,Aves,Passeriformes,Turdidae,Turdus,http://creativecommons.org/licenses/by-nc/4.0/,sfreeman7,sfreeman7,,,,,,,
201102040,https://www.inaturalist.org/observations/201102040,HumanObservation,2024-03-04T02:30:35Z,iNaturalist,Observations,iNaturalist research-grade observations,,201102040,https://www.inaturalist.org/observations/201102040,2,sfreeman7,,sfreeman7,,wild,2024-02-19T16:42:00-05:00,16:42:00-05:00,2024/02/19 4:42 PM,"Colonel Samuel Smith Park, Toronto, ON, Canada",43.5906511232,-79.5131823425,683.0,EPSG:4326,CA,Ontario,456423728.0,2024-03-03T08:45:00Z,,14850,Sturnus vulgaris,species,Animalia,Chordata,Aves,Passeriformes,Sturnidae,Sturnus,http://creativecommons.org/licenses/by-nc/4.0/,sfreeman7,sfreeman7,,,,,,,
67034358,https://www.inaturalist.org/observations/67034358,HumanObservation,2022-09-29T03:12:08Z,iNaturalist,Observations,iNaturalist research-grade observations,,67034358,https://www.inaturalist.org/observations/67034358,,Julia Markey,,Julia Markey,,wild,2020-12-24T12:40:00-08:00,12:40:00-08:00,2020/12/24 12:40 PM PST,"Yorba Linda, CA, USA",33.8713880308,-117.812875534,179.0,EPSG:4326,US,California,147532344.0,2020-12-25T06:10:30Z,,5212,Buteo jamaicensis,species,Animalia,Chordata,Aves,Accipitriformes,Accipitridae,Buteo,http://creativecommons.org/licenses/by-nc/4.0/,Julia Markey,juliabohemian,,https://www.inaturalist.org/projects/california-birds|https://www.inaturalist.org/projects/biodiversity-in-orange-county-california,,,,,
67034359,https://www.inaturalist.org/observations/67034359,HumanObservation,2022-09-29T03:12:08Z,iNaturalist,Observations,iNaturalist research-grade observations,,67034359,https://www.inaturalist.org/observations/67034359,,Julia Markey,,Julia Markey,,wild,2020-12-24T12:50:00-08:00,12:50:00-08:00,2020/12/24 12:50 PM PST,"Yorba Linda, CA, USA",33.8713880308,-117.812875534,179.0,EPSG:4326,US,California,147532345.0,2020-12-25T06:10:31Z,,9721,Geothlypis trichas,species,Animalia,Chordata,Aves,Passeriformes,Parulidae,Geothlypis,http://creativecommons.org/licenses/by-nc/4.0/,Julia Markey,juliabohemian,,https://www.inaturalist.org/projects/california-birds|https://www.inaturalist.org/projects/biodiversity-in-orange-county-california,,,,,
67034360,https://www.inaturalist.org/observations/67034360,HumanObservation,2023-02-15T16:10:24Z,iNaturalist,Observations,iNaturalist research-grade observations,,67034360,https://www.inaturalist.org/observations/67034360,,Julia Markey,,Alessandro Bartolo,,wild,2020-12-24T12:51:00-08:00,12:51:00-08:00,2020/12/24 12:51 PM PST,"Yorba Linda, CA, USA",33.8713880308,-117.812875534,179.0,EPSG:4326,US,California,147541903.0,2020-12-25T08:38:43Z,"Not a ruby-crowned (RCKI) but common mistake. Notice the heftier bill, blue-ish legs, and duller overall color compared to RCKI. RCKI will have darker black, dainty beaks and sometimes light orange or yellow feet.",17375,Vireo huttoni,species,Animalia,Chordata,Aves,Passeriformes,Vireonidae,Vireo,http://creativecommons.org/licenses/by-nc/4.0/,Julia Markey,juliabohemian,,https://www.inaturalist.org/projects/california-birds|https://www.inaturalist.org/projects/biodiversity-in-orange-county-california,,,,,
67034362,https://www.inaturalist.org/observations/67034362,HumanObservation,2022-09-29T03:12:08Z,iNaturalist,Observations,iNaturalist research-grade observations,,67034362,https://www.inaturalist.org/observations/67034362,,Julia Markey,,Barbara L. Wilson,,wild,2020-12-24T12:56:00-08:00,12:56:00-08:00,2020/12/24 12:56 PM PST,"Yorba Linda, CA, USA",33.8713880308,-117.812875534,179.0,EPSG:4326,US,California,147532396.0,2020-12-25T06:11:48Z,,792988,Dryobates pubescens,species,Animalia,Chordata,Aves,Piciformes,Picidae,Dryobates,http://creativecommons.org/licenses/by-nc/4.0/,Julia Markey,juliabohemian,,https://www.inaturalist.org/projects/california-birds|https://www.inaturalist.org/projects/biodiversity-in-orange-county-california,,,,,
67034363,https://www.inaturalist.org/observations/67034363,HumanObservation,2023-01-06T20:20:19Z,iNaturalist,Observations,iNaturalist research-grade observations,,67034363,https://www.inaturalist.org/observations/67034363,,Julia Markey,,Barbara L. Wilson,,wild,2020-12-24T12:57:00-08:00,12:57:00-08:00,2020/12/24 12:57 PM PST,"Yorba Linda, CA, USA",33.8713880308,-117.812875534,179.0,EPSG:4326,US,California,147532389.0,2020-12-25T06:11:32Z,,792988,Dryobates pubescens,species,Animalia,Chordata,Aves,Piciformes,Picidae,Dryobates,http://creativecommons.org/licenses/by-nc/4.0/,Julia Markey,juliabohemian,,https://www.inaturalist.org/projects/california-birds|https://www.inaturalist.org/projects/biodiversity-in-orange-county-california,male,adult,,,
67034364,https://www.inaturalist.org/observations/67034364,HumanObservation,2021-08-20T19:42:19Z,iNaturalist,Observations,iNaturalist research-grade observations,,67034364,https://www.inaturalist.org/observations/67034364,,Gerrit van den Bergh,,polyscias099,,wild,2020-12-25T00:05:03+11:00,00:05:03+11:00,Fri Dec 25 2020 11:05:03 GMT+1100 (GMT+11),"Budderoo National Park, Carrington Falls, NSW, AU",-34.6248866667,150.65532,65.0,EPSG:4326,AU,New South Wales,200737682.0,2021-08-20T12:52:54Z,,363485,Hakea salicifolia,species,Plantae,Tracheophyta,Magnoliopsida,Proteales,Proteaceae,Hakea,http://creativecommons.org/licenses/by-nc/4.0/,Gerrit van den Bergh,gerritvandenbergh,AU,,,,,,
67034365,https://www.inaturalist.org/observations/67034365,HumanObservation,2020-12-25T13:59:55Z,iNaturalist,Observations,iNaturalist research-grade observations,,67034365,https://www.inaturalist.org/observations/67034365,,Andy Pearce 🕊,,Andy Pearce 🕊,,wild,2016-12-21T11:38:00+13:00,11:38:00+13:00,2016/12/21 11:38 AM NZDT,"Km. 78 de la Via Quito - Calacali, Mindo 170751, Ecuador",-0.0265602,-78.7593928,201.0,EPSG:4326,EC,Pichincha,147532357.0,2020-12-25T06:10:43Z,,18285,Campephilus pollens,species,Animalia,Chordata,Aves,Piciformes,Picidae,Campephilus,http://creativecommons.org/licenses/by-nc/4.0/,Andy Pearce 🕊,andypearce,NZ,,,,,,
67034368,https://www.inaturalist.org/observations/67034368,HumanObservation,2020-12-25T06:34:35Z,iNaturalist,Observations,iNaturalist research-grade observations,Coordinate uncertainty increased to 30278m to protect threatened taxon,67034368,https://www.inaturalist.org/observations/67034368,,auntie_uncle,,auntie_uncle,,wild,2006-03-03T17:55:00Z,17:55:00Z,2006/03/03 5:55 PM UTC,,22.5455258914,114.0445037156,30278.0,EPSG:4326,HK,Yuen Long,147532362.0,2020-12-25T06:10:51Z,,3729,Platalea minor,species,Animalia,Chordata,Aves,Pelecaniformes,Threskiornithidae,Platalea,http://creativecommons.org/licenses/by-nc/4.0/,auntie_uncle,auntie_uncle,,,,,,,
67034369,https://www.inaturalist.org/observations/67034369,HumanObservation,2020-12-25T06:34:11Z,iNaturalist,Observations,iNaturalist research-grade observations,,67034369,https://www.inaturalist.org/observations/67034369,,auntie_uncle,,auntie_uncle,,wild,2006-03-03T18:04:00Z,18:04:00Z,2006/03/03 6:04 PM UTC,"Guangdong, CN",22.481039,114.008764,2004.0,EPSG:4326,HK,Yuen Long,147532363.0,2020-12-25T06:10:51Z,,3896,Numenius arquata,species,Animalia,Chordata,Aves,Charadriiformes,Scolopacidae,Numenius,http://creativecommons.org/licenses/by-nc/4.0/,auntie_uncle,auntie_uncle,,,,,,,
67034372,https://www.inaturalist.org/observations/67034372,HumanObservation,2024-04-16T07:36:46Z,iNaturalist,Observations,iNaturalist research-grade observations,,67034372,https://www.inaturalist.org/observations/67034372,,Yves Bas,,Yves Bas,,wild,2013-12-28T07:59:00+01:00,07:59:00+01:00,2013/12/28 7:59 AM CET,"Boran-sur-Oise, France",49.1532801187,2.3583010577,104.0,EPSG:4326,FR,Picardie,147532374.0,2020-12-25T06:11:04Z,,7047,Aythya marila,species,Animalia,Chordata,Aves,Anseriformes,Anatidae,Aythya,http://creativecommons.org/licenses/by/4.0/,Yves Bas,yvesbas,,,,,,,
67034375,https://www.inaturalist.org/observations/67034375,HumanObservation,2020-12-25T07:10:58Z,iNaturalist,Observations,iNaturalist research-grade observations,,67034375,https://www.inaturalist.org/observations/67034375,,Gerrit van den Bergh,,Gerrit van den Bergh,,wild,2020-12-25T11:06:00+11:00,11:06:00+11:00,Fri Dec 25 2020 11:06:00 GMT+1100 (GMT+11),"Budderoo National Park, Carrington Falls, NSW, AU",-34.62482,150.6553033333,5005.0,EPSG:4326,AU,New South Wales,147532385.0,2020-12-25T06:11:28Z,,83616,Lambertia formosa,species,Plantae,Tracheophyta,Magnoliopsida,Proteales,Proteaceae,Lambertia,http://creativecommons.org/licenses/by-nc/4.0/,Gerrit van den Bergh,gerritvandenbergh,AU,,,,,,
67034376,https://www.inaturalist.org/observations/67034376,HumanObservation,2020-12-27T04:54:11Z,iNaturalist,Observations,iNaturalist research-grade observations,,67034376,https://www.inaturalist.org/observations/67034376,,Albert Kang,,Albert Kang,,wild,2017-10-14T08:48:00+08:00,08:48:00+08:00,2017/10/14 8:48 AM +0800,"Padangbai, Manggis, Karangasem Regency, Bali, Indonesia",-8.5211555258,115.5129897068,1294.0,EPSG:4326,ID,Bali,147532386.0,2020-12-25T06:11:29Z,,122682,Mulloidichthys vanicolensis,species,Animalia,Chordata,Actinopterygii,Syngnathiformes,Mullidae,Mulloidichthys,http://creativecommons.org/licenses/by-nc/4.0/,Albert Kang,albertkang,,,,,,,
201102041,https://www.inaturalist.org/observations/201102041,HumanObservation,2025-03-01T05:19:35Z,iNaturalist,Observations,iNaturalist research-grade observations,,201102041,https://www.inaturalist.org/observations/201102041,,Christina Steele,,Christina Steele,,wild,2024-03-03T18:22:52+11:00,18:22:52+11:00,2024-03-03 18:22:52,"Captains Flat NSW 2623, Australia",-35.6104124412,149.4206402823,4301.0,EPSG:4326,AU,New South Wales,456425524.0,2024-03-03T08:59:05Z,,1422074,Hesperilla munionga,species,Animalia,Arthropoda,Insecta,Lepidoptera,Hesperiidae,Hesperilla,http://creativecommons.org/licenses/by-nc/4.0/,Christina Steele,christina_steele,AU,,,adult,,,
201102042,https://www.inaturalist.org/observations/201102042,HumanObservation,2024-04-08T10:27:44Z,iNaturalist,Observations,iNaturalist research-grade observations,,201102042,https://www.inaturalist.org/observations/201102042,the headless starling!,sfreeman7,,sfreeman7,,wild,2024-02-19T16:42:00-05:00,16:42:00-05:00,2024/02/19 4:42 PM,"Colonel Samuel Smith Park, Toronto, ON, Canada",43.5906511232,-79.5131823425,683.0,EPSG:4326,CA,Ontario,456423730.0,2024-03-03T08:45:00Z,,14850,Sturnus vulgaris,species,Animalia,Chordata,Aves,Passeriformes,Sturnidae,Sturnus,http://creativecommons.org/licenses/by-nc/4.0/,sfreeman7,sfreeman7,,https://www.inaturalist.org/projects/geralds-of-the-world,,,,,
201102043,https://www.inaturalist.org/observations/201102043,HumanObservation,2024-03-04T02:30:08Z,iNaturalist,Observations,iNaturalist research-grade observations,,201102043,https://www.inaturalist.org/observations/201102043,3,sfreeman7,,sfreeman7,,wild,2024-02-19T16:41:00-05:00,16:41:00-05:00,2024/02/19 4:41 PM,"Colonel Samuel Smith Park, Toronto, ON, Canada",43.5906511232,-79.5131823425,683.0,EPSG:4326,CA,Ontario,456423734.0,2024-03-03T08:45:01Z,,14850,Sturnus vulgaris,species,Animalia,Chordata,Aves,Passeriformes,Sturnidae,Sturnus,http://creativecommons.org/licenses/by-nc/4.0/,sfreeman7,sfreeman7,,,,,,,
201102044,https://www.inaturalist.org/observations/201102044,HumanObservation,2024-03-04T02:29:47Z,iNaturalist,Observations,iNaturalist research-grade observations,,201102044,https://www.inaturalist.org/observations/201102044,,sfreeman7,,sfreeman7,,wild,2024-02-19T16:41:00-05:00,16:41:00-05:00,2024/02/19 4:41 PM,"Colonel Samuel Smith Park, Toronto, ON, Canada",43.5906511232,-79.5131823425,683.0,EPSG:4326,CA,Ontario,456423736.0,2024-03-03T08:45:01Z,,12727,Turdus migratorius,species,Animalia,Chordata,Aves,Passeriformes,Turdidae,Turdus,http://creativecommons.org/licenses/by-nc/4.0/,sfreeman7,sfreeman7,,,,,,,
201102045,https://www.inaturalist.org/observations/201102045,HumanObservation,2024-03-04T02:29:41Z,iNaturalist,Observations,iNaturalist research-grade observations,,201102045,https://www.inaturalist.org/observations/201102045,,sfreeman7,,sfreeman7,,wild,2024-02-19T16:35:00-05:00,16:35:00-05:00,2024/02/19 4:35 PM,"Colonel Samuel Smith Park, Toronto, ON, Canada",43.5906511232,-79.5131823425,683.0,EPSG:4326,CA,Ontario,456423737.0,2024-03-03T08:45:01Z,,7170,Clangula hyemalis,species,Animalia,Chordata,Aves,Anseriformes,Anatidae,Clangula,http://creativecommons.org/licenses/by-nc/4.0/,sfreeman7,sfreeman7,,https://www.inaturalist.org/projects/nhic-rare-species-of-ontario,,,,,
201102046,https://www.inaturalist.org/observations/201102046,HumanObservation,2024-03-03T08:48:42Z,iNaturalist,Observations,iNaturalist research-grade observations,,201102046,https://www.inaturalist.org/observations/201102046,,Justin Flint,,Justin Flint,,wild,2023-06-17T14:28:54-07:00,14:28:54-07:00,2023-06-17 14:28:54-07:00,"Hillside Dr, Kamloops, BC, CA",50.661879437,-120.3938184214,43.0,EPSG:4326,CA,British Columbia,456423738.0,2024-03-03T08:45:02Z,,60287,Hordeum jubatum,species,Plantae,Tracheophyta,Liliopsida,Poales,Poaceae,Hordeum,http://creativecommons.org/licenses/by-nc/4.0/,Justin Flint,bluejaybluejay,CA,,,,,,
201102051,https://www.inaturalist.org/observations/201102051,HumanObservation,2024-03-04T08:04:48Z,iNaturalist,Observations,iNaturalist research-grade observations,,201102051,https://www.inaturalist.org/observations/201102051,,nickbrincat,,nickbrincat,,wild,2024-03-02T22:21:05+11:00,22:21:05+11:00,2024-03-02 22:21:05,"Murchison East VIC 3610, Australia",-36.5910638889,145.2527611111,,EPSG:4326,AU,Victoria,456423759.0,2024-03-03T08:45:15Z,,495397,Melanotaenia fluviatilis,species,Animalia,Chordata,Actinopterygii,Atheriniformes,Melanotaeniidae,Melanotaenia,http://creativecommons.org/licenses/by-nc/4.0/,nickbrincat,nickbrincat,,,,,,,
201102052,https://www.inaturalist.org/observations/201102052,HumanObservation,2024-03-03T10:46:13Z,iNaturalist,Observations,iNaturalist research-grade observations,,201102052,https://www.inaturalist.org/observations/201102052,,taipingling,,taipingling,,wild,2024-01-19T11:13:00+05:30,11:13:00+05:30,2024/01/19 11:13 AM,"Tadoba-Andhari Tiger Reserve, Maharashtra, India",20.2717885,79.3875706,29509.0,EPSG:4326,IN,Maharashtra,456423770.0,2024-03-03T08:45:20Z,,130767,Euploea core,species,Animalia,Arthropoda,Insecta,Lepidoptera,Nymphalidae,Euploea,http://creativecommons.org/licenses/by-nc/4.0/,taipingling,taipingling,,,,,,,
201102058,https://www.inaturalist.org/observations/201102058,HumanObservation,2024-03-04T07:18:40Z,iNaturalist,Observations,iNaturalist research-grade observations,Coordinate uncertainty increased to 28534m at the request of the observer,201102058,https://www.inaturalist.org/observations/201102058,,mangoat1,,Mika Tomta,,wild,2024-03-03T17:44:00+09:00,17:44:00+09:00,2024-03-03 17:44:00,"Ishikawa, JP",36.5275946238,136.7619062555,28534.0,EPSG:4326,JP,Ishikawa,456466136.0,2024-03-03T13:14:58Z,,339962,Motacilla alba lugens,subspecies,Animalia,Chordata,Aves,Passeriformes,Motacillidae,Motacilla,http://creativecommons.org/licenses/by-nc/4.0/,mangoat1,mangoat1,,,,,,,
201102060,https://www.inaturalist.org/observations/201102060,HumanObservation,2024-03-26T04:00:44Z,iNaturalist,Observations,iNaturalist research-grade observations,,201102060,https://www.inaturalist.org/observations/201102060,,silkyoak,,silkyoak,,wild,2023-10-14T12:21:00+08:00,12:21:00+08:00,2023/10/14 12:21 PM,"Buleleng Regency, Bali, Indonesia",-8.2120393672,115.1210470738,15.0,EPSG:4326,ID,Bali,456423797.0,2024-03-03T08:45:34Z,,544864,Euphaea variegata,species,Animalia,Arthropoda,Insecta,Odonata,Euphaeidae,Euphaea,http://creativecommons.org/licenses/by-nc/4.0/,silkyoak,silkyoak,,,,,,,
201102062,https://www.inaturalist.org/observations/201102062,HumanObservation,2024-03-03T08:59:07Z,iNaturalist,Observations,iNaturalist research-grade observations,,201102062,https://www.inaturalist.org/observations/201102062,,ausemade,,ausemade,,wild,2023-07-25T20:32:00+10:00,20:32:00+10:00,2023/07/25 8:32 PM,"Gold Coast QLD, Australia",-28.016667,153.4,37427.0,EPSG:4326,AU,Queensland,456423802.0,2024-03-03T08:45:36Z,,521499,Poecilometis strigatus,species,Animalia,Arthropoda,Insecta,Hemiptera,Pentatomidae,Poecilometis,http://creativecommons.org/licenses/by-nc/4.0/,ausemade,ausemade,AU,,,,,,
201102065,https://www.inaturalist.org/observations/201102065,HumanObservation,2024-03-10T08:33:37Z,iNaturalist,Observations,iNaturalist research-grade observations,,201102065,https://www.inaturalist.org/observations/201102065,,redd20000,,Rod Lowther,,wild,2024-02-03T20:32:07+11:00,20:32:07+11:00,2024-02-03 20:32:07+11:00,"Pioneer Rd, Yarrambat, VIC, AU",-37.6514466667,145.1343528333,35.0,EPSG:4326,AU,Victoria,458089414.0,2024-03-09T04:12:40Z,,321672,Acrida conica,species,Animalia,Arthropoda,Insecta,Orthoptera,Acrididae,Acrida,http://creativecommons.org/licenses/by-nc/4.0/,redd20000,redd20000,AU,,,,,,
201102066,https://www.inaturalist.org/observations/201102066,HumanObservation,2024-03-06T13:01:10Z,iNaturalist,Observations,iNaturalist research-grade observations,,201102066,https://www.inaturalist.org/observations/201102066,,Rajat Joshi,,Rajat Joshi,,wild,2021-11-02T14:07:00+05:30,14:07:00+05:30,2021/11/02 2:07 PM,Fergusson College,18.522945,73.84084,58.0,EPSG:4326,IN,Maharashtra,456423824.0,2024-03-03T08:45:49Z,,143257,Tirumala limniace,species,Animalia,Arthropoda,Insecta,Lepidoptera,Nymphalidae,Tirumala,http://creativecommons.org/licenses/by-nc/4.0/,Rajat Joshi,rajatjoshi03,,https://www.inaturalist.org/projects/nectar-plants-for-lepidoptera-of-india,,adult,,alive,"{""evidenceOfPresence"":""organism""}"
201102070,https://www.inaturalist.org/observations/201102070,HumanObservation,2024-03-03T09:31:29Z,iNaturalist,Observations,iNaturalist research-grade observations,,201102070,https://www.inaturalist.org/observations/201102070,,Fotis Tsak,,Fotis Tsak,,wild,2024-03-03T10:10:03+02:00,10:10:03+02:00,2024-03-03 10:10:03+02:00,"Metropolitan Park of Hellinikon, Elliniko, Attica, GR",37.9014980725,23.7186404437,43.0,EPSG:4326,GR,Attica,456423830.0,2024-03-03T08:45:53Z,,13695,Motacilla alba,species,Animalia,Chordata,Aves,Passeriformes,Motacillidae,Motacilla,http://creativecommons.org/licenses/by-nc/4.0/,Fotis Tsak,foglis24,GR,,,,,,
201102075,https://www.inaturalist.org/observations/201102075,HumanObservation,2024-03-04T02:29:36Z,iNaturalist,Observations,iNaturalist research-grade observations,,201102075,https://www.inaturalist.org/observations/201102075,,sfreeman7,,sfreeman7,,wild,2024-02-19T16:42:00-05:00,16:42:00-05:00,2024/02/19 4:42 PM,"Colonel Samuel Smith Park, Toronto, ON, Canada",43.5906511232,-79.5131823425,683.0,EPSG:4326,CA,Ontario,456423863.0,2024-03-03T08:46:10Z,,14850,Sturnus vulgaris,species,Animalia,Chordata,Aves,Passeriformes,Sturnidae,Sturnus,http://creativecommons.org/licenses/by-nc/4.0/,sfreeman7,sfreeman7,,,,,,,
201102090,https://www.inaturalist.org/observations/201102090,HumanObservation,2024-03-03T09:26:57Z,iNaturalist,Observations,iNaturalist research-grade observations,,201102090,https://www.inaturalist.org/observations/201102090,,Fotis Tsak,,Valia Pavlou,,wild,2024-03-03T07:56:34+02:00,07:56:34+02:00,2024-03-03 07:56:34+02:00,"Salamis Bay, GR",37.9138950047,23.6917432577,804.0,EPSG:4326,GR,Attica,456427599.0,2024-03-03T09:14:49Z,,59202,Larus michahellis,species,Animalia,Chordata,Aves,Charadriiformes,Laridae,Larus,http://creativecommons.org/licenses/by-nc/4.0/,Fotis Tsak,foglis24,GR,,,,,,
201102092,https://www.inaturalist.org/observations/201102092,HumanObservation,2024-03-31T15:02:24Z,iNaturalist,Observations,iNaturalist research-grade observations,,201102092,https://www.inaturalist.org/observations/201102092,,עומר וינר,,עומר וינר,,wild,2024-03-03T10:42:52+02:00,10:42:52+02:00,2024-03-03 10:42:52,"חניון נחל גילבון, 33°02'38.8""N 35°40'13.7""E",33.0446762104,35.671710223,158.0,EPSG:4326,IL,Golan,456423941.0,2024-03-03T08:46:58Z,,346778,Ranunculus asiaticus,species,Plantae,Tracheophyta,Magnoliopsida,Ranunculales,Ranunculaceae,Ranunculus,http://creativecommons.org/licenses/by-nc/4.0/,עומר וינר,omerweiner,,,,,,,
201102093,https://www.inaturalist.org/observations/201102093,HumanObservation,2024-03-03T09:15:53Z,iNaturalist,Observations,iNaturalist research-grade observations,Coordinate uncertainty increased to 31104m to protect threatened taxon,201102093,https://www.inaturalist.org/observations/201102093,Shark depredation research project,Adam Smith,,Adam Smith,,wild,2024-03-03T11:26:04+06:30,11:26:04+06:30,2024-03-03 11:26:04,,-12.1180563709,96.867305104,31104.0,EPSG:4326,CC,,456423942.0,2024-03-03T08:46:59Z,,67970,Carcharhinus amblyrhynchos,species,Animalia,Chordata,Elasmobranchii,Carcharhiniformes,Carcharhinidae,Carcharhinus,http://creativecommons.org/licenses/by-nc/4.0/,Adam Smith,adam_smith3,AU,,,,,,
201102095,https://www.inaturalist.org/observations/201102095,HumanObservation,2024-03-03T09:37:53Z,iNaturalist,Observations,iNaturalist research-grade observations,,201102095,https://www.inaturalist.org/observations/201102095,,fattorid,,Евгений Феликсович Епифанов Evgeniy F. Epifanov,,wild,2024-03-03T09:46:44+01:00,09:46:44+01:00,2024-03-03 09:46:44,"00040 Nemi RM, Italia",41.72292059,12.70633522,4.0,EPSG:4326,IT,Lazio,456426411.0,2024-03-03T09:05:53Z,,482838,Iris tuberosa,species,Plantae,Tracheophyta,Liliopsida,Asparagales,Iridaceae,Iris,http://creativecommons.org/licenses/by-nc/4.0/,fattorid,fattorid,,https://www.inaturalist.org/projects/biolazio-flora-e-fauna-del-lazio,,,,,
201102100,https://www.inaturalist.org/observations/201102100,HumanObservation,2024-04-14T15:45:24Z,iNaturalist,Observations,iNaturalist research-grade observations,,201102100,https://www.inaturalist.org/observations/201102100,Alzavola del Capo - Cape Teal,Nicola,,Nicola,,wild,2024-02-05T07:21:00+03:00,07:21:00+03:00,2024/02/05 07:21,"Ngorongoro, Tanzania",-2.9935722718,34.9818845147,10.0,EPSG:4326,TZ,Arusha,456423986.0,2024-03-03T08:47:28Z,,6986,Anas capensis,species,Animalia,Chordata,Aves,Anseriformes,Anatidae,Anas,http://creativecommons.org/licenses/by-nc/4.0/,Nicola,nikx63,,,,,,,
201102104,https://www.inaturalist.org/observations/201102104,HumanObservation,2024-03-03T12:51:00Z,iNaturalist,Observations,iNaturalist research-grade observations,,201102104,https://www.inaturalist.org/observations/201102104,,Reiner Richter,,Reiner Richter,,wild,2024-02-29T19:01:00+11:00,19:01:00+11:00,2024/02/29 7:01 PM,"Crookayan VIC 3858, Australia",-37.5346361111,146.6091516667,,EPSG:4326,AU,Victoria,456423995.0,2024-03-03T08:47:29Z,,146187,Intellagama lesueurii howittii,subspecies,Animalia,Chordata,Reptilia,Squamata,Agamidae,Intellagama,http://creativecommons.org/licenses/by/4.0/,Reiner Richter,reiner,AU,,,,,,
201102107,https://www.inaturalist.org/observations/201102107,HumanObservation,2024-03-03T19:27:13Z,iNaturalist,Observations,iNaturalist research-grade observations,,201102107,https://www.inaturalist.org/observations/201102107,,Алексей Дмитриев,,Алексей Дмитриев,,wild,2021-11-16T10:40:51+04:00,10:40:51+04:00,2021-11-16 10:40:51,"Самара, Самарская обл., Россия, 443110",53.2158008467,50.129130967,310.0,EPSG:4326,RU,Samara,456424000.0,2024-03-03T08:47:30Z,,5309,Haliaeetus albicilla,species,Animalia,Chordata,Aves,Accipitriformes,Accipitridae,Haliaeetus,http://creativecommons.org/licenses/by-nc/4.0/,Алексей Дмитриев,vostok1981,,,,,,,
201102108,https://www.inaturalist.org/observations/201102108,HumanObservation,2024-03-03T19:25:07Z,iNaturalist,Observations,iNaturalist research-grade observations,,201102108,https://www.inaturalist.org/observations/201102108,,Reiner Richter,,Reiner Richter,,wild,2024-02-29T19:04:00+11:00,19:04:00+11:00,2024/02/29 7:04 PM,"Crookayan VIC 3858, Australia",-37.5344761111,146.6089802778,,EPSG:4326,AU,Victoria,456424001.0,2024-03-03T08:47:30Z,,574588,Chauliognathus tricolor,species,Animalia,Arthropoda,Insecta,Coleoptera,Cantharidae,Chauliognathus,http://creativecommons.org/licenses/by/4.0/,Reiner Richter,reiner,AU,,,,,,
201102109,https://www.inaturalist.org/observations/201102109,HumanObservation,2024-03-03T10:08:58Z,iNaturalist,Observations,iNaturalist research-grade observations,Coordinate uncertainty increased to 27816m at the request of the observer,201102109,https://www.inaturalist.org/observations/201102109,"Yep, sea holly dunes... =)",mattward,,mattward,,wild,2024-02-19T15:23:00+13:00,15:23:00+13:00,2024/02/19 3:23 PM,"Wellington, NZ",-41.2715527955,174.8693917343,27816.0,EPSG:4326,NZ,Wellington,456424003.0,2024-03-03T08:47:31Z,,344664,Eryngium vesiculosum,species,Plantae,Tracheophyta,Magnoliopsida,Apiales,Apiaceae,Eryngium,http://creativecommons.org/licenses/by-nc/4.0/,mattward,mattward,NZ,https://www.inaturalist.org/projects/nz-plant-phenology|https://www.inaturalist.org/projects/coastal-sand-dunes-and-salt-marsh-banks-and-cliffs,,,flowers,,
201102111,https://www.inaturalist.org/observations/201102111,HumanObservation,2024-03-03T09:10:03Z,iNaturalist,Observations,iNaturalist research-grade observations,,201102111,https://www.inaturalist.org/observations/201102111,,Reiner Richter,,Reiner Richter,,wild,2024-02-29T19:07:00+11:00,19:07:00+11:00,2024/02/29 7:07 PM,"Licola VIC 3858, Australia",-37.5343187322,146.6090485369,50.0,EPSG:4326,AU,Victoria,456424006.0,2024-03-03T08:47:32Z,,490075,Thema chlorochyta,species,Animalia,Arthropoda,Insecta,Lepidoptera,Oecophoridae,Thema,http://creativecommons.org/licenses/by/4.0/,Reiner Richter,reiner,AU,,,,,,
201102112,https://www.inaturalist.org/observations/201102112,HumanObservation,2024-03-06T06:09:09Z,iNaturalist,Observations,iNaturalist research-grade observations,,201102112,https://www.inaturalist.org/observations/201102112,,marikav,,marikav,,wild,2024-03-03T09:48:05+02:00,09:48:05+02:00,2024-03-03 09:48:05+02:00,"Brakfontein Road, Centurion, GP, ZA",-25.9120333333,28.17828,4.0,EPSG:4326,ZA,Gauteng,456431675.0,2024-03-03T09:40:21Z,,582861,Crabbea angustifolia,species,Plantae,Tracheophyta,Magnoliopsida,Lamiales,Acanthaceae,Crabbea,http://creativecommons.org/licenses/by-nc/4.0/,marikav,marikav,,,,,,,
67034378,https://www.inaturalist.org/observations/67034378,HumanObservation,2021-01-28T08:36:45Z,iNaturalist,Observations,iNaturalist research-grade observations,,67034378,https://www.inaturalist.org/observations/67034378,,Max Laubstein,,Max Laubstein,,wild,2019-09-01T02:29:00-07:00,02:29:00-07:00,2019/09/01 2:29 AM PDT,,37.4236919128,-122.9789939994,3906.0,EPSG:4326,,,147532414.0,2020-12-25T06:12:25Z,,4141,Phoebastria nigripes,species,Animalia,Chordata,Aves,Procellariiformes,Diomedeidae,Phoebastria,http://creativecommons.org/licenses/by-nc/4.0/,Max Laubstein,maxlaubstein,,https://www.inaturalist.org/projects/california-birds,,,,,
67034379,https://www.inaturalist.org/observations/67034379,HumanObservation,2024-02-21T17:46:35Z,iNaturalist,Observations,iNaturalist research-grade observations,,67034379,https://www.inaturalist.org/observations/67034379,,Dawson Diaz,,steve-beatty,,wild,2020-12-24T14:00:00Z,14:00:00Z,Thu Dec 24 2020 14:00:00 GMT-0800 (PST),"Briones Regional Park, Martinez, CA, US",37.9448166667,-122.1454778333,4.0,EPSG:4326,US,California,148180330.0,2020-12-29T16:53:40Z,,57054,Lupinus formosus,species,Plantae,Tracheophyta,Magnoliopsida,Fabales,Fabaceae,Lupinus,http://creativecommons.org/licenses/by/4.0/,Dawson Diaz,dawsondiaz,,,,,flowers,,
67034382,https://www.inaturalist.org/observations/67034382,HumanObservation,2020-12-25T06:33:40Z,iNaturalist,Observations,iNaturalist research-grade observations,,67034382,https://www.inaturalist.org/observations/67034382,,auntie_uncle,,auntie_uncle,,wild,2006-02-25T11:11:00Z,11:11:00Z,2006/02/25 11:11 AM UTC,"Tai Po Kau, Hong Kong",22.4370545,114.1828429,2357.0,EPSG:4326,HK,Tai Po,147532432.0,2020-12-25T06:12:48Z,,14684,Hemixos castanonotus,species,Animalia,Chordata,Aves,Passeriformes,Pycnonotidae,Hemixos,http://creativecommons.org/licenses/by-nc/4.0/,auntie_uncle,auntie_uncle,,,,,,,
67034385,https://www.inaturalist.org/observations/67034385,HumanObservation,2024-03-21T23:39:12Z,iNaturalist,Observations,iNaturalist research-grade observations,Coordinate uncertainty increased to 29798m at the request of the observer,67034385,https://www.inaturalist.org/observations/67034385,,Ana Gatica Colima,,Ana Gatica Colima,,wild,2015-05-02,,2015/05/02,"Chihuahua, MX",26.9295445424,-103.8511364452,29798.0,EPSG:4326,MX,Chihuahua,377970974.0,2023-06-23T17:06:07Z,,347513,Agave asperrima,species,Plantae,Tracheophyta,Liliopsida,Asparagales,Asparagaceae,Agave,http://creativecommons.org/licenses/by-nc/4.0/,Ana Gatica Colima,agatica,MX,,,,,,
67034386,https://www.inaturalist.org/observations/67034386,HumanObservation,2024-09-04T11:13:22Z,iNaturalist,Observations,iNaturalist research-grade observations,,67034386,https://www.inaturalist.org/observations/67034386,,WATANABE Hitoshi 渡辺仁,,WATANABE Hitoshi 渡辺仁,,wild,2020-12-12T14:43:00+09:00,14:43:00+09:00,2020/12/12 2:43 PM JST,日本、〒189-0026 東京都東村山市多摩湖町,35.76194,139.44193,10.0,EPSG:4326,JP,Tokyo,147532456.0,2020-12-25T06:13:18Z,,4954,Ardea cinerea,species,Animalia,Chordata,Aves,Pelecaniformes,Ardeidae,Ardea,http://creativecommons.org/licenses/by/4.0/,WATANABE Hitoshi 渡辺仁,tbc_watanabe,,,,,,,
67034388,https://www.inaturalist.org/observations/67034388,HumanObservation,2024-09-04T11:13:22Z,iNaturalist,Observations,iNaturalist research-grade observations,,67034388,https://www.inaturalist.org/observations/67034388,,WATANABE Hitoshi 渡辺仁,,WATANABE Hitoshi 渡辺仁,,wild,2020-12-12T14:47:00+09:00,14:47:00+09:00,2020/12/12 2:47 PM JST,日本、〒189-0026 東京都東村山市多摩湖町,35.7639854778,139.4423406061,20.0,EPSG:4326,JP,Tokyo,147532458.0,2020-12-25T06:13:19Z,,145087,Turdus eunomus,species,Animalia,Chordata,Aves,Passeriformes,Turdidae,Turdus,http://creativecommons.org/licenses/by/4.0/,WATANABE Hitoshi 渡辺仁,tbc_watanabe,,,,,,,
67034389,https://www.inaturalist.org/observations/67034389,HumanObservation,2024-09-04T11:13:22Z,iNaturalist,Observations,iNaturalist research-grade observations,,67034389,https://www.inaturalist.org/observations/67034389,10羽程度の群れ,WATANABE Hitoshi 渡辺仁,,WATANABE Hitoshi 渡辺仁,,wild,2020-12-12T14:49:00+09:00,14:49:00+09:00,2020/12/12 2:49 PM JST,日本、〒189-0026 東京都東村山市多摩湖町,35.7646383333,139.44148,20.0,EPSG:4326,JP,Tokyo,147532459.0,2020-12-25T06:13:19Z,,13724,Anthus hodgsoni,species,Animalia,Chordata,Aves,Passeriformes,Motacillidae,Anthus,http://creativecommons.org/licenses/by/4.0/,WATANABE Hitoshi 渡辺仁,tbc_watanabe,,,,,,,
67034390,https://www.inaturalist.org/observations/67034390,HumanObservation,2024-09-04T11:13:22Z,iNaturalist,Observations,iNaturalist research-grade observations,,67034390,https://www.inaturalist.org/observations/67034390,数十羽の群れ。,WATANABE Hitoshi 渡辺仁,,WATANABE Hitoshi 渡辺仁,,wild,2020-12-12T14:58:00+09:00,14:58:00+09:00,2020/12/12 2:58 PM JST,日本、〒207-0001 東京都東大和市多摩湖,35.7663612276,139.4401915696,15.0,EPSG:4326,JP,Saitama,147532460.0,2020-12-25T06:13:19Z,,6930,Anas platyrhynchos,species,Animalia,Chordata,Aves,Anseriformes,Anatidae,Anas,http://creativecommons.org/licenses/by/4.0/,WATANABE Hitoshi 渡辺仁,tbc_watanabe,,,,,,,
67034391,https://www.inaturalist.org/observations/67034391,HumanObservation,2024-09-04T11:13:22Z,iNaturalist,Observations,iNaturalist research-grade observations,,67034391,https://www.inaturalist.org/observations/67034391,,WATANABE Hitoshi 渡辺仁,,WATANABE Hitoshi 渡辺仁,,wild,2020-12-12T14:58:00+09:00,14:58:00+09:00,2020/12/12 2:58 PM JST,日本、〒207-0001 東京都東大和市多摩湖,35.7665032585,139.4400040889,20.0,EPSG:4326,JP,Saitama,147532461.0,2020-12-25T06:13:20Z,,4954,Ardea cinerea,species,Animalia,Chordata,Aves,Pelecaniformes,Ardeidae,Ardea,http://creativecommons.org/licenses/by/4.0/,WATANABE Hitoshi 渡辺仁,tbc_watanabe,,,,,,,
67034392,https://www.inaturalist.org/observations/67034392,HumanObservation,2024-09-04T11:13:22Z,iNaturalist,Observations,iNaturalist research-grade observations,,67034392,https://www.inaturalist.org/observations/67034392,,WATANABE Hitoshi 渡辺仁,,WATANABE Hitoshi 渡辺仁,,wild,2020-12-12T14:58:00+09:00,14:58:00+09:00,2020/12/12 2:58 PM JST,日本、〒207-0001 東京都東大和市多摩湖,35.7665227799,139.4399927542,20.0,EPSG:4326,JP,Saitama,147532462.0,2020-12-25T06:13:20Z,,4270,Phalacrocorax carbo,species,Animalia,Chordata,Aves,Suliformes,Phalacrocoracidae,Phalacrocorax,http://creativecommons.org/licenses/by/4.0/,WATANABE Hitoshi 渡辺仁,tbc_watanabe,,,,,,,
67034394,https://www.inaturalist.org/observations/67034394,HumanObservation,2024-09-04T11:13:22Z,iNaturalist,Observations,iNaturalist research-grade observations,,67034394,https://www.inaturalist.org/observations/67034394,湖面に10羽程度,WATANABE Hitoshi 渡辺仁,,WATANABE Hitoshi 渡辺仁,,wild,2020-12-12T15:01:00+09:00,15:01:00+09:00,2020/12/12 3:01 PM JST,日本、〒207-0001 東京都東大和市多摩湖,35.7654379983,139.4397290122,100.0,EPSG:4326,JP,Tokyo,147532464.0,2020-12-25T06:13:20Z,,7045,Aythya ferina,species,Animalia,Chordata,Aves,Anseriformes,Anatidae,Aythya,http://creativecommons.org/licenses/by/4.0/,WATANABE Hitoshi 渡辺仁,tbc_watanabe,,,,,,,
67034395,https://www.inaturalist.org/observations/67034395,HumanObservation,2024-09-04T11:13:22Z,iNaturalist,Observations,iNaturalist research-grade observations,,67034395,https://www.inaturalist.org/observations/67034395,,WATANABE Hitoshi 渡辺仁,,WATANABE Hitoshi 渡辺仁,,wild,2020-12-12T15:02:00+09:00,15:02:00+09:00,2020/12/12 3:02 PM JST,日本、〒207-0001 東京都東大和市多摩湖,35.7648460189,139.4397765769,100.0,EPSG:4326,JP,Tokyo,147532463.0,2020-12-25T06:13:20Z,,4208,Podiceps cristatus,species,Animalia,Chordata,Aves,Podicipediformes,Podicipedidae,Podiceps,http://creativecommons.org/licenses/by/4.0/,WATANABE Hitoshi 渡辺仁,tbc_watanabe,,,,,,,
67034396,https://www.inaturalist.org/observations/67034396,HumanObservation,2024-09-04T11:13:22Z,iNaturalist,Observations,iNaturalist research-grade observations,,67034396,https://www.inaturalist.org/observations/67034396,,WATANABE Hitoshi 渡辺仁,,WATANABE Hitoshi 渡辺仁,,wild,2020-12-12T15:09:00+09:00,15:09:00+09:00,2020/12/12 3:09 PM JST,日本、〒189-0026 東京都東村山市多摩湖町,35.7648808413,139.4404417647,31.0,EPSG:4326,JP,Tokyo,147532466.0,2020-12-25T06:13:21Z,,339962,Motacilla alba lugens,subspecies,Animalia,Chordata,Aves,Passeriformes,Motacillidae,Motacilla,http://creativecommons.org/licenses/by/4.0/,WATANABE Hitoshi 渡辺仁,tbc_watanabe,,,,,,,
201102119,https://www.inaturalist.org/observations/201102119,HumanObservation,2024-03-10T21:41:29Z,iNaturalist,Observations,iNaturalist research-grade observations,,201102119,https://www.inaturalist.org/observations/201102119,,Casey Cunningham,,Casey Cunningham,,wild,2023-06-04T06:17:00-07:00,06:17:00-07:00,2023/06/04 6:17 AM,"Tillamook County, OR, USA",45.5641611111,-123.9370638889,6.0,EPSG:4326,US,Oregon,456424042.0,2024-03-03T08:47:51Z,,502380,Leathesia marina,species,Chromista,Ochrophyta,Phaeophyceae,Ectocarpales,Chordariaceae,Leathesia,http://creativecommons.org/licenses/by-nc/4.0/,Casey Cunningham,cacunningham,,,,,,,
201102122,https://www.inaturalist.org/observations/201102122,HumanObservation,2024-12-12T01:50:42Z,iNaturalist,Observations,iNaturalist research-grade observations,,201102122,https://www.inaturalist.org/observations/201102122,,Benjamin Lavin,,Benjamin Lavin,,wild,2024-02-26T16:00:55+13:00,16:00:55+13:00,2024-02-26 16:00:55,"Aokautere 4471, New Zealand",-40.3126535894,175.7751566917,124.0,EPSG:4326,NZ,Manawatu-Wanganui,456424051.0,2024-03-03T08:47:58Z,,185249,Pennantia corymbosa,species,Plantae,Tracheophyta,Magnoliopsida,Apiales,Pennantiaceae,Pennantia,http://creativecommons.org/licenses/by/4.0/,Benjamin Lavin,benlavin88,NZ,,,,,,
201102124,https://www.inaturalist.org/observations/201102124,HumanObservation,2024-03-03T09:01:28Z,iNaturalist,Observations,iNaturalist research-grade observations,,201102124,https://www.inaturalist.org/observations/201102124,,fangchen,,fangchen,,wild,2024-03-03T16:45:13+08:00,16:45:13+08:00,2024-03-03 16:45:13+08:00,"清河南滨河路, 北京市, CN",40.0229145045,116.3313905776,168.0,EPSG:4326,CN,Beijing,456424054.0,2024-03-03T08:48:00Z,,6930,Anas platyrhynchos,species,Animalia,Chordata,Aves,Anseriformes,Anatidae,Anas,http://creativecommons.org/licenses/by-nc/4.0/,fangchen,fangchen,,,,,,,
201102125,https://www.inaturalist.org/observations/201102125,HumanObservation,2024-03-03T08:53:46Z,iNaturalist,Observations,iNaturalist research-grade observations,,201102125,https://www.inaturalist.org/observations/201102125,,Glen Goddard,,Glen Goddard,,wild,2024-03-03T10:47:22+02:00,10:47:22+02:00,2024-03-03 10:47:22+02:00,"Club Drive, Ballito, KZN, ZA",-29.5418675244,31.1970844399,4.0,EPSG:4326,ZA,KwaZulu-Natal,456424055.0,2024-03-03T08:48:01Z,,369986,Barleria repens,species,Plantae,Tracheophyta,Magnoliopsida,Lamiales,Acanthaceae,Barleria,http://creativecommons.org/licenses/by-nc/4.0/,Glen Goddard,aicorner,,,,,,,
201102127,https://www.inaturalist.org/observations/201102127,HumanObservation,2024-03-06T06:09:05Z,iNaturalist,Observations,iNaturalist research-grade observations,,201102127,https://www.inaturalist.org/observations/201102127,,marikav,,marikav,,wild,2024-03-03T09:48:54+02:00,09:48:54+02:00,2024-03-03 09:48:54+02:00,"Brakfontein Road, Centurion, GP, ZA",-25.912025,28.17853,4.0,EPSG:4326,ZA,Gauteng,456424062.0,2024-03-03T08:48:05Z,,592315,Pollichia campestris,species,Plantae,Tracheophyta,Magnoliopsida,Caryophyllales,Caryophyllaceae,Pollichia,http://creativecommons.org/licenses/by-nc/4.0/,marikav,marikav,,,,,,,
201102128,https://www.inaturalist.org/observations/201102128,HumanObservation,2024-03-03T11:40:22Z,iNaturalist,Observations,iNaturalist research-grade observations,,201102128,https://www.inaturalist.org/observations/201102128,,Abhishek N. Prasad,,Abhishek N. Prasad,,wild,2024-03-02T17:34:00-06:00,17:34:00-06:00,2024/03/02 5:34 PM,"Bayside Regional Park, Bacliff, TX 77518, USA",29.502591945,-94.9822041667,75.0,EPSG:4326,US,Texas,456424064.0,2024-03-03T08:48:06Z,,7044,Aythya collaris,species,Animalia,Chordata,Aves,Anseriformes,Anatidae,Aythya,http://creativecommons.org/licenses/by-nc/4.0/,Abhishek N. Prasad,polylepis,,https://www.inaturalist.org/projects/birds-of-texas,,adult,,alive,"{""evidenceOfPresence"":""organism""}"
201102129,https://www.inaturalist.org/observations/201102129,HumanObservation,2024-03-03T20:54:12Z,iNaturalist,Observations,iNaturalist research-grade observations,,201102129,https://www.inaturalist.org/observations/201102129,,recorderer,,recorderer,,wild,2024-03-03T19:46:47+11:00,19:46:47+11:00,2024-03-03 19:46:47+11:00,"Tasmania, Penna, TAS, AU",-42.7878916667,147.50412,35.0,EPSG:4326,AU,Tasmania,456424067.0,2024-03-03T08:48:10Z,,204497,Cracticus torquatus,species,Animalia,Chordata,Aves,Passeriformes,Artamidae,Cracticus,http://creativecommons.org/licenses/by-nc/4.0/,recorderer,recorderer,AU,,,,,,
201102132,https://www.inaturalist.org/observations/201102132,HumanObservation,2024-03-03T09:42:07Z,iNaturalist,Observations,iNaturalist research-grade observations,,201102132,https://www.inaturalist.org/observations/201102132,,lunedep,,lunedep,,wild,2024-03-02T12:26:36+01:00,12:26:36+01:00,2024-03-02 12:26:36,"Peyral, 34120 Castelnau-de-Guers, France",43.4353593879,3.4393838793,6859.0,EPSG:4326,FR,Languedoc-Roussillon,456424081.0,2024-03-03T08:48:16Z,,129396,Globularia alypum,species,Plantae,Tracheophyta,Magnoliopsida,Lamiales,Plantaginaceae,Globularia,http://creativecommons.org/licenses/by-nc/4.0/,lunedep,lunedep,,,,,,,
201102136,https://www.inaturalist.org/observations/201102136,HumanObservation,2025-01-13T03:20:18Z,iNaturalist,Observations,iNaturalist research-grade observations,,201102136,https://www.inaturalist.org/observations/201102136,,flynncon,,Ray Robinson,,wild,2024-02-29T14:01:04+11:00,14:01:04+11:00,2024-02-29 14:01:04+11:00,"Glenrock State Conservation Area, Merewether, NSW, AU",-32.955445,151.7325283333,3.0,EPSG:4326,AU,New South Wales,456426685.0,2024-03-03T09:07:36Z,,286772,Tecomaria capensis,species,Plantae,Tracheophyta,Magnoliopsida,Lamiales,Bignoniaceae,Tecomaria,http://creativecommons.org/licenses/by-nc/4.0/,flynncon,flynncon,AU,,,,,,
201102137,https://www.inaturalist.org/observations/201102137,HumanObservation,2024-03-04T03:16:28Z,iNaturalist,Observations,iNaturalist research-grade observations,,201102137,https://www.inaturalist.org/observations/201102137,Clinton Rocks Victoria,arthurjoestephens,,arthurjoestephens,,wild,2024-03-03T16:14:18+11:00,16:14:18+11:00,2024-03-03 16:14:18+11:00,"Croajingolong, E. Gippsland - Orbost, AU-VI, AU",-37.7770777902,149.1990097654,4.0,EPSG:4326,AU,Victoria,456424094.0,2024-03-03T08:48:24Z,,323862,Rhagodia candolleana,species,Plantae,Tracheophyta,Magnoliopsida,Caryophyllales,Amaranthaceae,Rhagodia,http://creativecommons.org/licenses/by-nc/4.0/,arthurjoestephens,arthurjoestephens,,,,,,,
201102138,https://www.inaturalist.org/observations/201102138,HumanObservation,2024-03-03T08:51:06Z,iNaturalist,Observations,iNaturalist research-grade observations,,201102138,https://www.inaturalist.org/observations/201102138,,Margarita Gafurova,,Margarita Gafurova,,wild,2023-08-22T14:45:00+03:00,14:45:00+03:00,2023/08/22 14:45,"Чебоксарский р-н, Чувашская Респ., Россия",56.1019811661,47.4425419534,61.0,EPSG:4326,RU,Chuvash,456424097.0,2024-03-03T08:48:26Z,,67808,Solidago canadensis,species,Plantae,Tracheophyta,Magnoliopsida,Asterales,Asteraceae,Solidago,http://creativecommons.org/licenses/by-nc/4.0/,Margarita Gafurova,mmgafurova,,,,,,,
201102140,https://www.inaturalist.org/observations/201102140,HumanObservation,2024-03-13T03:02:44Z,iNaturalist,Observations,iNaturalist research-grade observations,,201102140,https://www.inaturalist.org/observations/201102140,,Drew Meyer,,Drew Meyer,,wild,2024-02-25T12:37:30-08:00,12:37:30-08:00,2024-02-25 12:37:30,"Goldendale, WA 98620, USA",45.92851,-121.111845,,EPSG:4326,US,Washington,456424114.0,2024-03-03T08:48:33Z,,79423,Trifolium macrocephalum,species,Plantae,Tracheophyta,Magnoliopsida,Fabales,Fabaceae,Trifolium,http://creativecommons.org/publicdomain/zero/1.0/,Drew Meyer,drew_meyer,,,,,,,
201102143,https://www.inaturalist.org/observations/201102143,HumanObservation,2024-12-08T13:23:45Z,iNaturalist,Observations,iNaturalist research-grade observations,,201102143,https://www.inaturalist.org/observations/201102143,,iacomaner,,iacomaner,,wild,2024-01-28T16:19:39-06:00,16:19:39-06:00,2024-01-28 16:19:39-06:00,"Buffalo National River, Compton, AR, US",36.0250666667,-93.3532866667,7.0,EPSG:4326,US,Arkansas,456424130.0,2024-03-03T08:48:38Z,,128051,Kretzschmaria deusta,species,Fungi,Ascomycota,Sordariomycetes,Xylariales,Xylariaceae,Kretzschmaria,http://creativecommons.org/licenses/by-nc/4.0/,iacomaner,iacomaner,,,,,,,
201102146,https://www.inaturalist.org/observations/201102146,HumanObservation,2025-03-27T09:42:57Z,iNaturalist,Observations,iNaturalist research-grade observations,,201102146,https://www.inaturalist.org/observations/201102146,,Vladimír Nemček,,Vladimír Nemček,,wild,2024-03-03T09:47:31+01:00,09:47:31+01:00,2024-03-03 09:47:31,"841 07 Bratislava, Slovensko",48.21855234,16.96311632,6.0,EPSG:4326,SK,Bratislavský,456451213.0,2024-03-03T11:53:59Z,,705439,Veronica sublobata,species,Plantae,Tracheophyta,Magnoliopsida,Lamiales,Plantaginaceae,Veronica,http://creativecommons.org/licenses/by/4.0/,Vladimír Nemček,blackday,,,,,,,
201102150,https://www.inaturalist.org/observations/201102150,HumanObservation,2024-05-31T04:41:03Z,iNaturalist,Observations,iNaturalist research-grade observations,,201102150,https://www.inaturalist.org/observations/201102150,3 Dingos sighted,Art_PAS,,Art_PAS,,wild,2024-03-03T10:43:00+10:00,10:43:00+10:00,2024/03/03 10:43 AM,"Pinnacles QLD 4815, Australia",-19.4412970867,146.6986393193,1256.0,EPSG:4326,AU,Queensland,456424161.0,2024-03-03T08:48:54Z,,924041,Canis familiaris dingo,subspecies,Animalia,Chordata,Mammalia,Carnivora,Canidae,Canis,http://creativecommons.org/licenses/by-nc/4.0/,Art_PAS,pasoarthur,,,,,,,
201102152,https://www.inaturalist.org/observations/201102152,HumanObservation,2024-07-07T10:09:31Z,iNaturalist,Observations,iNaturalist research-grade observations,,201102152,https://www.inaturalist.org/observations/201102152,,Adam Smith,,Aiden Chong,,wild,2024-03-03,,2024-03-03,Pulau Luar,-12.0795566443,96.8456414714,1804.0,EPSG:4326,CC,,469360481.0,2024-04-11T01:32:07Z,,50114,Epinephelus morrhua,species,Animalia,Chordata,Actinopterygii,Perciformes,Epinephelidae,Epinephelus,http://creativecommons.org/licenses/by-nc/4.0/,Adam Smith,adam_smith3,AU,,,,,,
201102154,https://www.inaturalist.org/observations/201102154,HumanObservation,2024-03-06T15:33:35Z,iNaturalist,Observations,iNaturalist research-grade observations,,201102154,https://www.inaturalist.org/observations/201102154,,angelmi,,angelmi,,wild,2024-02-23T11:00:34+08:00,11:00:34+08:00,2024-02-22 20:00:34-07:00,"Sungei Buloh Wetland Reserve, SG",1.4485829155,103.7271041446,136.0,EPSG:4326,SG,North,456424179.0,2024-03-03T08:48:59Z,,3879,Tringa totanus,species,Animalia,Chordata,Aves,Charadriiformes,Scolopacidae,Tringa,http://creativecommons.org/licenses/by-nc/4.0/,angelmi,angelmi,,,,,,,
201102157,https://www.inaturalist.org/observations/201102157,HumanObservation,2024-04-21T08:32:20Z,iNaturalist,Observations,iNaturalist research-grade observations,Coordinate uncertainty increased to 26421m at the request of the observer,201102157,https://www.inaturalist.org/observations/201102157,,charlii,,Simone Meacci,,wild,2024-03-02T15:47:27+01:00,15:47:27+01:00,2024-03-02 15:47:27+01:00,Germany,50.1470939617,9.1863536354,26421.0,EPSG:4326,DE,Bayern,456425517.0,2024-03-03T08:59:03Z,,142936,Rhaphigaster nebulosa,species,Animalia,Arthropoda,Insecta,Hemiptera,Pentatomidae,Rhaphigaster,http://creativecommons.org/licenses/by-nc/4.0/,charlii,charlii,,,,adult,,,
201102164,https://www.inaturalist.org/observations/201102164,HumanObservation,2024-03-06T06:08:58Z,iNaturalist,Observations,iNaturalist research-grade observations,,201102164,https://www.inaturalist.org/observations/201102164,,marikav,,marikav,,wild,2024-03-03T09:49:31+02:00,09:49:31+02:00,2024-03-03 09:49:31+02:00,"Brakfontein Road, Centurion, GP, ZA",-25.9120116667,28.17855,4.0,EPSG:4326,ZA,Gauteng,456424213.0,2024-03-03T08:49:07Z,,587938,Ipomoea ommanneyi,species,Plantae,Tracheophyta,Magnoliopsida,Solanales,Convolvulaceae,Ipomoea,http://creativecommons.org/licenses/by-nc/4.0/,marikav,marikav,,,,,,,
201102165,https://www.inaturalist.org/observations/201102165,HumanObservation,2024-05-03T13:29:21Z,iNaturalist,Observations,iNaturalist research-grade observations,,201102165,https://www.inaturalist.org/observations/201102165,,Kian Hayles-Cotton,https://orcid.org/0009-0009-9100-6240,Kian Hayles-Cotton,https://orcid.org/0009-0009-9100-6240,wild,2024-03-01T15:16:49+00:00,15:16:49+00:00,2024-03-01 15:16:49Z,"Windmill Lane, York, England, GB",53.9532837453,-1.0463060167,5.0,EPSG:4326,GB,England,456424218.0,2024-03-03T08:49:08Z,,60204,Geranium pusillum,species,Plantae,Tracheophyta,Magnoliopsida,Geraniales,Geraniaceae,Geranium,http://creativecommons.org/licenses/by/4.0/,Kian Hayles-Cotton,kh-c,GB,,,,,,
201102172,https://www.inaturalist.org/observations/201102172,HumanObservation,2024-08-10T17:36:41Z,iNaturalist,Observations,iNaturalist research-grade observations,,201102172,https://www.inaturalist.org/observations/201102172,,E. A.,,E. A.,,wild,2024-03-03T09:45:15+01:00,09:45:15+01:00,2024-03-03 09:45:15+01:00,"Hart, Seckau, Steiermark, AT",47.2747556968,14.7743337229,9.0,EPSG:4326,AT,Steiermark,456425008.0,2024-03-03T08:54:59Z,,203153,Parus major,species,Animalia,Chordata,Aves,Passeriformes,Paridae,Parus,http://creativecommons.org/licenses/by/4.0/,E. A.,kupferglucke,,https://www.inaturalist.org/projects/audio-observations-from-around-the-world,,,,alive,"{""evidenceOfPresence"":""organism""}"
201102175,https://www.inaturalist.org/observations/201102175,HumanObservation,2024-03-03T09:10:08Z,iNaturalist,Observations,iNaturalist research-grade observations,,201102175,https://www.inaturalist.org/observations/201102175,,Margarita Gafurova,,Margarita Gafurova,,wild,2023-08-22T14:46:00+03:00,14:46:00+03:00,2023/08/22 14:46,"Чебоксарский р-н, Чувашская Респ., Россия",56.1014169453,47.4413874979,122.0,EPSG:4326,RU,Chuvash,456424251.0,2024-03-03T08:49:21Z,,55766,Euphorbia cyparissias,species,Plantae,Tracheophyta,Magnoliopsida,Malpighiales,Euphorbiaceae,Euphorbia,http://creativecommons.org/licenses/by-nc/4.0/,Margarita Gafurova,mmgafurova,,,,,,,
201102177,https://www.inaturalist.org/observations/201102177,HumanObservation,2024-03-03T09:45:25Z,iNaturalist,Observations,iNaturalist research-grade observations,,201102177,https://www.inaturalist.org/observations/201102177,,Vireya Jacquard,,Vireya Jacquard,,wild,2024-03-03T12:08:00+11:00,12:08:00+11:00,2024/03/03 12:08 PM,"Long Forest VIC 3340, Australia",-37.6436280556,144.4932313889,,EPSG:4326,AU,Victoria,456424262.0,2024-03-03T08:49:25Z,,502259,Chenopodium parabolicum,species,Plantae,Tracheophyta,Magnoliopsida,Caryophyllales,Amaranthaceae,Chenopodium,http://creativecommons.org/licenses/by-nc/4.0/,Vireya Jacquard,vireyajacquard,,,,,fruits or seeds|flower buds,,
201102178,https://www.inaturalist.org/observations/201102178,HumanObservation,2024-03-03T09:56:49Z,iNaturalist,Observations,iNaturalist research-grade observations,,201102178,https://www.inaturalist.org/observations/201102178,,Stargazer,,,,wild,2024-03-03T12:54:31+08:00,12:54:31+08:00,2024-03-03 12:54:31+08:00,"会昌县, 赣州市, 江西省, CN",25.2304882106,115.8496171009,1221.0,EPSG:4326,CN,Jiangxi,,,,720474,Carpodacus erythrinus roseatus,subspecies,Animalia,Chordata,Aves,Passeriformes,Fringillidae,Carpodacus,http://creativecommons.org/licenses/by-nc/4.0/,Stargazer,skystargazer,,,,,,,
201102179,https://www.inaturalist.org/observations/201102179,HumanObservation,2024-05-03T13:29:21Z,iNaturalist,Observations,iNaturalist research-grade observations,,201102179,https://www.inaturalist.org/observations/201102179,,Kian Hayles-Cotton,https://orcid.org/0009-0009-9100-6240,Kian Hayles-Cotton,https://orcid.org/0009-0009-9100-6240,wild,2024-03-01T15:16:48+00:00,15:16:48+00:00,2024-03-01 15:16:48Z,"Windmill Lane, York, England, GB",53.9532591271,-1.0463230549,4.0,EPSG:4326,GB,England,456424264.0,2024-03-03T08:49:25Z,,53315,Urtica urens,species,Plantae,Tracheophyta,Magnoliopsida,Rosales,Urticaceae,Urtica,http://creativecommons.org/licenses/by/4.0/,Kian Hayles-Cotton,kh-c,GB,,,,,,
201102183,https://www.inaturalist.org/observations/201102183,HumanObservation,2024-03-03T20:14:04Z,iNaturalist,Observations,iNaturalist research-grade observations,,201102183,https://www.inaturalist.org/observations/201102183,,carlos-mabu,,carlos-mabu,,wild,2024-03-03T09:48:24+01:00,09:48:24+01:00,2024-03-03 09:48:24,"08970 Sant Joan Despí, Barcelona, España",41.3543933333,2.0431016667,1.0,EPSG:4326,ES,Cataluña,456424288.0,2024-03-03T08:49:35Z,,56292,Euphorbia helioscopia,species,Plantae,Tracheophyta,Magnoliopsida,Malpighiales,Euphorbiaceae,Euphorbia,http://creativecommons.org/licenses/by-nc/4.0/,carlos-mabu,carlos-mabu,,,,,,,
201102186,https://www.inaturalist.org/observations/201102186,HumanObservation,2025-03-13T04:14:38Z,iNaturalist,Observations,iNaturalist research-grade observations,,201102186,https://www.inaturalist.org/observations/201102186,,mireille-koumac,,Benoît HENRY,,wild,2024-03-03T19:44:15+11:00,19:44:15+11:00,2024-03-03 19:44:15,"Koumac, Nouvelle-Calédonie",-20.4333329937,164.3166665733,2036.0,EPSG:4326,NC,Nord,456430502.0,2024-03-03T09:32:50Z,,1308423,Hortophora flavicoma,species,Animalia,Arthropoda,Arachnida,Araneae,Araneidae,Hortophora,http://creativecommons.org/licenses/by-nc/4.0/,mireille-koumac,mireille-koumac,,,female,adult,,,
201102190,https://www.inaturalist.org/observations/201102190,HumanObservation,2024-03-03T08:57:57Z,iNaturalist,Observations,iNaturalist research-grade observations,,201102190,https://www.inaturalist.org/observations/201102190,,Lachie,,Евгений Феликсович Епифанов Evgeniy F. Epifanov,,wild,2023-10-21T10:02:42+08:00,10:02:42+08:00,2023-10-21 10:02:42,"Doodenanning WA 6383, Australia",-31.859584,117.213504,,EPSG:4326,AU,Western Australia,456424781.0,2024-03-03T08:52:54Z,,55626,Pieris rapae,species,Animalia,Arthropoda,Insecta,Lepidoptera,Pieridae,Pieris,http://creativecommons.org/licenses/by-nc/4.0/,Lachie,lperry95,,,,,,,
201102193,https://www.inaturalist.org/observations/201102193,HumanObservation,2024-05-09T19:50:18Z,iNaturalist,Observations,iNaturalist research-grade observations,,201102193,https://www.inaturalist.org/observations/201102193,,sand13d,,sand13d,,wild,2020-12-12T09:21:00+10:00,09:21:00+10:00,2020/12/12 9:21 AM,"Upper Brookfield QLD 4069, Australia",-27.4866,152.8737,96.0,EPSG:4326,AU,Queensland,456424330.0,2024-03-03T08:49:52Z,,208624,Leptocneria reducta,species,Animalia,Arthropoda,Insecta,Lepidoptera,Erebidae,Leptocneria,http://creativecommons.org/licenses/by-nc/4.0/,sand13d,sand13d,AU,,,adult,,alive,"{""evidenceOfPresence"":""organism""}"
201102194,https://www.inaturalist.org/observations/201102194,HumanObservation,2024-03-03T09:42:08Z,iNaturalist,Observations,iNaturalist research-grade observations,,201102194,https://www.inaturalist.org/observations/201102194,,lunedep,,lunedep,,wild,2024-03-02T12:47:19+01:00,12:47:19+01:00,2024-03-02 12:47:19,"Peyral, 34120 Castelnau-de-Guers, France",43.4353593879,3.4393838793,6859.0,EPSG:4326,FR,Languedoc-Roussillon,456424334.0,2024-03-03T08:49:53Z,,358135,Iris lutescens,species,Plantae,Tracheophyta,Liliopsida,Asparagales,Iridaceae,Iris,http://creativecommons.org/licenses/by-nc/4.0/,lunedep,lunedep,,,,,,,
201102199,https://www.inaturalist.org/observations/201102199,HumanObservation,2024-03-04T23:11:37Z,iNaturalist,Observations,iNaturalist research-grade observations,,201102199,https://www.inaturalist.org/observations/201102199,,Martina Kišelová,,Martina Kišelová,,wild,2023-06-24T15:09:00+02:00,15:09:00+02:00,2023/06/24 15:09,"Doksy, Česko",50.5735105489,14.64494136,2633.0,EPSG:4326,CZ,Liberecký,456424353.0,2024-03-03T08:50:07Z,,61295,Aporia crataegi,species,Animalia,Arthropoda,Insecta,Lepidoptera,Pieridae,Aporia,http://creativecommons.org/licenses/by-nc/4.0/,Martina Kišelová,marhi_226,,https://www.inaturalist.org/projects/io-database,,,,,
201102201,https://www.inaturalist.org/observations/201102201,HumanObservation,2024-03-06T02:45:40Z,iNaturalist,Observations,iNaturalist research-grade observations,,201102201,https://www.inaturalist.org/observations/201102201,,taipingling,,Debashis Chowdhury,,wild,2024-01-19T11:22:00+05:30,11:22:00+05:30,2024/01/19 11:22 AM,"Tadoba-Andhari Tiger Reserve, Maharashtra, India",20.2717885,79.3875706,29509.0,EPSG:4326,IN,Maharashtra,456477356.0,2024-03-03T14:03:51Z,,51784,Elymnias hypermnestra,species,Animalia,Arthropoda,Insecta,Lepidoptera,Nymphalidae,Elymnias,http://creativecommons.org/licenses/by-nc/4.0/,taipingling,taipingling,,,,,,,
201102203,https://www.inaturalist.org/observations/201102203,HumanObservation,2024-03-17T18:44:29Z,iNaturalist,Observations,iNaturalist research-grade observations,,201102203,https://www.inaturalist.org/observations/201102203,,Marta,,Biology goblins,,wild,2024-03-02T14:01:41+01:00,14:01:41+01:00,2024-03-02 14:01:41,"Harrachov 372, 512 46 Harrachov, Česko",50.7682833333,15.4431888889,,EPSG:4326,CZ,Liberecký,456427044.0,2024-03-03T09:10:07Z,,179037,Cladonia fimbriata,species,Fungi,Ascomycota,Lecanoromycetes,Lecanorales,Cladoniaceae,Cladonia,http://creativecommons.org/licenses/by-nc/4.0/,Marta,martamumin,,,,,,,
201102205,https://www.inaturalist.org/observations/201102205,HumanObservation,2024-03-03T10:27:24Z,iNaturalist,Observations,iNaturalist research-grade observations,Coordinate uncertainty increased to 27816m at the request of the observer,201102205,https://www.inaturalist.org/observations/201102205,A lovely collage including sea holly...=),mattward,,mattward,,wild,2024-02-19T15:22:00+13:00,15:22:00+13:00,2024/02/19 3:22 PM,"Wellington, NZ",-41.3222205536,174.9398373077,27816.0,EPSG:4326,NZ,Wellington,456424370.0,2024-03-03T08:50:14Z,,405535,Ranunculus acaulis,species,Plantae,Tracheophyta,Magnoliopsida,Ranunculales,Ranunculaceae,Ranunculus,http://creativecommons.org/licenses/by-nc/4.0/,mattward,mattward,NZ,https://www.inaturalist.org/projects/coastal-sand-dunes-and-salt-marsh-banks-and-cliffs|https://www.inaturalist.org/projects/nz-plant-phenology,,,,,
201102208,https://www.inaturalist.org/observations/201102208,HumanObservation,2024-08-23T07:34:43Z,iNaturalist,Observations,iNaturalist research-grade observations,,201102208,https://www.inaturalist.org/observations/201102208,,Roman Luštrik,https://orcid.org/0000-0002-1410-8253,Roman Luštrik,https://orcid.org/0000-0002-1410-8253,wild,2024-03-03T09:48:45+01:00,09:48:45+01:00,2024-03-03 09:48:45,"1210 Ljubljana - Šentvid, Slovenia",46.0905947509,14.4679135457,7.0,EPSG:4326,SI,Osrednjeslovenska,456424375.0,2024-03-03T08:50:17Z,,326296,Bufo bufo,species,Animalia,Chordata,Amphibia,Anura,Bufonidae,Bufo,http://creativecommons.org/licenses/by/4.0/,Roman Luštrik,romunov,,https://www.inaturalist.org/projects/seznam-povozenih-zivali-dinaricum,,,,dead,
201102209,https://www.inaturalist.org/observations/201102209,HumanObservation,2024-03-07T16:30:36Z,iNaturalist,Observations,iNaturalist research-grade observations,,201102209,https://www.inaturalist.org/observations/201102209,,marikav,,Kyle Campbell,,wild,2024-03-03T09:49:41+02:00,09:49:41+02:00,2024-03-03 09:49:41+02:00,"Brakfontein Road, Centurion, GP, ZA",-25.9120116667,28.1785416667,4.0,EPSG:4326,ZA,Gauteng,457296767.0,2024-03-06T06:08:51Z,,585345,Eriosema burkei,species,Plantae,Tracheophyta,Magnoliopsida,Fabales,Fabaceae,Eriosema,http://creativecommons.org/licenses/by-nc/4.0/,marikav,marikav,,,,,,,
201102210,https://www.inaturalist.org/observations/201102210,HumanObservation,2024-03-03T09:08:18Z,iNaturalist,Observations,iNaturalist research-grade observations,,201102210,https://www.inaturalist.org/observations/201102210,On an oak log which had jack-o-lanterns growing off of it,shadowfax90,,shadowfax90,,wild,2024-03-02T11:42:25-08:00,11:42:25-08:00,2024-03-02 11:42:25-08:00,"Rocky Nook Park, Santa Barbara, CA, US",34.4440638918,-119.7104844009,23.0,EPSG:4326,US,California,456424379.0,2024-03-03T08:50:20Z,,407806,Dacrymyces capitatus,species,Fungi,Basidiomycota,Dacrymycetes,Dacrymycetales,Dacrymycetaceae,Dacrymyces,http://creativecommons.org/licenses/by-nc/4.0/,shadowfax90,shadowfax90,,https://www.inaturalist.org/projects/fungi-of-the-california-floristic-province,,,,,
201102211,https://www.inaturalist.org/observations/201102211,HumanObservation,2024-03-04T01:23:38Z,iNaturalist,Observations,iNaturalist research-grade observations,Coordinate uncertainty increased to 30025m to protect threatened taxon,201102211,https://www.inaturalist.org/observations/201102211,,JODY HSIEH,,JODY HSIEH,,wild,2024-03-03T16:48:21+08:00,16:48:21+08:00,2024-03-03 16:48:21+08:00,"Taiwan, TW",24.9174749942,120.8197447332,30025.0,EPSG:4326,TW,Taiwan,456424380.0,2024-03-03T08:50:20Z,,186325,Kandelia obovata,species,Plantae,Tracheophyta,Magnoliopsida,Malpighiales,Rhizophoraceae,Kandelia,http://creativecommons.org/licenses/by-nc/4.0/,JODY HSIEH,jodyhsieh,TW,,,,,,
201102214,https://www.inaturalist.org/observations/201102214,HumanObservation,2024-03-03T09:56:22Z,iNaturalist,Observations,iNaturalist research-grade observations,,201102214,https://www.inaturalist.org/observations/201102214,,Quentin Gaillard,,Quentin Gaillard,,wild,2020-06-07T09:08:00+02:00,09:08:00+02:00,2020/06/07 09:08,"25770 Serre-les-Sapins, France",47.2471577732,5.9348963154,1.0,EPSG:4326,FR,Franche-Comté,456424393.0,2024-03-03T08:50:24Z,,321904,Leptopterna dolabrata,species,Animalia,Arthropoda,Insecta,Hemiptera,Miridae,Leptopterna,http://creativecommons.org/licenses/by-nc/4.0/,Quentin Gaillard,qginsecthunter,,,,,,,
201102216,https://www.inaturalist.org/observations/201102216,HumanObservation,2024-03-06T12:59:54Z,iNaturalist,Observations,iNaturalist research-grade observations,,201102216,https://www.inaturalist.org/observations/201102216,,Quentin Gaillard,,Quentin Gaillard,,wild,2020-06-07T09:47:00+02:00,09:47:00+02:00,2020/06/07 09:47,"25770 Serre-les-Sapins, France",47.2471223568,5.9346666513,1.0,EPSG:4326,FR,Franche-Comté,456424397.0,2024-03-03T08:50:25Z,,361783,Anomoia purmunda,species,Animalia,Arthropoda,Insecta,Diptera,Tephritidae,Anomoia,http://creativecommons.org/licenses/by-nc/4.0/,Quentin Gaillard,qginsecthunter,,,,,,,
201102218,https://www.inaturalist.org/observations/201102218,HumanObservation,2024-03-03T09:56:30Z,iNaturalist,Observations,iNaturalist research-grade observations,,201102218,https://www.inaturalist.org/observations/201102218,,Quentin Gaillard,,Quentin Gaillard,,wild,2020-06-07T09:53:00+02:00,09:53:00+02:00,2020/06/07 09:53,"25770 Serre-les-Sapins, France",47.2470964107,5.9346282621,1.0,EPSG:4326,FR,Franche-Comté,456424401.0,2024-03-03T08:50:25Z,,56189,Philaenus spumarius,species,Animalia,Arthropoda,Insecta,Hemiptera,Aphrophoridae,Philaenus,http://creativecommons.org/licenses/by-nc/4.0/,Quentin Gaillard,qginsecthunter,,,,,,,
201102219,https://www.inaturalist.org/observations/201102219,HumanObservation,2024-09-18T17:23:04Z,iNaturalist,Observations,iNaturalist research-grade observations,,201102219,https://www.inaturalist.org/observations/201102219,,Quentin Gaillard,,Quentin Gaillard,,wild,2020-06-07T10:39:00+02:00,10:39:00+02:00,2020/06/07 10:39,"25770 Serre-les-Sapins, France",47.2470496161,5.9345849277,1.0,EPSG:4326,FR,Franche-Comté,456424402.0,2024-03-03T08:50:26Z,,701961,Lamprotettix nitidulus,species,Animalia,Arthropoda,Insecta,Hemiptera,Cicadellidae,Lamprotettix,http://creativecommons.org/licenses/by-nc/4.0/,Quentin Gaillard,qginsecthunter,,,,,,,
201102221,https://www.inaturalist.org/observations/201102221,HumanObservation,2024-03-03T09:56:15Z,iNaturalist,Observations,iNaturalist research-grade observations,,201102221,https://www.inaturalist.org/observations/201102221,,Quentin Gaillard,,Quentin Gaillard,,wild,2020-06-07T12:12:00+02:00,12:12:00+02:00,2020/06/07 12:12,"25770 Serre-les-Sapins, France",47.2470512546,5.9344955347,1.0,EPSG:4326,FR,Franche-Comté,456424405.0,2024-03-03T08:50:27Z,,451784,Deraeocoris ruber,species,Animalia,Arthropoda,Insecta,Hemiptera,Miridae,Deraeocoris,http://creativecommons.org/licenses/by-nc/4.0/,Quentin Gaillard,qginsecthunter,,,,,,,
201102222,https://www.inaturalist.org/observations/201102222,HumanObservation,2024-03-03T09:30:08Z,iNaturalist,Observations,iNaturalist research-grade observations,,201102222,https://www.inaturalist.org/observations/201102222,,Alexey V. Ivanov,,Alexey V. Ivanov,,wild,2024-02-29T12:32:00+03:00,12:32:00+03:00,2024/02/29 12:32,"Шихазаны, Чувашская Респ., Россия",55.5588933333,47.3811683333,,EPSG:4326,RU,Chuvash,456424408.0,2024-03-03T08:50:27Z,,8088,Garrulus glandarius,species,Animalia,Chordata,Aves,Passeriformes,Corvidae,Garrulus,http://creativecommons.org/licenses/by-nc/4.0/,Alexey V. Ivanov,wkent,,,,,,,
201102224,https://www.inaturalist.org/observations/201102224,HumanObservation,2024-03-03T09:30:02Z,iNaturalist,Observations,iNaturalist research-grade observations,,201102224,https://www.inaturalist.org/observations/201102224,,Alexey V. Ivanov,,Alexey V. Ivanov,,wild,2024-02-29T15:53:00+03:00,15:53:00+03:00,2024/02/29 15:53,"Канашский р-н, Чувашская Респ., Россия",55.5432473968,47.360059248,2.0,EPSG:4326,RU,Chuvash,456424410.0,2024-03-03T08:50:27Z,,144830,Lophophanes cristatus,species,Animalia,Chordata,Aves,Passeriformes,Paridae,Lophophanes,http://creativecommons.org/licenses/by-nc/4.0/,Alexey V. Ivanov,wkent,,,,,,,
201102225,https://www.inaturalist.org/observations/201102225,HumanObservation,2024-03-03T09:29:59Z,iNaturalist,Observations,iNaturalist research-grade observations,,201102225,https://www.inaturalist.org/observations/201102225,,Alexey V. Ivanov,,Alexey V. Ivanov,,wild,2024-02-29T12:30:00+03:00,12:30:00+03:00,2024/02/29 12:30,"Шихазаны, Чувашская Респ., Россия",55.5586966667,47.3813333333,,EPSG:4326,RU,Chuvash,456424412.0,2024-03-03T08:50:27Z,,203153,Parus major,species,Animalia,Chordata,Aves,Passeriformes,Paridae,Parus,http://creativecommons.org/licenses/by-nc/4.0/,Alexey V. Ivanov,wkent,,,,,,,
201102226,https://www.inaturalist.org/observations/201102226,HumanObservation,2024-03-03T11:13:40Z,iNaturalist,Observations,iNaturalist research-grade observations,,201102226,https://www.inaturalist.org/observations/201102226,,Василий,,Василий,,wild,2023-02-13T14:19:00+07:00,14:19:00+07:00,2023/02/13 14:19,"Кожевниковский р-н, Томская обл., Россия",56.30286,83.42698,,EPSG:4326,RU,Tomsk,456424425.0,2024-03-03T08:50:33Z,,9398,Carduelis carduelis,species,Animalia,Chordata,Aves,Passeriformes,Fringillidae,Carduelis,http://creativecommons.org/licenses/by-nc/4.0/,Василий,vakula65,,,,,,,
201102227,https://www.inaturalist.org/observations/201102227,HumanObservation,2024-03-03T08:55:54Z,iNaturalist,Observations,iNaturalist research-grade observations,,201102227,https://www.inaturalist.org/observations/201102227,,Василий,,Василий,,wild,2023-02-13T14:06:00+07:00,14:06:00+07:00,2023/02/13 14:06,"Кожевниковский р-н, Томская обл., Россия",56.3028650572,83.4269853644,4.0,EPSG:4326,RU,Tomsk,456424426.0,2024-03-03T08:50:33Z,,9398,Carduelis carduelis,species,Animalia,Chordata,Aves,Passeriformes,Fringillidae,Carduelis,http://creativecommons.org/licenses/by-nc/4.0/,Василий,vakula65,,,,,,,
201102228,https://www.inaturalist.org/observations/201102228,HumanObservation,2024-03-05T16:36:29Z,iNaturalist,Observations,iNaturalist research-grade observations,,201102228,https://www.inaturalist.org/observations/201102228,,Алексей Дмитриев,,hinrichmatthes,,wild,2021-11-05T09:15:20+04:00,09:15:20+04:00,2021-11-05 09:15:20,"Самарская обл., Россия, 443546",53.3187444581,50.3468291089,222.0,EPSG:4326,RU,Samara,456425844.0,2024-03-03T09:01:09Z,,5200,Buteo lagopus,species,Animalia,Chordata,Aves,Accipitriformes,Accipitridae,Buteo,http://creativecommons.org/licenses/by-nc/4.0/,Алексей Дмитриев,vostok1981,,,,,,,
201102229,https://www.inaturalist.org/observations/201102229,HumanObservation,2024-03-03T11:14:09Z,iNaturalist,Observations,iNaturalist research-grade observations,,201102229,https://www.inaturalist.org/observations/201102229,,Василий,,Василий,,wild,2023-02-13T14:06:00+07:00,14:06:00+07:00,2023/02/13 14:06,"Кожевниковский р-н, Томская обл., Россия",56.3028686263,83.4269853644,4.0,EPSG:4326,RU,Tomsk,456424428.0,2024-03-03T08:50:34Z,,9398,Carduelis carduelis,species,Animalia,Chordata,Aves,Passeriformes,Fringillidae,Carduelis,http://creativecommons.org/licenses/by-nc/4.0/,Василий,vakula65,,,,,,,
201102230,https://www.inaturalist.org/observations/201102230,HumanObservation,2024-08-06T02:16:29Z,iNaturalist,Observations,iNaturalist research-grade observations,,201102230,https://www.inaturalist.org/observations/201102230,,E. A.,,E. A.,,wild,2024-03-03T09:49:32+01:00,09:49:32+01:00,2024-03-03 09:49:32+01:00,"Hart, Seckau, Steiermark, AT",47.274789869,14.7743262078,4.0,EPSG:4326,AT,Steiermark,456424430.0,2024-03-03T08:50:34Z,,203153,Parus major,species,Animalia,Chordata,Aves,Passeriformes,Paridae,Parus,http://creativecommons.org/licenses/by/4.0/,E. A.,kupferglucke,,https://www.inaturalist.org/projects/audio-observations-from-around-the-world,,,,alive,"{""evidenceOfPresence"":""organism""}"
201102237,https://www.inaturalist.org/observations/201102237,HumanObservation,2025-03-14T21:18:04Z,iNaturalist,Observations,iNaturalist research-grade observations,,201102237,https://www.inaturalist.org/observations/201102237,,sand13d,,Leon Crang,,wild,2020-12-12T10:16:00+10:00,10:16:00+10:00,2020/12/12 10:16 AM,"Upper Brookfield QLD 4069, Australia",-27.4866,152.8737,96.0,EPSG:4326,AU,Queensland,456426397.0,2024-03-03T09:05:49Z,,513936,Donuca rubropicta,species,Animalia,Arthropoda,Insecta,Lepidoptera,Erebidae,Donuca,http://creativecommons.org/licenses/by-nc/4.0/,sand13d,sand13d,AU,,,adult,,alive,"{""evidenceOfPresence"":""organism""}"
201102238,https://www.inaturalist.org/observations/201102238,HumanObservation,2024-03-03T16:49:57Z,iNaturalist,Observations,iNaturalist research-grade observations,,201102238,https://www.inaturalist.org/observations/201102238,,Casey Cunningham,,Casey Cunningham,,wild,2023-06-04T06:17:00-07:00,06:17:00-07:00,2023/06/04 6:17 AM,"Tillamook County, OR, USA",45.5641638333,-123.9370361111,,EPSG:4326,US,Oregon,456424447.0,2024-03-03T08:50:44Z,,69155,Fucus distichus,species,Chromista,Ochrophyta,Phaeophyceae,Fucales,Fucaceae,Fucus,http://creativecommons.org/licenses/by-nc/4.0/,Casey Cunningham,cacunningham,,,,,,,
201102240,https://www.inaturalist.org/observations/201102240,HumanObservation,2024-03-04T11:17:08Z,iNaturalist,Observations,iNaturalist research-grade observations,,201102240,https://www.inaturalist.org/observations/201102240,,lunedep,,lunedep,,wild,2024-03-02T11:43:10+01:00,11:43:10+01:00,2024-03-02 11:43:10,"Peyral, 34120 Castelnau-de-Guers, France",43.4353593879,3.4393838793,6847.0,EPSG:4326,FR,Languedoc-Roussillon,456424449.0,2024-03-03T08:50:46Z,,59260,Calendula arvensis,species,Plantae,Tracheophyta,Magnoliopsida,Asterales,Asteraceae,Calendula,http://creativecommons.org/licenses/by-nc/4.0/,lunedep,lunedep,,,,,,,
201102242,https://www.inaturalist.org/observations/201102242,HumanObservation,2024-03-04T00:44:51Z,iNaturalist,Observations,iNaturalist research-grade observations,,201102242,https://www.inaturalist.org/observations/201102242,Clinton Rocks Victoria,arthurjoestephens,,arthurjoestephens,,wild,2024-03-03T16:26:36+11:00,16:26:36+11:00,2024-03-03 16:26:36+11:00,"Croajingolong, E. Gippsland - Orbost, AU-VI, AU",-37.7767900541,149.1983483652,3.0,EPSG:4326,AU,Victoria,456449415.0,2024-03-03T11:43:21Z,,323832,Leucopogon parviflorus,species,Plantae,Tracheophyta,Magnoliopsida,Ericales,Ericaceae,Leucopogon,http://creativecommons.org/licenses/by-nc/4.0/,arthurjoestephens,arthurjoestephens,,,,,,,
201102243,https://www.inaturalist.org/observations/201102243,HumanObservation,2024-06-03T08:12:15Z,iNaturalist,Observations,iNaturalist research-grade observations,,201102243,https://www.inaturalist.org/observations/201102243,,Shou,,Shou,,wild,2024-02-24T20:58:00+13:00,20:58:00+13:00,2024/02/24 20:58,ニュージーランド 〒7910 ティマルー ティマルー・ポート,-44.3906644243,171.2514577614,2.0,EPSG:4326,NZ,Canterbury,456424455.0,2024-03-03T08:50:50Z,,888769,Mecodema aberrans,species,Animalia,Arthropoda,Insecta,Coleoptera,Carabidae,Mecodema,http://creativecommons.org/licenses/by-nc/4.0/,Shou,shou_1221,,,,adult,,alive,"{""evidenceOfPresence"":""organism""}"
201102245,https://www.inaturalist.org/observations/201102245,HumanObservation,2024-03-03T19:28:22Z,iNaturalist,Observations,iNaturalist research-grade observations,,201102245,https://www.inaturalist.org/observations/201102245,,Shou,,Neville Hudson,,wild,2024-02-25T19:29:00+13:00,19:29:00+13:00,2024/02/25 19:29,"Maori Hill, Timaru 7910 ニュージーランド",-44.390455,171.2416866667,,EPSG:4326,NZ,Canterbury,456545934.0,2024-03-03T18:06:51Z,The uncommon one!,395736,Proteuxoa comma,species,Animalia,Arthropoda,Insecta,Lepidoptera,Noctuidae,Proteuxoa,http://creativecommons.org/licenses/by-nc/4.0/,Shou,shou_1221,,,,adult,,alive,"{""evidenceOfPresence"":""organism""}"
201102248,https://www.inaturalist.org/observations/201102248,HumanObservation,2024-03-26T04:00:45Z,iNaturalist,Observations,iNaturalist research-grade observations,,201102248,https://www.inaturalist.org/observations/201102248,,silkyoak,,silkyoak,,wild,2023-10-14T12:34:00+08:00,12:34:00+08:00,2023/10/14 12:34 PM,"Buleleng Regency, Bali, Indonesia",-8.2120112673,115.1210368889,2.0,EPSG:4326,ID,Bali,456424460.0,2024-03-03T08:50:51Z,,544864,Euphaea variegata,species,Animalia,Arthropoda,Insecta,Odonata,Euphaeidae,Euphaea,http://creativecommons.org/licenses/by-nc/4.0/,silkyoak,silkyoak,,,,,,,
201102250,https://www.inaturalist.org/observations/201102250,HumanObservation,2024-03-03T09:02:25Z,iNaturalist,Observations,iNaturalist research-grade observations,,201102250,https://www.inaturalist.org/observations/201102250,,Shou,,Danilo Lüdke,,wild,2024-03-01T18:17:00+13:00,18:17:00+13:00,2024/03/01 18:17,"Maori Hill, Timaru 7910 ニュージーランド",-44.3905632422,171.2416892223,2.0,EPSG:4326,NZ,Canterbury,456425381.0,2024-03-03T08:58:12Z,,52987,Empicoris rubromaculatus,species,Animalia,Arthropoda,Insecta,Hemiptera,Reduviidae,Empicoris,http://creativecommons.org/licenses/by-nc/4.0/,Shou,shou_1221,,,,,,,
201102251,https://www.inaturalist.org/observations/201102251,HumanObservation,2024-03-03T19:26:59Z,iNaturalist,Observations,iNaturalist research-grade observations,,201102251,https://www.inaturalist.org/observations/201102251,,Shou,,Neville Hudson,,wild,2024-03-01T18:24:00+13:00,18:24:00+13:00,2024/03/01 18:24,"Maori Hill, Timaru 7910 ニュージーランド",-44.3905677059,171.2416952249,2.0,EPSG:4326,NZ,Canterbury,456546288.0,2024-03-03T18:08:08Z,,391202,Kiwaia brontophora,species,Animalia,Arthropoda,Insecta,Lepidoptera,Gelechiidae,Kiwaia,http://creativecommons.org/licenses/by-nc/4.0/,Shou,shou_1221,,,,adult,,alive,"{""evidenceOfPresence"":""organism""}"
201102252,https://www.inaturalist.org/observations/201102252,HumanObservation,2024-03-13T03:02:44Z,iNaturalist,Observations,iNaturalist research-grade observations,,201102252,https://www.inaturalist.org/observations/201102252,,Drew Meyer,,Drew Meyer,,wild,2024-02-25T12:57:13-08:00,12:57:13-08:00,2024-02-25 12:57:13,"Goldendale, WA 98620, USA",45.930565,-121.1114919722,,EPSG:4326,US,Washington,456424464.0,2024-03-03T08:50:53Z,,47687,Erodium cicutarium,species,Plantae,Tracheophyta,Magnoliopsida,Geraniales,Geraniaceae,Erodium,http://creativecommons.org/publicdomain/zero/1.0/,Drew Meyer,drew_meyer,,,,,,,
201102253,https://www.inaturalist.org/observations/201102253,HumanObservation,2024-04-28T05:57:10Z,iNaturalist,Observations,iNaturalist research-grade observations,,201102253,https://www.inaturalist.org/observations/201102253,,Shou,,Shou,,wild,2024-03-01T20:05:00+13:00,20:05:00+13:00,2024/03/01 20:05,"Salisbury, ニュージーランド",-44.4216833333,171.2416516667,,EPSG:4326,NZ,Canterbury,456424465.0,2024-03-03T08:50:53Z,,974628,Ichneutica steropastis,species,Animalia,Arthropoda,Insecta,Lepidoptera,Noctuidae,Ichneutica,http://creativecommons.org/licenses/by-nc/4.0/,Shou,shou_1221,,,,adult,,alive,"{""evidenceOfPresence"":""organism""}"
201102254,https://www.inaturalist.org/observations/201102254,HumanObservation,2024-03-03T18:05:16Z,iNaturalist,Observations,iNaturalist research-grade observations,,201102254,https://www.inaturalist.org/observations/201102254,,Shou,,Shou,,wild,2024-03-01T18:25:00+13:00,18:25:00+13:00,2024/03/01 18:25,"Maori Hill, Timaru 7910 ニュージーランド",-44.3905620916,171.2417078771,2.0,EPSG:4326,NZ,Canterbury,456424466.0,2024-03-03T08:50:53Z,,243647,Capua intractana,species,Animalia,Arthropoda,Insecta,Lepidoptera,Tortricidae,Capua,http://creativecommons.org/licenses/by-nc/4.0/,Shou,shou_1221,,,female,adult,,alive,"{""evidenceOfPresence"":""organism""}"
201102256,https://www.inaturalist.org/observations/201102256,HumanObservation,2025-02-03T06:16:53Z,iNaturalist,Observations,iNaturalist research-grade observations,,201102256,https://www.inaturalist.org/observations/201102256,,Sophia Gazi,,Sophia Gazi,,wild,2024-03-03T10:40:06+02:00,10:40:06+02:00,2024-03-03 10:40:06,"Τοπική Κοινότητα Λαζαράτων, Λευκάδα, Ελλάδα",38.7785762022,20.6738186628,14.0,EPSG:4326,GR,"Peloponnese, Western Greece and the Ionian Islands",456424470.0,2024-03-03T08:50:54Z,,59940,Romulea bulbocodium,species,Plantae,Tracheophyta,Liliopsida,Asparagales,Iridaceae,Romulea,http://creativecommons.org/licenses/by-nc/4.0/,Sophia Gazi,sophia737,GR,,,,,,
201102262,https://www.inaturalist.org/observations/201102262,HumanObservation,2024-03-03T16:46:08Z,iNaturalist,Observations,iNaturalist research-grade observations,,201102262,https://www.inaturalist.org/observations/201102262,,Алексей и Елизавета Романовы (Уральский птицезыр),,Алексей и Елизавета Романовы (Уральский птицезыр),,wild,2024-03-03T13:54:00+05:00,13:54:00+05:00,2024/03/03 13:54,"Эльмаш, Екатеринбург, Свердловская обл., Россия",56.902784929,60.6512113372,34.0,EPSG:4326,RU,Sverdlovsk,456424476.0,2024-03-03T08:50:55Z,,10070,Fringilla coelebs,species,Animalia,Chordata,Aves,Passeriformes,Fringillidae,Fringilla,http://creativecommons.org/licenses/by-nc/4.0/,Алексей и Елизавета Романовы (Уральский птицезыр),romanovy-aleksey-i-elizaveta,,,,,,,
201102264,https://www.inaturalist.org/observations/201102264,HumanObservation,2024-03-03T19:28:37Z,iNaturalist,Observations,iNaturalist research-grade observations,,201102264,https://www.inaturalist.org/observations/201102264,,Shou,,Neville Hudson,,wild,2024-03-01T20:13:00+13:00,20:13:00+13:00,2024/03/01 20:13,"Salisbury, ニュージーランド",-44.421635,171.2415966667,,EPSG:4326,NZ,Canterbury,456545252.0,2024-03-03T18:04:44Z,,397431,Stathmopoda skelloni,species,Animalia,Arthropoda,Insecta,Lepidoptera,Stathmopodidae,Stathmopoda,http://creativecommons.org/licenses/by-nc/4.0/,Shou,shou_1221,,,,adult,,alive,"{""evidenceOfPresence"":""organism""}"
201102265,https://www.inaturalist.org/observations/201102265,HumanObservation,2024-04-03T23:33:39Z,iNaturalist,Observations,iNaturalist research-grade observations,,201102265,https://www.inaturalist.org/observations/201102265,,Shou,,Shou,,wild,2024-03-01T20:16:00+13:00,20:16:00+13:00,2024/03/01 20:16,"Salisbury, ニュージーランド",-44.4216966667,171.2419283333,,EPSG:4326,NZ,Canterbury,456424479.0,2024-03-03T08:50:56Z,,480298,Cornu aspersum,species,Animalia,Mollusca,Gastropoda,Stylommatophora,Helicidae,Cornu,http://creativecommons.org/licenses/by-nc/4.0/,Shou,shou_1221,,,,,,,
201102266,https://www.inaturalist.org/observations/201102266,HumanObservation,2024-03-03T10:26:36Z,iNaturalist,Observations,iNaturalist research-grade observations,,201102266,https://www.inaturalist.org/observations/201102266,,Shou,,Shou,,wild,2024-03-01T20:17:00+13:00,20:17:00+13:00,2024/03/01 20:17,"Salisbury, ニュージーランド",-44.4216933333,171.241925,,EPSG:4326,NZ,Canterbury,456424480.0,2024-03-03T08:50:57Z,,122238,Porcellio scaber,species,Animalia,Arthropoda,Malacostraca,Isopoda,Porcellionidae,Porcellio,http://creativecommons.org/licenses/by-nc/4.0/,Shou,shou_1221,,,,,,,
201102274,https://www.inaturalist.org/observations/201102274,HumanObservation,2024-12-05T21:46:44Z,iNaturalist,Observations,iNaturalist research-grade observations,,201102274,https://www.inaturalist.org/observations/201102274,,redkitelover,,redkitelover,,wild,2023-11-10T14:26:00+00:00,14:26:00+00:00,2023-11-10 14:26:00Z,"Lanzarote, Tías, Palmas, ES",28.9202557916,-13.6444614241,23.0,EPSG:4326,ES,Islas Canarias,456424491.0,2024-03-03T08:50:59Z,,18911,Psittacula krameri,species,Animalia,Chordata,Aves,Psittaciformes,Psittaculidae,Psittacula,http://creativecommons.org/licenses/by-nc/4.0/,redkitelover,redkitelover,GB,,,,,,
201102277,https://www.inaturalist.org/observations/201102277,HumanObservation,2024-07-27T00:45:34Z,iNaturalist,Observations,iNaturalist research-grade observations,,201102277,https://www.inaturalist.org/observations/201102277,,Shou,,Shou,,wild,2024-03-01T20:37:00+13:00,20:37:00+13:00,2024/03/01 20:37,"Salisbury, ニュージーランド",-44.4218833333,171.2416383333,,EPSG:4326,NZ,Canterbury,456424495.0,2024-03-03T08:50:59Z,,392318,Megadromus antarcticus,species,Animalia,Arthropoda,Insecta,Coleoptera,Carabidae,Megadromus,http://creativecommons.org/licenses/by-nc/4.0/,Shou,shou_1221,,,female,adult,,,
201102279,https://www.inaturalist.org/observations/201102279,HumanObservation,2024-04-16T16:17:15Z,iNaturalist,Observations,iNaturalist research-grade observations,,201102279,https://www.inaturalist.org/observations/201102279,,Shou,,Shou,,wild,2024-03-01T20:44:00+13:00,20:44:00+13:00,2024/03/01 20:44,"Salisbury, ニュージーランド",-44.421945,171.2417233333,,EPSG:4326,NZ,Canterbury,456424498.0,2024-03-03T08:51:00Z,,525382,Eluma caelata,species,Animalia,Arthropoda,Malacostraca,Isopoda,Armadillidiidae,Eluma,http://creativecommons.org/licenses/by-nc/4.0/,Shou,shou_1221,,,,,,,
201102280,https://www.inaturalist.org/observations/201102280,HumanObservation,2024-03-03T18:04:32Z,iNaturalist,Observations,iNaturalist research-grade observations,,201102280,https://www.inaturalist.org/observations/201102280,,Shou,,Shou,,wild,2024-03-01T20:47:00+13:00,20:47:00+13:00,2024/03/01 20:47,"Salisbury, ニュージーランド",-44.4219133333,171.2416133333,,EPSG:4326,NZ,Canterbury,456424499.0,2024-03-03T08:51:00Z,,390448,Heterocrossa exochana,species,Animalia,Arthropoda,Insecta,Lepidoptera,Carposinidae,Heterocrossa,http://creativecommons.org/licenses/by-nc/4.0/,Shou,shou_1221,,,,adult,,alive,"{""evidenceOfPresence"":""organism""}"
201102281,https://www.inaturalist.org/observations/201102281,HumanObservation,2024-03-06T21:42:14Z,iNaturalist,Observations,iNaturalist research-grade observations,,201102281,https://www.inaturalist.org/observations/201102281,,Shou,,Shou,,wild,2024-03-01T20:48:00+13:00,20:48:00+13:00,2024/03/01 20:48,"Salisbury, ニュージーランド",-44.4218633333,171.2415983333,,EPSG:4326,NZ,Canterbury,456424502.0,2024-03-03T08:51:01Z,,370288,Cryptachaea veruculata,species,Animalia,Arthropoda,Arachnida,Araneae,Theridiidae,Cryptachaea,http://creativecommons.org/licenses/by-nc/4.0/,Shou,shou_1221,,,,,,,
201102282,https://www.inaturalist.org/observations/201102282,HumanObservation,2024-03-03T19:56:18Z,iNaturalist,Observations,iNaturalist research-grade observations,,201102282,https://www.inaturalist.org/observations/201102282,,Shou,,Steve Kerr,,wild,2024-03-01T20:49:00+13:00,20:49:00+13:00,2024/03/01 20:49,"Salisbury, ニュージーランド",-44.4218583333,171.24158,,EPSG:4326,NZ,Canterbury,456572320.0,2024-03-03T19:36:51Z,,380328,Neolimnia sigma,species,Animalia,Arthropoda,Insecta,Diptera,Sciomyzidae,Neolimnia,http://creativecommons.org/licenses/by-nc/4.0/,Shou,shou_1221,,,,,,,
201102286,https://www.inaturalist.org/observations/201102286,HumanObservation,2024-03-03T10:25:05Z,iNaturalist,Observations,iNaturalist research-grade observations,,201102286,https://www.inaturalist.org/observations/201102286,,Shou,,Shou,,wild,2024-03-01T20:55:00+13:00,20:55:00+13:00,2024/03/01 20:55,"Salisbury, ニュージーランド",-44.4219033333,171.241605,,EPSG:4326,NZ,Canterbury,456424507.0,2024-03-03T08:51:02Z,,370288,Cryptachaea veruculata,species,Animalia,Arthropoda,Arachnida,Araneae,Theridiidae,Cryptachaea,http://creativecommons.org/licenses/by-nc/4.0/,Shou,shou_1221,,,,,,,
201102289,https://www.inaturalist.org/observations/201102289,HumanObservation,2024-03-03T22:58:52Z,iNaturalist,Observations,iNaturalist research-grade observations,,201102289,https://www.inaturalist.org/observations/201102289,,Shou,,Danilo Hegg,,wild,2024-03-01T21:11:00+13:00,21:11:00+13:00,2024/03/01 21:11,"Salisbury, ニュージーランド",-44.4218183333,171.2415083333,,EPSG:4326,NZ,Canterbury,456594617.0,2024-03-03T20:57:54Z,,85202,Pleioplectron simplex,species,Animalia,Arthropoda,Insecta,Orthoptera,Rhaphidophoridae,Pleioplectron,http://creativecommons.org/licenses/by-nc/4.0/,Shou,shou_1221,,,,,,,
201102291,https://www.inaturalist.org/observations/201102291,HumanObservation,2024-03-03T10:01:52Z,iNaturalist,Observations,iNaturalist research-grade observations,,201102291,https://www.inaturalist.org/observations/201102291,,GLENN STOCKIL,,Colin Ralston,,wild,2024-02-25T14:20:00+02:00,14:20:00+02:00,2024/02/25 2:20 PM,"Calderwood Park, Marondera, Zimbabwe",-18.21036,31.62309,,EPSG:4326,ZW,Mashonaland East,456425696.0,2024-03-03T08:59:58Z,,106917,Nesciothemis farinosa,species,Animalia,Arthropoda,Insecta,Odonata,Libellulidae,Nesciothemis,http://creativecommons.org/licenses/by-nc/4.0/,GLENN STOCKIL,glennstockil,,,,,,,
201102292,https://www.inaturalist.org/observations/201102292,HumanObservation,2024-03-18T09:21:01Z,iNaturalist,Observations,iNaturalist research-grade observations,,201102292,https://www.inaturalist.org/observations/201102292,,Shou,,Shou,,wild,2024-03-01T21:16:00+13:00,21:16:00+13:00,2024/03/01 21:16,"Salisbury, ニュージーランド",-44.4220549722,171.241545,,EPSG:4326,NZ,Canterbury,456424517.0,2024-03-03T08:51:04Z,,1430099,Socca pustulosa,species,Animalia,Arthropoda,Arachnida,Araneae,Araneidae,Socca,http://creativecommons.org/licenses/by-nc/4.0/,Shou,shou_1221,,,,,,,
201102293,https://www.inaturalist.org/observations/201102293,HumanObservation,2024-03-03T22:49:04Z,iNaturalist,Observations,iNaturalist research-grade observations,,201102293,https://www.inaturalist.org/observations/201102293,,Shou,,Shou,,wild,2024-03-02T08:52:00+13:00,08:52:00+13:00,2024/03/02 08:52,"Maori Hill, Timaru 7910 ニュージーランド",-44.3905646909,171.2416847388,2.0,EPSG:4326,NZ,Canterbury,456424518.0,2024-03-03T08:51:04Z,,466015,Nyssus coloripes,species,Animalia,Arthropoda,Arachnida,Araneae,Corinnidae,Nyssus,http://creativecommons.org/licenses/by-nc/4.0/,Shou,shou_1221,,,,,,,
67034397,https://www.inaturalist.org/observations/67034397,HumanObservation,2025-01-07T13:59:44Z,iNaturalist,Observations,iNaturalist research-grade observations,Coordinate uncertainty increased to 29656m at the request of the observer,67034397,https://www.inaturalist.org/observations/67034397,,Oliver Angus,https://orcid.org/0000-0002-9791-9480,Oliver Angus,https://orcid.org/0000-0002-9791-9480,wild,2020-12-24T22:38:00-10:00,22:38:00-10:00,2020/12/24 10:38 PM HST,"Thabo Mofutsanyane, ZA-FS, ZA",-28.0611096272,27.7677201506,29656.0,EPSG:4326,ZA,Free State,147532469.0,2020-12-25T06:13:24Z,,517053,Sclerophrys gutturalis,species,Animalia,Chordata,Amphibia,Anura,Bufonidae,Sclerophrys,http://creativecommons.org/publicdomain/zero/1.0/,Oliver Angus,olvr_a,,https://www.inaturalist.org/projects/afriherps,,,,,
67034398,https://www.inaturalist.org/observations/67034398,HumanObservation,2020-12-27T07:34:54Z,iNaturalist,Observations,iNaturalist research-grade observations,,67034398,https://www.inaturalist.org/observations/67034398,,Gerrit van den Bergh,,Guy Taseski,,wild,2020-12-25T11:16:01+11:00,11:16:01+11:00,Fri Dec 25 2020 11:16:01 GMT+1100 (GMT+11),"Budderoo National Park, Robertson, NSW, AU",-34.6232616667,150.65587,5.0,EPSG:4326,AU,New South Wales,147536289.0,2020-12-25T07:10:48Z,,321207,Platysace lanceolata,species,Plantae,Tracheophyta,Magnoliopsida,Apiales,Apiaceae,Platysace,http://creativecommons.org/licenses/by-nc/4.0/,Gerrit van den Bergh,gerritvandenbergh,AU,,,,,,
67034400,https://www.inaturalist.org/observations/67034400,HumanObservation,2022-06-10T17:59:58Z,iNaturalist,Observations,iNaturalist research-grade observations,,67034400,https://www.inaturalist.org/observations/67034400,,Max Laubstein,,Max Laubstein,,wild,2020-11-01T18:21:00-08:00,18:21:00-08:00,2020/11/01 6:21 PM PST,"Bodega Bay, CA 94923, USA",38.3031000164,-123.0640647885,2.0,EPSG:4326,US,California,147532478.0,2020-12-25T06:13:41Z,,116840,Calcarius lapponicus,species,Animalia,Chordata,Aves,Passeriformes,Calcariidae,Calcarius,http://creativecommons.org/licenses/by-nc/4.0/,Max Laubstein,maxlaubstein,,https://www.inaturalist.org/projects/california-birds,,,,,
67034401,https://www.inaturalist.org/observations/67034401,HumanObservation,2023-09-20T16:42:06Z,iNaturalist,Observations,iNaturalist research-grade observations,,67034401,https://www.inaturalist.org/observations/67034401,,Justin Vogel,,Nick Helme,,wild,2020-12-24T08:09:46+02:00,08:09:46+02:00,2020-12-24 8:09:46 AM GMT+02:00,"Onrus River, Onrus, 7201, South Africa",-34.4118869,19.1774132,,EPSG:4326,ZA,Western Cape,369055689.0,2023-05-30T10:58:28Z,,362175,Sideroxylon inerme,species,Plantae,Tracheophyta,Magnoliopsida,Ericales,Sapotaceae,Sideroxylon,http://creativecommons.org/licenses/by-nc/4.0/,Justin Vogel,justinvogel,,https://www.inaturalist.org/projects/flora-of-africa|https://www.inaturalist.org/projects/unknown-trees-of-southern-africa-1|https://www.inaturalist.org/projects/unknown-magnoliopsida,,,fruits or seeds,,
67034403,https://www.inaturalist.org/observations/67034403,HumanObservation,2020-12-25T06:18:02Z,iNaturalist,Observations,iNaturalist research-grade observations,,67034403,https://www.inaturalist.org/observations/67034403,,Willem Van Zyl,,Willem Van Zyl,,wild,2019-07-27T15:10:14+02:00,15:10:14+02:00,2019-07-27 3:10:14 PM GMT+02:00,"Witzenberg Local Municipality, South Africa",-33.2341484819,19.1428885236,5.0,EPSG:4326,ZA,Western Cape,147532485.0,2020-12-25T06:13:48Z,,34148,Pachydactylus geitje,species,Animalia,Chordata,Reptilia,Squamata,Gekkonidae,Pachydactylus,http://creativecommons.org/licenses/by-nc/4.0/,Willem Van Zyl,willemvzyl,,https://www.inaturalist.org/projects/habitats-s-afr|https://www.inaturalist.org/projects/afriherps,,,,,
67034404,https://www.inaturalist.org/observations/67034404,HumanObservation,2021-01-02T13:27:06Z,iNaturalist,Observations,iNaturalist research-grade observations,,67034404,https://www.inaturalist.org/observations/67034404,,William Harris,,William Harris,,wild,2020-09-16T14:52:00-05:00,14:52:00-05:00,2020/09/16 2:52 PM CDT,"Adams County, MS, USA",31.3551646346,-91.4398679505,293.0,EPSG:4326,US,Mississippi,147532486.0,2020-12-25T06:13:49Z,,49666,Taxodium distichum,species,Plantae,Tracheophyta,Pinopsida,Pinales,Cupressaceae,Taxodium,http://creativecommons.org/licenses/by-nc/4.0/,William Harris,mrprehistory,,,,,,,
67034410,https://www.inaturalist.org/observations/67034410,HumanObservation,2020-12-25T06:28:17Z,iNaturalist,Observations,iNaturalist research-grade observations,,67034410,https://www.inaturalist.org/observations/67034410,,akw123,,akw123,,wild,2020-12-25T10:01:38+08:00,10:01:38+08:00,2020-12-25 10:01:38 AM GMT+08:00,塱原湿地,22.508795273,114.1129769012,204.0,EPSG:4326,HK,North,147532523.0,2020-12-25T06:14:32Z,,13724,Anthus hodgsoni,species,Animalia,Chordata,Aves,Passeriformes,Motacillidae,Anthus,http://creativecommons.org/licenses/by-nc/4.0/,akw123,akw123,,,,,,,
67034411,https://www.inaturalist.org/observations/67034411,HumanObservation,2020-12-25T06:22:28Z,iNaturalist,Observations,iNaturalist research-grade observations,,67034411,https://www.inaturalist.org/observations/67034411,,Max Laubstein,,Max Laubstein,,wild,2020-09-28T17:45:00-07:00,17:45:00-07:00,2020/09/28 5:45 PM PDT,"Round Hill Village, NV 89448, USA",38.9800218922,-119.9426773878,15.0,EPSG:4326,US,Nevada,147532528.0,2020-12-25T06:14:40Z,,10168,Pooecetes gramineus,species,Animalia,Chordata,Aves,Passeriformes,Passerellidae,Pooecetes,http://creativecommons.org/licenses/by-nc/4.0/,Max Laubstein,maxlaubstein,,,,,,,
67034413,https://www.inaturalist.org/observations/67034413,HumanObservation,2025-03-25T08:58:36Z,iNaturalist,Observations,iNaturalist research-grade observations,,67034413,https://www.inaturalist.org/observations/67034413,,Doreen,,budak,,wild,2020-12-19T09:40:52+08:00,09:40:52+08:00,2020-12-19 9:40:52 am GMT+08:00,"Unnamed Road, Singapore",1.4469559371,103.7248403952,33.0,EPSG:4326,SG,North,147532701.0,2020-12-25T06:18:29Z,,47552,Argiope,genus,Animalia,Arthropoda,Arachnida,Araneae,Araneidae,Argiope,http://creativecommons.org/licenses/by/4.0/,Doreen,hadoe,,https://www.inaturalist.org/projects/spiders-of-singapore,,,,,
67034417,https://www.inaturalist.org/observations/67034417,HumanObservation,2021-01-02T22:44:59Z,iNaturalist,Observations,iNaturalist research-grade observations,,67034417,https://www.inaturalist.org/observations/67034417,,pastila,,pastila,,wild,2020-12-24T20:37:15+08:00,20:37:15+08:00,2020-12-24T20:37:15+08:00,Karangasem,-8.4343381693,115.49913,84.0,EPSG:4326,ID,Bali,147532548.0,2020-12-25T06:14:59Z,,62345,Duttaphrynus melanostictus,species,Animalia,Chordata,Amphibia,Anura,Bufonidae,Duttaphrynus,http://creativecommons.org/licenses/by-nc/4.0/,pastila,pastila,,,,,,,
67034419,https://www.inaturalist.org/observations/67034419,HumanObservation,2020-12-25T07:10:24Z,iNaturalist,Observations,iNaturalist research-grade observations,,67034419,https://www.inaturalist.org/observations/67034419,,Gerrit van den Bergh,,Thomas Mesaglio,https://orcid.org/0000-0002-1096-6066,wild,2020-12-25T11:18:47+11:00,11:18:47+11:00,Fri Dec 25 2020 11:18:47 GMT+1100 (GMT+11),"Budderoo National Park, Robertson, NSW, AU",-34.62317,150.6558383333,50.0,EPSG:4326,AU,New South Wales,147533264.0,2020-12-25T06:27:42Z,,321199,Scaevola ramosissima,species,Plantae,Tracheophyta,Magnoliopsida,Asterales,Goodeniaceae,Scaevola,http://creativecommons.org/licenses/by-nc/4.0/,Gerrit van den Bergh,gerritvandenbergh,AU,,,,,,
67034422,https://www.inaturalist.org/observations/67034422,HumanObservation,2024-01-29T22:55:13Z,iNaturalist,Observations,iNaturalist research-grade observations,,67034422,https://www.inaturalist.org/observations/67034422,,Daba,https://orcid.org/0000-0002-1251-3167,Daba,https://orcid.org/0000-0002-1251-3167,wild,2018-08-03T15:47:00+13:00,15:47:00+13:00,2018/08/03 3:47 PM SST,"Бичурский р-н, Респ. Бурятия, Россия",50.6352421916,107.7218208978,128.0,EPSG:4326,RU,Buryat,147532570.0,2020-12-25T06:15:25Z,,879892,Crataegus dahurica,species,Plantae,Tracheophyta,Magnoliopsida,Rosales,Rosaceae,Crataegus,http://creativecommons.org/licenses/by-nc/4.0/,Daba,daba,,,,,,,
67034423,https://www.inaturalist.org/observations/67034423,HumanObservation,2021-01-19T10:16:37Z,iNaturalist,Observations,iNaturalist research-grade observations,,67034423,https://www.inaturalist.org/observations/67034423,,John T,,Stephen Matthews,,wild,2020-12-25T14:10:05+08:00,14:10:05+08:00,2020-12-25 2:10:05 PM GMT+08:00,"Ap Lei Chau, Hong Kong",22.2368246106,114.1577329114,9.0,EPSG:4326,HK,Southern,147533268.0,2020-12-25T06:27:48Z,The second photo shows it hovering (unlike other local falcons),472766,Falco tinnunculus,species,Animalia,Chordata,Aves,Falconiformes,Falconidae,Falco,http://creativecommons.org/licenses/by-nc/4.0/,John T,johnt77,,,,,,,
201102294,https://www.inaturalist.org/observations/201102294,HumanObservation,2024-03-06T21:49:22Z,iNaturalist,Observations,iNaturalist research-grade observations,,201102294,https://www.inaturalist.org/observations/201102294,,Shou,,Shou,,wild,2024-03-02T11:47:00+13:00,11:47:00+13:00,2024/03/02 11:47,"Maori Hill, Timaru 7910 ニュージーランド",-44.3904868657,171.2417146863,2.0,EPSG:4326,NZ,Canterbury,456424519.0,2024-03-03T08:51:04Z,,48662,Danaus plexippus,species,Animalia,Arthropoda,Insecta,Lepidoptera,Nymphalidae,Danaus,http://creativecommons.org/licenses/by-nc/4.0/,Shou,shou_1221,,,,adult,,,
201102295,https://www.inaturalist.org/observations/201102295,HumanObservation,2024-03-03T19:29:25Z,iNaturalist,Observations,iNaturalist research-grade observations,,201102295,https://www.inaturalist.org/observations/201102295,,Shou,,Neville Hudson,,wild,2024-03-03T08:51:00+13:00,08:51:00+13:00,2024/03/03 08:51,"Pareora West, ニュージーランド",-44.4135044202,171.0843457383,2.0,EPSG:4326,NZ,Canterbury,456544493.0,2024-03-03T18:02:24Z,,410460,Pseudocoremia suavis,species,Animalia,Arthropoda,Insecta,Lepidoptera,Geometridae,Pseudocoremia,http://creativecommons.org/licenses/by-nc/4.0/,Shou,shou_1221,,,female,adult,,alive,"{""evidenceOfPresence"":""organism""}"
201102306,https://www.inaturalist.org/observations/201102306,HumanObservation,2024-03-03T18:58:49Z,iNaturalist,Observations,iNaturalist research-grade observations,,201102306,https://www.inaturalist.org/observations/201102306,,Shou,,Shou,,wild,2024-03-03T09:18:00+13:00,09:18:00+13:00,2024/03/03 09:18,"Pareora West, ニュージーランド",-44.4118166407,171.0842196836,2.0,EPSG:4326,NZ,Canterbury,456424541.0,2024-03-03T08:51:09Z,,410049,Neotrichozetes spinulosa,species,Animalia,Arthropoda,Arachnida,Sarcoptiformes,Neotrichozetidae,Neotrichozetes,http://creativecommons.org/licenses/by-nc/4.0/,Shou,shou_1221,,,,,,,
201102307,https://www.inaturalist.org/observations/201102307,HumanObservation,2024-03-03T22:58:23Z,iNaturalist,Observations,iNaturalist research-grade observations,,201102307,https://www.inaturalist.org/observations/201102307,teneral?,Shou,,Saryu Mae,,wild,2024-03-03T09:19:00+13:00,09:19:00+13:00,2024/03/03 09:19,"Pareora West, ニュージーランド",-44.4118149612,171.0842260279,2.0,EPSG:4326,NZ,Canterbury,456560223.0,2024-03-03T18:55:03Z,,410049,Neotrichozetes spinulosa,species,Animalia,Arthropoda,Arachnida,Sarcoptiformes,Neotrichozetidae,Neotrichozetes,http://creativecommons.org/licenses/by-nc/4.0/,Shou,shou_1221,,,,,,,
201102311,https://www.inaturalist.org/observations/201102311,HumanObservation,2024-03-03T08:55:49Z,iNaturalist,Observations,iNaturalist research-grade observations,,201102311,https://www.inaturalist.org/observations/201102311,,skorotkov,,skorotkov,,wild,2024-03-03T11:50:48+03:00,11:50:48+03:00,2024-03-03 11:50:48+03:00,"Писаревская улица, Пушкино, Московская Область, RU",56.0047861167,37.84082,12.0,EPSG:4326,RU,Moskva,456424547.0,2024-03-03T08:51:10Z,,63567,Picea abies,species,Plantae,Tracheophyta,Pinopsida,Pinales,Pinaceae,Picea,http://creativecommons.org/licenses/by-nc/4.0/,skorotkov,skorotkov,,,,,,,
201102317,https://www.inaturalist.org/observations/201102317,HumanObservation,2024-03-03T19:59:15Z,iNaturalist,Observations,iNaturalist research-grade observations,,201102317,https://www.inaturalist.org/observations/201102317,,Shou,,Steve Kerr,,wild,2024-03-03T09:25:00+13:00,09:25:00+13:00,2024/03/03 09:25,"Pareora West, ニュージーランド",-44.4117515636,171.0841764988,4.0,EPSG:4326,NZ,Canterbury,456576984.0,2024-03-03T19:53:27Z,,396906,Sciadocera rufomaculata,species,Animalia,Arthropoda,Insecta,Diptera,Phoridae,Sciadocera,http://creativecommons.org/licenses/by-nc/4.0/,Shou,shou_1221,,,,,,,
201102323,https://www.inaturalist.org/observations/201102323,HumanObservation,2024-06-14T04:04:15Z,iNaturalist,Observations,iNaturalist research-grade observations,,201102323,https://www.inaturalist.org/observations/201102323,,Shou,,Leigh Winsor,,wild,2024-03-03T09:35:00+13:00,09:35:00+13:00,2024/03/03 09:35,"Pareora West, ニュージーランド",-44.4114826568,171.0836548389,4.0,EPSG:4326,NZ,Canterbury,456788915.0,2024-03-04T13:41:48Z,A nice specimen.,1142401,Antiponemertes novaezealandiae,species,Animalia,Nemertea,Hoplonemertea,Monostilifera,Acteonemertidae,Antiponemertes,http://creativecommons.org/licenses/by-nc/4.0/,Shou,shou_1221,,,,,,,
201102325,https://www.inaturalist.org/observations/201102325,HumanObservation,2024-03-04T17:22:15Z,iNaturalist,Observations,iNaturalist research-grade observations,,201102325,https://www.inaturalist.org/observations/201102325,,Shou,,Shou,,wild,2024-03-03T09:34:00+13:00,09:34:00+13:00,2024/03/03 09:34,"Pareora West, ニュージーランド",-44.4115496658,171.0837247605,4.0,EPSG:4326,NZ,Canterbury,456424563.0,2024-03-03T08:51:14Z,,411511,Algidia cuspidata multispinosa,subspecies,Animalia,Arthropoda,Arachnida,Opiliones,Triaenonychidae,Algidia,http://creativecommons.org/licenses/by-nc/4.0/,Shou,shou_1221,,,,,,,
201102326,https://www.inaturalist.org/observations/201102326,HumanObservation,2024-04-12T05:33:46Z,iNaturalist,Observations,iNaturalist research-grade observations,,201102326,https://www.inaturalist.org/observations/201102326,,flynncon,,flynncon,,wild,2024-02-29T14:00:32+11:00,14:00:32+11:00,2024-02-29 14:00:32+11:00,"Glenrock State Conservation Area, Merewether, NSW, AU",-32.955425,151.7327716667,4.0,EPSG:4326,AU,New South Wales,456424567.0,2024-03-03T08:51:15Z,,77494,Ipomoea cairica,species,Plantae,Tracheophyta,Magnoliopsida,Solanales,Convolvulaceae,Ipomoea,http://creativecommons.org/licenses/by-nc/4.0/,flynncon,flynncon,AU,,,,,,
201102339,https://www.inaturalist.org/observations/201102339,HumanObservation,2025-02-12T20:26:21Z,iNaturalist,Observations,iNaturalist research-grade observations,,201102339,https://www.inaturalist.org/observations/201102339,,Dustin Snider,,Dustin Snider,,wild,2023-08-02T13:58:37-07:00,13:58:37-07:00,2023-08-02 14:58:37-06:00,"Vaseux-Bighorn National Wildlife Area, Okanagan-Similkameen, BC, CA",49.297384358,-119.5272943065,49.0,EPSG:4326,CA,British Columbia,456424584.0,2024-03-03T08:51:18Z,,62308,Mentzelia laevicaulis,species,Plantae,Tracheophyta,Magnoliopsida,Cornales,Loasaceae,Mentzelia,http://creativecommons.org/licenses/by-nc/4.0/,Dustin Snider,dustin777,CA,,,,,,
201102341,https://www.inaturalist.org/observations/201102341,HumanObservation,2024-03-04T17:22:21Z,iNaturalist,Observations,iNaturalist research-grade observations,,201102341,https://www.inaturalist.org/observations/201102341,,Shou,,Shou,,wild,2024-03-03T10:13:00+13:00,10:13:00+13:00,2024/03/03 10:13,"Pareora West, ニュージーランド",-44.4117033333,171.0842433333,,EPSG:4326,NZ,Canterbury,456424587.0,2024-03-03T08:51:19Z,,411511,Algidia cuspidata multispinosa,subspecies,Animalia,Arthropoda,Arachnida,Opiliones,Triaenonychidae,Algidia,http://creativecommons.org/licenses/by-nc/4.0/,Shou,shou_1221,,,,,,,
201102347,https://www.inaturalist.org/observations/201102347,HumanObservation,2024-03-04T17:22:30Z,iNaturalist,Observations,iNaturalist research-grade observations,,201102347,https://www.inaturalist.org/observations/201102347,,Shou,,Shou,,wild,2024-03-03T10:23:00+13:00,10:23:00+13:00,2024/03/03 10:23,"Pareora West, ニュージーランド",-44.4114967945,171.0845826642,4.0,EPSG:4326,NZ,Canterbury,456424596.0,2024-03-03T08:51:21Z,,411511,Algidia cuspidata multispinosa,subspecies,Animalia,Arthropoda,Arachnida,Opiliones,Triaenonychidae,Algidia,http://creativecommons.org/licenses/by-nc/4.0/,Shou,shou_1221,,,,,,,
201102348,https://www.inaturalist.org/observations/201102348,HumanObservation,2024-03-03T12:15:42Z,iNaturalist,Observations,iNaturalist research-grade observations,,201102348,https://www.inaturalist.org/observations/201102348,,Juan Valentín,,Juan Valentín,,wild,2024-02-29T08:19:00+01:00,08:19:00+01:00,2024-02-29 08:19:00,"04715 El Ejido, Almería, España",36.7696211604,-2.7785284817,47.0,EPSG:4326,ES,Andalucía,456424597.0,2024-03-03T08:51:21Z,,59270,Misopates orontium,species,Plantae,Tracheophyta,Magnoliopsida,Lamiales,Plantaginaceae,Misopates,http://creativecommons.org/licenses/by-nc/4.0/,Juan Valentín,asteriscus,,,,,flowers,,
67034428,https://www.inaturalist.org/observations/67034428,HumanObservation,2022-04-14T18:53:09Z,iNaturalist,Observations,iNaturalist research-grade observations,,67034428,https://www.inaturalist.org/observations/67034428,,Станислав,https://orcid.org/0000-0002-9704-9403,alchemillist,,wild,2014-04-30T10:32:00+03:00,10:32:00+03:00,2014/04/30 10:32 AM +0300,"Новогрудский район, Беларусь",53.5955826666,25.7887700554,4.0,EPSG:4326,BY,Hrodna,219573197.0,2021-11-09T01:33:29Z,,450258,Alchemilla micans,species,Plantae,Tracheophyta,Magnoliopsida,Rosales,Rosaceae,Alchemilla,http://creativecommons.org/licenses/by-nc/4.0/,Станислав,leschij,,,,,,,
67034431,https://www.inaturalist.org/observations/67034431,HumanObservation,2022-04-14T18:53:09Z,iNaturalist,Observations,iNaturalist research-grade observations,,67034431,https://www.inaturalist.org/observations/67034431,,Станислав,https://orcid.org/0000-0002-9704-9403,Станислав,https://orcid.org/0000-0002-9704-9403,wild,2014-04-30T13:58:00+03:00,13:58:00+03:00,2014/04/30 1:58 PM +0300,"Новогрудский район, Беларусь",53.6065599926,25.7594532884,4.0,EPSG:4326,BY,Hrodna,147532581.0,2020-12-25T06:15:37Z,,62207,Oenothera biennis,species,Plantae,Tracheophyta,Magnoliopsida,Myrtales,Onagraceae,Oenothera,http://creativecommons.org/licenses/by-nc/4.0/,Станислав,leschij,,,,,,,
67034432,https://www.inaturalist.org/observations/67034432,HumanObservation,2023-06-23T17:06:30Z,iNaturalist,Observations,iNaturalist research-grade observations,Coordinate uncertainty increased to 29798m at the request of the observer,67034432,https://www.inaturalist.org/observations/67034432,,Ana Gatica Colima,,cactus-d,,wild,2015-05-02,,2015/05/02,"Chihuahua, MX",26.9685023205,-103.8812752681,29798.0,EPSG:4326,MX,Chihuahua,147603116.0,2020-12-25T21:51:58Z,,165900,Opuntia rufida,species,Plantae,Tracheophyta,Magnoliopsida,Caryophyllales,Cactaceae,Opuntia,http://creativecommons.org/licenses/by-nc/4.0/,Ana Gatica Colima,agatica,MX,,,,,,
67034433,https://www.inaturalist.org/observations/67034433,HumanObservation,2022-06-06T04:06:49Z,iNaturalist,Observations,iNaturalist research-grade observations,,67034433,https://www.inaturalist.org/observations/67034433,,Станислав,https://orcid.org/0000-0002-9704-9403,jf920,,wild,2014-04-30T14:53:00+03:00,14:53:00+03:00,2014/04/30 2:53 PM +0300,"Новогрудский район, Беларусь",53.6086391236,25.7541168,4.0,EPSG:4326,BY,Hrodna,267182619.0,2022-06-05T18:06:08Z,,775404,Hylotelephium maximum,species,Plantae,Tracheophyta,Magnoliopsida,Saxifragales,Crassulaceae,Hylotelephium,http://creativecommons.org/licenses/by-nc/4.0/,Станислав,leschij,,,,,,,
67034435,https://www.inaturalist.org/observations/67034435,HumanObservation,2022-04-14T18:53:09Z,iNaturalist,Observations,iNaturalist research-grade observations,,67034435,https://www.inaturalist.org/observations/67034435,,Станислав,https://orcid.org/0000-0002-9704-9403,Станислав,https://orcid.org/0000-0002-9704-9403,wild,2014-04-30T15:01:00+03:00,15:01:00+03:00,2014/04/30 3:01 PM +0300,"Новогрудский район, Беларусь",53.6096946535,25.7542257048,4.0,EPSG:4326,BY,Hrodna,147532586.0,2020-12-25T06:15:39Z,,85429,Geranium sylvaticum,species,Plantae,Tracheophyta,Magnoliopsida,Geraniales,Geraniaceae,Geranium,http://creativecommons.org/licenses/by-nc/4.0/,Станислав,leschij,,,,,,,
67034439,https://www.inaturalist.org/observations/67034439,HumanObservation,2022-11-20T03:59:31Z,iNaturalist,Observations,iNaturalist research-grade observations,,67034439,https://www.inaturalist.org/observations/67034439,,Justin Vogel,,Rion Cuthill,,wild,2020-12-24T08:36:22+02:00,08:36:22+02:00,2020-12-24 8:36:22 AM GMT+02:00,"Onrus River, Onrus, 7201, South Africa",-34.4105139,19.1714673,,EPSG:4326,ZA,Western Cape,314882173.0,2022-11-20T02:33:46Z,,600808,Polygala myrtifolia myrtifolia,variety,Plantae,Tracheophyta,Magnoliopsida,Fabales,Polygalaceae,Polygala,http://creativecommons.org/licenses/by-nc/4.0/,Justin Vogel,justinvogel,,https://www.inaturalist.org/projects/flora-of-africa,,,,,
67034441,https://www.inaturalist.org/observations/67034441,HumanObservation,2020-12-25T07:10:14Z,iNaturalist,Observations,iNaturalist research-grade observations,,67034441,https://www.inaturalist.org/observations/67034441,,Gerrit van den Bergh,,Thomas Mesaglio,https://orcid.org/0000-0002-1096-6066,wild,2020-12-25T11:20:39+11:00,11:20:39+11:00,Fri Dec 25 2020 11:20:39 GMT+1100 (GMT+11),"Budderoo National Park, Robertson, NSW, AU",-34.62268,150.6552583333,65.0,EPSG:4326,AU,New South Wales,147533203.0,2020-12-25T06:27:14Z,,122205,Actinotus minor,species,Plantae,Tracheophyta,Magnoliopsida,Apiales,Apiaceae,Actinotus,http://creativecommons.org/licenses/by-nc/4.0/,Gerrit van den Bergh,gerritvandenbergh,AU,,,,,,
67034444,https://www.inaturalist.org/observations/67034444,HumanObservation,2022-08-14T02:55:18Z,iNaturalist,Observations,iNaturalist research-grade observations,,67034444,https://www.inaturalist.org/observations/67034444,,Doreen,,Soh Kam Yung,,wild,2020-12-19T10:09:24+08:00,10:09:24+08:00,2020-12-19 10:09:24 am GMT+08:00,"90 Lim Chu Kang Lane 6F, Singapore 718873",1.4440855462,103.7251253799,17.0,EPSG:4326,SG,North,147555391.0,2020-12-25T13:24:41Z,,68390,Nephila pilipes,species,Animalia,Arthropoda,Arachnida,Araneae,Nephilidae,Nephila,http://creativecommons.org/licenses/by/4.0/,Doreen,hadoe,,,male,,,,
67034445,https://www.inaturalist.org/observations/67034445,HumanObservation,2024-07-06T20:57:50Z,iNaturalist,Observations,iNaturalist research-grade observations,,67034445,https://www.inaturalist.org/observations/67034445,,Greg Davis,,Greg Davis,,wild,2020-10-22T12:08:03-07:00,12:08:03-07:00,Thu Oct 22 2020 12:08:03 GMT-0700 (PDT),"Middletown, CA, US",38.860275,-122.6698916667,4.0,EPSG:4326,US,California,239334495.0,2022-02-27T05:46:31Z,,141851,Urtica gracilis holosericea,subspecies,Plantae,Tracheophyta,Magnoliopsida,Rosales,Urticaceae,Urtica,http://creativecommons.org/licenses/by-nc/4.0/,Greg Davis,davegregis,,https://www.inaturalist.org/projects/urtica-holding-bin,,,,,
67034447,https://www.inaturalist.org/observations/67034447,HumanObservation,2021-05-17T11:59:06Z,iNaturalist,Observations,iNaturalist research-grade observations,,67034447,https://www.inaturalist.org/observations/67034447,,Katarina Stenman,,Chloe Brisco,,wild,2012-01-01T12:30:00+01:00,12:30:00+01:00,2012/01/01 12:30 PM CET,"Amboseli, Kenya",-2.6602199,37.2115829,36012.0,EPSG:4326,KE,Kajiado,147555045.0,2020-12-25T13:18:10Z,,31155,Agama lionotus,species,Animalia,Chordata,Reptilia,Squamata,Agamidae,Agama,http://creativecommons.org/licenses/by-nc/4.0/,Katarina Stenman,kstenman,SE,https://www.inaturalist.org/projects/afriherps,,,,,
67034450,https://www.inaturalist.org/observations/67034450,HumanObservation,2020-12-25T17:03:43Z,iNaturalist,Observations,iNaturalist research-grade observations,,67034450,https://www.inaturalist.org/observations/67034450,,Max Laubstein,,Max Laubstein,,wild,2020-09-26T09:33:00-07:00,09:33:00-07:00,2020/09/26 9:33 AM PDT,"El Dorado County, CA, USA",38.9201779367,-120.0702770926,4.0,EPSG:4326,US,California,147532625.0,2020-12-25T06:16:41Z,,145223,Geothlypis tolmiei,species,Animalia,Chordata,Aves,Passeriformes,Parulidae,Geothlypis,http://creativecommons.org/licenses/by-nc/4.0/,Max Laubstein,maxlaubstein,,https://www.inaturalist.org/projects/california-birds,,,,,
67034452,https://www.inaturalist.org/observations/67034452,HumanObservation,2024-09-24T18:06:36Z,iNaturalist,Observations,iNaturalist research-grade observations,,67034452,https://www.inaturalist.org/observations/67034452,Location approximate. Don't know what this was but there were a very large number of live desert cottontails in this area.,Alex Binck,,Tom French,,wild,2016-03-01T17:25:00-08:00,17:25:00-08:00,2016/03/01 5:25 PM PST,"Yolo County, CA, USA",38.5748864809,-121.7346215231,977.0,EPSG:4326,US,California,544642999.0,2024-09-24T15:26:13Z,,1511713,Otospermophilus douglasii,species,Animalia,Chordata,Mammalia,Rodentia,Sciuridae,Otospermophilus,http://creativecommons.org/licenses/by-nc/4.0/,Alex Binck,alexbinck,,https://www.inaturalist.org/projects/skulls-and-bones|https://www.inaturalist.org/projects/california-mammals,,,,dead,"{""evidenceOfPresence"":""bone""}"
201102354,https://www.inaturalist.org/observations/201102354,HumanObservation,2024-03-06T02:52:39Z,iNaturalist,Observations,iNaturalist research-grade observations,,201102354,https://www.inaturalist.org/observations/201102354,,Shou,,Shou,,wild,2024-03-03T10:33:00+13:00,10:33:00+13:00,2024/03/03 10:33,"Pareora West, ニュージーランド",-44.4116874126,171.0843405633,2.0,EPSG:4326,NZ,Canterbury,456424604.0,2024-03-03T08:51:23Z,,396977,Scoparia ustimacula,species,Animalia,Arthropoda,Insecta,Lepidoptera,Crambidae,Scoparia,http://creativecommons.org/licenses/by-nc/4.0/,Shou,shou_1221,,,,adult,,alive,"{""evidenceOfPresence"":""organism""}"
201102355,https://www.inaturalist.org/observations/201102355,HumanObservation,2024-03-06T20:19:07Z,iNaturalist,Observations,iNaturalist research-grade observations,,201102355,https://www.inaturalist.org/observations/201102355,,Shou,,Samuel Brown,,wild,2024-03-03T10:37:00+13:00,10:37:00+13:00,2024/03/03 10:37,"Pareora West, ニュージーランド",-44.4118018376,171.0842283418,2.0,EPSG:4326,NZ,Canterbury,456604085.0,2024-03-03T21:32:53Z,,388819,Dysnocryptus maculifer,species,Animalia,Arthropoda,Insecta,Coleoptera,Anthribidae,Dysnocryptus,http://creativecommons.org/licenses/by-nc/4.0/,Shou,shou_1221,,,,,,,
201102358,https://www.inaturalist.org/observations/201102358,HumanObservation,2024-03-03T21:30:12Z,iNaturalist,Observations,iNaturalist research-grade observations,,201102358,https://www.inaturalist.org/observations/201102358,,Shou,,Stephen Thorpe,,wild,2024-03-03T10:41:00+13:00,10:41:00+13:00,2024/03/03 10:41,"Pareora West, ニュージーランド",-44.411802428,171.0842305705,2.0,EPSG:4326,NZ,Canterbury,456594971.0,2024-03-03T20:59:27Z,,456716,Cartodere bifasciata,species,Animalia,Arthropoda,Insecta,Coleoptera,Latridiidae,Cartodere,http://creativecommons.org/licenses/by-nc/4.0/,Shou,shou_1221,,,,,,,
201102359,https://www.inaturalist.org/observations/201102359,HumanObservation,2025-03-08T21:32:46Z,iNaturalist,Observations,iNaturalist research-grade observations,,201102359,https://www.inaturalist.org/observations/201102359,,ZwierzyniecWQE,,Udnf Fjfjfn,,wild,2024-03-02,,2024-03-02,"Brudzeń Duży, Polska",52.6266819532,19.5641304553,2539.0,EPSG:4326,PL,Masovian,559983458.0,2024-11-02T19:25:52Z,,856260,Tetrodontophora bielanensis,species,Animalia,Arthropoda,Entognatha,Poduromorpha,Onychiuridae,Tetrodontophora,http://creativecommons.org/licenses/by-nc/4.0/,ZwierzyniecWQE,wodnikwqe,,,,,,,
201102360,https://www.inaturalist.org/observations/201102360,HumanObservation,2024-03-03T18:01:44Z,iNaturalist,Observations,iNaturalist research-grade observations,,201102360,https://www.inaturalist.org/observations/201102360,,Shou,,Shou,,wild,2024-03-03T10:43:00+13:00,10:43:00+13:00,2024/03/03 10:43,"Pareora West, ニュージーランド",-44.4116445537,171.0839069103,2.0,EPSG:4326,NZ,Canterbury,456424612.0,2024-03-03T08:51:25Z,,410807,Pseudocoremia indistincta,species,Animalia,Arthropoda,Insecta,Lepidoptera,Geometridae,Pseudocoremia,http://creativecommons.org/licenses/by-nc/4.0/,Shou,shou_1221,,,male,adult,,alive,"{""evidenceOfPresence"":""organism""}"
201102361,https://www.inaturalist.org/observations/201102361,HumanObservation,2024-03-03T18:01:07Z,iNaturalist,Observations,iNaturalist research-grade observations,,201102361,https://www.inaturalist.org/observations/201102361,,Shou,,Shou,,wild,2024-03-03T10:44:00+13:00,10:44:00+13:00,2024/03/03 10:44,"Pareora West, ニュージーランド",-44.4116352346,171.0839109288,2.0,EPSG:4326,NZ,Canterbury,456424614.0,2024-03-03T08:51:26Z,,410807,Pseudocoremia indistincta,species,Animalia,Arthropoda,Insecta,Lepidoptera,Geometridae,Pseudocoremia,http://creativecommons.org/licenses/by-nc/4.0/,Shou,shou_1221,,,male,adult,,alive,"{""evidenceOfPresence"":""organism""}"
201102362,https://www.inaturalist.org/observations/201102362,HumanObservation,2024-03-06T02:52:37Z,iNaturalist,Observations,iNaturalist research-grade observations,,201102362,https://www.inaturalist.org/observations/201102362,,Shou,,Shou,,wild,2024-03-03T10:50:00+13:00,10:50:00+13:00,2024/03/03 10:50,"Pareora West, ニュージーランド",-44.4116066667,171.08387,,EPSG:4326,NZ,Canterbury,456424616.0,2024-03-03T08:51:26Z,,394663,Pasiphila muscosata,species,Animalia,Arthropoda,Insecta,Lepidoptera,Geometridae,Pasiphila,http://creativecommons.org/licenses/by-nc/4.0/,Shou,shou_1221,,,male,adult,,alive,"{""evidenceOfPresence"":""organism""}"
201102363,https://www.inaturalist.org/observations/201102363,HumanObservation,2024-03-06T04:03:13Z,iNaturalist,Observations,iNaturalist research-grade observations,,201102363,https://www.inaturalist.org/observations/201102363,,Shou,,Shou,,wild,2024-03-03T10:53:00+13:00,10:53:00+13:00,2024/03/03 10:53,"Pareora West, ニュージーランド",-44.4114916609,171.0845755723,2.0,EPSG:4326,NZ,Canterbury,456424617.0,2024-03-03T08:51:27Z,,395607,Pristoderus bakewelli,species,Animalia,Arthropoda,Insecta,Coleoptera,Zopheridae,Pristoderus,http://creativecommons.org/licenses/by-nc/4.0/,Shou,shou_1221,,,,adult,,,
201102364,https://www.inaturalist.org/observations/201102364,HumanObservation,2024-03-03T19:29:12Z,iNaturalist,Observations,iNaturalist research-grade observations,,201102364,https://www.inaturalist.org/observations/201102364,,Shou,,Neville Hudson,,wild,2024-03-03T10:58:00+13:00,10:58:00+13:00,2024/03/03 10:58,"Pareora West, ニュージーランド",-44.4113754283,171.0846667465,4.0,EPSG:4326,NZ,Canterbury,456544660.0,2024-03-03T18:02:56Z,,425062,Barea exarcha,species,Animalia,Arthropoda,Insecta,Lepidoptera,Oecophoridae,Barea,http://creativecommons.org/licenses/by-nc/4.0/,Shou,shou_1221,,,,adult,,alive,"{""evidenceOfPresence"":""organism""}"
201102365,https://www.inaturalist.org/observations/201102365,HumanObservation,2024-03-04T10:20:57Z,iNaturalist,Observations,iNaturalist research-grade observations,,201102365,https://www.inaturalist.org/observations/201102365,,Shou,,Shou,,wild,2024-03-03T10:44:00+13:00,10:44:00+13:00,2024/03/03 10:44,"Pareora West, ニュージーランド",-44.4116423747,171.0839133756,2.0,EPSG:4326,NZ,Canterbury,456424620.0,2024-03-03T08:51:28Z,,394663,Pasiphila muscosata,species,Animalia,Arthropoda,Insecta,Lepidoptera,Geometridae,Pasiphila,http://creativecommons.org/licenses/by-nc/4.0/,Shou,shou_1221,,,female,adult,,alive,"{""evidenceOfPresence"":""organism""}"
201102369,https://www.inaturalist.org/observations/201102369,HumanObservation,2024-03-17T13:39:19Z,iNaturalist,Observations,iNaturalist research-grade observations,,201102369,https://www.inaturalist.org/observations/201102369,,charlii,,charlii,,wild,2024-03-02T15:46:06+01:00,15:46:06+01:00,2024-03-02 15:46:06,"63755 Alzenau, Deutschland",50.0522305556,9.0765638889,,EPSG:4326,DE,Bayern,456424624.0,2024-03-03T08:51:29Z,,51702,Coccinella septempunctata,species,Animalia,Arthropoda,Insecta,Coleoptera,Coccinellidae,Coccinella,http://creativecommons.org/licenses/by-nc/4.0/,charlii,charlii,,,,,,,
201102370,https://www.inaturalist.org/observations/201102370,HumanObservation,2024-03-13T03:02:44Z,iNaturalist,Observations,iNaturalist research-grade observations,,201102370,https://www.inaturalist.org/observations/201102370,,Drew Meyer,,Drew Meyer,,wild,2024-02-25T12:57:19-08:00,12:57:19-08:00,2024-02-25 12:57:19,"Goldendale, WA 98620, USA",45.930565,-121.1114919722,,EPSG:4326,US,Washington,456424625.0,2024-03-03T08:51:30Z,,55823,Draba verna,species,Plantae,Tracheophyta,Magnoliopsida,Brassicales,Brassicaceae,Draba,http://creativecommons.org/publicdomain/zero/1.0/,Drew Meyer,drew_meyer,,,,,flowers,,
201102373,https://www.inaturalist.org/observations/201102373,HumanObservation,2024-03-03T12:03:04Z,iNaturalist,Observations,iNaturalist research-grade observations,,201102373,https://www.inaturalist.org/observations/201102373,,biogeek,,sharon stanton,,wild,2024-03-03T10:50:41+02:00,10:50:41+02:00,2024-03-03 10:50:41,"Hout Bay, Kaapstad, 7872, Zuid-Afrika",-34.0441027778,18.35015,,EPSG:4326,ZA,Western Cape,456430476.0,2024-03-03T09:32:35Z,,114465,Trithemis arteriosa,species,Animalia,Arthropoda,Insecta,Odonata,Libellulidae,Trithemis,http://creativecommons.org/licenses/by/4.0/,biogeek,biogeek,,,,,,,
67034457,https://www.inaturalist.org/observations/67034457,HumanObservation,2023-12-28T07:07:06Z,iNaturalist,Observations,iNaturalist research-grade observations,,67034457,https://www.inaturalist.org/observations/67034457,,Mikael Nyman,,Mikael Nyman,,wild,2020-12-24T23:40:00+02:00,23:40:00+02:00,2020/12/24 11:40 PM EET,"Turku, Katariinanlaakso, Suomi",60.4093976612,22.267769383,10.0,EPSG:4326,FI,Western Finland,147532639.0,2020-12-25T06:16:55Z,,6930,Anas platyrhynchos,species,Animalia,Chordata,Aves,Anseriformes,Anatidae,Anas,http://creativecommons.org/licenses/by/4.0/,Mikael Nyman,mikaelnyman,,,male,adult,,alive,"{""evidenceOfPresence"":""organism""}"
67034459,https://www.inaturalist.org/observations/67034459,HumanObservation,2020-12-25T14:34:43Z,iNaturalist,Observations,iNaturalist research-grade observations,,67034459,https://www.inaturalist.org/observations/67034459,,Willem Van Zyl,,Dave Brown,,wild,2019-07-27T13:25:24+02:00,13:25:24+02:00,2019-07-27 1:25:24 PM GMT+02:00,"Witzenberg Local Municipality, South Africa",-33.2342643026,19.1426578537,5.0,EPSG:4326,ZA,Western Cape,147539353.0,2020-12-25T07:52:50Z,,13801,Ploceus capensis,species,Animalia,Chordata,Aves,Passeriformes,Ploceidae,Ploceus,http://creativecommons.org/licenses/by-nc/4.0/,Willem Van Zyl,willemvzyl,,https://www.inaturalist.org/projects/habitats-s-afr,,,,,
67034460,https://www.inaturalist.org/observations/67034460,HumanObservation,2025-03-25T08:58:33Z,iNaturalist,Observations,iNaturalist research-grade observations,,67034460,https://www.inaturalist.org/observations/67034460,,Doreen,,budak,,wild,2020-12-19T10:12:59+08:00,10:12:59+08:00,2020-12-19 10:12:59 am GMT+08:00,"Main Bridge, Singapore",1.444721698,103.7258210778,17.0,EPSG:4326,SG,North,147532682.0,2020-12-25T06:18:04Z,,701733,Argiope dang,species,Animalia,Arthropoda,Arachnida,Araneae,Araneidae,Argiope,http://creativecommons.org/licenses/by/4.0/,Doreen,hadoe,,https://www.inaturalist.org/projects/spiders-of-singapore,,,,,
67034461,https://www.inaturalist.org/observations/67034461,HumanObservation,2020-12-25T07:41:06Z,iNaturalist,Observations,iNaturalist research-grade observations,,67034461,https://www.inaturalist.org/observations/67034461,,Albert Kang,,Albert Kang,,wild,2017-10-14T10:44:00+08:00,10:44:00+08:00,2017/10/14 10:44 AM +0800,"Padangbai, Manggis, Karangasem Regency, Bali, Indonesia",-8.5184392752,115.5151354468,1294.0,EPSG:4326,ID,Bali,147532645.0,2020-12-25T06:17:07Z,,118574,Lutjanus kasmira,species,Animalia,Chordata,Actinopterygii,Acanthuriformes,Lutjanidae,Lutjanus,http://creativecommons.org/licenses/by-nc/4.0/,Albert Kang,albertkang,,,,,,,
67034463,https://www.inaturalist.org/observations/67034463,HumanObservation,2021-02-08T21:16:25Z,iNaturalist,Observations,iNaturalist research-grade observations,,67034463,https://www.inaturalist.org/observations/67034463,,Klaus Dühr,,Lupoli Roland,,wild,2020-07-10T16:53:00+02:00,16:53:00+02:00,2020/07/10 4:53 PM CEST,"Bad Homburg vor der Höhe, Deutschland",50.2126476833,8.6035873697,31.0,EPSG:4326,DE,Hessen,147707941.0,2020-12-26T18:23:38Z,,469488,Carpocoris fuscispinus,species,Animalia,Arthropoda,Insecta,Hemiptera,Pentatomidae,Carpocoris,http://creativecommons.org/licenses/by-nc/4.0/,Klaus Dühr,khd,,https://www.inaturalist.org/projects/wanzennymphen-larven-in-deutschland-oesterreich-schweiz,undetermined,nymph,,alive,
67034466,https://www.inaturalist.org/observations/67034466,HumanObservation,2022-11-17T03:22:17Z,iNaturalist,Observations,iNaturalist research-grade observations,,67034466,https://www.inaturalist.org/observations/67034466,,Thomas Mesaglio,https://orcid.org/0000-0002-1096-6066,Thomas Mesaglio,https://orcid.org/0000-0002-1096-6066,wild,2020-12-25T16:48:00+11:00,16:48:00+11:00,2020/12/25 4:48 PM AEDT,"Camden Haven NSW, Australia",-31.6372854157,152.8304484645,4.0,EPSG:4326,AU,New South Wales,147532664.0,2020-12-25T06:17:38Z,,37054,Ctenotus robustus,species,Animalia,Chordata,Reptilia,Squamata,Scincidae,Ctenotus,http://creativecommons.org/licenses/by/4.0/,Thomas Mesaglio,thebeachcomber,,https://www.inaturalist.org/projects/backyard-species-discovery-with-bush-blitz-australia,,,,,
67034467,https://www.inaturalist.org/observations/67034467,HumanObservation,2023-02-17T13:12:51Z,iNaturalist,Observations,iNaturalist research-grade observations,,67034467,https://www.inaturalist.org/observations/67034467,,Gerrit van den Bergh,,Guy Taseski,,wild,2020-12-25T11:23:48+11:00,11:23:48+11:00,Fri Dec 25 2020 11:23:48 GMT+1100 (GMT+11),"Budderoo National Park, Robertson, NSW, AU",-34.6228616667,150.6537166667,100.0,EPSG:4326,AU,New South Wales,147536249.0,2020-12-25T07:10:03Z,,321199,Scaevola ramosissima,species,Plantae,Tracheophyta,Magnoliopsida,Asterales,Goodeniaceae,Scaevola,http://creativecommons.org/licenses/by-nc/4.0/,Gerrit van den Bergh,gerritvandenbergh,AU,,,,,,
67034468,https://www.inaturalist.org/observations/67034468,HumanObservation,2020-12-25T17:04:00Z,iNaturalist,Observations,iNaturalist research-grade observations,,67034468,https://www.inaturalist.org/observations/67034468,,Max Laubstein,,Max Laubstein,,wild,2020-09-26T13:53:00-07:00,13:53:00-07:00,2020/09/26 1:53 PM PDT,"El Dorado County, CA, USA",38.9029361896,-120.1012021399,4.0,EPSG:4326,US,California,147532666.0,2020-12-25T06:17:40Z,,12936,Sialia currucoides,species,Animalia,Chordata,Aves,Passeriformes,Turdidae,Sialia,http://creativecommons.org/licenses/by-nc/4.0/,Max Laubstein,maxlaubstein,,https://www.inaturalist.org/projects/california-birds,,,,,
67034471,https://www.inaturalist.org/observations/67034471,HumanObservation,2020-12-25T14:34:34Z,iNaturalist,Observations,iNaturalist research-grade observations,,67034471,https://www.inaturalist.org/observations/67034471,,Willem Van Zyl,,Garth Aiston,,wild,2019-07-27T13:23:45+02:00,13:23:45+02:00,2019-07-27 1:23:45 PM GMT+02:00,"Witzenberg Local Municipality, South Africa",-33.2342614982,19.1426374018,5.0,EPSG:4326,ZA,Western Cape,147535293.0,2020-12-25T06:58:19Z,,566455,Motacilla capensis capensis,subspecies,Animalia,Chordata,Aves,Passeriformes,Motacillidae,Motacilla,http://creativecommons.org/licenses/by-nc/4.0/,Willem Van Zyl,willemvzyl,,,,,,,
67034472,https://www.inaturalist.org/observations/67034472,HumanObservation,2025-01-13T06:58:41Z,iNaturalist,Observations,iNaturalist research-grade observations,,67034472,https://www.inaturalist.org/observations/67034472,,Daval Davis,,Daval Davis,,wild,2020-12-21T12:24:00-08:00,12:24:00-08:00,2020/12/21 12:24 PM PST,"West Queen Anne, Seattle, WA, USA",47.6388333333,-122.3589516667,,EPSG:4326,US,Washington,147532679.0,2020-12-25T06:18:02Z,,144594,Bubo scandiacus,species,Animalia,Chordata,Aves,Strigiformes,Strigidae,Bubo,http://creativecommons.org/licenses/by/4.0/,Daval Davis,daval,,https://www.inaturalist.org/projects/owls-of-the-world,,,,,"{""evidenceOfPresence"":""organism""}"
67034474,https://www.inaturalist.org/observations/67034474,HumanObservation,2022-02-05T01:37:52Z,iNaturalist,Observations,iNaturalist research-grade observations,,67034474,https://www.inaturalist.org/observations/67034474,,Kate McAlpine,https://orcid.org/0000-0001-6355-7445,Kate McAlpine,https://orcid.org/0000-0001-6355-7445,wild,2020-12-25T18:20:00+13:00,18:20:00+13:00,2020-12-25 6:20:00 PM GMT+13:00,"Linkwater, New Zealand",-41.2915076,173.8443441,,EPSG:4326,NZ,Marlborough,147532684.0,2020-12-25T06:18:05Z,,412407,Elaeocarpus dentatus obovatus,variety,Plantae,Tracheophyta,Magnoliopsida,Oxalidales,Elaeocarpaceae,Elaeocarpus,http://creativecommons.org/licenses/by/4.0/,Kate McAlpine,kate_mcalpine,NZ,,,,,,
67034480,https://www.inaturalist.org/observations/67034480,HumanObservation,2020-12-26T11:51:49Z,iNaturalist,Observations,iNaturalist research-grade observations,,67034480,https://www.inaturalist.org/observations/67034480,,Stephanie Dolrenry,,Stephanie Dolrenry,,wild,2020-12-25T07:07:36+03:00,07:07:36+03:00,Fri Dec 25 2020 07:07:36 GMT+0300 (GMT+3),"Kajiado, Kajiado, Rift Valley, KE",-2.4711870954,37.3283852909,22.0,EPSG:4326,KE,Kajiado,147532704.0,2020-12-25T06:18:31Z,,70064,Argiope australis,species,Animalia,Arthropoda,Arachnida,Araneae,Araneidae,Argiope,http://creativecommons.org/licenses/by-nc/4.0/,Stephanie Dolrenry,sdolrenry,,,,,,,
67034482,https://www.inaturalist.org/observations/67034482,HumanObservation,2021-01-14T11:07:42Z,iNaturalist,Observations,iNaturalist research-grade observations,,67034482,https://www.inaturalist.org/observations/67034482,,John T,,Agnes Trekker,,wild,2020-12-25T14:17:16+08:00,14:17:16+08:00,2020-12-25 2:17:16 PM GMT+08:00,"Ap Lei Chau, Hong Kong",22.2366176131,114.1575840488,6.0,EPSG:4326,HK,Southern,147563053.0,2020-12-25T15:11:58Z,,427988,Baeckea frutescens,species,Plantae,Tracheophyta,Magnoliopsida,Myrtales,Myrtaceae,Baeckea,http://creativecommons.org/licenses/by-nc/4.0/,John T,johnt77,,,,,,,
67034484,https://www.inaturalist.org/observations/67034484,HumanObservation,2020-12-29T06:55:27Z,iNaturalist,Observations,iNaturalist research-grade observations,,67034484,https://www.inaturalist.org/observations/67034484,,lydialavender,,lydialavender,,wild,2020-12-25T19:18:13+13:00,19:18:13+13:00,Fri Dec 25 2020 19:18:13 GMT+1300 (GMT+13),"Western Springs Lakeside Park, Western Springs, Auckland, NZ",-36.8667538651,174.7217403913,5.0,EPSG:4326,NZ,Auckland,147532711.0,2020-12-25T06:18:49Z,,407130,Porphyrio melanotus melanotus,subspecies,Animalia,Chordata,Aves,Gruiformes,Rallidae,Porphyrio,http://creativecommons.org/licenses/by-nc/4.0/,lydialavender,lydialavender,NZ,,,,,,
67034486,https://www.inaturalist.org/observations/67034486,HumanObservation,2024-10-19T14:03:57Z,iNaturalist,Observations,iNaturalist research-grade observations,,67034486,https://www.inaturalist.org/observations/67034486,,Tim,,Tim,,wild,2020-12-03T16:20:42+11:00,16:20:42+11:00,2020-12-03 4:20:42 PM GMT+11:00,"Centennial Park NSW 2021, Australia",-33.8994637163,151.2333887815,58.0,EPSG:4326,AU,New South Wales,147532713.0,2020-12-25T06:18:49Z,,116834,Cacatua galerita,species,Animalia,Chordata,Aves,Psittaciformes,Cacatuidae,Cacatua,http://creativecommons.org/licenses/by/4.0/,Tim,twan3253,AU,https://www.inaturalist.org/projects/backyard-species-discovery-with-bush-blitz-australia|https://www.inaturalist.org/projects/found-feathers,,,,,"{""evidenceOfPresence"":""feather""}"
67034489,https://www.inaturalist.org/observations/67034489,HumanObservation,2020-12-25T09:37:54Z,iNaturalist,Observations,iNaturalist research-grade observations,,67034489,https://www.inaturalist.org/observations/67034489,,Max Laubstein,,Max Laubstein,,wild,2020-11-01T13:00:00-08:00,13:00:00-08:00,2020/11/01 1:00 PM PST,,38.1358568463,-123.4596758612,244.0,EPSG:4326,,,147532722.0,2020-12-25T06:18:59Z,,4141,Phoebastria nigripes,species,Animalia,Chordata,Aves,Procellariiformes,Diomedeidae,Phoebastria,http://creativecommons.org/licenses/by-nc/4.0/,Max Laubstein,maxlaubstein,,https://www.inaturalist.org/projects/california-birds,,,,,
67034490,https://www.inaturalist.org/observations/67034490,HumanObservation,2020-12-25T09:37:53Z,iNaturalist,Observations,iNaturalist research-grade observations,,67034490,https://www.inaturalist.org/observations/67034490,,Max Laubstein,,Max Laubstein,,wild,2020-11-01T13:00:00-08:00,13:00:00-08:00,2020/11/01 1:00 PM PST,,38.1357808983,-123.4608774908,1953.0,EPSG:4326,,,147532723.0,2020-12-25T06:18:59Z,,4141,Phoebastria nigripes,species,Animalia,Chordata,Aves,Procellariiformes,Diomedeidae,Phoebastria,http://creativecommons.org/licenses/by-nc/4.0/,Max Laubstein,maxlaubstein,,https://www.inaturalist.org/projects/california-birds,,,,,
67034491,https://www.inaturalist.org/observations/67034491,HumanObservation,2021-03-06T01:20:12Z,iNaturalist,Observations,iNaturalist research-grade observations,,67034491,https://www.inaturalist.org/observations/67034491,,Max Laubstein,,Max Laubstein,,wild,2020-11-01T13:00:00-08:00,13:00:00-08:00,2020/11/01 1:00 PM PST,,38.1350467216,-123.4605341681,244.0,EPSG:4326,,,147532724.0,2020-12-25T06:18:59Z,,4141,Phoebastria nigripes,species,Animalia,Chordata,Aves,Procellariiformes,Diomedeidae,Phoebastria,http://creativecommons.org/licenses/by-nc/4.0/,Max Laubstein,maxlaubstein,,https://www.inaturalist.org/projects/california-birds,,,,,
67034492,https://www.inaturalist.org/observations/67034492,HumanObservation,2022-08-14T02:55:18Z,iNaturalist,Observations,iNaturalist research-grade observations,,67034492,https://www.inaturalist.org/observations/67034492,,Doreen,,Tan Kok Hui,,wild,2020-12-19T10:45:39+08:00,10:45:39+08:00,2020-12-19 10:45:39 am GMT+08:00,"Main Bridge, Singapore",1.4448413536,103.7263303623,33.0,EPSG:4326,SG,North,226533776.0,2021-12-17T09:06:09Z,,500803,Leptosia nina malayana,subspecies,Animalia,Arthropoda,Insecta,Lepidoptera,Pieridae,Leptosia,http://creativecommons.org/licenses/by/4.0/,Doreen,hadoe,,,,,,,
67034496,https://www.inaturalist.org/observations/67034496,HumanObservation,2024-01-03T10:19:29Z,iNaturalist,Observations,iNaturalist research-grade observations,,67034496,https://www.inaturalist.org/observations/67034496,,Thomas Mesaglio,https://orcid.org/0000-0002-1096-6066,Thomas Mesaglio,https://orcid.org/0000-0002-1096-6066,wild,2020-12-25T16:49:51+11:00,16:49:51+11:00,Fri Dec 25 2020 16:49:51 GMT+1100 (GMT+11),"Hughes Park, North Haven, NSW, AU",-31.636805,152.8318466667,10.0,EPSG:4326,AU,New South Wales,147532741.0,2020-12-25T06:19:22Z,,208003,Psaltoda plaga,species,Animalia,Arthropoda,Insecta,Hemiptera,Cicadidae,Psaltoda,http://creativecommons.org/licenses/by/4.0/,Thomas Mesaglio,thebeachcomber,AU,https://www.inaturalist.org/projects/backyard-species-discovery-with-bush-blitz-australia,,,,,
67034497,https://www.inaturalist.org/observations/67034497,HumanObservation,2020-12-25T07:09:17Z,iNaturalist,Observations,iNaturalist research-grade observations,,67034497,https://www.inaturalist.org/observations/67034497,,Gerrit van den Bergh,,Gerrit van den Bergh,,wild,2020-12-25T11:32:14+11:00,11:32:14+11:00,Fri Dec 25 2020 11:32:14 GMT+1100 (GMT+11),"Budderoo National Park, Robertson, NSW, AU",-34.6235083333,150.6503616667,50.0,EPSG:4326,AU,New South Wales,147532743.0,2020-12-25T06:19:25Z,,64519,Banksia serrata,species,Plantae,Tracheophyta,Magnoliopsida,Proteales,Proteaceae,Banksia,http://creativecommons.org/licenses/by-nc/4.0/,Gerrit van den Bergh,gerritvandenbergh,AU,,,,,,
67034498,https://www.inaturalist.org/observations/67034498,HumanObservation,2022-12-22T18:11:06Z,iNaturalist,Observations,iNaturalist research-grade observations,,67034498,https://www.inaturalist.org/observations/67034498,,Paulo Acevedo,https://orcid.org/0000-0001-5059-4896,Paulo Acevedo,https://orcid.org/0000-0001-5059-4896,wild,2020-08-30T12:52:49-06:00,12:52:49-06:00,2020-08-30 12:52:49 PM CST,"Santa María de Dota, San José, Santa María, Costa Rica",9.6455507278,-83.9607009886,,EPSG:4326,CR,San José,147532744.0,2020-12-25T06:19:26Z,,120951,Lactarius indigo,species,Fungi,Basidiomycota,Agaricomycetes,Russulales,Russulaceae,Lactarius,http://creativecommons.org/licenses/by-nc/4.0/,Paulo Acevedo,satanfungi,CR,,,,,,
67034506,https://www.inaturalist.org/observations/67034506,HumanObservation,2024-10-19T14:03:56Z,iNaturalist,Observations,iNaturalist research-grade observations,,67034506,https://www.inaturalist.org/observations/67034506,,Tim,,BelenMC,,wild,2020-12-03T16:41:44+11:00,16:41:44+11:00,2020-12-03 4:41:44 PM GMT+11:00,"Centennial Park NSW 2021, Australia",-33.8994086158,151.2333301082,60.0,EPSG:4326,AU,New South Wales,147538351.0,2020-12-25T07:42:24Z,,122767,Columba livia domestica,variety,Animalia,Chordata,Aves,Columbiformes,Columbidae,Columba,http://creativecommons.org/licenses/by/4.0/,Tim,twan3253,AU,https://www.inaturalist.org/projects/backyard-species-discovery-with-bush-blitz-australia|https://www.inaturalist.org/projects/found-feathers,,,,,"{""evidenceOfPresence"":""feather""}"
67034508,https://www.inaturalist.org/observations/67034508,HumanObservation,2021-01-15T12:43:30Z,iNaturalist,Observations,iNaturalist research-grade observations,,67034508,https://www.inaturalist.org/observations/67034508,next to a barn swallow,auntie_uncle,,auntie_uncle,,wild,2005-02-20T10:35:00Z,10:35:00Z,2005/02/20 10:35 AM UTC,"Tai Po, Hong Kong",22.4343276653,114.1639915941,203.0,EPSG:4326,HK,Tai Po,147532791.0,2020-12-25T06:20:22Z,,11876,Delichon dasypus,species,Animalia,Chordata,Aves,Passeriformes,Hirundinidae,Delichon,http://creativecommons.org/licenses/by-nc/4.0/,auntie_uncle,auntie_uncle,,,,,,,
67034509,https://www.inaturalist.org/observations/67034509,HumanObservation,2020-12-31T08:07:38Z,iNaturalist,Observations,iNaturalist research-grade observations,,67034509,https://www.inaturalist.org/observations/67034509,,Max Laubstein,,Max Laubstein,,wild,2020-11-07T21:58:00-08:00,21:58:00-08:00,2020/11/07 9:58 PM PST,"Alamo, CA, USA",37.8121597841,-122.0437595214,2547.0,EPSG:4326,US,California,147532801.0,2020-12-25T06:20:33Z,,19743,Megascops kennicottii,species,Animalia,Chordata,Aves,Strigiformes,Strigidae,Megascops,http://creativecommons.org/licenses/by-nc/4.0/,Max Laubstein,maxlaubstein,,https://www.inaturalist.org/projects/california-birds,,,,,
67034511,https://www.inaturalist.org/observations/67034511,HumanObservation,2024-10-19T14:03:56Z,iNaturalist,Observations,iNaturalist research-grade observations,,67034511,https://www.inaturalist.org/observations/67034511,,Tim,,Tim,,wild,2020-12-03T16:45:34+11:00,16:45:34+11:00,2020-12-03 4:45:34 PM GMT+11:00,"Centennial Park NSW 2021, Australia",-33.89397,151.2328449722,,EPSG:4326,AU,New South Wales,147532803.0,2020-12-25T06:20:38Z,,980095,Trichoglossus moluccanus,species,Animalia,Chordata,Aves,Psittaciformes,Psittaculidae,Trichoglossus,http://creativecommons.org/licenses/by/4.0/,Tim,twan3253,AU,https://www.inaturalist.org/projects/backyard-species-discovery-with-bush-blitz-australia|https://www.inaturalist.org/projects/found-feathers,,,,,"{""evidenceOfPresence"":""feather""}"
67034512,https://www.inaturalist.org/observations/67034512,HumanObservation,2023-06-03T10:17:47Z,iNaturalist,Observations,iNaturalist research-grade observations,,67034512,https://www.inaturalist.org/observations/67034512,,John T,,John T,,wild,2020-12-25T14:20:13+08:00,14:20:13+08:00,2020-12-25 2:20:13 PM GMT+08:00,"Ap Lei Chau, Hong Kong",22.23673564,114.1576117,5.0,EPSG:4326,HK,Southern,147532806.0,2020-12-25T06:20:40Z,,179305,Rhaphiolepis indica,species,Plantae,Tracheophyta,Magnoliopsida,Rosales,Rosaceae,Rhaphiolepis,http://creativecommons.org/licenses/by-nc/4.0/,John T,johnt77,,,,,fruits or seeds,,
67034516,https://www.inaturalist.org/observations/67034516,HumanObservation,2024-10-19T14:03:55Z,iNaturalist,Observations,iNaturalist research-grade observations,,67034516,https://www.inaturalist.org/observations/67034516,,Tim,,Valia Pavlou,,wild,2020-12-03T10:00:00+11:00,10:00:00+11:00,2020-12-03 10:00:00 AM GMT+11:00,"Centennial Park NSW 2021, Australia",-33.8963465884,151.2322464958,75.0,EPSG:4326,AU,New South Wales,147538489.0,2020-12-25T07:44:13Z,,8575,Gymnorhina tibicen,species,Animalia,Chordata,Aves,Passeriformes,Artamidae,Gymnorhina,http://creativecommons.org/licenses/by/4.0/,Tim,twan3253,AU,https://www.inaturalist.org/projects/found-feathers|https://www.inaturalist.org/projects/backyard-species-discovery-with-bush-blitz-australia,,,,,"{""evidenceOfPresence"":""feather""}"
67034517,https://www.inaturalist.org/observations/67034517,HumanObservation,2020-12-25T07:30:11Z,iNaturalist,Observations,iNaturalist research-grade observations,,67034517,https://www.inaturalist.org/observations/67034517,,Gerrit van den Bergh,,Guy Taseski,,wild,2020-12-25T11:35:02+11:00,11:35:02+11:00,Fri Dec 25 2020 11:35:02 GMT+1100 (GMT+11),"Budderoo National Park, Robertson, NSW, AU",-34.6235716667,150.6502383333,10.0,EPSG:4326,AU,New South Wales,147536177.0,2020-12-25T07:09:04Z,,321147,Mitrasacme polymorpha,species,Plantae,Tracheophyta,Magnoliopsida,Gentianales,Loganiaceae,Mitrasacme,http://creativecommons.org/licenses/by-nc/4.0/,Gerrit van den Bergh,gerritvandenbergh,AU,,,,,,
67034518,https://www.inaturalist.org/observations/67034518,HumanObservation,2022-12-22T18:11:06Z,iNaturalist,Observations,iNaturalist research-grade observations,,67034518,https://www.inaturalist.org/observations/67034518,,Paulo Acevedo,https://orcid.org/0000-0001-5059-4896,Paulo Acevedo,https://orcid.org/0000-0001-5059-4896,wild,2020-08-30T12:55:06-06:00,12:55:06-06:00,2020-08-30 12:55:06 PM CST,"Quebradillas, San José, El Jardín, Costa Rica",9.6872491836,-83.9774475097,,EPSG:4326,CR,San José,147532836.0,2020-12-25T06:21:09Z,,120951,Lactarius indigo,species,Fungi,Basidiomycota,Agaricomycetes,Russulales,Russulaceae,Lactarius,http://creativecommons.org/licenses/by-nc/4.0/,Paulo Acevedo,satanfungi,CR,,,,,,
67034520,https://www.inaturalist.org/observations/67034520,HumanObservation,2020-12-27T06:29:17Z,iNaturalist,Observations,iNaturalist research-grade observations,,67034520,https://www.inaturalist.org/observations/67034520,,Willem Van Zyl,,Dave Brown,,wild,2019-07-26T17:12:24+02:00,17:12:24+02:00,2019-07-26 5:12:24 PM GMT+02:00,"Witzenberg Local Municipality, South Africa",-33.234260096,19.1426139325,5.0,EPSG:4326,ZA,Western Cape,147539166.0,2020-12-25T07:51:03Z,,13804,Ploceus velatus,species,Animalia,Chordata,Aves,Passeriformes,Ploceidae,Ploceus,http://creativecommons.org/licenses/by-nc/4.0/,Willem Van Zyl,willemvzyl,,https://www.inaturalist.org/projects/habitats-s-afr,,,,,
67034521,https://www.inaturalist.org/observations/67034521,HumanObservation,2021-02-26T20:57:12Z,iNaturalist,Observations,iNaturalist research-grade observations,,67034521,https://www.inaturalist.org/observations/67034521,,Albert Kang,,Albert Kang,,wild,2017-10-14T10:57:00+08:00,10:57:00+08:00,2017/10/14 10:57 AM +0800,"Padangbai, Manggis, Karangasem Regency, Bali, Indonesia",-8.5176754843,115.5117882701,1294.0,EPSG:4326,ID,Bali,147532847.0,2020-12-25T06:21:20Z,,135283,Acanthurus lineatus,species,Animalia,Chordata,Actinopterygii,Acanthuriformes,Acanthuridae,Acanthurus,http://creativecommons.org/licenses/by-nc/4.0/,Albert Kang,albertkang,,,,,,,
67034525,https://www.inaturalist.org/observations/67034525,HumanObservation,2023-01-29T20:18:09Z,iNaturalist,Observations,iNaturalist research-grade observations,Coordinate uncertainty increased to 28902m to protect threatened taxon,67034525,https://www.inaturalist.org/observations/67034525,,Tim,,Tim,,wild,2020-12-03T17:23:20+11:00,17:23:20+11:00,2020-12-03 5:23:20 PM GMT+11:00,"New South Wales, AU",-33.9479897521,151.352075397,28902.0,EPSG:4326,AU,New South Wales,147532854.0,2020-12-25T06:21:28Z,,20115,Ninox strenua,species,Animalia,Chordata,Aves,Strigiformes,Strigidae,Ninox,http://creativecommons.org/licenses/by/4.0/,Tim,twan3253,AU,https://www.inaturalist.org/projects/backyard-species-discovery-with-bush-blitz-australia|https://www.inaturalist.org/projects/found-feathers,,,,,"{""evidenceOfPresence"":""feather""}"
67034531,https://www.inaturalist.org/observations/67034531,HumanObservation,2024-06-08T07:50:25Z,iNaturalist,Observations,iNaturalist research-grade observations,,67034531,https://www.inaturalist.org/observations/67034531,,Ryan Yue Wah Chan,,Ryan Yue Wah Chan,,wild,2020-12-25T14:20:00+08:00,14:20:00+08:00,2020/12/25 2:20 PM HKT,香港,22.3193039,114.1693611,37983.0,EPSG:4326,HK,Yau Tsim Mong,147532869.0,2020-12-25T06:21:43Z,,163773,Hibiscus sabdariffa,species,Plantae,Tracheophyta,Magnoliopsida,Malvales,Malvaceae,Hibiscus,http://creativecommons.org/licenses/by-nc/4.0/,Ryan Yue Wah Chan,ryanyuewahchan,,,,,,,
67034532,https://www.inaturalist.org/observations/67034532,HumanObservation,2020-12-25T06:51:04Z,iNaturalist,Observations,iNaturalist research-grade observations,,67034532,https://www.inaturalist.org/observations/67034532,,estep,,estep,,wild,2020-12-22T10:34:00-08:00,10:34:00-08:00,2020/12/22 10:34 AM PST,"Whatcom County, WA, USA",48.7591419982,-122.6576898365,15.0,EPSG:4326,US,Washington,147532874.0,2020-12-25T06:21:48Z,,5305,Haliaeetus leucocephalus,species,Animalia,Chordata,Aves,Accipitriformes,Accipitridae,Haliaeetus,http://creativecommons.org/licenses/by-nc/4.0/,estep,estep,,,,,,,
67034533,https://www.inaturalist.org/observations/67034533,HumanObservation,2020-12-25T14:18:45Z,iNaturalist,Observations,iNaturalist research-grade observations,,67034533,https://www.inaturalist.org/observations/67034533,,estep,,estep,,wild,2020-12-22T12:55:00-08:00,12:55:00-08:00,2020/12/22 12:55 PM PST,"Whatcom County, WA, USA",48.7572649403,-122.6675970857,122.0,EPSG:4326,US,Washington,147532875.0,2020-12-25T06:21:48Z,,7047,Aythya marila,species,Animalia,Chordata,Aves,Anseriformes,Anatidae,Aythya,http://creativecommons.org/licenses/by-nc/4.0/,estep,estep,,,,,,,
67034534,https://www.inaturalist.org/observations/67034534,HumanObservation,2020-12-25T06:22:26Z,iNaturalist,Observations,iNaturalist research-grade observations,,67034534,https://www.inaturalist.org/observations/67034534,,estep,,estep,,wild,2020-12-22T12:59:00-08:00,12:59:00-08:00,2020/12/22 12:59 PM PST,"Whatcom County, WA, USA",48.7562023868,-122.658653245,15.0,EPSG:4326,US,Washington,147532876.0,2020-12-25T06:21:49Z,,10094,Junco hyemalis,species,Animalia,Chordata,Aves,Passeriformes,Passerellidae,Junco,http://creativecommons.org/licenses/by-nc/4.0/,estep,estep,,,,,,,
67034535,https://www.inaturalist.org/observations/67034535,HumanObservation,2020-12-25T06:22:24Z,iNaturalist,Observations,iNaturalist research-grade observations,,67034535,https://www.inaturalist.org/observations/67034535,,estep,,estep,,wild,2020-12-22T12:59:00-08:00,12:59:00-08:00,2020/12/22 12:59 PM PST,"Whatcom County, WA, USA",48.7562989848,-122.6590482683,8.0,EPSG:4326,US,Washington,147532877.0,2020-12-25T06:21:49Z,,10094,Junco hyemalis,species,Animalia,Chordata,Aves,Passeriformes,Passerellidae,Junco,http://creativecommons.org/licenses/by-nc/4.0/,estep,estep,,,,,,,
67034536,https://www.inaturalist.org/observations/67034536,HumanObservation,2020-12-25T06:22:22Z,iNaturalist,Observations,iNaturalist research-grade observations,,67034536,https://www.inaturalist.org/observations/67034536,,estep,,estep,,wild,2020-12-22T13:00:00-08:00,13:00:00-08:00,2020/12/22 1:00 PM PST,"Whatcom County, WA, USA",48.7562376628,-122.6586968828,4.0,EPSG:4326,US,Washington,147532878.0,2020-12-25T06:21:50Z,,9420,Pipilo maculatus,species,Animalia,Chordata,Aves,Passeriformes,Passerellidae,Pipilo,http://creativecommons.org/licenses/by-nc/4.0/,estep,estep,,,,,,,
67034537,https://www.inaturalist.org/observations/67034537,HumanObservation,2020-12-25T06:31:49Z,iNaturalist,Observations,iNaturalist research-grade observations,,67034537,https://www.inaturalist.org/observations/67034537,,estep,,estep,,wild,2020-12-22T13:01:00-08:00,13:01:00-08:00,2020/12/22 1:01 PM PST,"Whatcom County, WA, USA",48.7564677014,-122.6589674571,8.0,EPSG:4326,US,Washington,147532879.0,2020-12-25T06:21:50Z,,3454,Zenaida macroura,species,Animalia,Chordata,Aves,Columbiformes,Columbidae,Zenaida,http://creativecommons.org/licenses/by-nc/4.0/,estep,estep,,,,,,,
67034538,https://www.inaturalist.org/observations/67034538,HumanObservation,2020-12-25T06:31:36Z,iNaturalist,Observations,iNaturalist research-grade observations,,67034538,https://www.inaturalist.org/observations/67034538,,estep,,estep,,wild,2020-12-22T13:01:00-08:00,13:01:00-08:00,2020/12/22 1:01 PM PST,"Whatcom County, WA, USA",48.7562759409,-122.6586918624,8.0,EPSG:4326,US,Washington,147532880.0,2020-12-25T06:21:50Z,,144815,Poecile atricapillus,species,Animalia,Chordata,Aves,Passeriformes,Paridae,Poecile,http://creativecommons.org/licenses/by-nc/4.0/,estep,estep,,,,,,,
67034539,https://www.inaturalist.org/observations/67034539,HumanObservation,2020-12-25T06:31:31Z,iNaturalist,Observations,iNaturalist research-grade observations,,67034539,https://www.inaturalist.org/observations/67034539,,estep,,estep,,wild,2020-12-22T13:02:00-08:00,13:02:00-08:00,2020/12/22 1:02 PM PST,"Whatcom County, WA, USA",48.7560747613,-122.6588898342,8.0,EPSG:4326,US,Washington,147532881.0,2020-12-25T06:21:51Z,,144815,Poecile atricapillus,species,Animalia,Chordata,Aves,Passeriformes,Paridae,Poecile,http://creativecommons.org/licenses/by-nc/4.0/,estep,estep,,,,,,,
67034540,https://www.inaturalist.org/observations/67034540,HumanObservation,2020-12-25T12:37:40Z,iNaturalist,Observations,iNaturalist research-grade observations,,67034540,https://www.inaturalist.org/observations/67034540,,estep,,estep,,wild,2020-12-22T13:05:00-08:00,13:05:00-08:00,2020/12/22 1:05 PM PST,"Whatcom County, WA, USA",48.7562537401,-122.6586417772,4.0,EPSG:4326,US,Washington,147532883.0,2020-12-25T06:21:51Z,,145304,Spinus pinus,species,Animalia,Chordata,Aves,Passeriformes,Fringillidae,Spinus,http://creativecommons.org/licenses/by-nc/4.0/,estep,estep,,,,,,,
67034541,https://www.inaturalist.org/observations/67034541,HumanObservation,2020-12-25T06:29:02Z,iNaturalist,Observations,iNaturalist research-grade observations,,67034541,https://www.inaturalist.org/observations/67034541,,estep,,estep,,wild,2020-12-22T13:20:00-08:00,13:20:00-08:00,2020/12/22 1:20 PM PST,"Whatcom County, WA, USA",48.7562522051,-122.6590045279,4.0,EPSG:4326,US,Washington,147532884.0,2020-12-25T06:21:51Z,,18236,Colaptes auratus,species,Animalia,Chordata,Aves,Piciformes,Picidae,Colaptes,http://creativecommons.org/licenses/by-nc/4.0/,estep,estep,,,,,,,
67034542,https://www.inaturalist.org/observations/67034542,HumanObservation,2020-12-25T13:43:41Z,iNaturalist,Observations,iNaturalist research-grade observations,,67034542,https://www.inaturalist.org/observations/67034542,,estep,,estep,,wild,2020-12-22T14:06:00-08:00,14:06:00-08:00,2020/12/22 2:06 PM PST,"Whatcom County, WA, USA",48.7560567941,-122.6583591202,4.0,EPSG:4326,US,Washington,147532885.0,2020-12-25T06:21:51Z,,6317,Calypte anna,species,Animalia,Chordata,Aves,Apodiformes,Trochilidae,Calypte,http://creativecommons.org/licenses/by-nc/4.0/,estep,estep,,,,,,,
67034544,https://www.inaturalist.org/observations/67034544,HumanObservation,2020-12-25T06:31:05Z,iNaturalist,Observations,iNaturalist research-grade observations,,67034544,https://www.inaturalist.org/observations/67034544,,estep,,estep,,wild,2020-12-23T11:34:00-08:00,11:34:00-08:00,2020/12/23 11:34 AM PST,"Whatcom County, WA, USA",48.7586724858,-122.6668999732,31.0,EPSG:4326,US,Washington,147532888.0,2020-12-25T06:21:52Z,,7004,Mergus merganser,species,Animalia,Chordata,Aves,Anseriformes,Anatidae,Mergus,http://creativecommons.org/licenses/by-nc/4.0/,estep,estep,,,,,,,
67034545,https://www.inaturalist.org/observations/67034545,HumanObservation,2021-08-26T01:29:46Z,iNaturalist,Observations,iNaturalist research-grade observations,Coordinate uncertainty increased to 28902m to protect threatened taxon,67034545,https://www.inaturalist.org/observations/67034545,,Tim,,Tim,,wild,2020-12-03T06:39:47+11:00,06:39:47+11:00,2020-12-03 5:39:47 PM GMT+11:00,"New South Wales, AU",-33.8972675273,151.3826798242,28902.0,EPSG:4326,AU,New South Wales,147532889.0,2020-12-25T06:21:52Z,,20115,Ninox strenua,species,Animalia,Chordata,Aves,Strigiformes,Strigidae,Ninox,http://creativecommons.org/licenses/by/4.0/,Tim,twan3253,AU,https://www.inaturalist.org/projects/found-feathers|https://www.inaturalist.org/projects/backyard-species-discovery-with-bush-blitz-australia,,,,,"{""evidenceOfPresence"":""feather""}"
67034546,https://www.inaturalist.org/observations/67034546,HumanObservation,2021-05-26T23:17:55Z,iNaturalist,Observations,iNaturalist research-grade observations,,67034546,https://www.inaturalist.org/observations/67034546,,estep,,estep,,wild,2020-12-23T16:00:00-08:00,16:00:00-08:00,2020/12/23 4:00 PM PST,"Whatcom County, WA, USA",48.8081966502,-122.6319479779,244.0,EPSG:4326,US,Washington,147532891.0,2020-12-25T06:21:52Z,,5305,Haliaeetus leucocephalus,species,Animalia,Chordata,Aves,Accipitriformes,Accipitridae,Haliaeetus,http://creativecommons.org/licenses/by-nc/4.0/,estep,estep,,,,,,,
67034547,https://www.inaturalist.org/observations/67034547,HumanObservation,2020-12-25T12:40:44Z,iNaturalist,Observations,iNaturalist research-grade observations,,67034547,https://www.inaturalist.org/observations/67034547,,estep,,estep,,wild,2020-12-23T16:02:00-08:00,16:02:00-08:00,2020/12/23 4:02 PM PST,"Whatcom County, WA, USA",48.8067997259,-122.6383229009,61.0,EPSG:4326,US,Washington,147532892.0,2020-12-25T06:21:53Z,,558512,Lanius borealis,species,Animalia,Chordata,Aves,Passeriformes,Laniidae,Lanius,http://creativecommons.org/licenses/by-nc/4.0/,estep,estep,,,,,,,
67034548,https://www.inaturalist.org/observations/67034548,HumanObservation,2021-01-03T15:48:16Z,iNaturalist,Observations,iNaturalist research-grade observations,,67034548,https://www.inaturalist.org/observations/67034548,,estep,,estep,,wild,2020-12-23T16:06:00-08:00,16:06:00-08:00,2020/12/23 4:06 PM PST,"Whatcom County, WA, USA",48.8094496032,-122.6389449414,61.0,EPSG:4326,US,Washington,147532893.0,2020-12-25T06:21:53Z,,6915,Cygnus buccinator,species,Animalia,Chordata,Aves,Anseriformes,Anatidae,Cygnus,http://creativecommons.org/licenses/by-nc/4.0/,estep,estep,,,,,,,
201102374,https://www.inaturalist.org/observations/201102374,HumanObservation,2024-03-03T15:45:57Z,iNaturalist,Observations,iNaturalist research-grade observations,,201102374,https://www.inaturalist.org/observations/201102374,,Erik Schabel,,Erik Schabel,,wild,2024-03-03T09:47:46+01:00,09:47:46+01:00,2024-03-03 09:47:46,"93053 Regensburg-Galgenberg, Deutschland",49.0115505881,12.0983072743,32.0,EPSG:4326,DE,Bayern,456424640.0,2024-03-03T08:51:38Z,,127431,Emmelina monodactyla,species,Animalia,Arthropoda,Insecta,Lepidoptera,Pterophoridae,Emmelina,http://creativecommons.org/licenses/by-nc/4.0/,Erik Schabel,erikschabel,,https://www.inaturalist.org/projects/plume-moths,,,,,
201102375,https://www.inaturalist.org/observations/201102375,HumanObservation,2024-03-03T08:53:30Z,iNaturalist,Observations,iNaturalist research-grade observations,,201102375,https://www.inaturalist.org/observations/201102375,,hhkaaks,,hhkaaks,,wild,2006-08-20T14:21:00+02:00,14:21:00+02:00,2006/08/20 14:21,"Kaaks, Deutschland",53.9919543342,9.4599163105,52.0,EPSG:4326,DE,Schleswig-Holstein,456424643.0,2024-03-03T08:51:40Z,,61532,Propylea quatuordecimpunctata,species,Animalia,Arthropoda,Insecta,Coleoptera,Coccinellidae,Propylea,http://creativecommons.org/licenses/by-nc/4.0/,hhkaaks,hhkaaks,,,,adult,,alive,"{""evidenceOfPresence"":""organism""}"
201102378,https://www.inaturalist.org/observations/201102378,HumanObservation,2024-03-07T16:29:57Z,iNaturalist,Observations,iNaturalist research-grade observations,,201102378,https://www.inaturalist.org/observations/201102378,,marikav,,Kyle Campbell,,wild,2024-03-03T09:51:46+02:00,09:51:46+02:00,2024-03-03 09:51:46+02:00,"Brakfontein Road, Centurion, GP, ZA",-25.91198,28.17868,4.0,EPSG:4326,ZA,Gauteng,457296723.0,2024-03-06T06:08:33Z,,590627,Nidorella hottentotica,species,Plantae,Tracheophyta,Magnoliopsida,Asterales,Asteraceae,Nidorella,http://creativecommons.org/licenses/by-nc/4.0/,marikav,marikav,,,,,,,
201102381,https://www.inaturalist.org/observations/201102381,HumanObservation,2024-07-05T03:50:59Z,iNaturalist,Observations,iNaturalist research-grade observations,,201102381,https://www.inaturalist.org/observations/201102381,,Rajat Joshi,,Rajat Joshi,,wild,2021-08-14T08:58:00+05:30,08:58:00+05:30,2021/08/14 8:58 AM,"Shivajinagar, Pune, Maharashtra, India",18.522879,73.840828,,EPSG:4326,IN,Maharashtra,456424664.0,2024-03-03T08:51:52Z,,154731,Suastus gremius,species,Animalia,Arthropoda,Insecta,Lepidoptera,Hesperiidae,Suastus,http://creativecommons.org/licenses/by-nc/4.0/,Rajat Joshi,rajatjoshi03,,https://www.inaturalist.org/projects/host-plants-for-lepidoptera-of-india,,egg,,,
201102384,https://www.inaturalist.org/observations/201102384,HumanObservation,2024-03-19T15:37:36Z,iNaturalist,Observations,iNaturalist research-grade observations,,201102384,https://www.inaturalist.org/observations/201102384,,jambobwana,,jambobwana,,wild,2024-03-01T08:01:00+02:00,08:01:00+02:00,2024/03/01 08:01,"Kramersdorf, Swakopmund, Namibia",-22.6785349016,14.538189778,488.0,EPSG:4326,,Erongo,461341543.0,2024-03-19T15:06:29Z,,654216,Brinckia debilis,species,Animalia,Arthropoda,Insecta,Coleoptera,Tenebrionidae,Brinckia,http://creativecommons.org/licenses/by-nc/4.0/,jambobwana,jambobwana,,,,,,alive,
201102387,https://www.inaturalist.org/observations/201102387,HumanObservation,2025-02-12T20:26:21Z,iNaturalist,Observations,iNaturalist research-grade observations,,201102387,https://www.inaturalist.org/observations/201102387,,Dustin Snider,,Dustin Snider,,wild,2023-07-29T11:17:45-06:00,11:17:45-06:00,2023-07-29 11:17:45-06:00,"Sundance Provincial Park, Yellowhead County, AB, CA",53.5895982109,-116.800159275,43.0,EPSG:4326,CA,Alberta,456424685.0,2024-03-03T08:52:07Z,,119892,Andromeda polifolia,species,Plantae,Tracheophyta,Magnoliopsida,Ericales,Ericaceae,Andromeda,http://creativecommons.org/licenses/by-nc/4.0/,Dustin Snider,dustin777,CA,,,,,,
201102389,https://www.inaturalist.org/observations/201102389,HumanObservation,2024-05-18T13:46:16Z,iNaturalist,Observations,iNaturalist research-grade observations,,201102389,https://www.inaturalist.org/observations/201102389,,mickrick,,Paul Dubery,,wild,2024-03-03T08:13:18+00:00,08:13:18+00:00,2024-03-03 08:13:18,"Pontefract WF8, UK",53.7038166667,-1.3040388889,,EPSG:4326,GB,England,456453951.0,2024-03-03T12:08:19Z,,203153,Parus major,species,Animalia,Chordata,Aves,Passeriformes,Paridae,Parus,http://creativecommons.org/licenses/by-nc/4.0/,mickrick,mickrick,,,male,adult,,alive,
201102391,https://www.inaturalist.org/observations/201102391,HumanObservation,2024-03-03T09:22:44Z,iNaturalist,Observations,iNaturalist research-grade observations,,201102391,https://www.inaturalist.org/observations/201102391,,fangchen,,fangchen,,wild,2024-03-03T16:50:53+08:00,16:50:53+08:00,2024-03-03 16:50:53+08:00,"房中街, 北京市, CN",40.0226160373,116.3306054931,75.0,EPSG:4326,CN,Beijing,456424950.0,2024-03-03T08:54:33Z,,4237,Tachybaptus ruficollis,species,Animalia,Chordata,Aves,Podicipediformes,Podicipedidae,Tachybaptus,http://creativecommons.org/licenses/by-nc/4.0/,fangchen,fangchen,,,,,,,
201102394,https://www.inaturalist.org/observations/201102394,HumanObservation,2024-09-11T12:20:51Z,iNaturalist,Observations,iNaturalist research-grade observations,,201102394,https://www.inaturalist.org/observations/201102394,,danuiiam,,cyunf,,wild,2024-03-03T16:50:46+08:00,16:50:46+08:00,2024-03-03 16:50:46+08:00,"臺灣島, 鹿谷鄉, NAN, TW",23.7290283333,120.7917466667,40.0,EPSG:4326,TW,Taiwan,538971460.0,2024-09-11T07:47:51Z,,359175,Oenanthe javanica,species,Plantae,Tracheophyta,Magnoliopsida,Apiales,Apiaceae,Oenanthe,http://creativecommons.org/licenses/by-nc/4.0/,danuiiam,danuiiam,TW,https://www.inaturalist.org/projects/unknown-oenantheae,,,,,
201102396,https://www.inaturalist.org/observations/201102396,HumanObservation,2024-03-03T11:46:40Z,iNaturalist,Observations,iNaturalist research-grade observations,,201102396,https://www.inaturalist.org/observations/201102396,,Markus Krieger,,Markus Krieger,,wild,2024-03-02T15:26:38+01:00,15:26:38+01:00,2024-03-02 15:26:38,"94447 Plattling-Pankofen, Deutschland",48.7923111227,12.8935007751,3.0,EPSG:4326,DE,Bayern,456424715.0,2024-03-03T08:52:27Z,,172114,Boettgerilla pallens,species,Animalia,Mollusca,Gastropoda,Stylommatophora,Boettgerillidae,Boettgerilla,http://creativecommons.org/licenses/by/4.0/,Markus Krieger,markuskrieger,,,,,,,
201102399,https://www.inaturalist.org/observations/201102399,HumanObservation,2025-02-22T19:10:06Z,iNaturalist,Observations,iNaturalist research-grade observations,,201102399,https://www.inaturalist.org/observations/201102399,M2E52L162-162R389B314,thierry_aebischer_chinko,,Filipe Afonso,,wild,2015-02-20T16:12:00+01:00,16:12:00+01:00,2015/02/20 4:12 PM,"Rafai, Central African Republic",6.2281219444,24.3655711111,,EPSG:4326,CF,Mbomou,484012056.0,2024-05-07T21:50:45Z,,698450,Numida meleagris meleagris,subspecies,Animalia,Chordata,Aves,Galliformes,Numididae,Numida,http://creativecommons.org/licenses/by-nc/4.0/,thierry_aebischer_chinko,thierry_aebischer_chinko,,,,,,,
201102400,https://www.inaturalist.org/observations/201102400,HumanObservation,2024-03-03T09:48:18Z,iNaturalist,Observations,iNaturalist research-grade observations,,201102400,https://www.inaturalist.org/observations/201102400,M2E43L129-129R396B314,thierry_aebischer_chinko,,thierry_aebischer_chinko,,wild,2015-02-23T16:53:00+01:00,16:53:00+01:00,2015/02/23 4:53 PM,"Rafai, Central African Republic",6.2281219444,24.3655711111,,EPSG:4326,CF,Mbomou,456424730.0,2024-03-03T08:52:32Z,,1430997,Cephalophorus rufilatus,species,Animalia,Chordata,Mammalia,Artiodactyla,Bovidae,Cephalophorus,http://creativecommons.org/licenses/by-nc/4.0/,thierry_aebischer_chinko,thierry_aebischer_chinko,,,,,,,
201102401,https://www.inaturalist.org/observations/201102401,HumanObservation,2024-03-03T09:49:15Z,iNaturalist,Observations,iNaturalist research-grade observations,,201102401,https://www.inaturalist.org/observations/201102401,M2E1L0-16R350B300,thierry_aebischer_chinko,,thierry_aebischer_chinko,,wild,2015-02-23T20:36:00+01:00,20:36:00+01:00,2015/02/23 8:36 PM,"Rafai, Central African Republic",6.2281219444,24.3655711111,,EPSG:4326,CF,Mbomou,456424731.0,2024-03-03T08:52:32Z,,41599,Genetta maculata,species,Animalia,Chordata,Mammalia,Carnivora,Viverridae,Genetta,http://creativecommons.org/licenses/by-nc/4.0/,thierry_aebischer_chinko,thierry_aebischer_chinko,,,,,,,
67034549,https://www.inaturalist.org/observations/67034549,HumanObservation,2021-01-03T15:48:15Z,iNaturalist,Observations,iNaturalist research-grade observations,,67034549,https://www.inaturalist.org/observations/67034549,,estep,,estep,,wild,2020-12-23T16:07:00-08:00,16:07:00-08:00,2020/12/23 4:07 PM PST,"Whatcom County, WA, USA",48.8134751679,-122.6342035792,61.0,EPSG:4326,US,Washington,147532895.0,2020-12-25T06:21:53Z,,6915,Cygnus buccinator,species,Animalia,Chordata,Aves,Anseriformes,Anatidae,Cygnus,http://creativecommons.org/licenses/by-nc/4.0/,estep,estep,,,,,,,
67034550,https://www.inaturalist.org/observations/67034550,HumanObservation,2020-12-25T06:31:17Z,iNaturalist,Observations,iNaturalist research-grade observations,,67034550,https://www.inaturalist.org/observations/67034550,,estep,,estep,,wild,2020-12-23T16:08:00-08:00,16:08:00-08:00,2020/12/23 4:08 PM PST,"Whatcom County, WA, USA",48.8099096963,-122.6397725016,61.0,EPSG:4326,US,Washington,147532896.0,2020-12-25T06:21:54Z,,6930,Anas platyrhynchos,species,Animalia,Chordata,Aves,Anseriformes,Anatidae,Anas,http://creativecommons.org/licenses/by-nc/4.0/,estep,estep,,,,,,,
67034551,https://www.inaturalist.org/observations/67034551,HumanObservation,2022-02-05T01:36:54Z,iNaturalist,Observations,iNaturalist research-grade observations,,67034551,https://www.inaturalist.org/observations/67034551,,Kate McAlpine,https://orcid.org/0000-0001-6355-7445,Kate McAlpine,https://orcid.org/0000-0001-6355-7445,wild,2020-12-25T18:04:24+13:00,18:04:24+13:00,2020-12-25 6:04:24 PM GMT+13:00,"Linkwater, New Zealand",-41.2907597997,173.8437227997,,EPSG:4326,NZ,Marlborough,147532898.0,2020-12-25T06:21:58Z,,412407,Elaeocarpus dentatus obovatus,variety,Plantae,Tracheophyta,Magnoliopsida,Oxalidales,Elaeocarpaceae,Elaeocarpus,http://creativecommons.org/licenses/by/4.0/,Kate McAlpine,kate_mcalpine,NZ,,,,,,
67034552,https://www.inaturalist.org/observations/67034552,HumanObservation,2024-07-05T22:26:29Z,iNaturalist,Observations,iNaturalist research-grade observations,,67034552,https://www.inaturalist.org/observations/67034552,,ahmet_basoglan,,ahmet_basoglan,,wild,2020-05-24T16:36:44+03:00,16:36:44+03:00,Sun May 24 2020 16:36:44 GMT+0300 (GMT+3),"Karakıran, Sarayköy, Denizli, TR",37.9237225927,28.8271585484,337.0,EPSG:4326,TR,Denizli,147532905.0,2020-12-25T06:22:10Z,,81979,Syritta pipiens,species,Animalia,Arthropoda,Insecta,Diptera,Syrphidae,Syritta,http://creativecommons.org/licenses/by-nc/4.0/,ahmet_basoglan,ahmet_basoglan,,,male,adult,,,
67034555,https://www.inaturalist.org/observations/67034555,HumanObservation,2023-07-08T03:08:35Z,iNaturalist,Observations,iNaturalist research-grade observations,,67034555,https://www.inaturalist.org/observations/67034555,,Sadie Hickey,,Sadie Hickey,,wild,2020-12-24T13:10:00-08:00,13:10:00-08:00,2020/12/24 1:10 PM PST,"Mason County, WA, USA",47.4958645281,-123.2681529228,2.0,EPSG:4326,US,Washington,147532919.0,2020-12-25T06:22:24Z,,128919,Pilophorus acicularis,species,Fungi,Ascomycota,Lecanoromycetes,Lecanorales,Cladoniaceae,Pilophorus,http://creativecommons.org/licenses/by-nc/4.0/,Sadie Hickey,sadie_hickey,,,,,,,
67034556,https://www.inaturalist.org/observations/67034556,HumanObservation,2023-07-08T03:08:45Z,iNaturalist,Observations,iNaturalist research-grade observations,,67034556,https://www.inaturalist.org/observations/67034556,,Sadie Hickey,,Sadie Hickey,,wild,2020-12-24T13:11:00-08:00,13:11:00-08:00,2020/12/24 1:11 PM PST,"Mason County, WA, USA",47.4958875461,-123.2681221198,2.0,EPSG:4326,US,Washington,147532920.0,2020-12-25T06:22:24Z,,48441,Gaultheria shallon,species,Plantae,Tracheophyta,Magnoliopsida,Ericales,Ericaceae,Gaultheria,http://creativecommons.org/licenses/by-nc/4.0/,Sadie Hickey,sadie_hickey,,,,,,,
67034557,https://www.inaturalist.org/observations/67034557,HumanObservation,2024-05-11T04:17:16Z,iNaturalist,Observations,iNaturalist research-grade observations,,67034557,https://www.inaturalist.org/observations/67034557,,Sadie Hickey,,Sadie Hickey,,wild,2020-12-24T13:11:00-08:00,13:11:00-08:00,2020/12/24 1:11 PM PST,"Mason County, WA, USA",47.4959253321,-123.2681502829,2.0,EPSG:4326,US,Washington,147532921.0,2020-12-25T06:22:25Z,,128919,Pilophorus acicularis,species,Fungi,Ascomycota,Lecanoromycetes,Lecanorales,Cladoniaceae,Pilophorus,http://creativecommons.org/licenses/by-nc/4.0/,Sadie Hickey,sadie_hickey,,,,,,,
67034558,https://www.inaturalist.org/observations/67034558,HumanObservation,2023-07-08T03:09:15Z,iNaturalist,Observations,iNaturalist research-grade observations,,67034558,https://www.inaturalist.org/observations/67034558,,Sadie Hickey,,Sadie Hickey,,wild,2020-12-24T13:14:00-08:00,13:14:00-08:00,2020/12/24 1:14 PM PST,"Mason County, WA, USA",47.4959781041,-123.2683086969,8.0,EPSG:4326,US,Washington,147532922.0,2020-12-25T06:22:25Z,,194812,Peltigera venosa,species,Fungi,Ascomycota,Lecanoromycetes,Peltigerales,Peltigeraceae,Peltigera,http://creativecommons.org/licenses/by-nc/4.0/,Sadie Hickey,sadie_hickey,,,,,,,
67034561,https://www.inaturalist.org/observations/67034561,HumanObservation,2020-12-27T05:12:42Z,iNaturalist,Observations,iNaturalist research-grade observations,Coordinate uncertainty increased to 28359m to protect threatened taxon,67034561,https://www.inaturalist.org/observations/67034561,,cubehead,,cubehead,,wild,2020-12-10T22:22:00Z,22:22:00Z,Thu Dec 10 2020 22:22:00 GMT-0800 (PST),"California, US",37.7559638342,-122.5374756496,28359.0,EPSG:4326,US,California,147532926.0,2020-12-25T06:22:26Z,,179085,Psilocybe cyanescens,species,Fungi,Basidiomycota,Agaricomycetes,Agaricales,Hymenogastraceae,Psilocybe,http://creativecommons.org/licenses/by-nc/4.0/,cubehead,cubehead,,https://www.inaturalist.org/projects/fungi-of-the-california-floristic-province,,,,,
67034562,https://www.inaturalist.org/observations/67034562,HumanObservation,2023-07-08T03:08:28Z,iNaturalist,Observations,iNaturalist research-grade observations,,67034562,https://www.inaturalist.org/observations/67034562,,Sadie Hickey,,Sadie Hickey,,wild,2020-12-24T13:43:00-08:00,13:43:00-08:00,2020/12/24 1:43 PM PST,"Mason County, WA, USA",47.4971972606,-123.269234949,15.0,EPSG:4326,US,Washington,147532928.0,2020-12-25T06:22:27Z,,128919,Pilophorus acicularis,species,Fungi,Ascomycota,Lecanoromycetes,Lecanorales,Cladoniaceae,Pilophorus,http://creativecommons.org/licenses/by-nc/4.0/,Sadie Hickey,sadie_hickey,,,,,,,
67034563,https://www.inaturalist.org/observations/67034563,HumanObservation,2023-07-08T03:08:32Z,iNaturalist,Observations,iNaturalist research-grade observations,,67034563,https://www.inaturalist.org/observations/67034563,,Sadie Hickey,,Sadie Hickey,,wild,2020-12-24T13:44:00-08:00,13:44:00-08:00,2020/12/24 1:44 PM PST,"Mason County, WA, USA",47.497205679,-123.2692877779,8.0,EPSG:4326,US,Washington,147532927.0,2020-12-25T06:22:27Z,,118155,Phylloporus arenicola,species,Fungi,Basidiomycota,Agaricomycetes,Boletales,Boletaceae,Phylloporus,http://creativecommons.org/licenses/by-nc/4.0/,Sadie Hickey,sadie_hickey,,,,,,,
67034565,https://www.inaturalist.org/observations/67034565,HumanObservation,2020-12-25T06:48:48Z,iNaturalist,Observations,iNaturalist research-grade observations,,67034565,https://www.inaturalist.org/observations/67034565,,jufuying,,jufuying,,wild,2020-12-06T11:07:22+08:00,11:07:22+08:00,Sun Dec 06 2020 11:07:22 GMT+0800 (GMT+8),"雅比斯街, 和平區, TW",24.1717674797,120.9037234947,1432.0,EPSG:4326,TW,Taichung,147532931.0,2020-12-25T06:22:27Z,,199400,Chromolaena odorata,species,Plantae,Tracheophyta,Magnoliopsida,Asterales,Asteraceae,Chromolaena,http://creativecommons.org/licenses/by-nc/4.0/,jufuying,jufuying,,,,,,,
67034566,https://www.inaturalist.org/observations/67034566,HumanObservation,2023-07-08T03:08:57Z,iNaturalist,Observations,iNaturalist research-grade observations,,67034566,https://www.inaturalist.org/observations/67034566,"Might be A. x media, was growing with A. uva-ursi",Sadie Hickey,,Sadie Hickey,,wild,2020-12-24T13:58:00-08:00,13:58:00-08:00,2020/12/24 1:58 PM PST,"Mason County, WA, USA",47.497947437,-123.2735417766,15.0,EPSG:4326,US,Washington,147532932.0,2020-12-25T06:22:27Z,,75505,Arctostaphylos columbiana,species,Plantae,Tracheophyta,Magnoliopsida,Ericales,Ericaceae,Arctostaphylos,http://creativecommons.org/licenses/by-nc/4.0/,Sadie Hickey,sadie_hickey,,,,,,,
67034567,https://www.inaturalist.org/observations/67034567,HumanObservation,2023-07-08T03:09:03Z,iNaturalist,Observations,iNaturalist research-grade observations,,67034567,https://www.inaturalist.org/observations/67034567,,Sadie Hickey,,Sadie Hickey,,wild,2020-12-24T13:59:00-08:00,13:59:00-08:00,2020/12/24 1:59 PM PST,"Mason County, WA, USA",47.4977426124,-123.273677958,15.0,EPSG:4326,US,Washington,147532933.0,2020-12-25T06:22:28Z,,68049,Arctostaphylos uva-ursi,species,Plantae,Tracheophyta,Magnoliopsida,Ericales,Ericaceae,Arctostaphylos,http://creativecommons.org/licenses/by-nc/4.0/,Sadie Hickey,sadie_hickey,,,,,,,
67034568,https://www.inaturalist.org/observations/67034568,HumanObservation,2023-07-08T03:09:13Z,iNaturalist,Observations,iNaturalist research-grade observations,,67034568,https://www.inaturalist.org/observations/67034568,,Sadie Hickey,,Sadie Hickey,,wild,2020-12-24T14:00:00-08:00,14:00:00-08:00,2020/12/24 2:00 PM PST,"Mason County, WA, USA",47.4977524666,-123.2736589617,4.0,EPSG:4326,US,Washington,147532936.0,2020-12-25T06:22:28Z,,54893,Laccaria amethysteo-occidentalis,species,Fungi,Basidiomycota,Agaricomycetes,Agaricales,Hydnangiaceae,Laccaria,http://creativecommons.org/licenses/by-nc/4.0/,Sadie Hickey,sadie_hickey,,,,,,,
67034569,https://www.inaturalist.org/observations/67034569,HumanObservation,2023-07-08T03:09:43Z,iNaturalist,Observations,iNaturalist research-grade observations,,67034569,https://www.inaturalist.org/observations/67034569,,Sadie Hickey,,Sadie Hickey,,wild,2020-12-24T14:01:00-08:00,14:01:00-08:00,2020/12/24 2:01 PM PST,"Mason County, WA, USA",47.4978334024,-123.2735148129,15.0,EPSG:4326,US,Washington,147585031.0,2020-12-25T18:54:01Z,@doppelganger Yes! I thought I had put the species,119778,Cladonia rangiferina,species,Fungi,Ascomycota,Lecanoromycetes,Lecanorales,Cladoniaceae,Cladonia,http://creativecommons.org/licenses/by-nc/4.0/,Sadie Hickey,sadie_hickey,,,,,,,
67034570,https://www.inaturalist.org/observations/67034570,HumanObservation,2023-07-08T03:10:20Z,iNaturalist,Observations,iNaturalist research-grade observations,,67034570,https://www.inaturalist.org/observations/67034570,Quite abundant on mossy rock exposures on the side of Mt. Rose,Sadie Hickey,,Alex Wright,,wild,2020-12-24T14:01:00-08:00,14:01:00-08:00,2020/12/24 2:01 PM PST,"Mason County, WA, USA",47.4978888353,-123.2738110406,8.0,EPSG:4326,US,Washington,147604461.0,2020-12-25T22:07:50Z,,63875,Selaginella wallacei,species,Plantae,Tracheophyta,Lycopodiopsida,Selaginellales,Selaginellaceae,Selaginella,http://creativecommons.org/licenses/by-nc/4.0/,Sadie Hickey,sadie_hickey,,,,,,,
67034572,https://www.inaturalist.org/observations/67034572,HumanObservation,2023-07-08T03:12:18Z,iNaturalist,Observations,iNaturalist research-grade observations,,67034572,https://www.inaturalist.org/observations/67034572,,Sadie Hickey,,Sadie Hickey,,wild,2020-12-24T14:06:00-08:00,14:06:00-08:00,2020/12/24 2:06 PM PST,"Mason County, WA, USA",47.4978779624,-123.2735681889,8.0,EPSG:4326,US,Washington,147532940.0,2020-12-25T06:22:29Z,,52676,Pentagramma triangularis,species,Plantae,Tracheophyta,Polypodiopsida,Polypodiales,Pteridaceae,Pentagramma,http://creativecommons.org/licenses/by-nc/4.0/,Sadie Hickey,sadie_hickey,,,,,,,
67034573,https://www.inaturalist.org/observations/67034573,HumanObservation,2023-07-08T03:11:36Z,iNaturalist,Observations,iNaturalist research-grade observations,,67034573,https://www.inaturalist.org/observations/67034573,"Cephalodia raised at the margins, apothecia with green cortex on the backs",Sadie Hickey,,Sadie Hickey,,wild,2020-12-24T14:08:00-08:00,14:08:00-08:00,2020/12/24 2:08 PM PST,"Mason County, WA, USA",47.4980881711,-123.2730961201,8.0,EPSG:4326,US,Washington,147532942.0,2020-12-25T06:22:30Z,,119677,Peltigera britannica,species,Fungi,Ascomycota,Lecanoromycetes,Peltigerales,Peltigeraceae,Peltigera,http://creativecommons.org/licenses/by-nc/4.0/,Sadie Hickey,sadie_hickey,,,,,,,
67034578,https://www.inaturalist.org/observations/67034578,HumanObservation,2023-07-08T03:13:12Z,iNaturalist,Observations,iNaturalist research-grade observations,,67034578,https://www.inaturalist.org/observations/67034578,,Sadie Hickey,,Sadie Hickey,,wild,2020-12-24T14:27:00-08:00,14:27:00-08:00,2020/12/24 2:27 PM PST,"Mason County, WA, USA",47.4991936054,-123.2716882122,15.0,EPSG:4326,US,Washington,147532950.0,2020-12-25T06:22:31Z,,51046,Arbutus menziesii,species,Plantae,Tracheophyta,Magnoliopsida,Ericales,Ericaceae,Arbutus,http://creativecommons.org/licenses/by-nc/4.0/,Sadie Hickey,sadie_hickey,,,,,,,
67034579,https://www.inaturalist.org/observations/67034579,HumanObservation,2023-07-08T03:12:54Z,iNaturalist,Observations,iNaturalist research-grade observations,,67034579,https://www.inaturalist.org/observations/67034579,,Sadie Hickey,,Sadie Hickey,,wild,2020-12-24T14:25:00-08:00,14:25:00-08:00,2020/12/24 2:25 PM PST,"Mason County, WA, USA",47.4993733634,-123.2714760659,15.0,EPSG:4326,US,Washington,147532949.0,2020-12-25T06:22:31Z,,75505,Arctostaphylos columbiana,species,Plantae,Tracheophyta,Magnoliopsida,Ericales,Ericaceae,Arctostaphylos,http://creativecommons.org/licenses/by-nc/4.0/,Sadie Hickey,sadie_hickey,,,,,,,
67034582,https://www.inaturalist.org/observations/67034582,HumanObservation,2023-07-08T03:13:46Z,iNaturalist,Observations,iNaturalist research-grade observations,,67034582,https://www.inaturalist.org/observations/67034582,,Sadie Hickey,,Sadie Hickey,,wild,2020-12-24T14:31:00-08:00,14:31:00-08:00,2020/12/24 2:31 PM PST,"Mason County, WA, USA",47.4992805862,-123.272224654,15.0,EPSG:4326,US,Washington,147532954.0,2020-12-25T06:22:32Z,,51046,Arbutus menziesii,species,Plantae,Tracheophyta,Magnoliopsida,Ericales,Ericaceae,Arbutus,http://creativecommons.org/licenses/by-nc/4.0/,Sadie Hickey,sadie_hickey,,,,,,,
67034586,https://www.inaturalist.org/observations/67034586,HumanObservation,2023-07-08T03:13:26Z,iNaturalist,Observations,iNaturalist research-grade observations,,67034586,https://www.inaturalist.org/observations/67034586,,Sadie Hickey,,Sadie Hickey,,wild,2020-12-24T14:39:00-08:00,14:39:00-08:00,2020/12/24 2:39 PM PST,"Mason County, WA, USA",47.4993530701,-123.2720100773,15.0,EPSG:4326,US,Washington,147532959.0,2020-12-25T06:22:33Z,,75505,Arctostaphylos columbiana,species,Plantae,Tracheophyta,Magnoliopsida,Ericales,Ericaceae,Arctostaphylos,http://creativecommons.org/licenses/by-nc/4.0/,Sadie Hickey,sadie_hickey,,,,,,,
67034589,https://www.inaturalist.org/observations/67034589,HumanObservation,2023-07-08T03:13:40Z,iNaturalist,Observations,iNaturalist research-grade observations,,67034589,https://www.inaturalist.org/observations/67034589,,Sadie Hickey,,Sadie Hickey,,wild,2020-12-24T14:41:00-08:00,14:41:00-08:00,2020/12/24 2:41 PM PST,"Mason County, WA, USA",47.499448025,-123.2718491448,15.0,EPSG:4326,US,Washington,147532962.0,2020-12-25T06:22:34Z,,128919,Pilophorus acicularis,species,Fungi,Ascomycota,Lecanoromycetes,Lecanorales,Cladoniaceae,Pilophorus,http://creativecommons.org/licenses/by-nc/4.0/,Sadie Hickey,sadie_hickey,,,,,,,
67034590,https://www.inaturalist.org/observations/67034590,HumanObservation,2023-07-08T03:14:42Z,iNaturalist,Observations,iNaturalist research-grade observations,,67034590,https://www.inaturalist.org/observations/67034590,,Sadie Hickey,,Sadie Hickey,,wild,2020-12-24T14:47:00-08:00,14:47:00-08:00,2020/12/24 2:47 PM PST,"Mason County, WA, USA",47.4994918783,-123.2717740429,15.0,EPSG:4326,US,Washington,147532963.0,2020-12-25T06:22:34Z,,75505,Arctostaphylos columbiana,species,Plantae,Tracheophyta,Magnoliopsida,Ericales,Ericaceae,Arctostaphylos,http://creativecommons.org/licenses/by-nc/4.0/,Sadie Hickey,sadie_hickey,,,,,,,
67034596,https://www.inaturalist.org/observations/67034596,HumanObservation,2023-07-08T03:15:55Z,iNaturalist,Observations,iNaturalist research-grade observations,,67034596,https://www.inaturalist.org/observations/67034596,"Really viscid, growing on conifer wood. Biggest ones I've ever seen",Sadie Hickey,,Sadie Hickey,,wild,2020-12-24T15:13:00-08:00,15:13:00-08:00,2020/12/24 3:13 PM PST,"Mason County, WA, USA",47.496876579,-123.2692232785,15.0,EPSG:4326,US,Washington,147532969.0,2020-12-25T06:22:36Z,,63405,Calocera viscosa,species,Fungi,Basidiomycota,Dacrymycetes,Dacrymycetales,Dacrymycetaceae,Calocera,http://creativecommons.org/licenses/by-nc/4.0/,Sadie Hickey,sadie_hickey,,,,,,,
67034597,https://www.inaturalist.org/observations/67034597,HumanObservation,2023-07-08T03:14:46Z,iNaturalist,Observations,iNaturalist research-grade observations,,67034597,https://www.inaturalist.org/observations/67034597,,Sadie Hickey,,Sadie Hickey,,wild,2020-12-24T15:21:00-08:00,15:21:00-08:00,2020/12/24 3:21 PM PST,"Mason County, WA, USA",47.4961650451,-123.2680833233,15.0,EPSG:4326,US,Washington,147532970.0,2020-12-25T06:22:37Z,,194812,Peltigera venosa,species,Fungi,Ascomycota,Lecanoromycetes,Peltigerales,Peltigeraceae,Peltigera,http://creativecommons.org/licenses/by-nc/4.0/,Sadie Hickey,sadie_hickey,,,,,,,
67034599,https://www.inaturalist.org/observations/67034599,HumanObservation,2023-07-08T03:15:10Z,iNaturalist,Observations,iNaturalist research-grade observations,,67034599,https://www.inaturalist.org/observations/67034599,On conifer wood,Sadie Hickey,,Sadie Hickey,,wild,2020-12-24T15:27:00-08:00,15:27:00-08:00,2020/12/24 3:27 PM PST,"Mason County, WA, USA",47.4963390166,-123.2681170192,15.0,EPSG:4326,US,Washington,147532973.0,2020-12-25T06:22:37Z,,118028,Dacrymyces chrysospermus,species,Fungi,Basidiomycota,Dacrymycetes,Dacrymycetales,Dacrymycetaceae,Dacrymyces,http://creativecommons.org/licenses/by-nc/4.0/,Sadie Hickey,sadie_hickey,,,,,,,
67034600,https://www.inaturalist.org/observations/67034600,HumanObservation,2023-07-08T03:15:40Z,iNaturalist,Observations,iNaturalist research-grade observations,,67034600,https://www.inaturalist.org/observations/67034600,Growing on a rock face,Sadie Hickey,,Sadie Hickey,,wild,2020-12-24T15:37:00-08:00,15:37:00-08:00,2020/12/24 3:37 PM PST,"Mason County, WA, USA",47.4955582015,-123.2770280728,31.0,EPSG:4326,US,Washington,147532974.0,2020-12-25T06:22:38Z,,52676,Pentagramma triangularis,species,Plantae,Tracheophyta,Polypodiopsida,Polypodiales,Pteridaceae,Pentagramma,http://creativecommons.org/licenses/by-nc/4.0/,Sadie Hickey,sadie_hickey,,,,,,,
67034601,https://www.inaturalist.org/observations/67034601,HumanObservation,2023-07-08T03:15:59Z,iNaturalist,Observations,iNaturalist research-grade observations,,67034601,https://www.inaturalist.org/observations/67034601,Growing on a rock face,Sadie Hickey,,Chris Hoess,,wild,2020-12-24T15:38:00-08:00,15:38:00-08:00,2020/12/24 3:38 PM PST,"Mason County, WA, USA",47.4955232925,-123.2773673241,15.0,EPSG:4326,US,Washington,147535679.0,2020-12-25T07:01:38Z,,75609,Asplenium trichomanes,species,Plantae,Tracheophyta,Polypodiopsida,Polypodiales,Aspleniaceae,Asplenium,http://creativecommons.org/licenses/by-nc/4.0/,Sadie Hickey,sadie_hickey,,,,,,,
67034602,https://www.inaturalist.org/observations/67034602,HumanObservation,2023-07-08T03:16:03Z,iNaturalist,Observations,iNaturalist research-grade observations,,67034602,https://www.inaturalist.org/observations/67034602,Growing on a rock face,Sadie Hickey,,Sadie Hickey,,wild,2020-12-24T15:40:00-08:00,15:40:00-08:00,2020/12/24 3:40 PM PST,"Mason County, WA, USA",47.4954547474,-123.2776189307,15.0,EPSG:4326,US,Washington,147532977.0,2020-12-25T06:22:38Z,,52676,Pentagramma triangularis,species,Plantae,Tracheophyta,Polypodiopsida,Polypodiales,Pteridaceae,Pentagramma,http://creativecommons.org/licenses/by-nc/4.0/,Sadie Hickey,sadie_hickey,,,,,,,
67034603,https://www.inaturalist.org/observations/67034603,HumanObservation,2023-07-08T03:16:11Z,iNaturalist,Observations,iNaturalist research-grade observations,,67034603,https://www.inaturalist.org/observations/67034603,Growing on a rock face,Sadie Hickey,,Stewart Wechsler,,wild,2020-12-24T15:41:00-08:00,15:41:00-08:00,2020/12/24 3:41 PM PST,"Mason County, WA, USA",47.4953750092,-123.2779378529,15.0,EPSG:4326,US,Washington,147586438.0,2020-12-25T19:11:12Z,"This group has no sterile leaves (that is all leaves have the curled, narrow lobes, with spore-bearing sori underneath). A. densa has few, to no sterile leaves, and C. acrostichoides has many. The leaf shape, and dark petioles, also suggest A. densa to me. A. densa is an indicator of serpentine rock, and soils (with high content of often toxic metals), that may suggest other serpentine community members may be found here.",63868,Aspidotis densa,species,Plantae,Tracheophyta,Polypodiopsida,Polypodiales,Pteridaceae,Aspidotis,http://creativecommons.org/licenses/by-nc/4.0/,Sadie Hickey,sadie_hickey,,,,,,,
67034604,https://www.inaturalist.org/observations/67034604,HumanObservation,2023-07-08T03:16:17Z,iNaturalist,Observations,iNaturalist research-grade observations,,67034604,https://www.inaturalist.org/observations/67034604,Growing on a rock face,Sadie Hickey,,Alex Wright,,wild,2020-12-24T15:42:00-08:00,15:42:00-08:00,2020/12/24 3:42 PM PST,"Mason County, WA, USA",47.4954350166,-123.2781938734,15.0,EPSG:4326,US,Washington,147604415.0,2020-12-25T22:07:01Z,,79030,Sedum oreganum,species,Plantae,Tracheophyta,Magnoliopsida,Saxifragales,Crassulaceae,Sedum,http://creativecommons.org/licenses/by-nc/4.0/,Sadie Hickey,sadie_hickey,,,,,,,
67034605,https://www.inaturalist.org/observations/67034605,HumanObservation,2023-07-08T03:16:25Z,iNaturalist,Observations,iNaturalist research-grade observations,,67034605,https://www.inaturalist.org/observations/67034605,Growing on a rock face,Sadie Hickey,,Alex Wright,,wild,2020-12-24T15:44:00-08:00,15:44:00-08:00,2020/12/24 3:44 PM PST,"Mason County, WA, USA",47.4953262825,-123.2777961708,15.0,EPSG:4326,US,Washington,147604404.0,2020-12-25T22:06:52Z,,143674,Penstemon serrulatus,species,Plantae,Tracheophyta,Magnoliopsida,Lamiales,Plantaginaceae,Penstemon,http://creativecommons.org/licenses/by-nc/4.0/,Sadie Hickey,sadie_hickey,,,,,,,
67034606,https://www.inaturalist.org/observations/67034606,HumanObservation,2021-03-24T14:43:53Z,iNaturalist,Observations,iNaturalist research-grade observations,,67034606,https://www.inaturalist.org/observations/67034606,,jufuying,,galanhsnu,https://orcid.org/0000-0002-3342-3654,wild,2020-12-06T11:14:10+08:00,11:14:10+08:00,Sun Dec 06 2020 11:14:10 GMT+0800 (GMT+8),"雅比斯街, 和平區, TW",24.1746266912,120.9019612153,4.0,EPSG:4326,TW,Taichung,147570439.0,2020-12-25T16:35:29Z,,556243,Ilex asprella,species,Plantae,Tracheophyta,Magnoliopsida,Aquifoliales,Aquifoliaceae,Ilex,http://creativecommons.org/licenses/by-nc/4.0/,jufuying,jufuying,,,,,,,
67034608,https://www.inaturalist.org/observations/67034608,HumanObservation,2023-07-08T03:16:45Z,iNaturalist,Observations,iNaturalist research-grade observations,,67034608,https://www.inaturalist.org/observations/67034608,Growing on a rock face,Sadie Hickey,,Timothy McNitt,,wild,2020-12-24T15:45:00-08:00,15:45:00-08:00,2020/12/24 3:45 PM PST,"Mason County, WA, USA",47.495330915,-123.2782789684,15.0,EPSG:4326,US,Washington,286040903.0,2022-08-06T05:38:20Z,In Cryptogramma the ultimate segments of the sterile leaves have obvious veins ending in hyathodes.,63868,Aspidotis densa,species,Plantae,Tracheophyta,Polypodiopsida,Polypodiales,Pteridaceae,Aspidotis,http://creativecommons.org/licenses/by-nc/4.0/,Sadie Hickey,sadie_hickey,,,,,,,
67034609,https://www.inaturalist.org/observations/67034609,HumanObservation,2023-07-08T03:16:53Z,iNaturalist,Observations,iNaturalist research-grade observations,,67034609,https://www.inaturalist.org/observations/67034609,Growing on a rock face,Sadie Hickey,,Stewart Wechsler,,wild,2020-12-24T15:48:00-08:00,15:48:00-08:00,2020/12/24 3:48 PM PST,"Mason County, WA, USA",47.4953236661,-123.2780318372,15.0,EPSG:4326,US,Washington,147579571.0,2020-12-25T18:00:55Z,Only Eriophyllum in at least Washington State.,77049,Eriophyllum lanatum,species,Plantae,Tracheophyta,Magnoliopsida,Asterales,Asteraceae,Eriophyllum,http://creativecommons.org/licenses/by-nc/4.0/,Sadie Hickey,sadie_hickey,,,,,,,
67034610,https://www.inaturalist.org/observations/67034610,HumanObservation,2023-07-08T00:30:40Z,iNaturalist,Observations,iNaturalist research-grade observations,,67034610,https://www.inaturalist.org/observations/67034610,Growing on a rock face in a seep. Family is a guess,Sadie Hickey,,Stewart Wechsler,,wild,2020-12-24T15:51:00-08:00,15:51:00-08:00,2020/12/24 3:51 PM PST,"Mason County, WA, USA",47.4952136236,-123.2785146348,15.0,EPSG:4326,US,Washington,147578340.0,2020-12-25T17:49:41Z,"Peeks at the red undersides help distinuguish this. Leaves more oval than M. ferruginea (also with reddish undersides), that unlike this, has longer leaves, broader towards the ends, and has teeth restricted to the outer quarter. M. tischii is very similar, but generally found in rock crevices, and at montane to subalpine altitudes, while this is at about 800' elevation, and in moss on top of a rock, rather than in crevices between them.",357949,Micranthes rufidula,species,Plantae,Tracheophyta,Magnoliopsida,Saxifragales,Saxifragaceae,Micranthes,http://creativecommons.org/licenses/by-nc/4.0/,Sadie Hickey,sadie_hickey,,,,,,,
201102402,https://www.inaturalist.org/observations/201102402,HumanObservation,2024-03-06T15:33:33Z,iNaturalist,Observations,iNaturalist research-grade observations,,201102402,https://www.inaturalist.org/observations/201102402,,meetoh_nlc,,meetoh_nlc,,wild,2024-02-08,,2024-02-08,Mee Toh School,1.394637,103.908848,2.0,EPSG:4326,SG,North-East,456424736.0,2024-03-03T08:52:34Z,,14623,Pycnonotus goiavier,species,Animalia,Chordata,Aves,Passeriformes,Pycnonotidae,Pycnonotus,http://creativecommons.org/licenses/by-nc/4.0/,meetoh_nlc,meetoh_nlc,,https://www.inaturalist.org/projects/nss-esn-mee-toh-school,,,,,
201102403,https://www.inaturalist.org/observations/201102403,HumanObservation,2024-03-03T11:16:27Z,iNaturalist,Observations,iNaturalist research-grade observations,,201102403,https://www.inaturalist.org/observations/201102403,,Michal Svit,,Michal Svit,,wild,2024-03-03T09:51:38+01:00,09:51:38+01:00,2024-03-03 09:51:38,"95-010 Lipa, Polska",51.8679568,19.5623161,1700.0,EPSG:4326,PL,Łódź,456424732.0,2024-03-03T08:52:33Z,,48586,Cepaea nemoralis,species,Animalia,Mollusca,Gastropoda,Stylommatophora,Helicidae,Cepaea,http://creativecommons.org/licenses/by-nc/4.0/,Michal Svit,msvit,,,,,,dead,
201102404,https://www.inaturalist.org/observations/201102404,HumanObservation,2024-03-03T09:48:05Z,iNaturalist,Observations,iNaturalist research-grade observations,,201102404,https://www.inaturalist.org/observations/201102404,M2E74L212-212R385B328,thierry_aebischer_chinko,,thierry_aebischer_chinko,,wild,2015-02-26T11:44:00+01:00,11:44:00+01:00,2015/02/26 11:44 AM,"Rafai, Central African Republic",6.2281219444,24.3655711111,,EPSG:4326,CF,Mbomou,456424733.0,2024-03-03T08:52:33Z,,74191,Chlorocebus tantalus,species,Animalia,Chordata,Mammalia,Primates,Cercopithecidae,Chlorocebus,http://creativecommons.org/licenses/by-nc/4.0/,thierry_aebischer_chinko,thierry_aebischer_chinko,,,,,,,
201102405,https://www.inaturalist.org/observations/201102405,HumanObservation,2024-03-03T09:47:58Z,iNaturalist,Observations,iNaturalist research-grade observations,,201102405,https://www.inaturalist.org/observations/201102405,M2E54L165-165R388B310,thierry_aebischer_chinko,,thierry_aebischer_chinko,,wild,2015-03-06T16:27:00+01:00,16:27:00+01:00,2015/03/06 4:27 PM,"Rafai, Central African Republic",6.2281219444,24.3655711111,,EPSG:4326,CF,Mbomou,456424734.0,2024-03-03T08:52:33Z,,41921,Mungos mungo,species,Animalia,Chordata,Mammalia,Carnivora,Herpestidae,Mungos,http://creativecommons.org/licenses/by-nc/4.0/,thierry_aebischer_chinko,thierry_aebischer_chinko,,,,,,,
201102406,https://www.inaturalist.org/observations/201102406,HumanObservation,2024-03-03T09:47:53Z,iNaturalist,Observations,iNaturalist research-grade observations,,201102406,https://www.inaturalist.org/observations/201102406,M2E80L222-222R385B329,thierry_aebischer_chinko,,thierry_aebischer_chinko,,wild,2015-02-25T10:04:00+01:00,10:04:00+01:00,2015/02/25 10:04 AM,"Rafai, Central African Republic",6.2281219444,24.3655711111,,EPSG:4326,CF,Mbomou,456424735.0,2024-03-03T08:52:34Z,,74832,Papio anubis,species,Animalia,Chordata,Mammalia,Primates,Cercopithecidae,Papio,http://creativecommons.org/licenses/by-nc/4.0/,thierry_aebischer_chinko,thierry_aebischer_chinko,,,,,,,
201102408,https://www.inaturalist.org/observations/201102408,HumanObservation,2024-03-03T09:49:22Z,iNaturalist,Observations,iNaturalist research-grade observations,Coordinate uncertainty increased to 31356m to protect threatened taxon,201102408,https://www.inaturalist.org/observations/201102408,West Central African Buffalo,thierry_aebischer_chinko,,thierry_aebischer_chinko,,wild,2015-03-09T17:51:00+01:00,17:51:00+01:00,2015/03/09 5:51 PM,"Rafaï, CF-MB, CF",6.3864799288,24.2667236388,31356.0,EPSG:4326,CF,Mbomou,456424737.0,2024-03-03T08:52:35Z,,199289,Syncerus caffer nanus,subspecies,Animalia,Chordata,Mammalia,Artiodactyla,Bovidae,Syncerus,http://creativecommons.org/licenses/by-nc/4.0/,thierry_aebischer_chinko,thierry_aebischer_chinko,,,,,,,
201102409,https://www.inaturalist.org/observations/201102409,HumanObservation,2024-03-03T09:47:47Z,iNaturalist,Observations,iNaturalist research-grade observations,,201102409,https://www.inaturalist.org/observations/201102409,M2E1L0-17R350B300,thierry_aebischer_chinko,,thierry_aebischer_chinko,,wild,2015-02-15T01:41:00+01:00,01:41:00+01:00,2015/02/15 1:41 AM,"Rafai, Central African Republic",6.2281219444,24.3655711111,,EPSG:4326,CF,Mbomou,456424739.0,2024-03-03T08:52:35Z,,41627,Civettictis civetta,species,Animalia,Chordata,Mammalia,Carnivora,Viverridae,Civettictis,http://creativecommons.org/licenses/by-nc/4.0/,thierry_aebischer_chinko,thierry_aebischer_chinko,,,,,,,
201102410,https://www.inaturalist.org/observations/201102410,HumanObservation,2024-11-27T11:12:19Z,iNaturalist,Observations,iNaturalist research-grade observations,,201102410,https://www.inaturalist.org/observations/201102410,M2E56L182-182R386B322,thierry_aebischer_chinko,,Filipe Afonso,,wild,2015-02-22T06:15:00+01:00,06:15:00+01:00,2015/02/22 6:15 AM,"Rafai, Central African Republic",6.2281219444,24.3655711111,,EPSG:4326,CF,Mbomou,456445764.0,2024-03-03T11:18:21Z,,1138658,Sylvicapra grimmia campbelliae,subspecies,Animalia,Chordata,Mammalia,Artiodactyla,Bovidae,Sylvicapra,http://creativecommons.org/licenses/by-nc/4.0/,thierry_aebischer_chinko,thierry_aebischer_chinko,,,,,,,
201102411,https://www.inaturalist.org/observations/201102411,HumanObservation,2024-03-03T16:34:29Z,iNaturalist,Observations,iNaturalist research-grade observations,,201102411,https://www.inaturalist.org/observations/201102411,M2E1L0-9R350B300,thierry_aebischer_chinko,,Filipe Afonso,,wild,2015-02-26T20:24:00+01:00,20:24:00+01:00,2015/02/26 8:24 PM,"Rafai, Central African Republic",6.2281219444,24.3655711111,,EPSG:4326,CF,Mbomou,456445742.0,2024-03-03T11:18:11Z,,1138658,Sylvicapra grimmia campbelliae,subspecies,Animalia,Chordata,Mammalia,Artiodactyla,Bovidae,Sylvicapra,http://creativecommons.org/licenses/by-nc/4.0/,thierry_aebischer_chinko,thierry_aebischer_chinko,,,,,,,
201102412,https://www.inaturalist.org/observations/201102412,HumanObservation,2024-11-27T11:12:26Z,iNaturalist,Observations,iNaturalist research-grade observations,,201102412,https://www.inaturalist.org/observations/201102412,M2E45L145-145R394B315,thierry_aebischer_chinko,,Filipe Afonso,,wild,2015-03-06T16:44:00+01:00,16:44:00+01:00,2015/03/06 4:44 PM,"Rafai, Central African Republic",6.2281219444,24.3655711111,,EPSG:4326,CF,Mbomou,456445723.0,2024-03-03T11:17:56Z,,1138658,Sylvicapra grimmia campbelliae,subspecies,Animalia,Chordata,Mammalia,Artiodactyla,Bovidae,Sylvicapra,http://creativecommons.org/licenses/by-nc/4.0/,thierry_aebischer_chinko,thierry_aebischer_chinko,,,,,,,
201102413,https://www.inaturalist.org/observations/201102413,HumanObservation,2024-03-04T03:16:09Z,iNaturalist,Observations,iNaturalist research-grade observations,,201102413,https://www.inaturalist.org/observations/201102413,Clinton Rocks Victoria Seed set post flowering.,arthurjoestephens,,arthurjoestephens,,wild,2024-03-03T16:27:49+11:00,16:27:49+11:00,2024-03-03 16:27:49+11:00,"Croajingolong, E. Gippsland - Orbost, AU-VI, AU",-37.77679819,149.1983533459,4.0,EPSG:4326,AU,Victoria,456449867.0,2024-03-03T11:45:54Z,,353933,Ozothamnus obcordatus,species,Plantae,Tracheophyta,Magnoliopsida,Asterales,Asteraceae,Ozothamnus,http://creativecommons.org/licenses/by-nc/4.0/,arthurjoestephens,arthurjoestephens,,,,,,,
201102414,https://www.inaturalist.org/observations/201102414,HumanObservation,2024-03-04T20:30:33Z,iNaturalist,Observations,iNaturalist research-grade observations,,201102414,https://www.inaturalist.org/observations/201102414,,Luca Boscain,,Luca Boscain,,wild,2024-03-01T23:32:02+01:00,23:32:02+01:00,2024-03-01 23:32:02,"Treviso, Veneto, IT",45.6452063,12.3973472611,,EPSG:4326,IT,Veneto,456424755.0,2024-03-03T08:52:42Z,,1453013,Bufotes viridis,species,Animalia,Chordata,Amphibia,Anura,Bufonidae,Bufotes,http://creativecommons.org/licenses/by-nc/4.0/,Luca Boscain,lucaboscain,,https://www.inaturalist.org/projects/italian-herps-betha,,,,,
201102416,https://www.inaturalist.org/observations/201102416,HumanObservation,2024-03-04T18:51:12Z,iNaturalist,Observations,iNaturalist research-grade observations,,201102416,https://www.inaturalist.org/observations/201102416,,komodo2020,,Paul Dubery,,wild,2024-03-03T08:52:07+00:00,08:52:07+00:00,Sun Mar 03 2024 08:52:07 GMT +0000 (GMT),Lancashire,53.6464309692,-2.6274394989,12.0,EPSG:4326,GB,England,456455382.0,2024-03-03T12:17:10Z,,53276,Dacrymyces stillatus,species,Fungi,Basidiomycota,Dacrymycetes,Dacrymycetales,Dacrymycetaceae,Dacrymyces,http://creativecommons.org/licenses/by-nc/4.0/,komodo2020,komodo2020,,,,,,,
67034613,https://www.inaturalist.org/observations/67034613,HumanObservation,2021-03-12T14:50:39Z,iNaturalist,Observations,iNaturalist research-grade observations,,67034613,https://www.inaturalist.org/observations/67034613,,ircobias,,ircobias,,wild,2020-11-01T08:51:26+08:00,08:51:26+08:00,2020-11-01T08:51:26+08:00,Digos City,6.7355618477,125.3490829468,,EPSG:4326,PH,Davao del Sur,147532996.0,2020-12-25T06:22:51Z,,123010,Trigoniulus corallinus,species,Animalia,Arthropoda,Diplopoda,Spirobolida,Pachybolidae,Trigoniulus,http://creativecommons.org/licenses/by-nc/4.0/,ircobias,ircobias,,,,,,,
67034628,https://www.inaturalist.org/observations/67034628,HumanObservation,2022-03-06T12:03:42Z,iNaturalist,Observations,iNaturalist research-grade observations,,67034628,https://www.inaturalist.org/observations/67034628,,Gerrit van den Bergh,,Guy Taseski,,wild,2020-12-25T00:45:39+11:00,00:45:39+11:00,Fri Dec 25 2020 11:45:39 GMT+1100 (GMT+11),"Budderoo National Park, Upper Kangaroo Valley, NSW, AU",-34.6237416667,150.64943,10.0,EPSG:4326,AU,New South Wales,147536154.0,2020-12-25T07:08:44Z,,321067,Baeckea imbricata,species,Plantae,Tracheophyta,Magnoliopsida,Myrtales,Myrtaceae,Baeckea,http://creativecommons.org/licenses/by-nc/4.0/,Gerrit van den Bergh,gerritvandenbergh,AU,,,,,,
67034634,https://www.inaturalist.org/observations/67034634,HumanObservation,2020-12-25T06:59:28Z,iNaturalist,Observations,iNaturalist research-grade observations,,67034634,https://www.inaturalist.org/observations/67034634,,Willem Van Zyl,,cmario,,wild,2019-07-26T16:59:20+02:00,16:59:20+02:00,2019-07-26 4:59:20 PM GMT+02:00,"Witzenberg Local Municipality, South Africa",-33.2342822505,19.1426112503,5.0,EPSG:4326,ZA,Western Cape,147533296.0,2020-12-25T06:28:20Z,,13804,Ploceus velatus,species,Animalia,Chordata,Aves,Passeriformes,Ploceidae,Ploceus,http://creativecommons.org/licenses/by-nc/4.0/,Willem Van Zyl,willemvzyl,,https://www.inaturalist.org/projects/habitats-s-afr,,,,,
67034637,https://www.inaturalist.org/observations/67034637,HumanObservation,2020-12-25T22:14:14Z,iNaturalist,Observations,iNaturalist research-grade observations,,67034637,https://www.inaturalist.org/observations/67034637,,lydialavender,,Lloyd Esler,,wild,2020-12-25T19:24:29+13:00,19:24:29+13:00,Fri Dec 25 2020 19:24:29 GMT+1300 (GMT+13),"Walmer Reserve South, Point Chevalier, Auckland, NZ",-36.8655502927,174.7103500057,1438.0,EPSG:4326,NZ,Auckland,147542468.0,2020-12-25T08:54:55Z,,43151,Oryctolagus cuniculus,species,Animalia,Chordata,Mammalia,Lagomorpha,Leporidae,Oryctolagus,http://creativecommons.org/licenses/by-nc/4.0/,lydialavender,lydialavender,NZ,,,,,,
67034639,https://www.inaturalist.org/observations/67034639,HumanObservation,2022-06-16T17:48:05Z,iNaturalist,Observations,iNaturalist research-grade observations,Coordinate uncertainty increased to 29751m at the request of the observer,67034639,https://www.inaturalist.org/observations/67034639,,Ana Gatica Colima,,Ana Gatica Colima,,wild,2015-05-03,,2015/05/03,"Jiménez, MX-CH, MX",27.2903147857,-104.4116005683,29751.0,EPSG:4326,MX,Chihuahua,147533101.0,2020-12-25T06:24:59Z,,68205,Larrea tridentata,species,Plantae,Tracheophyta,Magnoliopsida,Zygophyllales,Zygophyllaceae,Larrea,http://creativecommons.org/licenses/by-nc/4.0/,Ana Gatica Colima,agatica,MX,https://www.inaturalist.org/projects/malezas-en-mexico,,,,,
67034640,https://www.inaturalist.org/observations/67034640,HumanObservation,2020-12-25T07:07:49Z,iNaturalist,Observations,iNaturalist research-grade observations,,67034640,https://www.inaturalist.org/observations/67034640,,Gerrit van den Bergh,,Gerrit van den Bergh,,wild,2020-12-25T11:50:14+11:00,11:50:14+11:00,Fri Dec 25 2020 11:50:14 GMT+1100 (GMT+11),"Budderoo National Park, Robertson, NSW, AU",-34.6239616667,150.6513833333,10.0,EPSG:4326,AU,New South Wales,147533105.0,2020-12-25T06:25:02Z,,369383,Sticherus flabellatus,species,Plantae,Tracheophyta,Polypodiopsida,Gleicheniales,Gleicheniaceae,Sticherus,http://creativecommons.org/licenses/by-nc/4.0/,Gerrit van den Bergh,gerritvandenbergh,AU,,,,,,
67034642,https://www.inaturalist.org/observations/67034642,HumanObservation,2022-03-02T11:42:00Z,iNaturalist,Observations,iNaturalist research-grade observations,,67034642,https://www.inaturalist.org/observations/67034642,"Found on beach. Dead collected. 1 typical colour form and 2 Western Port Bay forms, exhibiting much darker colour.",Ben Travaglini,https://orcid.org/0000-0002-5716-3455,Ben Travaglini,https://orcid.org/0000-0002-5716-3455,wild,2020-12-13,,2020/12/13,"Flynns Beach, Ventnor VIC 3922, Australia",-38.4935562965,145.1485388316,250.0,EPSG:4326,AU,Victoria,147533114.0,2020-12-25T06:25:19Z,,808261,Amalda marginata,species,Animalia,Mollusca,Gastropoda,Neogastropoda,Ancillariidae,Amalda,http://creativecommons.org/licenses/by-nc/4.0/,Ben Travaglini,ben_travaglini,AU,,,,,,
67034644,https://www.inaturalist.org/observations/67034644,HumanObservation,2024-10-28T14:47:00Z,iNaturalist,Observations,iNaturalist research-grade observations,,67034644,https://www.inaturalist.org/observations/67034644,,Willem Van Zyl,,Dave Brown,,wild,2019-07-27T13:26:15+02:00,13:26:15+02:00,2019-07-27 1:26:15 PM GMT+02:00,"Witzenberg Local Municipality, South Africa",-33.2342797266,19.1426263377,5.0,EPSG:4326,ZA,Western Cape,557877163.0,2024-10-28T14:46:57Z,,13251,Sigelus silens,species,Animalia,Chordata,Aves,Passeriformes,Muscicapidae,Sigelus,http://creativecommons.org/licenses/by-nc/4.0/,Willem Van Zyl,willemvzyl,,,,,,,
67034645,https://www.inaturalist.org/observations/67034645,HumanObservation,2024-01-03T10:19:30Z,iNaturalist,Observations,iNaturalist research-grade observations,,67034645,https://www.inaturalist.org/observations/67034645,,Thomas Mesaglio,https://orcid.org/0000-0002-1096-6066,Thomas Mesaglio,https://orcid.org/0000-0002-1096-6066,wild,2020-12-25T16:54:00+11:00,16:54:00+11:00,2020/12/25 4:54 PM AEDT,"Camden Haven NSW, Australia",-31.6354555556,152.8346722222,10.0,EPSG:4326,AU,New South Wales,147533118.0,2020-12-25T06:25:25Z,,353763,Cabestana spengleri,species,Animalia,Mollusca,Gastropoda,Littorinimorpha,Cymatiidae,Cabestana,http://creativecommons.org/licenses/by/4.0/,Thomas Mesaglio,thebeachcomber,,https://www.inaturalist.org/projects/backyard-species-discovery-with-bush-blitz-australia,,,,,
67034646,https://www.inaturalist.org/observations/67034646,HumanObservation,2024-01-03T10:19:31Z,iNaturalist,Observations,iNaturalist research-grade observations,,67034646,https://www.inaturalist.org/observations/67034646,,Thomas Mesaglio,https://orcid.org/0000-0002-1096-6066,Thomas Mesaglio,https://orcid.org/0000-0002-1096-6066,wild,2020-12-25T16:54:00+11:00,16:54:00+11:00,2020/12/25 4:54 PM AEDT,"Camden Haven NSW, Australia",-31.6354166667,152.8346416667,10.0,EPSG:4326,AU,New South Wales,332496775.0,2023-02-08T00:17:26Z,,1446856,Latona deltoides,species,Animalia,Mollusca,Bivalvia,Cardiida,Donacidae,Latona,http://creativecommons.org/licenses/by/4.0/,Thomas Mesaglio,thebeachcomber,,https://www.inaturalist.org/projects/backyard-species-discovery-with-bush-blitz-australia,,,,,
67034647,https://www.inaturalist.org/observations/67034647,HumanObservation,2024-01-03T10:19:32Z,iNaturalist,Observations,iNaturalist research-grade observations,,67034647,https://www.inaturalist.org/observations/67034647,,Thomas Mesaglio,https://orcid.org/0000-0002-1096-6066,Thomas Mesaglio,https://orcid.org/0000-0002-1096-6066,wild,2020-12-25T16:54:00+11:00,16:54:00+11:00,2020/12/25 4:54 PM AEDT,"Camden Haven NSW, Australia",-31.6354166667,152.8346416667,10.0,EPSG:4326,AU,New South Wales,147533120.0,2020-12-25T06:25:25Z,,353604,Trichomya hirsuta,species,Animalia,Mollusca,Bivalvia,Mytilida,Mytilidae,Trichomya,http://creativecommons.org/licenses/by/4.0/,Thomas Mesaglio,thebeachcomber,,https://www.inaturalist.org/projects/backyard-species-discovery-with-bush-blitz-australia,,,,,
67034648,https://www.inaturalist.org/observations/67034648,HumanObservation,2025-03-25T09:51:07Z,iNaturalist,Observations,iNaturalist research-grade observations,,67034648,https://www.inaturalist.org/observations/67034648,,Thomas Mesaglio,https://orcid.org/0000-0002-1096-6066,Thomas Mesaglio,https://orcid.org/0000-0002-1096-6066,wild,2020-12-25T16:55:00+11:00,16:55:00+11:00,2020/12/25 4:55 PM AEDT,"Camden Haven NSW, Australia",-31.6351638889,152.8344277778,10.0,EPSG:4326,AU,New South Wales,147533121.0,2020-12-25T06:25:26Z,,353603,Anadara trapezia,species,Animalia,Mollusca,Bivalvia,Arcida,Arcidae,Anadara,http://creativecommons.org/licenses/by/4.0/,Thomas Mesaglio,thebeachcomber,,https://www.inaturalist.org/projects/backyard-species-discovery-with-bush-blitz-australia,,,,,
67034649,https://www.inaturalist.org/observations/67034649,HumanObservation,2024-01-03T10:19:34Z,iNaturalist,Observations,iNaturalist research-grade observations,,67034649,https://www.inaturalist.org/observations/67034649,,Thomas Mesaglio,https://orcid.org/0000-0002-1096-6066,Thomas Mesaglio,https://orcid.org/0000-0002-1096-6066,wild,2020-12-25T16:55:00+11:00,16:55:00+11:00,2020/12/25 4:55 PM AEDT,"Port Macquarie-Hastings - Pt B, New South Wales, Australia",-31.6351638889,152.8344277778,10.0,EPSG:4326,AU,New South Wales,147533122.0,2020-12-25T06:25:26Z,,353609,Bassina pachyphylla,species,Animalia,Mollusca,Bivalvia,Venerida,Veneridae,Bassina,http://creativecommons.org/licenses/by/4.0/,Thomas Mesaglio,thebeachcomber,,https://www.inaturalist.org/projects/backyard-species-discovery-with-bush-blitz-australia,,,,,
67034650,https://www.inaturalist.org/observations/67034650,HumanObservation,2024-01-03T10:19:35Z,iNaturalist,Observations,iNaturalist research-grade observations,,67034650,https://www.inaturalist.org/observations/67034650,,Thomas Mesaglio,https://orcid.org/0000-0002-1096-6066,Thomas Mesaglio,https://orcid.org/0000-0002-1096-6066,wild,2020-12-25T16:56:00+11:00,16:56:00+11:00,2020/12/25 4:56 PM AEDT,"Port Macquarie-Hastings - Pt B, New South Wales, Australia",-31.63515,152.8344277778,10.0,EPSG:4326,AU,New South Wales,147533123.0,2020-12-25T06:25:27Z,,353726,Cellana tramoserica,species,Animalia,Mollusca,Gastropoda,,Nacellidae,Cellana,http://creativecommons.org/licenses/by/4.0/,Thomas Mesaglio,thebeachcomber,,https://www.inaturalist.org/projects/backyard-species-discovery-with-bush-blitz-australia,,,,,
67034652,https://www.inaturalist.org/observations/67034652,HumanObservation,2024-06-14T14:12:45Z,iNaturalist,Observations,iNaturalist research-grade observations,,67034652,https://www.inaturalist.org/observations/67034652,,Thomas Mesaglio,https://orcid.org/0000-0002-1096-6066,Thomas Mesaglio,https://orcid.org/0000-0002-1096-6066,wild,2020-12-25T16:56:00+11:00,16:56:00+11:00,2020/12/25 4:56 PM AEDT,"Port Macquarie-Hastings - Pt B, New South Wales, Australia",-31.6350305556,152.8343666667,10.0,EPSG:4326,AU,New South Wales,500826325.0,2024-06-14T11:27:10Z,,566649,Paphies elongata,species,Animalia,Mollusca,Bivalvia,Venerida,Mesodesmatidae,Paphies,http://creativecommons.org/licenses/by/4.0/,Thomas Mesaglio,thebeachcomber,,https://www.inaturalist.org/projects/backyard-species-discovery-with-bush-blitz-australia,,,,,
67034653,https://www.inaturalist.org/observations/67034653,HumanObservation,2024-01-03T10:19:38Z,iNaturalist,Observations,iNaturalist research-grade observations,,67034653,https://www.inaturalist.org/observations/67034653,,Thomas Mesaglio,https://orcid.org/0000-0002-1096-6066,Thomas Mesaglio,https://orcid.org/0000-0002-1096-6066,wild,2020-12-25T16:56:00+11:00,16:56:00+11:00,2020/12/25 4:56 PM AEDT,"Port Macquarie-Hastings - Pt B, New South Wales, Australia",-31.6350305556,152.8343666667,10.0,EPSG:4326,AU,New South Wales,147533128.0,2020-12-25T06:25:28Z,,808236,Austromactra contraria,species,Animalia,Mollusca,Bivalvia,Venerida,Mactridae,Austromactra,http://creativecommons.org/licenses/by/4.0/,Thomas Mesaglio,thebeachcomber,,https://www.inaturalist.org/projects/backyard-species-discovery-with-bush-blitz-australia,,,,,
67034654,https://www.inaturalist.org/observations/67034654,HumanObservation,2024-01-03T10:19:39Z,iNaturalist,Observations,iNaturalist research-grade observations,,67034654,https://www.inaturalist.org/observations/67034654,,Thomas Mesaglio,https://orcid.org/0000-0002-1096-6066,Thomas Mesaglio,https://orcid.org/0000-0002-1096-6066,wild,2020-12-25T16:56:00+11:00,16:56:00+11:00,2020/12/25 4:56 PM AEDT,"Port Macquarie-Hastings - Pt B, New South Wales, Australia",-31.6350277778,152.83435,10.0,EPSG:4326,AU,New South Wales,147533129.0,2020-12-25T06:25:28Z,,747599,Naria erosa,species,Animalia,Mollusca,Gastropoda,Littorinimorpha,Cypraeidae,Naria,http://creativecommons.org/licenses/by/4.0/,Thomas Mesaglio,thebeachcomber,,https://www.inaturalist.org/projects/backyard-species-discovery-with-bush-blitz-australia,,,,,
67034656,https://www.inaturalist.org/observations/67034656,HumanObservation,2022-04-14T18:53:09Z,iNaturalist,Observations,iNaturalist research-grade observations,,67034656,https://www.inaturalist.org/observations/67034656,,Станислав,https://orcid.org/0000-0002-9704-9403,AWI i Pr.,,wild,2013-05-11T18:25:00+03:00,18:25:00+03:00,2013/05/11 6:25 PM +0300,"Новогрудский район, Беларусь",53.6290657602,25.815514566,4.0,EPSG:4326,BY,Hrodna,147542022.0,2020-12-25T08:41:59Z,,217186,Cleonis pigra,species,Animalia,Arthropoda,Insecta,Coleoptera,Curculionidae,Cleonis,http://creativecommons.org/licenses/by-nc/4.0/,Станислав,leschij,,,,,,,
67034657,https://www.inaturalist.org/observations/67034657,HumanObservation,2024-01-03T10:19:40Z,iNaturalist,Observations,iNaturalist research-grade observations,,67034657,https://www.inaturalist.org/observations/67034657,,Thomas Mesaglio,https://orcid.org/0000-0002-1096-6066,Thomas Mesaglio,https://orcid.org/0000-0002-1096-6066,wild,2020-12-25T16:57:00+11:00,16:57:00+11:00,2020/12/25 4:57 PM AEDT,"Port Macquarie-Hastings - Pt B, New South Wales, Australia",-31.6350333333,152.8343361111,10.0,EPSG:4326,AU,New South Wales,147533132.0,2020-12-25T06:25:29Z,,370341,Irus crenatus,species,Animalia,Mollusca,Bivalvia,Venerida,Veneridae,Irus,http://creativecommons.org/licenses/by/4.0/,Thomas Mesaglio,thebeachcomber,,https://www.inaturalist.org/projects/backyard-species-discovery-with-bush-blitz-australia,,,,,
67034658,https://www.inaturalist.org/observations/67034658,HumanObservation,2024-01-03T10:19:41Z,iNaturalist,Observations,iNaturalist research-grade observations,,67034658,https://www.inaturalist.org/observations/67034658,,Thomas Mesaglio,https://orcid.org/0000-0002-1096-6066,Thomas Mesaglio,https://orcid.org/0000-0002-1096-6066,wild,2020-12-25T16:57:00+11:00,16:57:00+11:00,2020/12/25 4:57 PM AEDT,"Port Macquarie-Hastings - Pt B, New South Wales, Australia",-31.6349055556,152.8343194444,10.0,EPSG:4326,AU,New South Wales,147533133.0,2020-12-25T06:25:29Z,,324573,Dicathais orbita,species,Animalia,Mollusca,Gastropoda,Neogastropoda,Muricidae,Dicathais,http://creativecommons.org/licenses/by/4.0/,Thomas Mesaglio,thebeachcomber,,https://www.inaturalist.org/projects/backyard-species-discovery-with-bush-blitz-australia,,,,,
67034659,https://www.inaturalist.org/observations/67034659,HumanObservation,2020-12-25T22:11:11Z,iNaturalist,Observations,iNaturalist research-grade observations,,67034659,https://www.inaturalist.org/observations/67034659,Nixon-Skinner CP,David Spencer Muirhead,,David Spencer Muirhead,,wild,2020-12-23T13:53:00+10:30,13:53:00+10:30,2020/12/23 1:53 PM ACDT,"Myponga SA 5202, Australia",-35.4128601194,138.4331697111,,EPSG:4326,AU,South Australia,147533134.0,2020-12-25T06:25:29Z,,323286,Eucalyptus obliqua,species,Plantae,Tracheophyta,Magnoliopsida,Myrtales,Myrtaceae,Eucalyptus,http://creativecommons.org/licenses/by-nc/4.0/,David Spencer Muirhead,davemmdave,,,,,,,
67034661,https://www.inaturalist.org/observations/67034661,HumanObservation,2024-01-03T10:19:42Z,iNaturalist,Observations,iNaturalist research-grade observations,,67034661,https://www.inaturalist.org/observations/67034661,,Thomas Mesaglio,https://orcid.org/0000-0002-1096-6066,Thomas Mesaglio,https://orcid.org/0000-0002-1096-6066,wild,2020-12-25T16:57:00+11:00,16:57:00+11:00,2020/12/25 4:57 PM AEDT,"Port Macquarie-Hastings - Pt B, New South Wales, Australia",-31.6349111111,152.8343194444,10.0,EPSG:4326,AU,New South Wales,147533135.0,2020-12-25T06:25:30Z,,59353,Neverita didyma,species,Animalia,Mollusca,Gastropoda,Littorinimorpha,Naticidae,Neverita,http://creativecommons.org/licenses/by/4.0/,Thomas Mesaglio,thebeachcomber,,https://www.inaturalist.org/projects/backyard-species-discovery-with-bush-blitz-australia,,,,,
67034662,https://www.inaturalist.org/observations/67034662,HumanObservation,2024-01-03T10:19:43Z,iNaturalist,Observations,iNaturalist research-grade observations,,67034662,https://www.inaturalist.org/observations/67034662,,Thomas Mesaglio,https://orcid.org/0000-0002-1096-6066,Thomas Mesaglio,https://orcid.org/0000-0002-1096-6066,wild,2020-12-25T16:59:00+11:00,16:59:00+11:00,2020/12/25 4:59 PM AEDT,"Port Macquarie-Hastings - Pt B, New South Wales, Australia",-31.6347833333,152.8342444444,10.0,EPSG:4326,AU,New South Wales,147533136.0,2020-12-25T06:25:31Z,,570285,Austromactra rufescens,species,Animalia,Mollusca,Bivalvia,Venerida,Mactridae,Austromactra,http://creativecommons.org/licenses/by/4.0/,Thomas Mesaglio,thebeachcomber,,https://www.inaturalist.org/projects/backyard-species-discovery-with-bush-blitz-australia,,,,,
201102417,https://www.inaturalist.org/observations/201102417,HumanObservation,2024-03-03T09:29:32Z,iNaturalist,Observations,iNaturalist research-grade observations,,201102417,https://www.inaturalist.org/observations/201102417,,Тоня Шевченко,,Тоня Шевченко,,wild,2024-03-03T11:52:09+03:00,11:52:09+03:00,2024-03-03 11:52:09+03:00,"Поселение Михайлово-Ярцевское, Москва, Москва, RU",55.3920018344,37.218945352,4331.0,EPSG:4326,RU,Moskva,456424762.0,2024-03-03T08:52:47Z,,9462,Pyrrhula pyrrhula,species,Animalia,Chordata,Aves,Passeriformes,Fringillidae,Pyrrhula,http://creativecommons.org/licenses/by-nc/4.0/,Тоня Шевченко,ellaerie,,,,,,,
201102420,https://www.inaturalist.org/observations/201102420,HumanObservation,2024-03-03T19:57:59Z,iNaturalist,Observations,iNaturalist research-grade observations,Coordinate uncertainty increased to 27785m at the request of the observer,201102420,https://www.inaturalist.org/observations/201102420,Seed heads below height of leaves...,mattward,,mattward,,wild,2024-02-19T15:56:00+13:00,15:56:00+13:00,2024/02/19 3:56 PM,"Wellington, NZ",-41.5247656776,174.8198855322,27785.0,EPSG:4326,NZ,Wellington,456424767.0,2024-03-03T08:52:49Z,,405017,Poa billardierei,species,Plantae,Tracheophyta,Liliopsida,Poales,Poaceae,Poa,http://creativecommons.org/licenses/by-nc/4.0/,mattward,mattward,NZ,https://www.inaturalist.org/projects/nz-plant-phenology|https://www.inaturalist.org/projects/coastal-sand-dunes-and-salt-marsh-banks-and-cliffs,,,fruits or seeds,,
201102421,https://www.inaturalist.org/observations/201102421,HumanObservation,2024-03-06T06:07:45Z,iNaturalist,Observations,iNaturalist research-grade observations,,201102421,https://www.inaturalist.org/observations/201102421,,marikav,,marikav,,wild,2024-03-03T09:52:27+02:00,09:52:27+02:00,2024-03-03 09:52:27+02:00,"Brakfontein Road, Centurion, GP, ZA",-25.9119533333,28.1786783333,4.0,EPSG:4326,ZA,Gauteng,456431625.0,2024-03-03T09:39:55Z,,582861,Crabbea angustifolia,species,Plantae,Tracheophyta,Magnoliopsida,Lamiales,Acanthaceae,Crabbea,http://creativecommons.org/licenses/by-nc/4.0/,marikav,marikav,,,,,,,
201102424,https://www.inaturalist.org/observations/201102424,HumanObservation,2024-03-04T09:11:47Z,iNaturalist,Observations,iNaturalist research-grade observations,,201102424,https://www.inaturalist.org/observations/201102424,,ZwierzyniecWQE,,hinrichmatthes,,wild,2024-03-02T11:29:51+01:00,11:29:51+01:00,2024-03-02 11:29:51,"Brudzeń Duży, Polska",52.6266819532,19.5641304553,2539.0,EPSG:4326,PL,Masovian,456428010.0,2024-03-03T09:17:48Z,,325782,Carabus auronitens,species,Animalia,Arthropoda,Insecta,Coleoptera,Carabidae,Carabus,http://creativecommons.org/licenses/by-nc/4.0/,ZwierzyniecWQE,wodnikwqe,,,female,adult,,alive,"{""evidenceOfPresence"":""organism""}"
201102429,https://www.inaturalist.org/observations/201102429,HumanObservation,2024-03-06T12:56:48Z,iNaturalist,Observations,iNaturalist research-grade observations,,201102429,https://www.inaturalist.org/observations/201102429,,irenedro,,irenedro,,wild,2024-03-03,,2024-03-03,"Perchtoldsdorf, Österreich",48.1238612797,16.2565992773,29.0,EPSG:4326,AT,Niederösterreich,456424788.0,2024-03-03T08:52:57Z,,126630,Osmia cornuta,species,Animalia,Arthropoda,Insecta,Hymenoptera,Megachilidae,Osmia,http://creativecommons.org/licenses/by-nc/4.0/,irenedro,irenedro,,,,,,,
201102432,https://www.inaturalist.org/observations/201102432,HumanObservation,2024-07-24T10:13:47Z,iNaturalist,Observations,iNaturalist research-grade observations,,201102432,https://www.inaturalist.org/observations/201102432,,Reiner Richter,,Matthew Connors,https://orcid.org/0000-0001-7799-761X,wild,2024-02-29T20:36:00+11:00,20:36:00+11:00,2024/02/29 8:36 PM,"Licola VIC 3858, Australia",-37.531305,146.6083416667,,EPSG:4326,AU,Victoria,518152010.0,2024-07-23T12:39:11Z,"Part of a species complex including *P. spinulosa* and *P. ferruginea*, but I am not sure where the species boundaries are. New genus and possibly undescribed",1151237,Polichne spinulosa,species,Animalia,Arthropoda,Insecta,Orthoptera,Tettigoniidae,Polichne,http://creativecommons.org/licenses/by/4.0/,Reiner Richter,reiner,AU,,male,adult,,alive,"{""evidenceOfPresence"":""organism""}"
201102433,https://www.inaturalist.org/observations/201102433,HumanObservation,2024-03-03T11:14:02Z,iNaturalist,Observations,iNaturalist research-grade observations,,201102433,https://www.inaturalist.org/observations/201102433,,Василий,,Василий,,wild,2022-10-24T12:33:00+07:00,12:33:00+07:00,2022/10/24 12:33,"Кожевниковский р-н, Томская обл., Россия",56.2991,83.43095,,EPSG:4326,RU,Tomsk,456424792.0,2024-03-03T08:52:59Z,,9771,Pinicola enucleator,species,Animalia,Chordata,Aves,Passeriformes,Fringillidae,Pinicola,http://creativecommons.org/licenses/by-nc/4.0/,Василий,vakula65,,,,,,,
201102435,https://www.inaturalist.org/observations/201102435,HumanObservation,2024-03-03T11:35:26Z,iNaturalist,Observations,iNaturalist research-grade observations,,201102435,https://www.inaturalist.org/observations/201102435,,Reiner Richter,,Reiner Richter,,wild,2024-02-29T20:37:00+11:00,20:37:00+11:00,2024/02/29 8:37 PM,"Wellington - Maffra, Alpine, Australian Alps - Victoria, Victoria, Australia",-37.53165,146.6083508333,,EPSG:4326,AU,Victoria,456424797.0,2024-03-03T08:53:00Z,,517090,Ranoidea lesueuri,species,Animalia,Chordata,Amphibia,Anura,Hylidae,Ranoidea,http://creativecommons.org/licenses/by/4.0/,Reiner Richter,reiner,AU,,,,,,
201102436,https://www.inaturalist.org/observations/201102436,HumanObservation,2024-03-03T15:13:58Z,iNaturalist,Observations,iNaturalist research-grade observations,,201102436,https://www.inaturalist.org/observations/201102436,,José Jiménez Higuera,,José Jiménez Higuera,,wild,2024-03-01T18:01:00+01:00,18:01:00+01:00,2024/03/01 6:01 PM,"Dehesa la Atalaya, Ctra. Coria del Río-Sevilla, 41100 Coria del Río, Sevilla, España",37.2425412,-5.9952224,341.0,EPSG:4326,ES,Andalucía,456424801.0,2024-03-03T08:53:01Z,,52287,Borago officinalis,species,Plantae,Tracheophyta,Magnoliopsida,Boraginales,Boraginaceae,Borago,http://creativecommons.org/licenses/by-nc/4.0/,José Jiménez Higuera,pepers,,,,,,,
201102437,https://www.inaturalist.org/observations/201102437,HumanObservation,2024-03-03T15:14:46Z,iNaturalist,Observations,iNaturalist research-grade observations,,201102437,https://www.inaturalist.org/observations/201102437,,José Jiménez Higuera,,José Jiménez Higuera,,wild,2024-03-01T18:01:00+01:00,18:01:00+01:00,2024/03/01 6:01 PM,"Dehesa la Atalaya, Ctra. Coria del Río-Sevilla, 41100 Coria del Río, Sevilla, España",37.2425412,-5.9952224,341.0,EPSG:4326,ES,Andalucía,456424802.0,2024-03-03T08:53:01Z,,82906,Asphodelus ramosus,species,Plantae,Tracheophyta,Liliopsida,Asparagales,Asphodelaceae,Asphodelus,http://creativecommons.org/licenses/by-nc/4.0/,José Jiménez Higuera,pepers,,,,,,,
201102439,https://www.inaturalist.org/observations/201102439,HumanObservation,2024-03-03T19:22:25Z,iNaturalist,Observations,iNaturalist research-grade observations,,201102439,https://www.inaturalist.org/observations/201102439,,José Jiménez Higuera,,José Jiménez Higuera,,wild,2024-03-01T18:11:00+01:00,18:11:00+01:00,2024/03/01 6:11 PM,"Dehesa la Atalaya, Ctra. Coria del Río-Sevilla, 41100 Coria del Río, Sevilla, España",37.2425412,-5.9952224,341.0,EPSG:4326,ES,Andalucía,456424805.0,2024-03-03T08:53:02Z,,65450,Epidalea calamita,species,Animalia,Chordata,Amphibia,Anura,Bufonidae,Epidalea,http://creativecommons.org/licenses/by-nc/4.0/,José Jiménez Higuera,pepers,,,,,,,
201102440,https://www.inaturalist.org/observations/201102440,HumanObservation,2024-03-03T19:22:23Z,iNaturalist,Observations,iNaturalist research-grade observations,,201102440,https://www.inaturalist.org/observations/201102440,,José Jiménez Higuera,,José Jiménez Higuera,,wild,2024-03-01T18:12:00+01:00,18:12:00+01:00,2024/03/01 6:12 PM,"Dehesa la Atalaya, Ctra. Coria del Río-Sevilla, 41100 Coria del Río, Sevilla, España",37.2425412,-5.9952224,341.0,EPSG:4326,ES,Andalucía,456424807.0,2024-03-03T08:53:02Z,,65450,Epidalea calamita,species,Animalia,Chordata,Amphibia,Anura,Bufonidae,Epidalea,http://creativecommons.org/licenses/by-nc/4.0/,José Jiménez Higuera,pepers,,,,,,,
67034664,https://www.inaturalist.org/observations/67034664,HumanObservation,2024-01-03T10:19:45Z,iNaturalist,Observations,iNaturalist research-grade observations,,67034664,https://www.inaturalist.org/observations/67034664,,Thomas Mesaglio,https://orcid.org/0000-0002-1096-6066,Thomas Mesaglio,https://orcid.org/0000-0002-1096-6066,wild,2020-12-25T17:00:00+11:00,17:00:00+11:00,2020/12/25 5:00 PM AEDT,"Port Macquarie-Hastings - Pt B, New South Wales, Australia",-31.6342305556,152.8340138889,10.0,EPSG:4326,AU,New South Wales,147533139.0,2020-12-25T06:25:32Z,,942753,Tylospira scutulata,species,Animalia,Mollusca,Gastropoda,Littorinimorpha,Struthiolariidae,Tylospira,http://creativecommons.org/licenses/by/4.0/,Thomas Mesaglio,thebeachcomber,,https://www.inaturalist.org/projects/backyard-species-discovery-with-bush-blitz-australia,,,,,
67034665,https://www.inaturalist.org/observations/67034665,HumanObservation,2020-12-25T06:27:44Z,iNaturalist,Observations,iNaturalist research-grade observations,,67034665,https://www.inaturalist.org/observations/67034665,,John T,,John T,,wild,2020-12-25T14:25:25+08:00,14:25:25+08:00,2020-12-25 2:25:25 PM GMT+08:00,"Ap Lei Chau, Hong Kong",22.23670644,114.15782371,5.0,EPSG:4326,HK,Southern,147533144.0,2020-12-25T06:25:42Z,,627207,Polyspora axillaris,species,Plantae,Tracheophyta,Magnoliopsida,Ericales,Theaceae,Polyspora,http://creativecommons.org/licenses/by-nc/4.0/,John T,johnt77,,,,,,,
67034669,https://www.inaturalist.org/observations/67034669,HumanObservation,2022-05-11T02:45:54Z,iNaturalist,Observations,iNaturalist research-grade observations,Coordinate uncertainty increased to 31271m to protect threatened taxon,67034669,https://www.inaturalist.org/observations/67034669,,Albert Kang,,Albert Kang,,wild,2017-10-14T11:04:00+08:00,11:04:00+08:00,2017/10/14 11:04 AM +0800,Indonesia,-8.6716699913,115.5690655978,31271.0,EPSG:4326,ID,Bali,147533155.0,2020-12-25T06:26:10Z,,623965,Mobula alfredi,species,Animalia,Chordata,Elasmobranchii,Myliobatiformes,Mobulidae,Mobula,http://creativecommons.org/licenses/by-nc/4.0/,Albert Kang,albertkang,,https://www.inaturalist.org/projects/shark-watch,,,,,
67034674,https://www.inaturalist.org/observations/67034674,HumanObservation,2020-12-25T07:01:42Z,iNaturalist,Observations,iNaturalist research-grade observations,,67034674,https://www.inaturalist.org/observations/67034674,,Greg Davis,,Greg Davis,,wild,2020-10-17T09:20:00-07:00,09:20:00-07:00,Sat Oct 17 2020 09:20:00 GMT-0700 (PDT),"Mattole River, Petrolia, CA, US",40.306625,-124.239045,4.0,EPSG:4326,US,California,147533164.0,2020-12-25T06:26:22Z,,57920,Xanthium strumarium,species,Plantae,Tracheophyta,Magnoliopsida,Asterales,Asteraceae,Xanthium,http://creativecommons.org/licenses/by-nc/4.0/,Greg Davis,davegregis,,,,,,,
67034675,https://www.inaturalist.org/observations/67034675,HumanObservation,2020-12-25T07:53:45Z,iNaturalist,Observations,iNaturalist research-grade observations,,67034675,https://www.inaturalist.org/observations/67034675,,chuling1211,,Toby Y,,wild,2020-12-25T14:26:13+08:00,14:26:13+08:00,2020-12-25 2:26:13 PM GMT+08:00,香港科學園尚湖樓平台,22.42629609,114.21229548,10.0,EPSG:4326,HK,Sha Tin,147535943.0,2020-12-25T07:05:32Z,,446661,Pyrops candelaria,species,Animalia,Arthropoda,Insecta,Hemiptera,Fulgoridae,Pyrops,http://creativecommons.org/licenses/by-nc/4.0/,chuling1211,chuling1211,,,,,,,
67034684,https://www.inaturalist.org/observations/67034684,HumanObservation,2020-12-25T17:53:01Z,iNaturalist,Observations,iNaturalist research-grade observations,,67034684,https://www.inaturalist.org/observations/67034684,Фото получилось неудачным. В этом районе встретила семейство грачей.,Перова Маргарита Дмитриевна,https://orcid.org/0000-0003-3817-1529,Перова Маргарита Дмитриевна,https://orcid.org/0000-0003-3817-1529,wild,2020-12-11T08:55:00Z,08:55:00Z,2020/12/11 8:55 AM UTC,"Северный административный округ, Москва, Россия",55.855271,37.567992,48.0,EPSG:4326,RU,Moscow City,147533190.0,2020-12-25T06:26:52Z,,8029,Corvus frugilegus,species,Animalia,Chordata,Aves,Passeriformes,Corvidae,Corvus,http://creativecommons.org/licenses/by-nc/4.0/,Перова Маргарита Дмитриевна,wildpendulum,,,,,,alive,
67034688,https://www.inaturalist.org/observations/67034688,HumanObservation,2023-02-03T16:58:49Z,iNaturalist,Observations,iNaturalist research-grade observations,,67034688,https://www.inaturalist.org/observations/67034688,,Ken-ichi Ueda,https://orcid.org/0000-0003-0145-6846,Ken-ichi Ueda,https://orcid.org/0000-0003-0145-6846,wild,2020-12-24T13:24:00-08:00,13:24:00-08:00,2020/12/24 1:24 PM PST,"Oyster Bay Regional Shoreline, Alameda County, CA, USA",37.70970296,-122.19222888,,EPSG:4326,US,California,147533204.0,2020-12-25T06:27:14Z,,4756,Cathartes aura,species,Animalia,Chordata,Aves,Cathartiformes,Cathartidae,Cathartes,http://creativecommons.org/publicdomain/zero/1.0/,Ken-ichi Ueda,kueda,,,,,,,
67034689,https://www.inaturalist.org/observations/67034689,HumanObservation,2020-12-25T07:02:16Z,iNaturalist,Observations,iNaturalist research-grade observations,,67034689,https://www.inaturalist.org/observations/67034689,,Ken-ichi Ueda,https://orcid.org/0000-0003-0145-6846,Ken-ichi Ueda,https://orcid.org/0000-0003-0145-6846,wild,2020-12-24T13:27:00-08:00,13:27:00-08:00,2020/12/24 1:27 PM PST,"Oyster Bay Regional Shoreline, Alameda County, CA, USA",37.7096623999,-122.1922967,,EPSG:4326,US,California,147533205.0,2020-12-25T06:27:15Z,,9176,Zonotrichia leucophrys,species,Animalia,Chordata,Aves,Passeriformes,Passerellidae,Zonotrichia,http://creativecommons.org/publicdomain/zero/1.0/,Ken-ichi Ueda,kueda,,,,,,,
67034690,https://www.inaturalist.org/observations/67034690,HumanObservation,2020-12-25T07:02:00Z,iNaturalist,Observations,iNaturalist research-grade observations,,67034690,https://www.inaturalist.org/observations/67034690,,Ken-ichi Ueda,https://orcid.org/0000-0003-0145-6846,Ken-ichi Ueda,https://orcid.org/0000-0003-0145-6846,wild,2020-12-24T13:33:00-08:00,13:33:00-08:00,2020/12/24 1:33 PM PST,"Oyster Bay Regional Shoreline, Alameda County, CA, USA",37.7079811,-122.1933006,,EPSG:4326,US,California,147533206.0,2020-12-25T06:27:15Z,,9092,Melospiza lincolnii,species,Animalia,Chordata,Aves,Passeriformes,Passerellidae,Melospiza,http://creativecommons.org/publicdomain/zero/1.0/,Ken-ichi Ueda,kueda,,,,,,,
67034691,https://www.inaturalist.org/observations/67034691,HumanObservation,2020-12-25T07:01:46Z,iNaturalist,Observations,iNaturalist research-grade observations,,67034691,https://www.inaturalist.org/observations/67034691,,Ken-ichi Ueda,https://orcid.org/0000-0003-0145-6846,Ken-ichi Ueda,https://orcid.org/0000-0003-0145-6846,wild,2020-12-24T13:39:00-08:00,13:39:00-08:00,2020/12/24 1:39 PM PST,"Oyster Bay Regional Shoreline, Alameda County, CA, USA",37.7071857,-122.1929953333,,EPSG:4326,US,California,147533207.0,2020-12-25T06:27:15Z,,73044,Melozone crissalis,species,Animalia,Chordata,Aves,Passeriformes,Passerellidae,Melozone,http://creativecommons.org/publicdomain/zero/1.0/,Ken-ichi Ueda,kueda,,,,,,,
67034692,https://www.inaturalist.org/observations/67034692,HumanObservation,2020-12-25T07:01:33Z,iNaturalist,Observations,iNaturalist research-grade observations,,67034692,https://www.inaturalist.org/observations/67034692,,Ken-ichi Ueda,https://orcid.org/0000-0003-0145-6846,Ken-ichi Ueda,https://orcid.org/0000-0003-0145-6846,wild,2020-12-24T13:42:00-08:00,13:42:00-08:00,2020/12/24 1:42 PM PST,"Oyster Bay Regional Shoreline, Alameda County, CA, USA",37.70627024,-122.19255,,EPSG:4326,US,California,147533208.0,2020-12-25T06:27:15Z,,9981,Passerculus sandwichensis,species,Animalia,Chordata,Aves,Passeriformes,Passerellidae,Passerculus,http://creativecommons.org/publicdomain/zero/1.0/,Ken-ichi Ueda,kueda,,,,,,,
67034693,https://www.inaturalist.org/observations/67034693,HumanObservation,2024-06-11T14:51:48Z,iNaturalist,Observations,iNaturalist research-grade observations,,67034693,https://www.inaturalist.org/observations/67034693,Hoping it was captured nearby.,Ken-ichi Ueda,https://orcid.org/0000-0003-0145-6846,Ken-ichi Ueda,https://orcid.org/0000-0003-0145-6846,wild,2020-12-24T13:51:00-08:00,13:51:00-08:00,2020/12/24 1:51 PM PST,"Oyster Bay Regional Shoreline, Alameda County, CA, USA",37.7040799,-122.1919311666,,EPSG:4326,US,California,147533209.0,2020-12-25T06:27:16Z,,83170,Platichthys stellatus,species,Animalia,Chordata,Actinopterygii,Carangiformes,Pleuronectidae,Platichthys,http://creativecommons.org/publicdomain/zero/1.0/,Ken-ichi Ueda,kueda,,https://www.inaturalist.org/projects/bird-food,,,,dead,
67034694,https://www.inaturalist.org/observations/67034694,HumanObservation,2023-02-03T16:58:27Z,iNaturalist,Observations,iNaturalist research-grade observations,,67034694,https://www.inaturalist.org/observations/67034694,,Ken-ichi Ueda,https://orcid.org/0000-0003-0145-6846,Ken-ichi Ueda,https://orcid.org/0000-0003-0145-6846,wild,2020-12-24T13:51:00-08:00,13:51:00-08:00,2020/12/24 1:51 PM PST,"Oyster Bay Regional Shoreline, Alameda County, CA, USA",37.70408028,-122.19193484,,EPSG:4326,US,California,147533210.0,2020-12-25T06:27:16Z,,116999,Pandion haliaetus,species,Animalia,Chordata,Aves,Accipitriformes,Pandionidae,Pandion,http://creativecommons.org/publicdomain/zero/1.0/,Ken-ichi Ueda,kueda,,,,,,,
67034695,https://www.inaturalist.org/observations/67034695,HumanObservation,2020-12-25T07:01:04Z,iNaturalist,Observations,iNaturalist research-grade observations,,67034695,https://www.inaturalist.org/observations/67034695,,Ken-ichi Ueda,https://orcid.org/0000-0003-0145-6846,Ken-ichi Ueda,https://orcid.org/0000-0003-0145-6846,wild,2020-12-24T14:00:00-08:00,14:00:00-08:00,2020/12/24 2:00 PM PST,"Oyster Bay Regional Shoreline, Alameda County, CA, USA",37.70335028,-122.19443076,,EPSG:4326,US,California,147533211.0,2020-12-25T06:27:16Z,,9100,Melospiza melodia,species,Animalia,Chordata,Aves,Passeriformes,Passerellidae,Melospiza,http://creativecommons.org/publicdomain/zero/1.0/,Ken-ichi Ueda,kueda,,,,,,,
67034696,https://www.inaturalist.org/observations/67034696,HumanObservation,2020-12-25T07:00:27Z,iNaturalist,Observations,iNaturalist research-grade observations,,67034696,https://www.inaturalist.org/observations/67034696,,Ken-ichi Ueda,https://orcid.org/0000-0003-0145-6846,Ken-ichi Ueda,https://orcid.org/0000-0003-0145-6846,wild,2020-12-24T14:00:00-08:00,14:00:00-08:00,2020/12/24 2:00 PM PST,"Oyster Bay Regional Shoreline, Alameda County, CA, USA",37.70333744,-122.1946642,,EPSG:4326,US,California,147533212.0,2020-12-25T06:27:16Z,,6930,Anas platyrhynchos,species,Animalia,Chordata,Aves,Anseriformes,Anatidae,Anas,http://creativecommons.org/publicdomain/zero/1.0/,Ken-ichi Ueda,kueda,,,,,,,
67034697,https://www.inaturalist.org/observations/67034697,HumanObservation,2022-12-17T02:11:45Z,iNaturalist,Observations,iNaturalist research-grade observations,,67034697,https://www.inaturalist.org/observations/67034697,,Ken-ichi Ueda,https://orcid.org/0000-0003-0145-6846,Ken-ichi Ueda,https://orcid.org/0000-0003-0145-6846,wild,2020-12-24T14:01:00-08:00,14:01:00-08:00,2020/12/24 2:01 PM PST,"Oyster Bay Regional Shoreline, Alameda County, CA, USA",37.7032285333,-122.1952170333,,EPSG:4326,US,California,147533213.0,2020-12-25T06:27:17Z,,180007,Otospermophilus beecheyi,species,Animalia,Chordata,Mammalia,Rodentia,Sciuridae,Otospermophilus,http://creativecommons.org/publicdomain/zero/1.0/,Ken-ichi Ueda,kueda,,,,,,,
67034698,https://www.inaturalist.org/observations/67034698,HumanObservation,2024-04-11T16:00:22Z,iNaturalist,Observations,iNaturalist research-grade observations,,67034698,https://www.inaturalist.org/observations/67034698,,Diane Auberson-Lavoie,,Diane Auberson-Lavoie,,wild,2013-06-20T18:10:00Z,18:10:00Z,2013/06/20 6:10 PM UTC,"Percé, QC, Canada",48.4945399099,-64.1615295015,1146.0,EPSG:4326,CA,Québec,147533214.0,2020-12-25T06:27:17Z,,47192,Cornus canadensis,species,Plantae,Tracheophyta,Magnoliopsida,Cornales,Cornaceae,Cornus,http://creativecommons.org/licenses/by/4.0/,Diane Auberson-Lavoie,dzyen,CA,,,,flowers,,
67034699,https://www.inaturalist.org/observations/67034699,HumanObservation,2020-12-25T07:00:04Z,iNaturalist,Observations,iNaturalist research-grade observations,,67034699,https://www.inaturalist.org/observations/67034699,,Ken-ichi Ueda,https://orcid.org/0000-0003-0145-6846,Ken-ichi Ueda,https://orcid.org/0000-0003-0145-6846,wild,2020-12-24T14:02:00-08:00,14:02:00-08:00,2020/12/24 2:02 PM PST,"Oyster Bay Regional Shoreline, Alameda County, CA, USA",37.7032344,-122.19525104,,EPSG:4326,US,California,147533215.0,2020-12-25T06:27:17Z,,145308,Spinus psaltria,species,Animalia,Chordata,Aves,Passeriformes,Fringillidae,Spinus,http://creativecommons.org/publicdomain/zero/1.0/,Ken-ichi Ueda,kueda,,,,,,,
67034700,https://www.inaturalist.org/observations/67034700,HumanObservation,2020-12-25T08:25:13Z,iNaturalist,Observations,iNaturalist research-grade observations,,67034700,https://www.inaturalist.org/observations/67034700,,Ken-ichi Ueda,https://orcid.org/0000-0003-0145-6846,Ken-ichi Ueda,https://orcid.org/0000-0003-0145-6846,wild,2020-12-24T14:03:00-08:00,14:03:00-08:00,2020/12/24 2:03 PM PST,"Oyster Bay Regional Shoreline, Alameda County, CA, USA",37.7031948,-122.1955935,,EPSG:4326,US,California,147533216.0,2020-12-25T06:27:17Z,,199840,Haemorhous mexicanus,species,Animalia,Chordata,Aves,Passeriformes,Fringillidae,Haemorhous,http://creativecommons.org/publicdomain/zero/1.0/,Ken-ichi Ueda,kueda,,,,,,,
67034702,https://www.inaturalist.org/observations/67034702,HumanObservation,2020-12-25T07:56:02Z,iNaturalist,Observations,iNaturalist research-grade observations,,67034702,https://www.inaturalist.org/observations/67034702,,Ken-ichi Ueda,https://orcid.org/0000-0003-0145-6846,Alex Tey,,wild,2020-12-24T14:05:00-08:00,14:05:00-08:00,2020/12/24 2:05 PM PST,"Oyster Bay Regional Shoreline, Alameda County, CA, USA",37.7031865667,-122.1959226834,,EPSG:4326,US,California,147538457.0,2020-12-25T07:43:47Z,,7047,Aythya marila,species,Animalia,Chordata,Aves,Anseriformes,Anatidae,Aythya,http://creativecommons.org/publicdomain/zero/1.0/,Ken-ichi Ueda,kueda,,,,,,,
67034703,https://www.inaturalist.org/observations/67034703,HumanObservation,2020-12-25T06:59:36Z,iNaturalist,Observations,iNaturalist research-grade observations,,67034703,https://www.inaturalist.org/observations/67034703,,Ken-ichi Ueda,https://orcid.org/0000-0003-0145-6846,Ken-ichi Ueda,https://orcid.org/0000-0003-0145-6846,wild,2020-12-24T14:21:00-08:00,14:21:00-08:00,2020/12/24 2:21 PM PST,"Oyster Bay Regional Shoreline, Alameda County, CA, USA",37.7074131667,-122.20226645,,EPSG:4326,US,California,147533218.0,2020-12-25T06:27:18Z,,72458,Actitis macularius,species,Animalia,Chordata,Aves,Charadriiformes,Scolopacidae,Actitis,http://creativecommons.org/publicdomain/zero/1.0/,Ken-ichi Ueda,kueda,,,,,,,
67034704,https://www.inaturalist.org/observations/67034704,HumanObservation,2020-12-25T06:59:25Z,iNaturalist,Observations,iNaturalist research-grade observations,,67034704,https://www.inaturalist.org/observations/67034704,,Ken-ichi Ueda,https://orcid.org/0000-0003-0145-6846,Ken-ichi Ueda,https://orcid.org/0000-0003-0145-6846,wild,2020-12-24T14:21:00-08:00,14:21:00-08:00,2020/12/24 2:21 PM PST,"Oyster Bay Regional Shoreline, Alameda County, CA, USA",37.707353,-122.202262,,EPSG:4326,US,California,147533220.0,2020-12-25T06:27:18Z,,144491,Tringa semipalmata,species,Animalia,Chordata,Aves,Charadriiformes,Scolopacidae,Tringa,http://creativecommons.org/publicdomain/zero/1.0/,Ken-ichi Ueda,kueda,,,,,,,
67034705,https://www.inaturalist.org/observations/67034705,HumanObservation,2020-12-25T06:59:10Z,iNaturalist,Observations,iNaturalist research-grade observations,,67034705,https://www.inaturalist.org/observations/67034705,,Ken-ichi Ueda,https://orcid.org/0000-0003-0145-6846,Ken-ichi Ueda,https://orcid.org/0000-0003-0145-6846,wild,2020-12-24T14:22:00-08:00,14:22:00-08:00,2020/12/24 2:22 PM PST,"Oyster Bay Regional Shoreline, Alameda County, CA, USA",37.7079222999,-122.2023400333,,EPSG:4326,US,California,147533222.0,2020-12-25T06:27:20Z,,3954,Limosa fedoa,species,Animalia,Chordata,Aves,Charadriiformes,Scolopacidae,Limosa,http://creativecommons.org/publicdomain/zero/1.0/,Ken-ichi Ueda,kueda,,,,,,,
67034706,https://www.inaturalist.org/observations/67034706,HumanObservation,2020-12-25T06:56:42Z,iNaturalist,Observations,iNaturalist research-grade observations,,67034706,https://www.inaturalist.org/observations/67034706,,Ken-ichi Ueda,https://orcid.org/0000-0003-0145-6846,Ken-ichi Ueda,https://orcid.org/0000-0003-0145-6846,wild,2020-12-24T14:22:00-08:00,14:22:00-08:00,2020/12/24 2:22 PM PST,"Oyster Bay Regional Shoreline, Alameda County, CA, USA",37.7079679667,-122.20234575,,EPSG:4326,US,California,147533223.0,2020-12-25T06:27:20Z,,485176,Mareca americana,species,Animalia,Chordata,Aves,Anseriformes,Anatidae,Mareca,http://creativecommons.org/publicdomain/zero/1.0/,Ken-ichi Ueda,kueda,,,,,,,
201102441,https://www.inaturalist.org/observations/201102441,HumanObservation,2024-03-03T15:13:34Z,iNaturalist,Observations,iNaturalist research-grade observations,,201102441,https://www.inaturalist.org/observations/201102441,,José Jiménez Higuera,,José Jiménez Higuera,,wild,2024-03-01T18:42:00+01:00,18:42:00+01:00,2024/03/01 6:42 PM,"Dehesa la Atalaya, Ctra. Coria del Río-Sevilla, 41100 Coria del Río, Sevilla, España",37.2425412,-5.9952224,341.0,EPSG:4326,ES,Andalucía,456424808.0,2024-03-03T08:53:02Z,,76362,Cistus ladanifer,species,Plantae,Tracheophyta,Magnoliopsida,Malvales,Cistaceae,Cistus,http://creativecommons.org/licenses/by-nc/4.0/,José Jiménez Higuera,pepers,,,,,,,
201102442,https://www.inaturalist.org/observations/201102442,HumanObservation,2024-06-10T17:59:36Z,iNaturalist,Observations,iNaturalist research-grade observations,,201102442,https://www.inaturalist.org/observations/201102442,,José Jiménez Higuera,,José Jiménez Higuera,,wild,2024-03-01T18:57:00+01:00,18:57:00+01:00,2024/03/01 6:57 PM,"Dehesa la Atalaya, Ctra. Coria del Río-Sevilla, 41100 Coria del Río, Sevilla, España",37.2425412,-5.9952224,341.0,EPSG:4326,ES,Andalucía,456424812.0,2024-03-03T08:53:03Z,,59335,Ophrys tenthredinifera,species,Plantae,Tracheophyta,Liliopsida,Asparagales,Orchidaceae,Ophrys,http://creativecommons.org/licenses/by-nc/4.0/,José Jiménez Higuera,pepers,,https://www.inaturalist.org/projects/wild-orchids-of-western-palearctic,,,,,
201102443,https://www.inaturalist.org/observations/201102443,HumanObservation,2024-11-28T19:45:27Z,iNaturalist,Observations,iNaturalist research-grade observations,,201102443,https://www.inaturalist.org/observations/201102443,,José Jiménez Higuera,,José Jiménez Higuera,,wild,2024-03-01T20:06:00+01:00,20:06:00+01:00,2024/03/01 8:06 PM,"Dehesa la Atalaya, Ctra. Coria del Río-Sevilla, 41100 Coria del Río, Sevilla, España",37.2425412,-5.9952224,341.0,EPSG:4326,ES,Andalucía,456424813.0,2024-03-03T08:53:03Z,,219151,Aristolochia baetica,species,Plantae,Tracheophyta,Magnoliopsida,Piperales,Aristolochiaceae,Aristolochia,http://creativecommons.org/licenses/by-nc/4.0/,José Jiménez Higuera,pepers,,,,,flowers,,
201102445,https://www.inaturalist.org/observations/201102445,HumanObservation,2024-11-10T14:37:53Z,iNaturalist,Observations,iNaturalist research-grade observations,,201102445,https://www.inaturalist.org/observations/201102445,,Stanislav Murashkin,https://orcid.org/0009-0003-5944-1097,Stanislav Murashkin,https://orcid.org/0009-0003-5944-1097,wild,2024-03-03T11:40:05+03:00,11:40:05+03:00,2024-03-03 11:40:05+03:00,"Заречная улица, Балашиха, Московская Область, RU",55.8270212373,37.9622694578,13.0,EPSG:4326,RU,Moskva,456424817.0,2024-03-03T08:53:05Z,,47726,Acer negundo,species,Plantae,Tracheophyta,Magnoliopsida,Sapindales,Sapindaceae,Acer,http://creativecommons.org/licenses/by/4.0/,Stanislav Murashkin,stanislav_murashkin,,,,,,,
201102448,https://www.inaturalist.org/observations/201102448,HumanObservation,2024-11-10T14:37:53Z,iNaturalist,Observations,iNaturalist research-grade observations,,201102448,https://www.inaturalist.org/observations/201102448,,Stanislav Murashkin,https://orcid.org/0009-0003-5944-1097,Stanislav Murashkin,https://orcid.org/0009-0003-5944-1097,wild,2024-03-03T11:42:06+03:00,11:42:06+03:00,2024-03-03 11:42:06+03:00,"Заречная улица, Балашиха, Московская Область, RU",55.8269261718,37.9628655492,8.0,EPSG:4326,RU,Moskva,456424833.0,2024-03-03T08:53:14Z,,966205,Alnus glutinosa,species,Plantae,Tracheophyta,Magnoliopsida,Fagales,Betulaceae,Alnus,http://creativecommons.org/licenses/by/4.0/,Stanislav Murashkin,stanislav_murashkin,,,,,,,
201102449,https://www.inaturalist.org/observations/201102449,HumanObservation,2025-01-27T08:28:52Z,iNaturalist,Observations,iNaturalist research-grade observations,,201102449,https://www.inaturalist.org/observations/201102449,,lynsh,,lynsh,,wild,2024-03-02T07:31:00+10:00,07:31:00+10:00,2024/03/02 7:31 AM,"Curlew Is Broadwater QLD, Australia",-27.9443248794,153.4162355172,31.0,EPSG:4326,AU,Queensland,456424835.0,2024-03-03T08:53:16Z,,141177,Gloriosa superba,species,Plantae,Tracheophyta,Liliopsida,Liliales,Colchicaceae,Gloriosa,http://creativecommons.org/licenses/by-nc/4.0/,lynsh,lynsh,AU,,,,flowers|flower buds,,"{""leaves"":""green leaves""}"
201102451,https://www.inaturalist.org/observations/201102451,HumanObservation,2024-03-03T21:23:20Z,iNaturalist,Observations,iNaturalist research-grade observations,,201102451,https://www.inaturalist.org/observations/201102451,,boab-123,,boab-123,,wild,2024-03-03T14:29:52+10:00,14:29:52+10:00,2024-03-03 14:29:52+10:00,"Walkabout Creek Discovery Centre, Enoggera Reservoir, QLD, AU",-27.4411243062,152.9256491359,116.0,EPSG:4326,AU,Queensland,456424846.0,2024-03-03T08:53:23Z,,162153,Duranta erecta,species,Plantae,Tracheophyta,Magnoliopsida,Lamiales,Verbenaceae,Duranta,http://creativecommons.org/licenses/by-nc/4.0/,boab-123,boab-123,AU,,,,,,
201102455,https://www.inaturalist.org/observations/201102455,HumanObservation,2024-03-03T17:59:27Z,iNaturalist,Observations,iNaturalist research-grade observations,,201102455,https://www.inaturalist.org/observations/201102455,"On light trap, Wainui Campground",Mike Dickison,https://orcid.org/0000-0003-1183-2550,Mike Dickison,https://orcid.org/0000-0003-1183-2550,wild,2024-03-01T22:10:55+13:00,22:10:55+13:00,2024-03-01 21:10:55+12:00,"South Island/Te Waipounamu, French Farm, Canterbury, NZ",-43.8105133333,172.893545,,EPSG:4326,NZ,Canterbury,456424851.0,2024-03-03T08:53:27Z,,386103,Asaphodes beata,species,Animalia,Arthropoda,Insecta,Lepidoptera,Geometridae,Asaphodes,http://creativecommons.org/publicdomain/zero/1.0/,Mike Dickison,adzebill,NZ,,female,adult,,alive,"{""evidenceOfPresence"":""organism""}"
201102457,https://www.inaturalist.org/observations/201102457,HumanObservation,2024-03-31T19:13:03Z,iNaturalist,Observations,iNaturalist research-grade observations,,201102457,https://www.inaturalist.org/observations/201102457,,hhkaaks,,hhkaaks,,wild,2011-05-21T12:25:00+02:00,12:25:00+02:00,2011/05/21 12:25,"Kaaks, Deutschland",53.9919543342,9.4599163105,52.0,EPSG:4326,DE,Schleswig-Holstein,456424860.0,2024-03-03T08:53:33Z,,460842,Oiceoptoma thoracicum,species,Animalia,Arthropoda,Insecta,Coleoptera,Silphidae,Oiceoptoma,http://creativecommons.org/licenses/by-nc/4.0/,hhkaaks,hhkaaks,,,,adult,,alive,"{""evidenceOfPresence"":""organism""}"
201102460,https://www.inaturalist.org/observations/201102460,HumanObservation,2024-04-26T07:17:49Z,iNaturalist,Observations,iNaturalist research-grade observations,,201102460,https://www.inaturalist.org/observations/201102460,,Gansucha (Viktor Finchuk),,Gansucha (Viktor Finchuk),,wild,2022-06-22T17:35:00+03:00,17:35:00+03:00,2022/06/22 17:35,"Новостав, Рівненська область, Україна, 35378",50.7622718611,25.9576701944,,EPSG:4326,UA,Rivne,456424867.0,2024-03-03T08:53:39Z,,455902,Larinus obtusus,species,Animalia,Arthropoda,Insecta,Coleoptera,Curculionidae,Larinus,http://creativecommons.org/licenses/by-nc/4.0/,Gansucha (Viktor Finchuk),gansucha,,,,adult,,,
201102461,https://www.inaturalist.org/observations/201102461,HumanObservation,2024-08-10T10:40:08Z,iNaturalist,Observations,iNaturalist research-grade observations,Coordinates hidden at the request of the observer,201102461,https://www.inaturalist.org/observations/201102461,,nickbourke,,Byron Blake,,wild,2024-03-03T11:33:02+10:00,11:33:02+10:00,2024-03-03 11:33:02+10:00,,,,29727.0,EPSG:4326,,,456428478.0,2024-03-03T09:20:14Z,,346181,Alpinia caerulea,species,Plantae,Tracheophyta,Liliopsida,Zingiberales,Zingiberaceae,Alpinia,http://creativecommons.org/licenses/by-nc/4.0/,nickbourke,nickbourke,AU,,,,,,
201102463,https://www.inaturalist.org/observations/201102463,HumanObservation,2024-03-03T09:29:28Z,iNaturalist,Observations,iNaturalist research-grade observations,,201102463,https://www.inaturalist.org/observations/201102463,,Алексей Дмитриев,,Алексей Дмитриев,,wild,2021-10-30T10:08:28+04:00,10:08:28+04:00,2021-10-30 10:08:28,"Самарская обл., Россия, 443546",53.3201011434,50.3457894176,150.0,EPSG:4326,RU,Samara,456424879.0,2024-03-03T08:53:48Z,,17835,Dryocopus martius,species,Animalia,Chordata,Aves,Piciformes,Picidae,Dryocopus,http://creativecommons.org/licenses/by-nc/4.0/,Алексей Дмитриев,vostok1981,,,,,,,
67034707,https://www.inaturalist.org/observations/67034707,HumanObservation,2022-12-17T02:45:50Z,iNaturalist,Observations,iNaturalist research-grade observations,,67034707,https://www.inaturalist.org/observations/67034707,,Ken-ichi Ueda,https://orcid.org/0000-0003-0145-6846,Ken-ichi Ueda,https://orcid.org/0000-0003-0145-6846,wild,2020-12-24T14:26:00-08:00,14:26:00-08:00,2020/12/24 2:26 PM PST,"Oyster Bay Regional Shoreline, Alameda County, CA, USA",37.70978645,-122.20206515,,EPSG:4326,US,California,147533224.0,2020-12-25T06:27:20Z,,180007,Otospermophilus beecheyi,species,Animalia,Chordata,Mammalia,Rodentia,Sciuridae,Otospermophilus,http://creativecommons.org/publicdomain/zero/1.0/,Ken-ichi Ueda,kueda,,,,,,,
67034708,https://www.inaturalist.org/observations/67034708,HumanObservation,2023-02-03T16:58:17Z,iNaturalist,Observations,iNaturalist research-grade observations,,67034708,https://www.inaturalist.org/observations/67034708,,Ken-ichi Ueda,https://orcid.org/0000-0003-0145-6846,Ken-ichi Ueda,https://orcid.org/0000-0003-0145-6846,wild,2020-12-24T14:31:00-08:00,14:31:00-08:00,2020/12/24 2:31 PM PST,"Oyster Bay Regional Shoreline, Alameda County, CA, USA",37.71141445,-122.2019095,,EPSG:4326,US,California,147533226.0,2020-12-25T06:27:21Z,,4328,Pelecanus occidentalis,species,Animalia,Chordata,Aves,Pelecaniformes,Pelecanidae,Pelecanus,http://creativecommons.org/publicdomain/zero/1.0/,Ken-ichi Ueda,kueda,,,,,,,
67034709,https://www.inaturalist.org/observations/67034709,HumanObservation,2023-02-03T16:58:14Z,iNaturalist,Observations,iNaturalist research-grade observations,,67034709,https://www.inaturalist.org/observations/67034709,,Ken-ichi Ueda,https://orcid.org/0000-0003-0145-6846,Ken-ichi Ueda,https://orcid.org/0000-0003-0145-6846,wild,2020-12-24T14:35:00-08:00,14:35:00-08:00,2020/12/24 2:35 PM PST,"Oyster Bay Regional Shoreline, Alameda County, CA, USA",37.71226338,-122.20121972,,EPSG:4326,US,California,147533227.0,2020-12-25T06:27:21Z,,4940,Egretta thula,species,Animalia,Chordata,Aves,Pelecaniformes,Ardeidae,Egretta,http://creativecommons.org/publicdomain/zero/1.0/,Ken-ichi Ueda,kueda,,,,,,,
67034710,https://www.inaturalist.org/observations/67034710,HumanObservation,2020-12-25T06:58:08Z,iNaturalist,Observations,iNaturalist research-grade observations,,67034710,https://www.inaturalist.org/observations/67034710,,Ken-ichi Ueda,https://orcid.org/0000-0003-0145-6846,Ken-ichi Ueda,https://orcid.org/0000-0003-0145-6846,wild,2020-12-24T14:37:00-08:00,14:37:00-08:00,2020/12/24 2:37 PM PST,"Oyster Bay Regional Shoreline, Alameda County, CA, USA",37.71267856,-122.19988246,,EPSG:4326,US,California,147533228.0,2020-12-25T06:27:21Z,,7057,Aythya valisineria,species,Animalia,Chordata,Aves,Anseriformes,Anatidae,Aythya,http://creativecommons.org/publicdomain/zero/1.0/,Ken-ichi Ueda,kueda,,,,,,,
67034711,https://www.inaturalist.org/observations/67034711,HumanObservation,2020-12-25T06:57:30Z,iNaturalist,Observations,iNaturalist research-grade observations,,67034711,https://www.inaturalist.org/observations/67034711,,Ken-ichi Ueda,https://orcid.org/0000-0003-0145-6846,Ken-ichi Ueda,https://orcid.org/0000-0003-0145-6846,wild,2020-12-24T14:38:00-08:00,14:38:00-08:00,2020/12/24 2:38 PM PST,"Oyster Bay Regional Shoreline, Alameda County, CA, USA",37.7127998,-122.199139,,EPSG:4326,US,California,147533229.0,2020-12-25T06:27:21Z,,4885,Recurvirostra americana,species,Animalia,Chordata,Aves,Charadriiformes,Recurvirostridae,Recurvirostra,http://creativecommons.org/publicdomain/zero/1.0/,Ken-ichi Ueda,kueda,,,,,,,
67034712,https://www.inaturalist.org/observations/67034712,HumanObservation,2020-12-25T06:58:57Z,iNaturalist,Observations,iNaturalist research-grade observations,,67034712,https://www.inaturalist.org/observations/67034712,,Ken-ichi Ueda,https://orcid.org/0000-0003-0145-6846,Ken-ichi Ueda,https://orcid.org/0000-0003-0145-6846,wild,2020-12-24T14:38:00-08:00,14:38:00-08:00,2020/12/24 2:38 PM PST,"Oyster Bay Regional Shoreline, Alameda County, CA, USA",37.71283222,-122.1988887001,,EPSG:4326,US,California,147533230.0,2020-12-25T06:27:22Z,,4364,Larus delawarensis,species,Animalia,Chordata,Aves,Charadriiformes,Laridae,Larus,http://creativecommons.org/publicdomain/zero/1.0/,Ken-ichi Ueda,kueda,,,,,,,
67034713,https://www.inaturalist.org/observations/67034713,HumanObservation,2023-02-03T16:41:22Z,iNaturalist,Observations,iNaturalist research-grade observations,,67034713,https://www.inaturalist.org/observations/67034713,,Ken-ichi Ueda,https://orcid.org/0000-0003-0145-6846,Ken-ichi Ueda,https://orcid.org/0000-0003-0145-6846,wild,2020-12-24T14:38:00-08:00,14:38:00-08:00,2020/12/24 2:38 PM PST,"Oyster Bay Regional Shoreline, Alameda County, CA, USA",37.71283662,-122.1988824601,,EPSG:4326,US,California,147533231.0,2020-12-25T06:27:22Z,,558438,Spatula clypeata,species,Animalia,Chordata,Aves,Anseriformes,Anatidae,Spatula,http://creativecommons.org/publicdomain/zero/1.0/,Ken-ichi Ueda,kueda,,,,,,,
67034714,https://www.inaturalist.org/observations/67034714,HumanObservation,2020-12-25T06:58:36Z,iNaturalist,Observations,iNaturalist research-grade observations,,67034714,https://www.inaturalist.org/observations/67034714,,Ken-ichi Ueda,https://orcid.org/0000-0003-0145-6846,Ken-ichi Ueda,https://orcid.org/0000-0003-0145-6846,wild,2020-12-24T14:40:00-08:00,14:40:00-08:00,2020/12/24 2:40 PM PST,"Oyster Bay Regional Shoreline, Alameda County, CA, USA",37.7131542,-122.1978231,,EPSG:4326,US,California,147533232.0,2020-12-25T06:27:22Z,,4385,Larus californicus,species,Animalia,Chordata,Aves,Charadriiformes,Laridae,Larus,http://creativecommons.org/publicdomain/zero/1.0/,Ken-ichi Ueda,kueda,,,,,,,
67034715,https://www.inaturalist.org/observations/67034715,HumanObservation,2020-12-25T06:30:37Z,iNaturalist,Observations,iNaturalist research-grade observations,,67034715,https://www.inaturalist.org/observations/67034715,,Ken-ichi Ueda,https://orcid.org/0000-0003-0145-6846,Ken-ichi Ueda,https://orcid.org/0000-0003-0145-6846,wild,2020-12-24T14:40:00-08:00,14:40:00-08:00,2020/12/24 2:40 PM PST,"Oyster Bay Regional Shoreline, Alameda County, CA, USA",37.71317496,-122.1977891401,,EPSG:4326,US,California,147533234.0,2020-12-25T06:27:22Z,,4399,Larus glaucescens,species,Animalia,Chordata,Aves,Charadriiformes,Laridae,Larus,http://creativecommons.org/publicdomain/zero/1.0/,Ken-ichi Ueda,kueda,,,,,,,
67034716,https://www.inaturalist.org/observations/67034716,HumanObservation,2023-02-03T16:30:24Z,iNaturalist,Observations,iNaturalist research-grade observations,,67034716,https://www.inaturalist.org/observations/67034716,,Ken-ichi Ueda,https://orcid.org/0000-0003-0145-6846,Ken-ichi Ueda,https://orcid.org/0000-0003-0145-6846,wild,2020-12-24T14:49:00-08:00,14:49:00-08:00,2020/12/24 2:49 PM PST,"Oyster Bay Regional Shoreline, Alameda County, CA, USA",37.71320286,-122.19689148,,EPSG:4326,US,California,147533235.0,2020-12-25T06:27:23Z,,4836,Himantopus mexicanus,species,Animalia,Chordata,Aves,Charadriiformes,Recurvirostridae,Himantopus,http://creativecommons.org/publicdomain/zero/1.0/,Ken-ichi Ueda,kueda,,,,,,,
67034717,https://www.inaturalist.org/observations/67034717,HumanObservation,2024-05-01T17:25:13Z,iNaturalist,Observations,iNaturalist research-grade observations,,67034717,https://www.inaturalist.org/observations/67034717,,Ken-ichi Ueda,https://orcid.org/0000-0003-0145-6846,Ken-ichi Ueda,https://orcid.org/0000-0003-0145-6846,wild,2020-12-24T15:03:00-08:00,15:03:00-08:00,2020/12/24 3:03 PM PST,"Oyster Bay Regional Shoreline, Alameda County, CA, USA",37.7063859,-122.19499474,,EPSG:4326,US,California,147533236.0,2020-12-25T06:27:23Z,,46020,Sciurus niger,species,Animalia,Chordata,Mammalia,Rodentia,Sciuridae,Sciurus,http://creativecommons.org/publicdomain/zero/1.0/,Ken-ichi Ueda,kueda,,,,,,,
67034720,https://www.inaturalist.org/observations/67034720,HumanObservation,2020-12-27T13:03:30Z,iNaturalist,Observations,iNaturalist research-grade observations,,67034720,https://www.inaturalist.org/observations/67034720,,Ashley M Bradford,,Ashley M Bradford,,wild,2016-02-07T11:14:00-05:00,11:14:00-05:00,2016/02/07 11:14 AM EST,"Dorchester County, MD, USA",38.445005,-76.1181633333,,EPSG:4326,US,Maryland,147533240.0,2020-12-25T06:27:27Z,,4665,Falco sparverius,species,Animalia,Chordata,Aves,Falconiformes,Falconidae,Falco,http://creativecommons.org/licenses/by-nc/4.0/,Ashley M Bradford,ashley_bradford,,,,,,,
67034721,https://www.inaturalist.org/observations/67034721,HumanObservation,2021-05-26T09:50:44Z,iNaturalist,Observations,iNaturalist research-grade observations,,67034721,https://www.inaturalist.org/observations/67034721,,Ashley M Bradford,,Ashley M Bradford,,wild,2016-02-07T11:14:00-05:00,11:14:00-05:00,2016/02/07 11:14 AM EST,"Dorchester County, MD, USA",38.4441,-76.1155472217,,EPSG:4326,US,Maryland,147533241.0,2020-12-25T06:27:27Z,,558426,Anser caerulescens,species,Animalia,Chordata,Aves,Anseriformes,Anatidae,Anser,http://creativecommons.org/licenses/by-nc/4.0/,Ashley M Bradford,ashley_bradford,,,,,,,
